[2026-04-12T16:17:35.057066] Recorder thread started
[2026-04-12T16:17:35.058445] Starting 60-second capture -> /Users/Chen/PycharmProjects/CSCI_6234_Final/recordings/cam209/clips/2026/04/12/cam209_20260412T201735Z.mp4
[tls @ 0x7f8c2d905080] IO error: End of file
[https @ 0x7f8c2d904f80] Error reading HTTP response: End of file
[tls @ 0x7f8c2da30300] IO error: End of file
[https @ 0x7f8c2d949f00] Error reading HTTP response: End of file
[tls @ 0x7f8c2d905040] IO error: End of file
[https @ 0x7f8c2d904f80] Error reading HTTP response: End of file
[2026-04-12T16:18:18.656247] Saved clip /Users/Chen/PycharmProjects/CSCI_6234_Final/recordings/cam209/clips/2026/04/12/cam209_20260412T201735Z.mp4 (4242190 bytes)
[2026-04-12T16:18:19.162873] Starting 60-second capture -> /Users/Chen/PycharmProjects/CSCI_6234_Final/recordings/cam209/clips/2026/04/12/cam209_20260412T201819Z.mp4
[tls @ 0x7f86c6f0a5c0] IO error: End of file
[https @ 0x7f86c6f18140] Error reading HTTP response: End of file
[tls @ 0x7f86c6f0a5c0] IO error: End of file
[https @ 0x7f86c6f30780] Error reading HTTP response: End of file
[tls @ 0x7f86d0296340] IO error: End of file
[https @ 0x7f86d026f940] Error reading HTTP response: End of file
[2026-04-12T16:18:53.837125] Saved clip /Users/Chen/PycharmProjects/CSCI_6234_Final/recordings/cam209/clips/2026/04/12/cam209_20260412T201819Z.mp4 (4266241 bytes)
[2026-04-12T16:18:54.349378] Starting 60-second capture -> /Users/Chen/PycharmProjects/CSCI_6234_Final/recordings/cam209/clips/2026/04/12/cam209_20260412T201854Z.mp4
[tls @ 0x7fe26a504140] IO error: End of file
[https @ 0x7fe26a6047c0] Error reading HTTP response: End of file
[tls @ 0x7fe26a327840] IO error: End of file
[https @ 0x7fe26a327e80] Error reading HTTP response: End of file
[tls @ 0x7fe26a434540] IO error: End of file
[https @ 0x7fe26a412ac0] Error reading HTTP response: End of file
[2026-04-12T16:19:39.064051] Saved clip /Users/Chen/PycharmProjects/CSCI_6234_Final/recordings/cam209/clips/2026/04/12/cam209_20260412T201854Z.mp4 (4268331 bytes)
[2026-04-12T16:19:39.573728] Starting 60-second capture -> /Users/Chen/PycharmProjects/CSCI_6234_Final/recordings/cam209/clips/2026/04/12/cam209_20260412T201939Z.mp4
[tls @ 0x7fc23e804500] IO error: End of file
[https @ 0x7fc23e8043c0] Error reading HTTP response: End of file
[tls @ 0x7fc23df14240] IO error: End of file
[https @ 0x7fc23df0ed00] Error reading HTTP response: End of file
[tls @ 0x7fc24ea36780] IO error: End of file
[https @ 0x7fc24ea2e5c0] Error reading HTTP response: End of file
[tls @ 0x7fc23e873780] IO error: End of file
[https @ 0x7fc23e8859c0] Error reading HTTP response: End of file
[tls @ 0x7fc24eb60d40] IO error: End of file
[https @ 0x7fc24eb465c0] Error reading HTTP response: End of file
[2026-04-12T16:20:17.732090] Saved clip /Users/Chen/PycharmProjects/CSCI_6234_Final/recordings/cam209/clips/2026/04/12/cam209_20260412T201939Z.mp4 (4249403 bytes)
[2026-04-12T16:20:18.238426] Starting 60-second capture -> /Users/Chen/PycharmProjects/CSCI_6234_Final/recordings/cam209/clips/2026/04/12/cam209_20260412T202018Z.mp4
[tls @ 0x7fac15805080] IO error: End of file
[https @ 0x7fac158049c0] Error reading HTTP response: End of file
[tls @ 0x7fac159343c0] IO error: End of file
[https @ 0x7fac15949540] Error reading HTTP response: End of file
[tls @ 0x7fac25a33340] IO error: End of file
[https @ 0x7fac25a2f100] Error reading HTTP response: End of file
[tls @ 0x7fac1594d100] IO error: End of file
[https @ 0x7fac1595f340] Error reading HTTP response: End of file
[2026-04-12T16:21:02.698630] Saved clip /Users/Chen/PycharmProjects/CSCI_6234_Final/recordings/cam209/clips/2026/04/12/cam209_20260412T202018Z.mp4 (4275129 bytes)
[2026-04-12T16:21:03.208439] Starting 60-second capture -> /Users/Chen/PycharmProjects/CSCI_6234_Final/recordings/cam209/clips/2026/04/12/cam209_20260412T202103Z.mp4
[tls @ 0x7f80b74059c0] IO error: End of file
[https @ 0x7f80b7405880] Error reading HTTP response: End of file
[tls @ 0x7f80b714d980] IO error: End of file
[https @ 0x7f80b715fb80] Error reading HTTP response: End of file
[tls @ 0x7f80b726c400] IO error: End of file
[https @ 0x7f80b7247180] Error reading HTTP response: End of file
[2026-04-12T16:21:46.734089] Saved clip /Users/Chen/PycharmProjects/CSCI_6234_Final/recordings/cam209/clips/2026/04/12/cam209_20260412T202103Z.mp4 (4246407 bytes)
[2026-04-12T16:21:47.244090] Starting 60-second capture -> /Users/Chen/PycharmProjects/CSCI_6234_Final/recordings/cam209/clips/2026/04/12/cam209_20260412T202147Z.mp4
[tls @ 0x7fdfc8104800] IO error: End of file
[https @ 0x7fdfc81046c0] Error reading HTTP response: End of file
[tls @ 0x7fdfc8084bc0] IO error: End of file
[https @ 0x7fdfc8058300] Error reading HTTP response: End of file
[tls @ 0x7fdfc8104900] IO error: End of file
[https @ 0x7fdfc81096c0] Error reading HTTP response: End of file
[2026-04-12T16:22:30.517409] Saved clip /Users/Chen/PycharmProjects/CSCI_6234_Final/recordings/cam209/clips/2026/04/12/cam209_20260412T202147Z.mp4 (4243436 bytes)
[2026-04-12T16:22:31.026916] Starting 60-second capture -> /Users/Chen/PycharmProjects/CSCI_6234_Final/recordings/cam209/clips/2026/04/12/cam209_20260412T202231Z.mp4
[tls @ 0x7fa46a305080] IO error: End of file
[https @ 0x7fa46a304500] Error reading HTTP response: End of file
[tls @ 0x7fa46a22e100] IO error: End of file
[https @ 0x7fa46a240300] Error reading HTTP response: End of file
[tls @ 0x7fa46a438140] IO error: End of file
[https @ 0x7fa46a405680] Error reading HTTP response: End of file
[tls @ 0x7fa46a438140] IO error: End of file
[https @ 0x7fa46a478ec0] Error reading HTTP response: End of file
[2026-04-12T16:23:14.601284] Saved clip /Users/Chen/PycharmProjects/CSCI_6234_Final/recordings/cam209/clips/2026/04/12/cam209_20260412T202231Z.mp4 (4245353 bytes)
[2026-04-12T16:23:15.108705] Starting 60-second capture -> /Users/Chen/PycharmProjects/CSCI_6234_Final/recordings/cam209/clips/2026/04/12/cam209_20260412T202315Z.mp4
[tls @ 0x7fb7fe004680] IO error: End of file
[https @ 0x7fb7fe004540] Error reading HTTP response: End of file
[tls @ 0x7fb81df5eb80] IO error: End of file
[https @ 0x7fb81df6cdc0] Error reading HTTP response: End of file
[tls @ 0x7fb81df5eb80] IO error: End of file
[https @ 0x7fb81df6c280] Error reading HTTP response: End of file
[2026-04-12T16:23:59.248032] Saved clip /Users/Chen/PycharmProjects/CSCI_6234_Final/recordings/cam209/clips/2026/04/12/cam209_20260412T202315Z.mp4 (4232984 bytes)
[2026-04-12T16:23:59.759108] Starting 60-second capture -> /Users/Chen/PycharmProjects/CSCI_6234_Final/recordings/cam209/clips/2026/04/12/cam209_20260412T202359Z.mp4
[tls @ 0x7fe9e8805c80] IO error: End of file
[https @ 0x7fe9e8805b40] Error reading HTTP response: End of file
[tls @ 0x7fe9e886a040] IO error: End of file
[https @ 0x7fe9e885ed00] Error reading HTTP response: End of file
[tls @ 0x7fe9dff21b40] IO error: End of file
[https @ 0x7fe9dff5a400] Error reading HTTP response: End of file
[2026-04-12T16:24:43.842599] Saved clip /Users/Chen/PycharmProjects/CSCI_6234_Final/recordings/cam209/clips/2026/04/12/cam209_20260412T202359Z.mp4 (4272630 bytes)
[2026-04-12T16:24:44.351222] Starting 60-second capture -> /Users/Chen/PycharmProjects/CSCI_6234_Final/recordings/cam209/clips/2026/04/12/cam209_20260412T202444Z.mp4
[tls @ 0x7fba4df04680] IO error: End of file
[https @ 0x7fba4df04540] Error reading HTTP response: End of file
[tls @ 0x7fba5ed12d80] IO error: End of file
[https @ 0x7fba5ed0d940] Error reading HTTP response: End of file
[tls @ 0x7fba5eb67cc0] IO error: End of file
[https @ 0x7fba5eb950c0] Error reading HTTP response: End of file
[2026-04-12T16:25:28.613271] Saved clip /Users/Chen/PycharmProjects/CSCI_6234_Final/recordings/cam209/clips/2026/04/12/cam209_20260412T202444Z.mp4 (4245721 bytes)
[2026-04-12T16:25:29.118511] Starting 60-second capture -> /Users/Chen/PycharmProjects/CSCI_6234_Final/recordings/cam209/clips/2026/04/12/cam209_20260412T202529Z.mp4
[tls @ 0x7f9758704680] IO error: End of file
[https @ 0x7f9758704540] Error reading HTTP response: End of file
[tls @ 0x7f9769337b40] IO error: End of file
[https @ 0x7f976935ef80] Error reading HTTP response: End of file
[tls @ 0x7f9769306a00] IO error: End of file
[https @ 0x7f97693068c0] Error reading HTTP response: End of file
[2026-04-12T16:26:07.269087] Saved clip /Users/Chen/PycharmProjects/CSCI_6234_Final/recordings/cam209/clips/2026/04/12/cam209_20260412T202529Z.mp4 (4284711 bytes)
[2026-04-12T16:26:07.778995] Starting 60-second capture -> /Users/Chen/PycharmProjects/CSCI_6234_Final/recordings/cam209/clips/2026/04/12/cam209_20260412T202607Z.mp4
[tls @ 0x7fdb225051c0] IO error: End of file
[https @ 0x7fdb22505100] Error reading HTTP response: End of file
[tls @ 0x7fdb2234ea40] IO error: End of file
[https @ 0x7fdb22351500] Error reading HTTP response: End of file
[tls @ 0x7fdb22216e80] IO error: End of file
[https @ 0x7fdb2221b900] Error reading HTTP response: End of file
[tls @ 0x7fdb22504b40] IO error: End of file
[https @ 0x7fdb2251a180] Error reading HTTP response: End of file
[2026-04-12T16:26:46.096196] Saved clip /Users/Chen/PycharmProjects/CSCI_6234_Final/recordings/cam209/clips/2026/04/12/cam209_20260412T202607Z.mp4 (4243302 bytes)
[2026-04-12T16:26:46.605485] Starting 60-second capture -> /Users/Chen/PycharmProjects/CSCI_6234_Final/recordings/cam209/clips/2026/04/12/cam209_20260412T202646Z.mp4
[tls @ 0x7f95ac004240] IO error: End of file
[https @ 0x7f95ab704b00] Error reading HTTP response: End of file
[tls @ 0x7f95ac02b280] IO error: End of file
[https @ 0x7f95ac004200] Error reading HTTP response: End of file
[tls @ 0x7f95bc34dc40] IO error: End of file
[https @ 0x7f95bc3471c0] Error reading HTTP response: End of file
[2026-04-12T16:27:30.285187] Saved clip /Users/Chen/PycharmProjects/CSCI_6234_Final/recordings/cam209/clips/2026/04/12/cam209_20260412T202646Z.mp4 (4232524 bytes)
[2026-04-12T16:27:30.798218] Starting 60-second capture -> /Users/Chen/PycharmProjects/CSCI_6234_Final/recordings/cam209/clips/2026/04/12/cam209_20260412T202730Z.mp4
[tls @ 0x7fb71aa05740] IO error: End of file
[https @ 0x7fb70a804540] Error reading HTTP response: End of file
[tls @ 0x7fb70a931d40] IO error: End of file
[https @ 0x7fb70a931c80] Error reading HTTP response: End of file
[tls @ 0x7fb709f2e1c0] IO error: End of file
[https @ 0x7fb709f11bc0] Error reading HTTP response: End of file
[2026-04-12T16:28:18.822340] Saved clip /Users/Chen/PycharmProjects/CSCI_6234_Final/recordings/cam209/clips/2026/04/12/cam209_20260412T202730Z.mp4 (4255672 bytes)
[2026-04-12T16:28:19.340756] Starting 60-second capture -> /Users/Chen/PycharmProjects/CSCI_6234_Final/recordings/cam209/clips/2026/04/12/cam209_20260412T202819Z.mp4
[tls @ 0x7f9fda90b680] IO error: End of file
[https @ 0x7f9fda90c9c0] Error reading HTTP response: End of file
[tls @ 0x7f9fda904680] IO error: End of file
[https @ 0x7f9fda904540] Error reading HTTP response: End of file
[tls @ 0x7f9fdaa574c0] IO error: End of file
[https @ 0x7f9fdaa696c0] Error reading HTTP response: End of file
[2026-04-12T16:29:06.944859] Saved clip /Users/Chen/PycharmProjects/CSCI_6234_Final/recordings/cam209/clips/2026/04/12/cam209_20260412T202819Z.mp4 (4259265 bytes)
[2026-04-12T16:29:07.458852] Starting 60-second capture -> /Users/Chen/PycharmProjects/CSCI_6234_Final/recordings/cam209/clips/2026/04/12/cam209_20260412T202907Z.mp4
[tls @ 0x7fb8b4f040c0] IO error: End of file
[https @ 0x7fb8c5c059c0] Error reading HTTP response: End of file
[tls @ 0x7fb8c5b08f40] IO error: End of file
[https @ 0x7fb8c5b22380] Error reading HTTP response: End of file
[tls @ 0x7fb8c5a4efc0] IO error: End of file
[https @ 0x7fb8c5a49440] Error reading HTTP response: End of file
[tls @ 0x7fb8c5a52d00] IO error: End of file
[https @ 0x7fb8c5a4fdc0] Error reading HTTP response: End of file
[2026-04-12T16:29:42.870262] Saved clip /Users/Chen/PycharmProjects/CSCI_6234_Final/recordings/cam209/clips/2026/04/12/cam209_20260412T202907Z.mp4 (4279141 bytes)
[2026-04-12T16:29:43.380728] Starting 60-second capture -> /Users/Chen/PycharmProjects/CSCI_6234_Final/recordings/cam209/clips/2026/04/12/cam209_20260412T202943Z.mp4
[tls @ 0x7fd052c058c0] IO error: End of file
[https @ 0x7fd052c0b440] Error reading HTTP response: End of file
[tls @ 0x7fd052d338c0] IO error: End of file
[https @ 0x7fd052d42140] Error reading HTTP response: End of file
[tls @ 0x7fd052b082c0] IO error: End of file
[https @ 0x7fd052b4fd40] Error reading HTTP response: End of file
[2026-04-12T16:30:29.582147] Saved clip /Users/Chen/PycharmProjects/CSCI_6234_Final/recordings/cam209/clips/2026/04/12/cam209_20260412T202943Z.mp4 (4256079 bytes)
[2026-04-12T16:30:30.096085] Starting 60-second capture -> /Users/Chen/PycharmProjects/CSCI_6234_Final/recordings/cam209/clips/2026/04/12/cam209_20260412T203030Z.mp4
[tls @ 0x7fcdbc805080] IO error: End of file
[https @ 0x7fcdbc8049c0] Error reading HTTP response: End of file
[tls @ 0x7fcdbc812d40] IO error: End of file
[https @ 0x7fcdbc804a80] Error reading HTTP response: End of file
[tls @ 0x7fcdbc813200] IO error: End of file
[https @ 0x7fcdbc812d40] Error reading HTTP response: End of file
[2026-04-12T16:31:19.242609] Saved clip /Users/Chen/PycharmProjects/CSCI_6234_Final/recordings/cam209/clips/2026/04/12/cam209_20260412T203030Z.mp4 (4258439 bytes)
[2026-04-12T16:31:19.748411] Starting 60-second capture -> /Users/Chen/PycharmProjects/CSCI_6234_Final/recordings/cam209/clips/2026/04/12/cam209_20260412T203119Z.mp4
[tls @ 0x7fc0d4620dc0] IO error: End of file
[https @ 0x7fc0d4632fc0] Error reading HTTP response: End of file
[tls @ 0x7fc0c3704b40] IO error: End of file
[https @ 0x7fc0c3704a00] Error reading HTTP response: End of file
[tls @ 0x7fc0c48326c0] IO error: End of file
[https @ 0x7fc0c48390c0] Error reading HTTP response: End of file
[2026-04-12T16:32:06.476403] Saved clip /Users/Chen/PycharmProjects/CSCI_6234_Final/recordings/cam209/clips/2026/04/12/cam209_20260412T203119Z.mp4 (4263517 bytes)
[2026-04-12T16:32:06.983939] Starting 60-second capture -> /Users/Chen/PycharmProjects/CSCI_6234_Final/recordings/cam209/clips/2026/04/12/cam209_20260412T203206Z.mp4
[tls @ 0x7fbe3da05040] IO error: End of file
[https @ 0x7fbe3da04f00] Error reading HTTP response: End of file
[tls @ 0x7fbe1cf66b40] IO error: End of file
[https @ 0x7fbe1cf50c80] Error reading HTTP response: End of file
[tls @ 0x7fbe3da0c400] IO error: End of file
[https @ 0x7fbe3da0fbc0] Error reading HTTP response: End of file
[tls @ 0x7fbe1d84e180] IO error: End of file
[https @ 0x7fbe1d860380] Error reading HTTP response: End of file
[2026-04-12T16:32:51.347856] Saved clip /Users/Chen/PycharmProjects/CSCI_6234_Final/recordings/cam209/clips/2026/04/12/cam209_20260412T203206Z.mp4 (4276376 bytes)
[2026-04-12T16:32:51.856275] Starting 60-second capture -> /Users/Chen/PycharmProjects/CSCI_6234_Final/recordings/cam209/clips/2026/04/12/cam209_20260412T203251Z.mp4
[tls @ 0x7fedcf804680] IO error: End of file
[https @ 0x7fedcf804540] Error reading HTTP response: End of file
[tls @ 0x7fedcf80c5c0] IO error: End of file
[https @ 0x7fedcf839000] Error reading HTTP response: End of file
[2026-04-12T16:33:32.463341] Saved clip /Users/Chen/PycharmProjects/CSCI_6234_Final/recordings/cam209/clips/2026/04/12/cam209_20260412T203251Z.mp4 (4261954 bytes)
[2026-04-12T16:33:32.971499] Starting 60-second capture -> /Users/Chen/PycharmProjects/CSCI_6234_Final/recordings/cam209/clips/2026/04/12/cam209_20260412T203332Z.mp4
[tls @ 0x7fa1fe205380] IO error: End of file
[https @ 0x7fa1fe205240] Error reading HTTP response: End of file
[tls @ 0x7fa1fe367a80] IO error: End of file
[https @ 0x7fa1fe357880] Error reading HTTP response: End of file
[tls @ 0x7fa1fe40a8c0] IO error: End of file
[https @ 0x7fa1fe40a800] Error reading HTTP response: End of file
[tls @ 0x7fa1fe223500] IO error: End of file
[https @ 0x7fa1fe21f680] Error reading HTTP response: End of file
[2026-04-12T16:34:15.814272] Saved clip /Users/Chen/PycharmProjects/CSCI_6234_Final/recordings/cam209/clips/2026/04/12/cam209_20260412T203332Z.mp4 (4261358 bytes)
[2026-04-12T16:34:16.321987] Starting 60-second capture -> /Users/Chen/PycharmProjects/CSCI_6234_Final/recordings/cam209/clips/2026/04/12/cam209_20260412T203416Z.mp4
[tls @ 0x7fc734205540] IO error: End of file
[https @ 0x7fc734204340] Error reading HTTP response: End of file
[tls @ 0x7fc7341360c0] IO error: End of file
[https @ 0x7fc734144ac0] Error reading HTTP response: End of file
[tls @ 0x7fc723732400] IO error: End of file
[https @ 0x7fc723732600] Error reading HTTP response: End of file
[2026-04-12T16:34:59.474518] Saved clip /Users/Chen/PycharmProjects/CSCI_6234_Final/recordings/cam209/clips/2026/04/12/cam209_20260412T203416Z.mp4 (4253513 bytes)
[2026-04-12T16:34:59.981144] Starting 60-second capture -> /Users/Chen/PycharmProjects/CSCI_6234_Final/recordings/cam209/clips/2026/04/12/cam209_20260412T203459Z.mp4
[tls @ 0x7fd2370054c0] IO error: End of file
[https @ 0x7fd237004f80] Error reading HTTP response: End of file
[tls @ 0x7fd24783a440] IO error: End of file
[https @ 0x7fd24785c200] Error reading HTTP response: End of file
[tls @ 0x7fd246f12380] IO error: Connection reset by peer
[https @ 0x7fd246f17880] Error reading HTTP response: Connection reset by peer
[in#0/hls @ 0x7fd256f07e40] Failed to reload playlist 0
[tls @ 0x7fd24783bf80] IO error: End of file
[https @ 0x7fd24782f5c0] Error reading HTTP response: End of file
[in#0/hls @ 0x7fd256f07c40] Error during demuxing: Connection reset by peer
[2026-04-12T16:35:23.070515] Saved clip /Users/Chen/PycharmProjects/CSCI_6234_Final/recordings/cam209/clips/2026/04/12/cam209_20260412T203459Z.mp4 (2875945 bytes)
[2026-04-12T16:35:23.584571] Starting 60-second capture -> /Users/Chen/PycharmProjects/CSCI_6234_Final/recordings/cam209/clips/2026/04/12/cam209_20260412T203523Z.mp4
[tls @ 0x7f7834b04f40] IO error: End of file
[https @ 0x7f7834b04800] Error reading HTTP response: End of file
[tls @ 0x7f7833f59500] IO error: End of file
[https @ 0x7f7833f6b700] Error reading HTTP response: End of file
[2026-04-12T16:36:04.525434] Saved clip /Users/Chen/PycharmProjects/CSCI_6234_Final/recordings/cam209/clips/2026/04/12/cam209_20260412T203523Z.mp4 (4236753 bytes)
[2026-04-12T16:36:05.031716] Starting 60-second capture -> /Users/Chen/PycharmProjects/CSCI_6234_Final/recordings/cam209/clips/2026/04/12/cam209_20260412T203605Z.mp4
[tls @ 0x7f7f2ea062c0] IO error: End of file
[https @ 0x7f7f2ea04a40] Error reading HTTP response: End of file
[tls @ 0x7f7f1e03cd00] IO error: End of file
[https @ 0x7f7f1e0442c0] Error reading HTTP response: End of file
[tls @ 0x7f7f1e03cd00] IO error: End of file
[https @ 0x7f7f1e024b80] Error reading HTTP response: End of file
[2026-04-12T16:36:50.726950] Saved clip /Users/Chen/PycharmProjects/CSCI_6234_Final/recordings/cam209/clips/2026/04/12/cam209_20260412T203605Z.mp4 (4250567 bytes)
[2026-04-12T16:36:51.241775] Starting 60-second capture -> /Users/Chen/PycharmProjects/CSCI_6234_Final/recordings/cam209/clips/2026/04/12/cam209_20260412T203651Z.mp4
[tls @ 0x7f849c405700] IO error: End of file
[https @ 0x7f849c4055c0] Error reading HTTP response: End of file
[tls @ 0x7f847b755e40] IO error: End of file
[https @ 0x7f847b7489c0] Error reading HTTP response: End of file
[tls @ 0x7f849c32c440] IO error: End of file
[https @ 0x7f849c32c380] Error reading HTTP response: End of file
[2026-04-12T16:37:35.175075] Saved clip /Users/Chen/PycharmProjects/CSCI_6234_Final/recordings/cam209/clips/2026/04/12/cam209_20260412T203651Z.mp4 (4253820 bytes)
[2026-04-12T16:37:35.689101] Starting 60-second capture -> /Users/Chen/PycharmProjects/CSCI_6234_Final/recordings/cam209/clips/2026/04/12/cam209_20260412T203735Z.mp4
[tls @ 0x7fdedcb04080] IO error: End of file
[https @ 0x7fdedcb05c00] Error reading HTTP response: End of file
[tls @ 0x7fdedcb61440] IO error: End of file
[https @ 0x7fdedcb69500] Error reading HTTP response: End of file
[tls @ 0x7fdedca31b80] IO error: End of file
[https @ 0x7fdedca43d80] Error reading HTTP response: End of file
[tls @ 0x7fdedca5a040] IO error: End of file
[https @ 0x7fdedca4b7c0] Error reading HTTP response: End of file
[2026-04-12T16:38:19.158733] Saved clip /Users/Chen/PycharmProjects/CSCI_6234_Final/recordings/cam209/clips/2026/04/12/cam209_20260412T203735Z.mp4 (4279523 bytes)
[2026-04-12T16:38:19.673708] Starting 60-second capture -> /Users/Chen/PycharmProjects/CSCI_6234_Final/recordings/cam209/clips/2026/04/12/cam209_20260412T203819Z.mp4
[tls @ 0x7f973ef18240] IO error: End of file
[https @ 0x7f973ef17540] Error reading HTTP response: End of file
[tls @ 0x7f973f804380] IO error: End of file
[https @ 0x7f973f804240] Error reading HTTP response: End of file
[tls @ 0x7f973ef1c800] IO error: End of file
[https @ 0x7f973ef18e80] Error reading HTTP response: End of file
[2026-04-12T16:39:06.892571] Saved clip /Users/Chen/PycharmProjects/CSCI_6234_Final/recordings/cam209/clips/2026/04/12/cam209_20260412T203819Z.mp4 (4254417 bytes)
[2026-04-12T16:39:07.404986] Starting 60-second capture -> /Users/Chen/PycharmProjects/CSCI_6234_Final/recordings/cam209/clips/2026/04/12/cam209_20260412T203907Z.mp4
[tls @ 0x7f96aff054c0] IO error: End of file
[https @ 0x7f96aff05400] Error reading HTTP response: End of file
[tls @ 0x7f96a903fd40] IO error: End of file
[https @ 0x7f96a9050280] Error reading HTTP response: End of file
[tls @ 0x7f96aff2c4c0] IO error: End of file
[https @ 0x7f96aff04e80] Error reading HTTP response: End of file
[tls @ 0x7f96aff45b00] IO error: End of file
[https @ 0x7f96aff45a40] Error reading HTTP response: End of file
[tls @ 0x7f969ff3d8c0] IO error: End of file
[https @ 0x7f969ff51e40] Error reading HTTP response: End of file
[tls @ 0x7f969ff228c0] IO error: End of file
[https @ 0x7f969ff06d40] Error reading HTTP response: End of file
[2026-04-12T16:39:43.583347] Saved clip /Users/Chen/PycharmProjects/CSCI_6234_Final/recordings/cam209/clips/2026/04/12/cam209_20260412T203907Z.mp4 (4251093 bytes)
[2026-04-12T16:39:44.094645] Starting 60-second capture -> /Users/Chen/PycharmProjects/CSCI_6234_Final/recordings/cam209/clips/2026/04/12/cam209_20260412T203944Z.mp4
[tls @ 0x7fd286f04680] IO error: End of file
[https @ 0x7fd286f04540] Error reading HTTP response: End of file
[tls @ 0x7fd296f48280] IO error: End of file
[https @ 0x7fd296f24a80] Error reading HTTP response: End of file
[tls @ 0x7fd286f64480] IO error: End of file
[https @ 0x7fd286f1f440] Error reading HTTP response: End of file
[2026-04-12T16:40:27.418745] Saved clip /Users/Chen/PycharmProjects/CSCI_6234_Final/recordings/cam209/clips/2026/04/12/cam209_20260412T203944Z.mp4 (4235793 bytes)
[2026-04-12T16:40:27.925641] Starting 60-second capture -> /Users/Chen/PycharmProjects/CSCI_6234_Final/recordings/cam209/clips/2026/04/12/cam209_20260412T204027Z.mp4
[tls @ 0x7fb18f704680] IO error: End of file
[https @ 0x7fb18f704540] Error reading HTTP response: End of file
[tls @ 0x7fb18f704540] IO error: End of file
[https @ 0x7fb18f704600] Error reading HTTP response: End of file
[2026-04-12T16:41:08.901864] Saved clip /Users/Chen/PycharmProjects/CSCI_6234_Final/recordings/cam209/clips/2026/04/12/cam209_20260412T204027Z.mp4 (4250432 bytes)
[2026-04-12T16:41:09.416638] Starting 60-second capture -> /Users/Chen/PycharmProjects/CSCI_6234_Final/recordings/cam209/clips/2026/04/12/cam209_20260412T204109Z.mp4
[tls @ 0x7ff2ab904500] IO error: End of file
[https @ 0x7ff2ab9043c0] Error reading HTTP response: End of file
[tls @ 0x7ff2abc59a80] IO error: End of file
[https @ 0x7ff2abc5c080] Error reading HTTP response: End of file
[tls @ 0x7ff2abb04740] IO error: End of file
[https @ 0x7ff2abb358c0] Error reading HTTP response: End of file
[tls @ 0x7ff2abc43300] IO error: End of file
[https @ 0x7ff2abc77b00] Error reading HTTP response: End of file
[2026-04-12T16:41:43.801522] Saved clip /Users/Chen/PycharmProjects/CSCI_6234_Final/recordings/cam209/clips/2026/04/12/cam209_20260412T204109Z.mp4 (4244289 bytes)
[2026-04-12T16:41:44.313488] Starting 60-second capture -> /Users/Chen/PycharmProjects/CSCI_6234_Final/recordings/cam209/clips/2026/04/12/cam209_20260412T204144Z.mp4
[tls @ 0x7fa36ea04800] IO error: End of file
[https @ 0x7fa36ea046c0] Error reading HTTP response: End of file
[tls @ 0x7fa36ec23ac0] IO error: End of file
[https @ 0x7fa36ec31600] Error reading HTTP response: End of file
[tls @ 0x7fa36ea2fc40] IO error: End of file
[https @ 0x7fa36ea25940] Error reading HTTP response: End of file
[2026-04-12T16:42:28.424342] Saved clip /Users/Chen/PycharmProjects/CSCI_6234_Final/recordings/cam209/clips/2026/04/12/cam209_20260412T204144Z.mp4 (4256902 bytes)
[2026-04-12T16:42:28.941573] Starting 60-second capture -> /Users/Chen/PycharmProjects/CSCI_6234_Final/recordings/cam209/clips/2026/04/12/cam209_20260412T204228Z.mp4
[tls @ 0x7f83b2804680] IO error: End of file
[https @ 0x7f83b2804540] Error reading HTTP response: End of file
[tls @ 0x7f83c2b3c300] IO error: End of file
[https @ 0x7f83c2b31280] Error reading HTTP response: End of file
[tls @ 0x7f83b1f1c6c0] IO error: End of file
[https @ 0x7f83b1f16a40] Error reading HTTP response: End of file
[tls @ 0x7f83c2b3c300] IO error: End of file
[https @ 0x7f83c2b28b00] Error reading HTTP response: End of file
[tls @ 0x7f83b283d080] IO error: End of file
[https @ 0x7f83b28123c0] Error reading HTTP response: End of file
[2026-04-12T16:43:02.078208] Saved clip /Users/Chen/PycharmProjects/CSCI_6234_Final/recordings/cam209/clips/2026/04/12/cam209_20260412T204228Z.mp4 (4254091 bytes)
[2026-04-12T16:43:02.592666] Starting 60-second capture -> /Users/Chen/PycharmProjects/CSCI_6234_Final/recordings/cam209/clips/2026/04/12/cam209_20260412T204302Z.mp4
[tls @ 0x7fac86804680] IO error: End of file
[https @ 0x7fac86804540] Error reading HTTP response: End of file
[tls @ 0x7fac95f38740] IO error: End of file
[https @ 0x7fac95f05680] Error reading HTTP response: End of file
[tls @ 0x7fac85f1ba00] IO error: End of file
[https @ 0x7fac85f26ec0] Error reading HTTP response: End of file
[2026-04-12T16:43:46.173229] Saved clip /Users/Chen/PycharmProjects/CSCI_6234_Final/recordings/cam209/clips/2026/04/12/cam209_20260412T204302Z.mp4 (4260469 bytes)
[2026-04-12T16:43:46.690459] Starting 60-second capture -> /Users/Chen/PycharmProjects/CSCI_6234_Final/recordings/cam209/clips/2026/04/12/cam209_20260412T204346Z.mp4
[tls @ 0x7f92253058c0] IO error: End of file
[https @ 0x7f9204704540] Error reading HTTP response: End of file
[tls @ 0x7f920472ef80] IO error: End of file
[https @ 0x7f920472fe40] Error reading HTTP response: End of file
[tls @ 0x7f922532f040] IO error: End of file
[https @ 0x7f922532ee00] Error reading HTTP response: End of file
[2026-04-12T16:44:30.309841] Saved clip /Users/Chen/PycharmProjects/CSCI_6234_Final/recordings/cam209/clips/2026/04/12/cam209_20260412T204346Z.mp4 (4257934 bytes)
[2026-04-12T16:44:30.818788] Starting 60-second capture -> /Users/Chen/PycharmProjects/CSCI_6234_Final/recordings/cam209/clips/2026/04/12/cam209_20260412T204430Z.mp4
[tls @ 0x7fc1adf04680] IO error: End of file
[https @ 0x7fc1adf04540] Error reading HTTP response: End of file
[tls @ 0x7fc1af024f40] IO error: End of file
[https @ 0x7fc1af022740] Error reading HTTP response: End of file
[tls @ 0x7fc1adf60240] IO error: End of file
[https @ 0x7fc1adf0e740] Error reading HTTP response: End of file
[2026-04-12T16:45:16.950956] Saved clip /Users/Chen/PycharmProjects/CSCI_6234_Final/recordings/cam209/clips/2026/04/12/cam209_20260412T204430Z.mp4 (4257963 bytes)
[2026-04-12T16:45:17.466620] Starting 60-second capture -> /Users/Chen/PycharmProjects/CSCI_6234_Final/recordings/cam209/clips/2026/04/12/cam209_20260412T204517Z.mp4
[tls @ 0x7f876ef06b00] IO error: End of file
[https @ 0x7f876ef06440] Error reading HTTP response: End of file
[tls @ 0x7f875f910f40] IO error: End of file
[https @ 0x7f875f90c580] Error reading HTTP response: End of file
[tls @ 0x7f875ef35980] IO error: End of file
[https @ 0x7f875ef354c0] Error reading HTTP response: End of file
[2026-04-12T16:46:00.891230] Saved clip /Users/Chen/PycharmProjects/CSCI_6234_Final/recordings/cam209/clips/2026/04/12/cam209_20260412T204517Z.mp4 (4266254 bytes)
[2026-04-12T16:46:01.403251] Starting 60-second capture -> /Users/Chen/PycharmProjects/CSCI_6234_Final/recordings/cam209/clips/2026/04/12/cam209_20260412T204601Z.mp4
[tls @ 0x7fec7b704680] IO error: End of file
[https @ 0x7fec7b704540] Error reading HTTP response: End of file
[tls @ 0x7fec8c346140] IO error: End of file
[https @ 0x7fec8c345ac0] Error reading HTTP response: End of file
[tls @ 0x7fec8c346140] IO error: End of file
[https @ 0x7fec8c33bf80] Error reading HTTP response: End of file
[2026-04-12T16:46:46.626685] Saved clip /Users/Chen/PycharmProjects/CSCI_6234_Final/recordings/cam209/clips/2026/04/12/cam209_20260412T204601Z.mp4 (4263772 bytes)
[2026-04-12T16:46:47.138233] Starting 60-second capture -> /Users/Chen/PycharmProjects/CSCI_6234_Final/recordings/cam209/clips/2026/04/12/cam209_20260412T204647Z.mp4
[tls @ 0x7fb70c104140] IO error: End of file
[https @ 0x7fb70b704b80] Error reading HTTP response: End of file
[tls @ 0x7fb70c15ad80] IO error: End of file
[https @ 0x7fb70c167f80] Error reading HTTP response: End of file
[tls @ 0x7fb70c00ea40] IO error: End of file
[https @ 0x7fb70c036500] Error reading HTTP response: End of file
[2026-04-12T16:47:30.674189] Saved clip /Users/Chen/PycharmProjects/CSCI_6234_Final/recordings/cam209/clips/2026/04/12/cam209_20260412T204647Z.mp4 (4260421 bytes)
[2026-04-12T16:47:31.182726] Starting 60-second capture -> /Users/Chen/PycharmProjects/CSCI_6234_Final/recordings/cam209/clips/2026/04/12/cam209_20260412T204731Z.mp4
[tls @ 0x7fc786605b00] IO error: End of file
[https @ 0x7fc7866059c0] Error reading HTTP response: End of file
[tls @ 0x7fc7866148c0] IO error: End of file
[https @ 0x7fc786623680] Error reading HTTP response: End of file
[tls @ 0x7fc77602dc00] IO error: End of file
[https @ 0x7fc77603b900] Error reading HTTP response: End of file
[2026-04-12T16:48:16.958039] Saved clip /Users/Chen/PycharmProjects/CSCI_6234_Final/recordings/cam209/clips/2026/04/12/cam209_20260412T204731Z.mp4 (4239623 bytes)
[2026-04-12T16:48:17.465742] Starting 60-second capture -> /Users/Chen/PycharmProjects/CSCI_6234_Final/recordings/cam209/clips/2026/04/12/cam209_20260412T204817Z.mp4
[tls @ 0x7fbc6cd05a00] IO error: End of file
[https @ 0x7fbc6cd05480] Error reading HTTP response: End of file
[tls @ 0x7fbc6cd65000] IO error: End of file
[https @ 0x7fbc6cd51cc0] Error reading HTTP response: End of file
[tls @ 0x7fbc6cf22100] IO error: End of file
[https @ 0x7fbc6cf342c0] Error reading HTTP response: End of file
[2026-04-12T16:48:54.565933] Saved clip /Users/Chen/PycharmProjects/CSCI_6234_Final/recordings/cam209/clips/2026/04/12/cam209_20260412T204817Z.mp4 (4259449 bytes)
[2026-04-12T16:48:55.072830] Starting 60-second capture -> /Users/Chen/PycharmProjects/CSCI_6234_Final/recordings/cam209/clips/2026/04/12/cam209_20260412T204855Z.mp4
[tls @ 0x7f98a3504340] IO error: End of file
[https @ 0x7f98a3504200] Error reading HTTP response: End of file
[tls @ 0x7f98a354a180] IO error: End of file
[https @ 0x7f98a3546580] Error reading HTTP response: End of file
[2026-04-12T16:49:35.864704] Saved clip /Users/Chen/PycharmProjects/CSCI_6234_Final/recordings/cam209/clips/2026/04/12/cam209_20260412T204855Z.mp4 (4263664 bytes)
[2026-04-12T16:49:36.375814] Starting 60-second capture -> /Users/Chen/PycharmProjects/CSCI_6234_Final/recordings/cam209/clips/2026/04/12/cam209_20260412T204936Z.mp4
[tls @ 0x7f901f707f00] IO error: End of file
[https @ 0x7f901f707e00] Error reading HTTP response: End of file
[tls @ 0x7f901f707e00] IO error: End of file
[https @ 0x7f901f707ec0] Error reading HTTP response: End of file
[tls @ 0x7f9008074d40] IO error: End of file
[https @ 0x7f9008086500] Error reading HTTP response: End of file
[2026-04-12T16:50:19.569657] Saved clip /Users/Chen/PycharmProjects/CSCI_6234_Final/recordings/cam209/clips/2026/04/12/cam209_20260412T204936Z.mp4 (4262094 bytes)
[2026-04-12T16:50:20.079418] Starting 60-second capture -> /Users/Chen/PycharmProjects/CSCI_6234_Final/recordings/cam209/clips/2026/04/12/cam209_20260412T205020Z.mp4
[tls @ 0x7fdd7e005e40] IO error: End of file
[https @ 0x7fdd7e005d40] Error reading HTTP response: End of file
[tls @ 0x7fdd7e104840] IO error: End of file
[https @ 0x7fdd7e105300] Error reading HTTP response: End of file
[tls @ 0x7fdd7e077d40] IO error: End of file
[https @ 0x7fdd7e089f40] Error reading HTTP response: End of file
[tls @ 0x7fdd5d704080] IO error: End of file
[https @ 0x7fdd5d704480] Error reading HTTP response: End of file
[tls @ 0x7fdd7e216b00] IO error: End of file
[https @ 0x7fdd7e213840] Error reading HTTP response: End of file
[2026-04-12T16:51:06.085475] Saved clip /Users/Chen/PycharmProjects/CSCI_6234_Final/recordings/cam209/clips/2026/04/12/cam209_20260412T205020Z.mp4 (4243993 bytes)
[2026-04-12T16:51:06.590900] Starting 60-second capture -> /Users/Chen/PycharmProjects/CSCI_6234_Final/recordings/cam209/clips/2026/04/12/cam209_20260412T205106Z.mp4
[tls @ 0x7f9d07104500] IO error: End of file
[https @ 0x7f9d071043c0] Error reading HTTP response: End of file
[tls @ 0x7f9d26a695c0] IO error: End of file
[https @ 0x7f9d26a7b7c0] Error reading HTTP response: End of file
[tls @ 0x7f9d0710ed40] IO error: End of file
[https @ 0x7f9d0710f440] Error reading HTTP response: End of file
[tls @ 0x7f9d269564c0] IO error: End of file
[https @ 0x7f9d26968700] Error reading HTTP response: End of file
[2026-04-12T16:51:48.034063] Saved clip /Users/Chen/PycharmProjects/CSCI_6234_Final/recordings/cam209/clips/2026/04/12/cam209_20260412T205106Z.mp4 (4238117 bytes)
[2026-04-12T16:51:48.544632] Starting 60-second capture -> /Users/Chen/PycharmProjects/CSCI_6234_Final/recordings/cam209/clips/2026/04/12/cam209_20260412T205148Z.mp4
[tls @ 0x7fea55904680] IO error: End of file
[https @ 0x7fea55904540] Error reading HTTP response: End of file
[tls @ 0x7fea5590d040] IO error: End of file
[https @ 0x7fea5590cf80] Error reading HTTP response: End of file
[tls @ 0x7fea55a266c0] IO error: End of file
[https @ 0x7fea55a7df40] Error reading HTTP response: End of file
[tls @ 0x7fea55b3d740] IO error: End of file
[https @ 0x7fea55b39b40] Error reading HTTP response: End of file
[tls @ 0x7fea55919e00] IO error: End of file
[https @ 0x7fea55917880] Error reading HTTP response: End of file
[2026-04-12T16:52:23.142186] Saved clip /Users/Chen/PycharmProjects/CSCI_6234_Final/recordings/cam209/clips/2026/04/12/cam209_20260412T205148Z.mp4 (4272453 bytes)
[2026-04-12T16:52:23.649651] Starting 60-second capture -> /Users/Chen/PycharmProjects/CSCI_6234_Final/recordings/cam209/clips/2026/04/12/cam209_20260412T205223Z.mp4
[tls @ 0x7fa62b023c80] IO error: End of file
[https @ 0x7fa62b03dec0] Error reading HTTP response: End of file
[tls @ 0x7fa62b40c840] IO error: End of file
[https @ 0x7fa62b41a380] Error reading HTTP response: End of file
[tls @ 0x7fa61a804240] IO error: End of file
[https @ 0x7fa61a804080] Error reading HTTP response: End of file
[2026-04-12T16:53:07.530343] Saved clip /Users/Chen/PycharmProjects/CSCI_6234_Final/recordings/cam209/clips/2026/04/12/cam209_20260412T205223Z.mp4 (4250717 bytes)
[2026-04-12T16:53:08.035048] Starting 60-second capture -> /Users/Chen/PycharmProjects/CSCI_6234_Final/recordings/cam209/clips/2026/04/12/cam209_20260412T205308Z.mp4
[tls @ 0x7fcb57906280] IO error: End of file
[https @ 0x7fcb57906140] Error reading HTTP response: End of file
[tls @ 0x7fcb5781e0c0] IO error: End of file
[https @ 0x7fcb578302c0] Error reading HTTP response: End of file
[tls @ 0x7fcb371068c0] IO error: End of file
[https @ 0x7fcb37106800] Error reading HTTP response: End of file
[tls @ 0x7fcb5781e0c0] IO error: End of file
[https @ 0x7fcb5781a4c0] Error reading HTTP response: End of file
[2026-04-12T16:53:42.534751] Saved clip /Users/Chen/PycharmProjects/CSCI_6234_Final/recordings/cam209/clips/2026/04/12/cam209_20260412T205308Z.mp4 (4229552 bytes)
[2026-04-12T16:53:43.047037] Starting 60-second capture -> /Users/Chen/PycharmProjects/CSCI_6234_Final/recordings/cam209/clips/2026/04/12/cam209_20260412T205343Z.mp4
[tls @ 0x7f7cb0804500] IO error: End of file
[https @ 0x7f7cb08043c0] Error reading HTTP response: End of file
[tls @ 0x7f7ca772e080] IO error: End of file
[https @ 0x7f7ca7733e80] Error reading HTTP response: End of file
[tls @ 0x7f7ca772e080] IO error: End of file
[https @ 0x7f7ca77340c0] Error reading HTTP response: End of file
[2026-04-12T16:54:26.696869] Saved clip /Users/Chen/PycharmProjects/CSCI_6234_Final/recordings/cam209/clips/2026/04/12/cam209_20260412T205343Z.mp4 (4238418 bytes)
[2026-04-12T16:54:27.206566] Starting 60-second capture -> /Users/Chen/PycharmProjects/CSCI_6234_Final/recordings/cam209/clips/2026/04/12/cam209_20260412T205427Z.mp4
[tls @ 0x7f8133d04680] IO error: End of file
[https @ 0x7f8133d04540] Error reading HTTP response: End of file
[tls @ 0x7f80d2f04200] IO error: End of file
[https @ 0x7f80d2f04100] Error reading HTTP response: End of file
[tls @ 0x7f8133e18f80] IO error: End of file
[https @ 0x7f8133e15380] Error reading HTTP response: End of file
[tls @ 0x7f8122f05700] IO error: End of file
[https @ 0x7f8122f05dc0] Error reading HTTP response: End of file
[2026-04-12T16:55:05.243520] Saved clip /Users/Chen/PycharmProjects/CSCI_6234_Final/recordings/cam209/clips/2026/04/12/cam209_20260412T205427Z.mp4 (4243557 bytes)
[2026-04-12T16:55:05.754342] Starting 60-second capture -> /Users/Chen/PycharmProjects/CSCI_6234_Final/recordings/cam209/clips/2026/04/12/cam209_20260412T205505Z.mp4
[tls @ 0x7fb58b204680] IO error: End of file
[https @ 0x7fb58b204540] Error reading HTTP response: End of file
[tls @ 0x7fb58b334100] IO error: End of file
[https @ 0x7fb58b338900] Error reading HTTP response: End of file
[tls @ 0x7fb58b334100] IO error: End of file
[https @ 0x7fb58b337e00] Error reading HTTP response: End of file
[2026-04-12T16:55:50.507282] Saved clip /Users/Chen/PycharmProjects/CSCI_6234_Final/recordings/cam209/clips/2026/04/12/cam209_20260412T205505Z.mp4 (4273349 bytes)
[2026-04-12T16:55:51.018582] Starting 60-second capture -> /Users/Chen/PycharmProjects/CSCI_6234_Final/recordings/cam209/clips/2026/04/12/cam209_20260412T205551Z.mp4
[tls @ 0x7faa01f15c00] IO error: End of file
[https @ 0x7faa01f15780] Error reading HTTP response: End of file
[tls @ 0x7faa12a065c0] IO error: End of file
[https @ 0x7faa12a06480] Error reading HTTP response: End of file
[tls @ 0x7faa12c4ebc0] IO error: End of file
[https @ 0x7faa12c4da40] Error reading HTTP response: End of file
[tls @ 0x7faa12c34c40] IO error: End of file
[https @ 0x7faa12c35080] Error reading HTTP response: End of file
[tls @ 0x7faa12c4ebc0] IO error: End of file
[https @ 0x7faa12c53840] Error reading HTTP response: End of file
[2026-04-12T16:56:37.542120] Saved clip /Users/Chen/PycharmProjects/CSCI_6234_Final/recordings/cam209/clips/2026/04/12/cam209_20260412T205551Z.mp4 (4280268 bytes)
[2026-04-12T16:56:38.054244] Starting 60-second capture -> /Users/Chen/PycharmProjects/CSCI_6234_Final/recordings/cam209/clips/2026/04/12/cam209_20260412T205638Z.mp4
[tls @ 0x7f812ff05100] IO error: End of file
[https @ 0x7f812ff04b80] Error reading HTTP response: End of file
[tls @ 0x7f812ff7d480] IO error: End of file
[https @ 0x7f812ff69900] Error reading HTTP response: End of file
[tls @ 0x7f812ff92ac0] IO error: End of file
[https @ 0x7f812ff793c0] Error reading HTTP response: End of file
[tls @ 0x7f8148820580] IO error: End of file
[https @ 0x7f814881fa40] Error reading HTTP response: End of file
[2026-04-12T16:57:12.372372] Saved clip /Users/Chen/PycharmProjects/CSCI_6234_Final/recordings/cam209/clips/2026/04/12/cam209_20260412T205638Z.mp4 (4244526 bytes)
[2026-04-12T16:57:12.880459] Starting 60-second capture -> /Users/Chen/PycharmProjects/CSCI_6234_Final/recordings/cam209/clips/2026/04/12/cam209_20260412T205712Z.mp4
[tls @ 0x7f9ad6f04680] IO error: End of file
[https @ 0x7f9ad6f04540] Error reading HTTP response: End of file
[tls @ 0x7f9ad7a2a780] IO error: End of file
[https @ 0x7f9ad7a303c0] Error reading HTTP response: End of file
[tls @ 0x7f9ad7836c40] IO error: End of file
[https @ 0x7f9ad78447c0] Error reading HTTP response: End of file
[2026-04-12T16:57:56.149265] Saved clip /Users/Chen/PycharmProjects/CSCI_6234_Final/recordings/cam209/clips/2026/04/12/cam209_20260412T205712Z.mp4 (4259107 bytes)
[2026-04-12T16:57:56.659609] Starting 60-second capture -> /Users/Chen/PycharmProjects/CSCI_6234_Final/recordings/cam209/clips/2026/04/12/cam209_20260412T205756Z.mp4
[tls @ 0x7fb415804680] IO error: End of file
[https @ 0x7fb415804540] Error reading HTTP response: End of file
[tls @ 0x7fb425a05fc0] IO error: End of file
[https @ 0x7fb425a05ec0] Error reading HTTP response: End of file
[tls @ 0x7fb414f91c00] IO error: End of file
[https @ 0x7fb414f9ec80] Error reading HTTP response: End of file
[tls @ 0x7fb4258567c0] IO error: End of file
[https @ 0x7fb425868a00] Error reading HTTP response: End of file
[2026-04-12T16:58:38.069431] Saved clip /Users/Chen/PycharmProjects/CSCI_6234_Final/recordings/cam209/clips/2026/04/12/cam209_20260412T205756Z.mp4 (4273168 bytes)
[2026-04-12T16:58:38.583458] Starting 60-second capture -> /Users/Chen/PycharmProjects/CSCI_6234_Final/recordings/cam209/clips/2026/04/12/cam209_20260412T205838Z.mp4
[tls @ 0x7fda0d705100] IO error: End of file
[https @ 0x7fda0d704b80] Error reading HTTP response: End of file
[tls @ 0x7fda0e138ac0] IO error: End of file
[https @ 0x7fda0e13e300] Error reading HTTP response: End of file
[tls @ 0x7fda0d715000] IO error: End of file
[https @ 0x7fda0d712f40] Error reading HTTP response: End of file
[tls @ 0x7fda1e215b40] IO error: End of file
[https @ 0x7fda1e214f40] Error reading HTTP response: End of file
[tls @ 0x7fda1e261100] IO error: End of file
[https @ 0x7fda1e273300] Error reading HTTP response: End of file
[2026-04-12T16:59:17.451087] Saved clip /Users/Chen/PycharmProjects/CSCI_6234_Final/recordings/cam209/clips/2026/04/12/cam209_20260412T205838Z.mp4 (4262940 bytes)
[2026-04-12T16:59:17.964170] Starting 60-second capture -> /Users/Chen/PycharmProjects/CSCI_6234_Final/recordings/cam209/clips/2026/04/12/cam209_20260412T205917Z.mp4
[tls @ 0x7fabdf704680] IO error: End of file
[https @ 0x7fabdf704540] Error reading HTTP response: End of file
[tls @ 0x7fabdf72e440] IO error: End of file
[https @ 0x7fabdf72dd40] Error reading HTTP response: End of file
[tls @ 0x7fabdf72e440] IO error: End of file
[https @ 0x7fabdf72d340] Error reading HTTP response: End of file
[2026-04-12T17:00:01.056492] Saved clip /Users/Chen/PycharmProjects/CSCI_6234_Final/recordings/cam209/clips/2026/04/12/cam209_20260412T205917Z.mp4 (4253280 bytes)
[2026-04-12T17:00:01.567741] Starting 60-second capture -> /Users/Chen/PycharmProjects/CSCI_6234_Final/recordings/cam209/clips/2026/04/12/cam209_20260412T210001Z.mp4
[tls @ 0x7fe232304080] IO error: End of file
[https @ 0x7fe211804240] Error reading HTTP response: End of file
[tls @ 0x7fe211704780] IO error: End of file
[https @ 0x7fe211711680] Error reading HTTP response: End of file
[tls @ 0x7fe211725bc0] IO error: End of file
[https @ 0x7fe21172e800] Error reading HTTP response: End of file
[tls @ 0x7fe21170d040] IO error: End of file
[https @ 0x7fe21171a880] Error reading HTTP response: End of file
[tls @ 0x7fe211824d40] IO error: End of file
[https @ 0x7fe21182f700] Error reading HTTP response: End of file
[tls @ 0x7fe21174d6c0] IO error: End of file
[https @ 0x7fe21174b000] Error reading HTTP response: End of file
[2026-04-12T17:00:45.504515] Saved clip /Users/Chen/PycharmProjects/CSCI_6234_Final/recordings/cam209/clips/2026/04/12/cam209_20260412T210001Z.mp4 (4251622 bytes)
[2026-04-12T17:00:46.015364] Starting 60-second capture -> /Users/Chen/PycharmProjects/CSCI_6234_Final/recordings/cam209/clips/2026/04/12/cam209_20260412T210046Z.mp4
[tls @ 0x7fcaa6b05980] IO error: End of file
[https @ 0x7fcaa6b05840] Error reading HTTP response: End of file
[tls @ 0x7fca9685a180] IO error: End of file
[https @ 0x7fca96857400] Error reading HTTP response: End of file
[tls @ 0x7fca95f22600] IO error: End of file
[https @ 0x7fca95f1d300] Error reading HTTP response: End of file
[2026-04-12T17:01:30.203591] Saved clip /Users/Chen/PycharmProjects/CSCI_6234_Final/recordings/cam209/clips/2026/04/12/cam209_20260412T210046Z.mp4 (4251277 bytes)
[2026-04-12T17:01:30.713841] Starting 60-second capture -> /Users/Chen/PycharmProjects/CSCI_6234_Final/recordings/cam209/clips/2026/04/12/cam209_20260412T210130Z.mp4
[tls @ 0x7fcc33704680] IO error: End of file
[https @ 0x7fcc33704580] Error reading HTTP response: End of file
[tls @ 0x7fcc33823500] IO error: End of file
[https @ 0x7fcc33817500] Error reading HTTP response: End of file
[tls @ 0x7fcc3371a940] IO error: End of file
[https @ 0x7fcc3371ba80] Error reading HTTP response: End of file
[2026-04-12T17:02:16.228771] Saved clip /Users/Chen/PycharmProjects/CSCI_6234_Final/recordings/cam209/clips/2026/04/12/cam209_20260412T210130Z.mp4 (4249165 bytes)
[2026-04-12T17:02:16.742194] Starting 60-second capture -> /Users/Chen/PycharmProjects/CSCI_6234_Final/recordings/cam209/clips/2026/04/12/cam209_20260412T210216Z.mp4
[tls @ 0x7f990c104800] IO error: End of file
[https @ 0x7f990c1046c0] Error reading HTTP response: End of file
[tls @ 0x7f990c21c540] IO error: End of file
[https @ 0x7f990c20f580] Error reading HTTP response: End of file
[tls @ 0x7f990c336380] IO error: End of file
[https @ 0x7f990c319980] Error reading HTTP response: End of file
[2026-04-12T17:03:00.992933] Saved clip /Users/Chen/PycharmProjects/CSCI_6234_Final/recordings/cam209/clips/2026/04/12/cam209_20260412T210216Z.mp4 (4256537 bytes)
[2026-04-12T17:03:01.505330] Starting 60-second capture -> /Users/Chen/PycharmProjects/CSCI_6234_Final/recordings/cam209/clips/2026/04/12/cam209_20260412T210301Z.mp4
[tls @ 0x7f9e61f06c80] IO error: End of file
[https @ 0x7f9e61f065c0] Error reading HTTP response: End of file
[tls @ 0x7f9e61f0e5c0] IO error: End of file
[https @ 0x7f9e61f0e500] Error reading HTTP response: End of file
[tls @ 0x7f9e61e04200] IO error: End of file
[https @ 0x7f9e61e38f00] Error reading HTTP response: End of file
[tls @ 0x7f9e61e44180] IO error: End of file
[https @ 0x7f9e61e584c0] Error reading HTTP response: End of file
[2026-04-12T17:03:45.235858] Saved clip /Users/Chen/PycharmProjects/CSCI_6234_Final/recordings/cam209/clips/2026/04/12/cam209_20260412T210301Z.mp4 (4241890 bytes)
[2026-04-12T17:03:45.751802] Starting 60-second capture -> /Users/Chen/PycharmProjects/CSCI_6234_Final/recordings/cam209/clips/2026/04/12/cam209_20260412T210345Z.mp4
[tls @ 0x7fc466f04c80] IO error: End of file
[https @ 0x7fc466f04b40] Error reading HTTP response: End of file
[tls @ 0x7fc467a1df80] IO error: End of file
[https @ 0x7fc467a13ec0] Error reading HTTP response: End of file
[tls @ 0x7fc467811fc0] IO error: End of file
[https @ 0x7fc467811100] Error reading HTTP response: End of file
[2026-04-12T17:04:30.482826] Saved clip /Users/Chen/PycharmProjects/CSCI_6234_Final/recordings/cam209/clips/2026/04/12/cam209_20260412T210345Z.mp4 (4245337 bytes)
[2026-04-12T17:04:30.994187] Starting 60-second capture -> /Users/Chen/PycharmProjects/CSCI_6234_Final/recordings/cam209/clips/2026/04/12/cam209_20260412T210430Z.mp4
[tls @ 0x7fd0e5a05c80] IO error: End of file
[https @ 0x7fd0e5a05bc0] Error reading HTTP response: End of file
[tls @ 0x7fd0d5906400] IO error: End of file
[https @ 0x7fd0d5921900] Error reading HTTP response: End of file
[tls @ 0x7fd0d5906400] IO error: End of file
[https @ 0x7fd0d59341c0] Error reading HTTP response: End of file
[2026-04-12T17:05:17.600409] Saved clip /Users/Chen/PycharmProjects/CSCI_6234_Final/recordings/cam209/clips/2026/04/12/cam209_20260412T210430Z.mp4 (4246259 bytes)
[2026-04-12T17:05:18.112928] Starting 60-second capture -> /Users/Chen/PycharmProjects/CSCI_6234_Final/recordings/cam209/clips/2026/04/12/cam209_20260412T210518Z.mp4
[tls @ 0x7fa81ef04500] IO error: End of file
[https @ 0x7fa81ef043c0] Error reading HTTP response: End of file
[tls @ 0x7fa82ef7bf40] IO error: End of file
[https @ 0x7fa82ef40040] Error reading HTTP response: End of file
[tls @ 0x7fa82f82a980] IO error: End of file
[https @ 0x7fa82f835580] Error reading HTTP response: End of file
[2026-04-12T17:06:01.306350] Saved clip /Users/Chen/PycharmProjects/CSCI_6234_Final/recordings/cam209/clips/2026/04/12/cam209_20260412T210518Z.mp4 (4266203 bytes)
[2026-04-12T17:06:01.813742] Starting 60-second capture -> /Users/Chen/PycharmProjects/CSCI_6234_Final/recordings/cam209/clips/2026/04/12/cam209_20260412T210601Z.mp4
[tls @ 0x7fa3d8006140] IO error: End of file
[https @ 0x7fa3d8006000] Error reading HTTP response: End of file
[tls @ 0x7fa3d81317c0] IO error: End of file
[https @ 0x7fa3d8131240] Error reading HTTP response: End of file
[tls @ 0x7fa3d81317c0] IO error: End of file
[https @ 0x7fa3d8130ec0] Error reading HTTP response: End of file
[2026-04-12T17:06:45.037420] Saved clip /Users/Chen/PycharmProjects/CSCI_6234_Final/recordings/cam209/clips/2026/04/12/cam209_20260412T210601Z.mp4 (4256904 bytes)
[2026-04-12T17:06:45.553296] Starting 60-second capture -> /Users/Chen/PycharmProjects/CSCI_6234_Final/recordings/cam209/clips/2026/04/12/cam209_20260412T210645Z.mp4
[tls @ 0x7fc4eb40c240] IO error: End of file
[https @ 0x7fc4eb40ca80] Error reading HTTP response: End of file
[tls @ 0x7fc4eb40c640] IO error: End of file
[https @ 0x7fc4eb429c80] Error reading HTTP response: End of file
[tls @ 0x7fc4eb350e00] IO error: End of file
[https @ 0x7fc4eb36a880] Error reading HTTP response: End of file
[2026-04-12T17:07:29.342675] Saved clip /Users/Chen/PycharmProjects/CSCI_6234_Final/recordings/cam209/clips/2026/04/12/cam209_20260412T210645Z.mp4 (4238279 bytes)
[2026-04-12T17:07:29.850275] Starting 60-second capture -> /Users/Chen/PycharmProjects/CSCI_6234_Final/recordings/cam209/clips/2026/04/12/cam209_20260412T210729Z.mp4
[tls @ 0x7fb6a4406ac0] IO error: End of file
[https @ 0x7fb6a4406580] Error reading HTTP response: End of file
[tls @ 0x7fb69375e300] IO error: End of file
[https @ 0x7fb69375f240] Error reading HTTP response: End of file
[2026-04-12T17:08:02.362011] Saved clip /Users/Chen/PycharmProjects/CSCI_6234_Final/recordings/cam209/clips/2026/04/12/cam209_20260412T210729Z.mp4 (4283619 bytes)
[2026-04-12T17:08:02.870837] Starting 60-second capture -> /Users/Chen/PycharmProjects/CSCI_6234_Final/recordings/cam209/clips/2026/04/12/cam209_20260412T210802Z.mp4
[tls @ 0x7f8d53305080] IO error: End of file
[https @ 0x7f8d53304fc0] Error reading HTTP response: End of file
[tls @ 0x7f8d5340f740] IO error: End of file
[https @ 0x7f8d53415c40] Error reading HTTP response: End of file
[tls @ 0x7f8d42720c00] IO error: End of file
[https @ 0x7f8d4272c700] Error reading HTTP response: End of file
[tls @ 0x7f8d5335f200] IO error: End of file
[https @ 0x7f8d5335f840] Error reading HTTP response: End of file
[tls @ 0x7f8d5348e280] IO error: End of file
[https @ 0x7f8d534a3a80] Error reading HTTP response: End of file
[tls @ 0x7f8d532316c0] IO error: End of file
[https @ 0x7f8d53227900] Error reading HTTP response: End of file
[2026-04-12T17:08:45.831068] Saved clip /Users/Chen/PycharmProjects/CSCI_6234_Final/recordings/cam209/clips/2026/04/12/cam209_20260412T210802Z.mp4 (4236874 bytes)
[2026-04-12T17:08:46.341726] Starting 60-second capture -> /Users/Chen/PycharmProjects/CSCI_6234_Final/recordings/cam209/clips/2026/04/12/cam209_20260412T210846Z.mp4
[tls @ 0x7fd319f04680] IO error: End of file
[https @ 0x7fd319f04540] Error reading HTTP response: End of file
[tls @ 0x7fd32ab5cf80] IO error: End of file
[https @ 0x7fd32ab5a780] Error reading HTTP response: End of file
[tls @ 0x7fd32aa62840] IO error: End of file
[https @ 0x7fd32aa55040] Error reading HTTP response: End of file
[2026-04-12T17:09:30.224115] Saved clip /Users/Chen/PycharmProjects/CSCI_6234_Final/recordings/cam209/clips/2026/04/12/cam209_20260412T210846Z.mp4 (4253215 bytes)
[2026-04-12T17:09:30.733826] Starting 60-second capture -> /Users/Chen/PycharmProjects/CSCI_6234_Final/recordings/cam209/clips/2026/04/12/cam209_20260412T210930Z.mp4
[tls @ 0x7f8f82b04680] IO error: End of file
[https @ 0x7f8f82b04540] Error reading HTTP response: End of file
[tls @ 0x7f8f82a15140] IO error: End of file
[https @ 0x7f8f82a089c0] Error reading HTTP response: End of file
[tls @ 0x7f8f82a4e440] IO error: End of file
[https @ 0x7f8f82a06140] Error reading HTTP response: End of file
[tls @ 0x7f8f82a4af00] IO error: End of file
[https @ 0x7f8f82a58200] Error reading HTTP response: End of file
[tls @ 0x7f8f82c16b00] IO error: End of file
[https @ 0x7f8f82c40cc0] Error reading HTTP response: End of file
[tls @ 0x7f8f71f52940] IO error: End of file
[https @ 0x7f8f71f5cac0] Error reading HTTP response: End of file
[2026-04-12T17:10:14.378935] Saved clip /Users/Chen/PycharmProjects/CSCI_6234_Final/recordings/cam209/clips/2026/04/12/cam209_20260412T210930Z.mp4 (4266757 bytes)
[2026-04-12T17:10:14.891808] Starting 60-second capture -> /Users/Chen/PycharmProjects/CSCI_6234_Final/recordings/cam209/clips/2026/04/12/cam209_20260412T211014Z.mp4
[tls @ 0x7fdddff04c80] IO error: End of file
[https @ 0x7fdddff04b40] Error reading HTTP response: End of file
[tls @ 0x7fdddff47480] IO error: End of file
[https @ 0x7fdddff3cd40] Error reading HTTP response: End of file
[tls @ 0x7fdde982e940] IO error: End of file
[https @ 0x7fdde9a454c0] Error reading HTTP response: End of file
[2026-04-12T17:10:58.414418] Saved clip /Users/Chen/PycharmProjects/CSCI_6234_Final/recordings/cam209/clips/2026/04/12/cam209_20260412T211014Z.mp4 (4244278 bytes)
[2026-04-12T17:10:58.930219] Starting 60-second capture -> /Users/Chen/PycharmProjects/CSCI_6234_Final/recordings/cam209/clips/2026/04/12/cam209_20260412T211058Z.mp4
[tls @ 0x7f8e61304680] IO error: End of file
[https @ 0x7f8e61304540] Error reading HTTP response: End of file
[tls @ 0x7f8e5070a540] IO error: Connection reset by peer
[https @ 0x7f8e5071b800] Error reading HTTP response: Connection reset by peer
[in#0/hls @ 0x7f8e61104640] keepalive request failed for 'https://itsvideo.arlingtonva.us:8013/live/cam209.stream/media_w1910937705_243787.ts' with error: 'Connection reset by peer' when opening url, retrying with new connection
[tls @ 0x7f8e61342640] IO error: End of file
[https @ 0x7f8e61337ac0] Error reading HTTP response: End of file
[2026-04-12T17:11:32.521860] Saved clip /Users/Chen/PycharmProjects/CSCI_6234_Final/recordings/cam209/clips/2026/04/12/cam209_20260412T211058Z.mp4 (4253412 bytes)
[2026-04-12T17:11:33.035024] Starting 60-second capture -> /Users/Chen/PycharmProjects/CSCI_6234_Final/recordings/cam209/clips/2026/04/12/cam209_20260412T211133Z.mp4
[tls @ 0x7ff47b3040c0] IO error: End of file
[https @ 0x7ff47b405840] Error reading HTTP response: End of file
[tls @ 0x7ff46a72ef80] IO error: End of file
[https @ 0x7ff46a739e00] Error reading HTTP response: End of file
[tls @ 0x7ff47b32f200] IO error: End of file
[https @ 0x7ff47b32d840] Error reading HTTP response: End of file
[tls @ 0x7ff47b32f200] IO error: End of file
[https @ 0x7ff47b333580] Error reading HTTP response: End of file
[2026-04-12T17:12:18.621235] Saved clip /Users/Chen/PycharmProjects/CSCI_6234_Final/recordings/cam209/clips/2026/04/12/cam209_20260412T211133Z.mp4 (4257996 bytes)
[2026-04-12T17:12:19.134725] Starting 60-second capture -> /Users/Chen/PycharmProjects/CSCI_6234_Final/recordings/cam209/clips/2026/04/12/cam209_20260412T211219Z.mp4
[tls @ 0x7fce54704a00] IO error: End of file
[https @ 0x7fce54704480] Error reading HTTP response: End of file
[tls @ 0x7fce55007e00] IO error: End of file
[https @ 0x7fce55007d00] Error reading HTTP response: End of file
[tls @ 0x7fce55149ac0] IO error: End of file
[https @ 0x7fce5515bd00] Error reading HTTP response: End of file
[tls @ 0x7fce65311500] IO error: End of file
[https @ 0x7fce6531dcc0] Error reading HTTP response: End of file
[tls @ 0x7fce55018080] IO error: Connection reset by peer
[https @ 0x7fce5502a2c0] Error reading HTTP response: Connection reset by peer
[in#0/hls @ 0x7fce64706780] keepalive request failed for 'https://itsvideo.arlingtonva.us:8013/live/cam209.stream/media_w1743229418_243796.ts' with error: 'Connection reset by peer' when opening url, retrying with new connection
[tls @ 0x7fce55004380] IO error: End of file
[https @ 0x7fce55008f00] Error reading HTTP response: End of file
[tls @ 0x7fce55111a00] IO error: End of file
[https @ 0x7fce55119180] Error reading HTTP response: End of file
[2026-04-12T17:12:53.605075] Saved clip /Users/Chen/PycharmProjects/CSCI_6234_Final/recordings/cam209/clips/2026/04/12/cam209_20260412T211219Z.mp4 (4265155 bytes)
[2026-04-12T17:12:54.117400] Starting 60-second capture -> /Users/Chen/PycharmProjects/CSCI_6234_Final/recordings/cam209/clips/2026/04/12/cam209_20260412T211254Z.mp4
[tls @ 0x7fbc1ca05b00] IO error: End of file
[https @ 0x7fbc1ca059c0] Error reading HTTP response: End of file
[tls @ 0x7fbc0c819fc0] IO error: End of file
[https @ 0x7fbc0c81b7c0] Error reading HTTP response: End of file
[tls @ 0x7fbc0bf43280] IO error: End of file
[https @ 0x7fbc0bf92140] Error reading HTTP response: End of file
[2026-04-12T17:13:37.781127] Saved clip /Users/Chen/PycharmProjects/CSCI_6234_Final/recordings/cam209/clips/2026/04/12/cam209_20260412T211254Z.mp4 (4248582 bytes)
[2026-04-12T17:13:38.293956] Starting 60-second capture -> /Users/Chen/PycharmProjects/CSCI_6234_Final/recordings/cam209/clips/2026/04/12/cam209_20260412T211338Z.mp4
[tls @ 0x7fc62b205e00] IO error: End of file
[https @ 0x7fc62b205cc0] Error reading HTTP response: End of file
[tls @ 0x7fc62b248cc0] IO error: End of file
[https @ 0x7fc62b22a040] Error reading HTTP response: End of file
[tls @ 0x7fc61b16c180] IO error: End of file
[https @ 0x7fc61b164d00] Error reading HTTP response: End of file
[2026-04-12T17:14:13.356065] Saved clip /Users/Chen/PycharmProjects/CSCI_6234_Final/recordings/cam209/clips/2026/04/12/cam209_20260412T211338Z.mp4 (4262149 bytes)
[2026-04-12T17:14:13.864909] Starting 60-second capture -> /Users/Chen/PycharmProjects/CSCI_6234_Final/recordings/cam209/clips/2026/04/12/cam209_20260412T211413Z.mp4
[tls @ 0x7fed3aa05240] IO error: End of file
[https @ 0x7fed3aa05100] Error reading HTTP response: End of file
[tls @ 0x7fed3ac3e500] IO error: End of file
[https @ 0x7fed3ac5dd00] Error reading HTTP response: End of file
[tls @ 0x7fed3aa45b80] IO error: End of file
[https @ 0x7fed3aa56200] Error reading HTTP response: End of file
[2026-04-12T17:14:57.150947] Saved clip /Users/Chen/PycharmProjects/CSCI_6234_Final/recordings/cam209/clips/2026/04/12/cam209_20260412T211413Z.mp4 (4252658 bytes)
[2026-04-12T17:14:57.669987] Starting 60-second capture -> /Users/Chen/PycharmProjects/CSCI_6234_Final/recordings/cam209/clips/2026/04/12/cam209_20260412T211457Z.mp4
[tls @ 0x7f9a1c704680] IO error: End of file
[https @ 0x7f9a1c704540] Error reading HTTP response: End of file
[tls @ 0x7f9a1c756000] IO error: End of file
[https @ 0x7f9a1c75bc00] Error reading HTTP response: End of file
[tls @ 0x7f9a1c536d80] IO error: End of file
[https @ 0x7f9a1c53fd40] Error reading HTTP response: End of file
[tls @ 0x7f9a1c537800] IO error: End of file
[https @ 0x7f9a1c52f640] Error reading HTTP response: End of file
[2026-04-12T17:15:36.957183] Saved clip /Users/Chen/PycharmProjects/CSCI_6234_Final/recordings/cam209/clips/2026/04/12/cam209_20260412T211457Z.mp4 (4263011 bytes)
[2026-04-12T17:15:37.472566] Starting 60-second capture -> /Users/Chen/PycharmProjects/CSCI_6234_Final/recordings/cam209/clips/2026/04/12/cam209_20260412T211537Z.mp4
[tls @ 0x7f7edb606100] IO error: End of file
[https @ 0x7f7edb605fc0] Error reading HTTP response: End of file
[tls @ 0x7f7edb51e8c0] IO error: End of file
[https @ 0x7f7edb522080] Error reading HTTP response: End of file
[tls @ 0x7f7edb463bc0] IO error: End of file
[https @ 0x7f7edb473c80] Error reading HTTP response: End of file
[tls @ 0x7f7edb433f80] IO error: End of file
[https @ 0x7f7edb41d2c0] Error reading HTTP response: End of file
[2026-04-12T17:16:13.489033] Saved clip /Users/Chen/PycharmProjects/CSCI_6234_Final/recordings/cam209/clips/2026/04/12/cam209_20260412T211537Z.mp4 (4270101 bytes)
[2026-04-12T17:16:14.007747] Starting 60-second capture -> /Users/Chen/PycharmProjects/CSCI_6234_Final/recordings/cam209/clips/2026/04/12/cam209_20260412T211614Z.mp4
[tls @ 0x7ff741c05c80] IO error: End of file
[https @ 0x7ff741c05b40] Error reading HTTP response: End of file
[tls @ 0x7ff741a45880] IO error: End of file
[https @ 0x7ff741a644c0] Error reading HTTP response: End of file
[tls @ 0x7ff741b2de00] IO error: End of file
[https @ 0x7ff741b230c0] Error reading HTTP response: End of file
[2026-04-12T17:16:58.738482] Saved clip /Users/Chen/PycharmProjects/CSCI_6234_Final/recordings/cam209/clips/2026/04/12/cam209_20260412T211614Z.mp4 (4261720 bytes)
[2026-04-12T17:16:59.256153] Starting 60-second capture -> /Users/Chen/PycharmProjects/CSCI_6234_Final/recordings/cam209/clips/2026/04/12/cam209_20260412T211659Z.mp4
[tls @ 0x7fb162210000] IO error: End of file
[https @ 0x7fb16220ff40] Error reading HTTP response: End of file
[tls @ 0x7fb162245d00] IO error: End of file
[https @ 0x7fb162252400] Error reading HTTP response: End of file
[tls @ 0x7fb162325b40] IO error: End of file
[https @ 0x7fb1623262c0] Error reading HTTP response: End of file
[2026-04-12T17:17:39.602486] Saved clip /Users/Chen/PycharmProjects/CSCI_6234_Final/recordings/cam209/clips/2026/04/12/cam209_20260412T211659Z.mp4 (4251349 bytes)
[2026-04-12T17:17:40.116577] Starting 60-second capture -> /Users/Chen/PycharmProjects/CSCI_6234_Final/recordings/cam209/clips/2026/04/12/cam209_20260412T211740Z.mp4
[tls @ 0x7fddebb05c80] IO error: End of file
[https @ 0x7fddebb05b40] Error reading HTTP response: End of file
[tls @ 0x7fddebb6ed40] IO error: End of file
[https @ 0x7fddebb80f40] Error reading HTTP response: End of file
[tls @ 0x7fdddc01d400] IO error: End of file
[https @ 0x7fdddc029280] Error reading HTTP response: End of file
[2026-04-12T17:18:13.127473] Saved clip /Users/Chen/PycharmProjects/CSCI_6234_Final/recordings/cam209/clips/2026/04/12/cam209_20260412T211740Z.mp4 (4250205 bytes)
[2026-04-12T17:18:13.642510] Starting 60-second capture -> /Users/Chen/PycharmProjects/CSCI_6234_Final/recordings/cam209/clips/2026/04/12/cam209_20260412T211813Z.mp4
[tls @ 0x7fb5044054c0] IO error: End of file
[https @ 0x7fb504404e00] Error reading HTTP response: End of file
[tls @ 0x7fb4d4004280] IO error: End of file
[https @ 0x7fb4d40040c0] Error reading HTTP response: End of file
[tls @ 0x7fb50446cbc0] IO error: End of file
[https @ 0x7fb504475f80] Error reading HTTP response: End of file
[tls @ 0x7fb504260f80] IO error: End of file
[https @ 0x7fb50426fd80] Error reading HTTP response: End of file
[tls @ 0x7fb50421c400] IO error: End of file
[https @ 0x7fb504210640] Error reading HTTP response: End of file
[tls @ 0x7fb50430a180] IO error: End of file
[https @ 0x7fb504308700] Error reading HTTP response: End of file
[2026-04-12T17:18:57.769036] Saved clip /Users/Chen/PycharmProjects/CSCI_6234_Final/recordings/cam209/clips/2026/04/12/cam209_20260412T211813Z.mp4 (4253252 bytes)
[2026-04-12T17:18:58.283611] Starting 60-second capture -> /Users/Chen/PycharmProjects/CSCI_6234_Final/recordings/cam209/clips/2026/04/12/cam209_20260412T211858Z.mp4
[tls @ 0x7f8312b2db40] IO error: End of file
[https @ 0x7f8312b15ec0] Error reading HTTP response: End of file
[tls @ 0x7f8312c1c580] IO error: End of file
[https @ 0x7f8312c0b3c0] Error reading HTTP response: End of file
[tls @ 0x7f8312d5b5c0] IO error: End of file
[https @ 0x7f8312d70300] Error reading HTTP response: End of file
[tls @ 0x7f8312d939c0] IO error: End of file
[https @ 0x7f8312da5bc0] Error reading HTTP response: End of file
[2026-04-12T17:19:38.998474] Saved clip /Users/Chen/PycharmProjects/CSCI_6234_Final/recordings/cam209/clips/2026/04/12/cam209_20260412T211858Z.mp4 (4256059 bytes)
[2026-04-12T17:19:39.511089] Starting 60-second capture -> /Users/Chen/PycharmProjects/CSCI_6234_Final/recordings/cam209/clips/2026/04/12/cam209_20260412T211939Z.mp4
[tls @ 0x7ff3bd004500] IO error: End of file
[https @ 0x7ff3bd0043c0] Error reading HTTP response: End of file
[tls @ 0x7ff3dd7260c0] IO error: End of file
[https @ 0x7ff3dd727400] Error reading HTTP response: End of file
[tls @ 0x7ff3dd7260c0] IO error: End of file
[https @ 0x7ff3dd760580] Error reading HTTP response: End of file
[tls @ 0x7ff3bc708100] IO error: End of file
[https @ 0x7ff3bc708040] Error reading HTTP response: End of file
[tls @ 0x7ff3dd7260c0] IO error: End of file
[https @ 0x7ff3dd727400] Error reading HTTP response: End of file
[2026-04-12T17:20:17.183620] Saved clip /Users/Chen/PycharmProjects/CSCI_6234_Final/recordings/cam209/clips/2026/04/12/cam209_20260412T211939Z.mp4 (4252907 bytes)
[2026-04-12T17:20:17.697251] Starting 60-second capture -> /Users/Chen/PycharmProjects/CSCI_6234_Final/recordings/cam209/clips/2026/04/12/cam209_20260412T212017Z.mp4
[tls @ 0x7fb72b804680] IO error: End of file
[https @ 0x7fb72b804540] Error reading HTTP response: End of file
[tls @ 0x7fb73ba1a380] IO error: End of file
[https @ 0x7fb73ba09f00] Error reading HTTP response: End of file
[tls @ 0x7fb73bb1cdc0] IO error: End of file
[https @ 0x7fb73bb19440] Error reading HTTP response: End of file
[tls @ 0x7fb73ba68b00] IO error: End of file
[https @ 0x7fb73ba68680] Error reading HTTP response: End of file
[2026-04-12T17:21:00.937199] Saved clip /Users/Chen/PycharmProjects/CSCI_6234_Final/recordings/cam209/clips/2026/04/12/cam209_20260412T212017Z.mp4 (4245276 bytes)
[2026-04-12T17:21:01.454125] Starting 60-second capture -> /Users/Chen/PycharmProjects/CSCI_6234_Final/recordings/cam209/clips/2026/04/12/cam209_20260412T212101Z.mp4
[tls @ 0x7ff5c34054c0] IO error: End of file
[https @ 0x7ff5c3404340] Error reading HTTP response: End of file
[tls @ 0x7ff5c321fd00] IO error: End of file
[https @ 0x7ff5c322f700] Error reading HTTP response: End of file
[tls @ 0x7ff5b2737040] IO error: End of file
[https @ 0x7ff5b2736f80] Error reading HTTP response: End of file
[2026-04-12T17:21:47.017771] Saved clip /Users/Chen/PycharmProjects/CSCI_6234_Final/recordings/cam209/clips/2026/04/12/cam209_20260412T212101Z.mp4 (4263476 bytes)
[2026-04-12T17:21:47.526755] Starting 60-second capture -> /Users/Chen/PycharmProjects/CSCI_6234_Final/recordings/cam209/clips/2026/04/12/cam209_20260412T212147Z.mp4
[tls @ 0x7fba5af04cc0] IO error: End of file
[https @ 0x7fba5af04b80] Error reading HTTP response: End of file
[tls @ 0x7fba5af09fc0] IO error: End of file
[https @ 0x7fba5af23f40] Error reading HTTP response: End of file
[tls @ 0x7fba5c03a540] IO error: End of file
[https @ 0x7fba5c040dc0] Error reading HTTP response: End of file
[tls @ 0x7fba5c036fc0] IO error: End of file
[https @ 0x7fba5c036540] Error reading HTTP response: End of file
[2026-04-12T17:22:31.476709] Saved clip /Users/Chen/PycharmProjects/CSCI_6234_Final/recordings/cam209/clips/2026/04/12/cam209_20260412T212147Z.mp4 (4281317 bytes)
[2026-04-12T17:22:31.987216] Starting 60-second capture -> /Users/Chen/PycharmProjects/CSCI_6234_Final/recordings/cam209/clips/2026/04/12/cam209_20260412T212231Z.mp4
[tls @ 0x7fb660704b40] IO error: End of file
[https @ 0x7fb660704a00] Error reading HTTP response: End of file
[tls @ 0x7fb660760440] IO error: End of file
[https @ 0x7fb66075d840] Error reading HTTP response: End of file
[tls @ 0x7fb661174b40] IO error: End of file
[https @ 0x7fb66117b7c0] Error reading HTTP response: End of file
[2026-04-12T17:23:15.915015] Saved clip /Users/Chen/PycharmProjects/CSCI_6234_Final/recordings/cam209/clips/2026/04/12/cam209_20260412T212231Z.mp4 (4260731 bytes)
[2026-04-12T17:23:16.423677] Starting 60-second capture -> /Users/Chen/PycharmProjects/CSCI_6234_Final/recordings/cam209/clips/2026/04/12/cam209_20260412T212316Z.mp4
[tls @ 0x7fde5cf04680] IO error: End of file
[https @ 0x7fde5cf04540] Error reading HTTP response: End of file
[tls @ 0x7fde6dc05a40] IO error: End of file
[https @ 0x7fde6dc05940] Error reading HTTP response: End of file
[tls @ 0x7fde6db08540] IO error: End of file
[https @ 0x7fde6db35680] Error reading HTTP response: End of file
[tls @ 0x7fde6dd7ab80] IO error: End of file
[https @ 0x7fde6dd7a140] Error reading HTTP response: End of file
[tls @ 0x7fde6da06d40] IO error: End of file
[https @ 0x7fde6da10ec0] Error reading HTTP response: End of file
[tls @ 0x7fde6db36d80] IO error: End of file
[https @ 0x7fde6dc26a00] Error reading HTTP response: End of file
[2026-04-12T17:23:59.705254] Saved clip /Users/Chen/PycharmProjects/CSCI_6234_Final/recordings/cam209/clips/2026/04/12/cam209_20260412T212316Z.mp4 (4261013 bytes)
[2026-04-12T17:24:00.217795] Starting 60-second capture -> /Users/Chen/PycharmProjects/CSCI_6234_Final/recordings/cam209/clips/2026/04/12/cam209_20260412T212400Z.mp4
[tls @ 0x7ff59e804500] IO error: End of file
[https @ 0x7ff59e8043c0] Error reading HTTP response: End of file
[tls @ 0x7ff59df5e2c0] IO error: End of file
[https @ 0x7ff59df4c780] Error reading HTTP response: End of file
[tls @ 0x7ff59df20100] IO error: End of file
[https @ 0x7ff59df3c0c0] Error reading HTTP response: End of file
[tls @ 0x7ff59df5e2c0] IO error: End of file
[https @ 0x7ff59df59440] Error reading HTTP response: End of file
[tls @ 0x7ff59df06200] IO error: End of file
[https @ 0x7ff59df6fbc0] Error reading HTTP response: End of file
[2026-04-12T17:24:43.645971] Saved clip /Users/Chen/PycharmProjects/CSCI_6234_Final/recordings/cam209/clips/2026/04/12/cam209_20260412T212400Z.mp4 (4259689 bytes)
[2026-04-12T17:24:44.157850] Starting 60-second capture -> /Users/Chen/PycharmProjects/CSCI_6234_Final/recordings/cam209/clips/2026/04/12/cam209_20260412T212444Z.mp4
[tls @ 0x7f9475704580] IO error: End of file
[https @ 0x7f9475704440] Error reading HTTP response: End of file
[tls @ 0x7f9476044440] IO error: End of file
[https @ 0x7f9476044600] Error reading HTTP response: End of file
[tls @ 0x7f9476044440] IO error: End of file
[https @ 0x7f9476044800] Error reading HTTP response: End of file
[2026-04-12T17:25:27.288951] Saved clip /Users/Chen/PycharmProjects/CSCI_6234_Final/recordings/cam209/clips/2026/04/12/cam209_20260412T212444Z.mp4 (4268074 bytes)
[2026-04-12T17:25:27.807130] Starting 60-second capture -> /Users/Chen/PycharmProjects/CSCI_6234_Final/recordings/cam209/clips/2026/04/12/cam209_20260412T212527Z.mp4
[tls @ 0x7f77af804800] IO error: End of file
[https @ 0x7f77af8046c0] Error reading HTTP response: End of file
[tls @ 0x7f77af9443c0] IO error: End of file
[https @ 0x7f77af948a80] Error reading HTTP response: End of file
[2026-04-12T17:26:08.980065] Saved clip /Users/Chen/PycharmProjects/CSCI_6234_Final/recordings/cam209/clips/2026/04/12/cam209_20260412T212527Z.mp4 (4263836 bytes)
[2026-04-12T17:26:09.496650] Starting 60-second capture -> /Users/Chen/PycharmProjects/CSCI_6234_Final/recordings/cam209/clips/2026/04/12/cam209_20260412T212609Z.mp4
[tls @ 0x7f8fdff04380] IO error: End of file
[https @ 0x7f8fdff04240] Error reading HTTP response: End of file
[tls @ 0x7f8ff893d7c0] IO error: End of file
[https @ 0x7f8ff8939bc0] Error reading HTTP response: End of file
[tls @ 0x7f8fdff40b40] IO error: End of file
[https @ 0x7f8fdff40680] Error reading HTTP response: End of file
[tls @ 0x7f8ff8928580] IO error: End of file
[https @ 0x7f8ff8939bc0] Error reading HTTP response: End of file
[2026-04-12T17:26:43.011796] Saved clip /Users/Chen/PycharmProjects/CSCI_6234_Final/recordings/cam209/clips/2026/04/12/cam209_20260412T212609Z.mp4 (4258448 bytes)
[2026-04-12T17:26:43.531143] Starting 60-second capture -> /Users/Chen/PycharmProjects/CSCI_6234_Final/recordings/cam209/clips/2026/04/12/cam209_20260412T212643Z.mp4
[tls @ 0x7f9273704280] IO error: End of file
[https @ 0x7f92740043c0] Error reading HTTP response: End of file
[tls @ 0x7f92843244c0] IO error: End of file
[https @ 0x7f928432cc80] Error reading HTTP response: End of file
[tls @ 0x7f92843244c0] IO error: End of file
[https @ 0x7f928432f1c0] Error reading HTTP response: End of file
[2026-04-12T17:27:27.839936] Saved clip /Users/Chen/PycharmProjects/CSCI_6234_Final/recordings/cam209/clips/2026/04/12/cam209_20260412T212643Z.mp4 (4243689 bytes)
[2026-04-12T17:27:28.355392] Starting 60-second capture -> /Users/Chen/PycharmProjects/CSCI_6234_Final/recordings/cam209/clips/2026/04/12/cam209_20260412T212728Z.mp4
[tls @ 0x7fe171904380] IO error: End of file
[https @ 0x7fe171904240] Error reading HTTP response: End of file
[tls @ 0x7fe17193bfc0] IO error: End of file
[https @ 0x7fe171904300] Error reading HTTP response: End of file
[tls @ 0x7fe178805b00] IO error: End of file
[https @ 0x7fe1788059c0] Error reading HTTP response: End of file
[tls @ 0x7fe171a3a800] IO error: End of file
[https @ 0x7fe171a3a680] Error reading HTTP response: End of file
[2026-04-12T17:28:04.034651] Saved clip /Users/Chen/PycharmProjects/CSCI_6234_Final/recordings/cam209/clips/2026/04/12/cam209_20260412T212728Z.mp4 (4235473 bytes)
[2026-04-12T17:28:04.543831] Starting 60-second capture -> /Users/Chen/PycharmProjects/CSCI_6234_Final/recordings/cam209/clips/2026/04/12/cam209_20260412T212804Z.mp4
[tls @ 0x7ff3bd004680] IO error: End of file
[https @ 0x7ff3bd004540] Error reading HTTP response: End of file
[tls @ 0x7ff3bc746f40] IO error: End of file
[https @ 0x7ff3bc71a940] Error reading HTTP response: End of file
[tls @ 0x7ff3bc746f40] IO error: End of file
[https @ 0x7ff3bc71b440] Error reading HTTP response: End of file
[2026-04-12T17:28:48.177504] Saved clip /Users/Chen/PycharmProjects/CSCI_6234_Final/recordings/cam209/clips/2026/04/12/cam209_20260412T212804Z.mp4 (4264201 bytes)
[2026-04-12T17:28:48.687069] Starting 60-second capture -> /Users/Chen/PycharmProjects/CSCI_6234_Final/recordings/cam209/clips/2026/04/12/cam209_20260412T212848Z.mp4
[tls @ 0x7fc23bb04800] IO error: End of file
[https @ 0x7fc23bb046c0] Error reading HTTP response: End of file
[tls @ 0x7fc23bc04b40] IO error: End of file
[https @ 0x7fc23bc04a00] Stream ends prematurely at 675860, should be 788848
[tls @ 0x7fc23bc04b40] IO error: End of file
[https @ 0x7fc23bc04a00] Error reading HTTP response: End of file
[tls @ 0x7fc23ba1db80] IO error: End of file
[https @ 0x7fc23ba15840] Error reading HTTP response: End of file
[tls @ 0x7fc23ba1db80] IO error: End of file
[https @ 0x7fc23ba0b200] Error reading HTTP response: End of file
[2026-04-12T17:29:37.470538] Saved clip /Users/Chen/PycharmProjects/CSCI_6234_Final/recordings/cam209/clips/2026/04/12/cam209_20260412T212848Z.mp4 (4140299 bytes)
[2026-04-12T17:29:37.983801] Starting 60-second capture -> /Users/Chen/PycharmProjects/CSCI_6234_Final/recordings/cam209/clips/2026/04/12/cam209_20260412T212937Z.mp4
[tls @ 0x7fd750904c40] IO error: End of file
[https @ 0x7fd750904b00] Error reading HTTP response: End of file
[tls @ 0x7fd7508602c0] IO error: End of file
[https @ 0x7fd75085c6c0] Error reading HTTP response: End of file
[tls @ 0x7fd7509313c0] IO error: End of file
[https @ 0x7fd750931300] Error reading HTTP response: End of file
[tls @ 0x7fd7508602c0] IO error: End of file
[https @ 0x7fd750829e00] Error reading HTTP response: End of file
[tls @ 0x7fd75891e980] IO error: End of file
[https @ 0x7fd7589049c0] Error reading HTTP response: End of file
[2026-04-12T17:30:14.946563] Saved clip /Users/Chen/PycharmProjects/CSCI_6234_Final/recordings/cam209/clips/2026/04/12/cam209_20260412T212937Z.mp4 (4257513 bytes)
[2026-04-12T17:30:15.457631] Starting 60-second capture -> /Users/Chen/PycharmProjects/CSCI_6234_Final/recordings/cam209/clips/2026/04/12/cam209_20260412T213015Z.mp4
[tls @ 0x7faef4f04680] IO error: End of file
[https @ 0x7faef4f04540] Error reading HTTP response: End of file
[tls @ 0x7faf05aa1d80] IO error: End of file
[https @ 0x7faf05a5be00] Error reading HTTP response: End of file
[tls @ 0x7faf05923c40] IO error: End of file
[https @ 0x7faf0595a740] Error reading HTTP response: End of file
[2026-04-12T17:30:59.449170] Saved clip /Users/Chen/PycharmProjects/CSCI_6234_Final/recordings/cam209/clips/2026/04/12/cam209_20260412T213015Z.mp4 (4270100 bytes)
[2026-04-12T17:30:59.962485] Starting 60-second capture -> /Users/Chen/PycharmProjects/CSCI_6234_Final/recordings/cam209/clips/2026/04/12/cam209_20260412T213059Z.mp4
[tls @ 0x7fe852b04480] IO error: End of file
[https @ 0x7fe852b04340] Error reading HTTP response: End of file
[tls @ 0x7fe842007040] IO error: End of file
[https @ 0x7fe84200a280] Error reading HTTP response: End of file
[tls @ 0x7fe841f4a840] IO error: End of file
[https @ 0x7fe841f4db80] Stream ends prematurely at 677928, should be 796556
[tls @ 0x7fe852b859c0] IO error: End of file
[https @ 0x7fe852b8cf80] Error reading HTTP response: End of file
[tls @ 0x7fe841f4a840] IO error: End of file
[https @ 0x7fe841f4db80] Error reading HTTP response: End of file
[2026-04-12T17:31:37.569853] Saved clip /Users/Chen/PycharmProjects/CSCI_6234_Final/recordings/cam209/clips/2026/04/12/cam209_20260412T213059Z.mp4 (4132094 bytes)
[2026-04-12T17:31:38.080964] Starting 60-second capture -> /Users/Chen/PycharmProjects/CSCI_6234_Final/recordings/cam209/clips/2026/04/12/cam209_20260412T213138Z.mp4
[tls @ 0x7ff0ef004e80] IO error: End of file
[https @ 0x7ff0ef004d40] Error reading HTTP response: End of file
[tls @ 0x7ff0ef107540] IO error: End of file
[https @ 0x7ff0ef107480] Error reading HTTP response: End of file
[tls @ 0x7ff0ef104140] IO error: End of file
[https @ 0x7ff0ef104080] Error reading HTTP response: End of file
[tls @ 0x7ff0ef02f740] IO error: End of file
[https @ 0x7ff0ef006d00] Error reading HTTP response: End of file
[tls @ 0x7ff0fe72ce80] IO error: End of file
[https @ 0x7ff0fe72f1c0] Error reading HTTP response: End of file
[2026-04-12T17:32:17.095060] Saved clip /Users/Chen/PycharmProjects/CSCI_6234_Final/recordings/cam209/clips/2026/04/12/cam209_20260412T213138Z.mp4 (4256023 bytes)
[2026-04-12T17:32:17.613534] Starting 60-second capture -> /Users/Chen/PycharmProjects/CSCI_6234_Final/recordings/cam209/clips/2026/04/12/cam209_20260412T213217Z.mp4
[tls @ 0x7fd854405c80] IO error: End of file
[https @ 0x7fd854405b40] Error reading HTTP response: End of file
[tls @ 0x7fd85420e440] IO error: End of file
[https @ 0x7fd854217d80] Error reading HTTP response: End of file
[tls @ 0x7fd85420e440] IO error: End of file
[https @ 0x7fd854221180] Error reading HTTP response: End of file
[2026-04-12T17:33:01.297298] Saved clip /Users/Chen/PycharmProjects/CSCI_6234_Final/recordings/cam209/clips/2026/04/12/cam209_20260412T213217Z.mp4 (4274936 bytes)
[2026-04-12T17:33:01.813942] Starting 60-second capture -> /Users/Chen/PycharmProjects/CSCI_6234_Final/recordings/cam209/clips/2026/04/12/cam209_20260412T213301Z.mp4
[tls @ 0x7fe5ad204800] IO error: End of file
[https @ 0x7fe5ad2046c0] Error reading HTTP response: End of file
[tls @ 0x7fe5ad40b680] IO error: End of file
[https @ 0x7fe5ad40b5c0] Error reading HTTP response: End of file
[tls @ 0x7fe5ad322cc0] IO error: End of file
[https @ 0x7fe5ad224980] Error reading HTTP response: End of file
[2026-04-12T17:33:46.034549] Saved clip /Users/Chen/PycharmProjects/CSCI_6234_Final/recordings/cam209/clips/2026/04/12/cam209_20260412T213301Z.mp4 (4257769 bytes)
[2026-04-12T17:33:46.545993] Starting 60-second capture -> /Users/Chen/PycharmProjects/CSCI_6234_Final/recordings/cam209/clips/2026/04/12/cam209_20260412T213346Z.mp4
[tls @ 0x7fb9b1205e00] IO error: End of file
[https @ 0x7fb9b1205cc0] Error reading HTTP response: End of file
[tls @ 0x7fb9a1921740] IO error: End of file
[https @ 0x7fb9a191db40] Error reading HTTP response: End of file
[tls @ 0x7fb9b1237400] IO error: End of file
[https @ 0x7fb9b1237e40] Error reading HTTP response: End of file
[tls @ 0x7fb9b1210fc0] IO error: End of file
[https @ 0x7fb9b1227b40] Error reading HTTP response: End of file
[2026-04-12T17:34:30.226429] Saved clip /Users/Chen/PycharmProjects/CSCI_6234_Final/recordings/cam209/clips/2026/04/12/cam209_20260412T213346Z.mp4 (4241801 bytes)
[2026-04-12T17:34:30.745738] Starting 60-second capture -> /Users/Chen/PycharmProjects/CSCI_6234_Final/recordings/cam209/clips/2026/04/12/cam209_20260412T213430Z.mp4
[tls @ 0x7faff8104f80] IO error: End of file
[https @ 0x7faff8104e40] Error reading HTTP response: End of file
[tls @ 0x7faff805f800] IO error: End of file
[https @ 0x7faff804f900] Error reading HTTP response: End of file
[tls @ 0x7fafdf729b00] IO error: End of file
[https @ 0x7fafdf75bc80] Error reading HTTP response: End of file
[2026-04-12T17:35:16.232212] Saved clip /Users/Chen/PycharmProjects/CSCI_6234_Final/recordings/cam209/clips/2026/04/12/cam209_20260412T213430Z.mp4 (4273833 bytes)
[2026-04-12T17:35:16.743542] Starting 60-second capture -> /Users/Chen/PycharmProjects/CSCI_6234_Final/recordings/cam209/clips/2026/04/12/cam209_20260412T213516Z.mp4
[tls @ 0x7fe3f3f048c0] IO error: End of file
[https @ 0x7fe414c04fc0] Error reading HTTP response: End of file
[tls @ 0x7fe3f3f12d00] IO error: End of file
[https @ 0x7fe3f3f1e180] Error reading HTTP response: End of file
[tls @ 0x7fe414c1a900] IO error: End of file
[https @ 0x7fe3f3f209c0] Error reading HTTP response: End of file
[tls @ 0x7fe3e4904080] IO error: End of file
[https @ 0x7fe3e4904680] Error reading HTTP response: End of file
[2026-04-12T17:35:59.709731] Saved clip /Users/Chen/PycharmProjects/CSCI_6234_Final/recordings/cam209/clips/2026/04/12/cam209_20260412T213516Z.mp4 (4242213 bytes)
[2026-04-12T17:36:00.217990] Starting 60-second capture -> /Users/Chen/PycharmProjects/CSCI_6234_Final/recordings/cam209/clips/2026/04/12/cam209_20260412T213600Z.mp4
[tls @ 0x7f8f7a707d80] IO error: End of file
[https @ 0x7f8f7a707c40] Error reading HTTP response: End of file
[tls @ 0x7f8f6b825880] IO error: End of file
[https @ 0x7f8f6b804080] Error reading HTTP response: End of file
[tls @ 0x7f8f7b6083c0] IO error: End of file
[https @ 0x7f8f7b607f40] Error reading HTTP response: End of file
[2026-04-12T17:36:43.804179] Saved clip /Users/Chen/PycharmProjects/CSCI_6234_Final/recordings/cam209/clips/2026/04/12/cam209_20260412T213600Z.mp4 (4273560 bytes)
[2026-04-12T17:36:44.313573] Starting 60-second capture -> /Users/Chen/PycharmProjects/CSCI_6234_Final/recordings/cam209/clips/2026/04/12/cam209_20260412T213644Z.mp4
[tls @ 0x7f7aaa204680] IO error: End of file
[https @ 0x7f7aaa204540] Error reading HTTP response: End of file
[tls @ 0x7f7a9974f0c0] IO error: End of file
[https @ 0x7f7a9974b100] Error reading HTTP response: End of file
[tls @ 0x7f7aaa246280] IO error: End of file
[https @ 0x7f7aaa24e7c0] Error reading HTTP response: End of file
[2026-04-12T17:37:28.588846] Saved clip /Users/Chen/PycharmProjects/CSCI_6234_Final/recordings/cam209/clips/2026/04/12/cam209_20260412T213644Z.mp4 (4270517 bytes)
[2026-04-12T17:37:29.101605] Starting 60-second capture -> /Users/Chen/PycharmProjects/CSCI_6234_Final/recordings/cam209/clips/2026/04/12/cam209_20260412T213729Z.mp4
[tls @ 0x7fd868005c80] IO error: End of file
[https @ 0x7fd868005b40] Error reading HTTP response: End of file
[tls @ 0x7fd84f7125c0] IO error: End of file
[https @ 0x7fd84f719780] Error reading HTTP response: End of file
[tls @ 0x7fd8702268c0] IO error: End of file
[https @ 0x7fd870238ac0] Error reading HTTP response: End of file
[2026-04-12T17:38:09.586043] Saved clip /Users/Chen/PycharmProjects/CSCI_6234_Final/recordings/cam209/clips/2026/04/12/cam209_20260412T213729Z.mp4 (4282513 bytes)
[2026-04-12T17:38:10.095686] Starting 60-second capture -> /Users/Chen/PycharmProjects/CSCI_6234_Final/recordings/cam209/clips/2026/04/12/cam209_20260412T213810Z.mp4
[tls @ 0x7f9956f04680] IO error: End of file
[https @ 0x7f9956f04540] Error reading HTTP response: End of file
[tls @ 0x7f9976f13dc0] IO error: End of file
[https @ 0x7f9976f25fc0] Error reading HTTP response: End of file
[tls @ 0x7f9957a0a4c0] IO error: End of file
[https @ 0x7f9957a0ff40] Error reading HTTP response: End of file
[tls @ 0x7f9957920380] IO error: End of file
[https @ 0x7f995791f9c0] Error reading HTTP response: End of file
[2026-04-12T17:38:43.280101] Saved clip /Users/Chen/PycharmProjects/CSCI_6234_Final/recordings/cam209/clips/2026/04/12/cam209_20260412T213810Z.mp4 (4245572 bytes)
[2026-04-12T17:38:43.790849] Recorder thread stopped
[2026-04-12T17:39:02.736051] Recorder thread started
[2026-04-12T17:39:02.737402] Starting 60-second capture -> /Users/Chen/PycharmProjects/CSCI_6234_Final/recordings/cam209/clips/2026/04/12/cam209_20260412T213902Z.mp4
[tls @ 0x7f9aa6004680] IO error: End of file
[https @ 0x7f9aa6004540] Error reading HTTP response: End of file
[tls @ 0x7f9a8570d440] IO error: End of file
[https @ 0x7f9a85704200] Error reading HTTP response: End of file
[tls @ 0x7f9aa60081c0] IO error: End of file
[https @ 0x7f9aa6008380] Error reading HTTP response: End of file
[2026-04-12T17:39:47.943409] Saved clip /Users/Chen/PycharmProjects/CSCI_6234_Final/recordings/cam209/clips/2026/04/12/cam209_20260412T213902Z.mp4 (4262193 bytes)
[2026-04-12T17:39:48.456495] Starting 60-second capture -> /Users/Chen/PycharmProjects/CSCI_6234_Final/recordings/cam209/clips/2026/04/12/cam209_20260412T213948Z.mp4
[tls @ 0x7f86c0f04b40] IO error: End of file
[https @ 0x7f86c0f04a00] Error reading HTTP response: End of file
[tls @ 0x7f86c0f0b940] IO error: End of file
[https @ 0x7f86c0f1e440] Error reading HTTP response: End of file
[tls @ 0x7f86d1a4f800] IO error: End of file
[https @ 0x7f86d1a6e900] Error reading HTTP response: End of file
[tls @ 0x7f86c180a980] IO error: End of file
[https @ 0x7f86c180b780] Error reading HTTP response: End of file
[2026-04-12T17:40:31.791812] Saved clip /Users/Chen/PycharmProjects/CSCI_6234_Final/recordings/cam209/clips/2026/04/12/cam209_20260412T213948Z.mp4 (4249936 bytes)
[2026-04-12T17:40:32.301974] Starting 60-second capture -> /Users/Chen/PycharmProjects/CSCI_6234_Final/recordings/cam209/clips/2026/04/12/cam209_20260412T214032Z.mp4
[tls @ 0x7fba3cf08900] IO error: End of file
[https @ 0x7fba3cf087c0] Error reading HTTP response: End of file
[tls @ 0x7fba0cf05680] IO error: End of file
[https @ 0x7fba0cf05580] Error reading HTTP response: End of file
[tls @ 0x7fba0cf05580] IO error: End of file
[https @ 0x7fba0cf05640] Error reading HTTP response: End of file
[2026-04-12T17:41:15.511514] Saved clip /Users/Chen/PycharmProjects/CSCI_6234_Final/recordings/cam209/clips/2026/04/12/cam209_20260412T214032Z.mp4 (4246858 bytes)
[2026-04-12T17:41:16.017135] Starting 60-second capture -> /Users/Chen/PycharmProjects/CSCI_6234_Final/recordings/cam209/clips/2026/04/12/cam209_20260412T214116Z.mp4
[tls @ 0x7fcf5f305c80] IO error: End of file
[https @ 0x7fcf5f305b40] Error reading HTTP response: End of file
[tls @ 0x7fcf3e715ec0] IO error: End of file
[https @ 0x7fcf3e7280c0] Error reading HTTP response: End of file
[tls @ 0x7fcf5e70ae80] IO error: End of file
[https @ 0x7fcf5e70f800] Error reading HTTP response: End of file
[2026-04-12T17:41:59.189414] Saved clip /Users/Chen/PycharmProjects/CSCI_6234_Final/recordings/cam209/clips/2026/04/12/cam209_20260412T214116Z.mp4 (4269837 bytes)
[2026-04-12T17:41:59.701160] Starting 60-second capture -> /Users/Chen/PycharmProjects/CSCI_6234_Final/recordings/cam209/clips/2026/04/12/cam209_20260412T214159Z.mp4
[tls @ 0x7f8757004680] IO error: End of file
[https @ 0x7f8757004540] Error reading HTTP response: End of file
[tls @ 0x7f87570094c0] IO error: End of file
[https @ 0x7f8756726e40] Error reading HTTP response: End of file
[tls @ 0x7f875670c880] IO error: End of file
[https @ 0x7f875670c7c0] Error reading HTTP response: End of file
[tls @ 0x7f8756724840] IO error: End of file
[https @ 0x7f875671d2c0] Error reading HTTP response: End of file
[2026-04-12T17:42:34.116697] Saved clip /Users/Chen/PycharmProjects/CSCI_6234_Final/recordings/cam209/clips/2026/04/12/cam209_20260412T214159Z.mp4 (4273408 bytes)
[2026-04-12T17:42:34.629478] Starting 60-second capture -> /Users/Chen/PycharmProjects/CSCI_6234_Final/recordings/cam209/clips/2026/04/12/cam209_20260412T214234Z.mp4
[tls @ 0x7ff412204680] IO error: End of file
[https @ 0x7ff412204540] Error reading HTTP response: End of file
[tls @ 0x7ff412216100] IO error: End of file
[https @ 0x7ff412218b00] Error reading HTTP response: End of file
[tls @ 0x7ff412550540] IO error: End of file
[https @ 0x7ff4125418c0] Error reading HTTP response: End of file
[2026-04-12T17:43:18.594890] Saved clip /Users/Chen/PycharmProjects/CSCI_6234_Final/recordings/cam209/clips/2026/04/12/cam209_20260412T214234Z.mp4 (4243335 bytes)
[2026-04-12T17:43:19.104375] Starting 60-second capture -> /Users/Chen/PycharmProjects/CSCI_6234_Final/recordings/cam209/clips/2026/04/12/cam209_20260412T214319Z.mp4
[tls @ 0x7f8431b04680] IO error: End of file
[https @ 0x7f8431b04540] Error reading HTTP response: End of file
[tls @ 0x7f842220a880] IO error: End of file
[https @ 0x7f842220a780] Error reading HTTP response: End of file
[tls @ 0x7f842212e140] IO error: End of file
[https @ 0x7f8422114740] Error reading HTTP response: End of file
[2026-04-12T17:43:58.535660] Saved clip /Users/Chen/PycharmProjects/CSCI_6234_Final/recordings/cam209/clips/2026/04/12/cam209_20260412T214319Z.mp4 (4248035 bytes)
[2026-04-12T17:43:59.048445] Starting 60-second capture -> /Users/Chen/PycharmProjects/CSCI_6234_Final/recordings/cam209/clips/2026/04/12/cam209_20260412T214359Z.mp4
[tls @ 0x7fc79d804680] IO error: End of file
[https @ 0x7fc79d804540] Error reading HTTP response: End of file
[tls @ 0x7fc79cf44f00] IO error: End of file
[https @ 0x7fc79cf450c0] Error reading HTTP response: End of file
[tls @ 0x7fc7adb4a300] IO error: End of file
[https @ 0x7fc7adb46700] Error reading HTTP response: End of file
[tls @ 0x7fc79cf44f00] IO error: End of file
[https @ 0x7fc79cf45740] Error reading HTTP response: End of file
[2026-04-12T17:44:35.251543] Saved clip /Users/Chen/PycharmProjects/CSCI_6234_Final/recordings/cam209/clips/2026/04/12/cam209_20260412T214359Z.mp4 (4248824 bytes)
[2026-04-12T17:44:35.764895] Starting 60-second capture -> /Users/Chen/PycharmProjects/CSCI_6234_Final/recordings/cam209/clips/2026/04/12/cam209_20260412T214435Z.mp4
[tls @ 0x7feadd004680] IO error: End of file
[https @ 0x7feadd004540] Error reading HTTP response: End of file
[tls @ 0x7feadc76e6c0] IO error: End of file
[https @ 0x7feadc78a800] Error reading HTTP response: End of file
[tls @ 0x7feadd007a80] IO error: End of file
[https @ 0x7feadd005500] Error reading HTTP response: End of file
[tls @ 0x7feaed208380] IO error: End of file
[https @ 0x7feaed208b40] Error reading HTTP response: End of file
[tls @ 0x7feadd005500] IO error: End of file
[https @ 0x7feadd04ffc0] Error reading HTTP response: End of file
[2026-04-12T17:45:18.995220] Saved clip /Users/Chen/PycharmProjects/CSCI_6234_Final/recordings/cam209/clips/2026/04/12/cam209_20260412T214435Z.mp4 (4246914 bytes)
[2026-04-12T17:45:19.508001] Starting 60-second capture -> /Users/Chen/PycharmProjects/CSCI_6234_Final/recordings/cam209/clips/2026/04/12/cam209_20260412T214519Z.mp4
[tls @ 0x7fd35f744840] IO error: End of file
[https @ 0x7fd35f74bdc0] Error reading HTTP response: End of file
[tls @ 0x7fd35f7184c0] IO error: End of file
[https @ 0x7fd35f718400] Error reading HTTP response: End of file
[tls @ 0x7fd33f7130c0] IO error: End of file
[https @ 0x7fd33f713000] Error reading HTTP response: End of file
[tls @ 0x7fd348004d40] IO error: End of file
[https @ 0x7fd348005700] Error reading HTTP response: End of file
[2026-04-12T17:46:06.031791] Saved clip /Users/Chen/PycharmProjects/CSCI_6234_Final/recordings/cam209/clips/2026/04/12/cam209_20260412T214519Z.mp4 (4270475 bytes)
[2026-04-12T17:46:06.544006] Starting 60-second capture -> /Users/Chen/PycharmProjects/CSCI_6234_Final/recordings/cam209/clips/2026/04/12/cam209_20260412T214606Z.mp4
[tls @ 0x7fd6b1204c80] IO error: End of file
[https @ 0x7fd6b1204b40] Error reading HTTP response: End of file
[tls @ 0x7fd6b1157580] IO error: End of file
[https @ 0x7fd6b1169780] Error reading HTTP response: End of file
[tls @ 0x7fd6b07095c0] IO error: End of file
[https @ 0x7fd6b0708a00] Error reading HTTP response: End of file
[tls @ 0x7fd6b130ccc0] IO error: End of file
[https @ 0x7fd6b1319200] Error reading HTTP response: End of file
[tls @ 0x7fd6b12286c0] IO error: End of file
[https @ 0x7fd6b124e000] Error reading HTTP response: End of file
[2026-04-12T17:46:50.085168] Saved clip /Users/Chen/PycharmProjects/CSCI_6234_Final/recordings/cam209/clips/2026/04/12/cam209_20260412T214606Z.mp4 (4254821 bytes)
[2026-04-12T17:46:50.597049] Starting 60-second capture -> /Users/Chen/PycharmProjects/CSCI_6234_Final/recordings/cam209/clips/2026/04/12/cam209_20260412T214650Z.mp4
[tls @ 0x7f9246904680] IO error: End of file
[https @ 0x7f9246904540] Error reading HTTP response: End of file
[tls @ 0x7f9246850140] IO error: End of file
[https @ 0x7f9246853640] Error reading HTTP response: End of file
[2026-04-12T17:47:37.587455] Saved clip /Users/Chen/PycharmProjects/CSCI_6234_Final/recordings/cam209/clips/2026/04/12/cam209_20260412T214650Z.mp4 (4257513 bytes)
[2026-04-12T17:47:38.097219] Starting 60-second capture -> /Users/Chen/PycharmProjects/CSCI_6234_Final/recordings/cam209/clips/2026/04/12/cam209_20260412T214738Z.mp4
[tls @ 0x7fb4df804680] IO error: End of file
[https @ 0x7fb4df804540] Error reading HTTP response: End of file
[tls @ 0x7fb4def27ac0] IO error: End of file
[https @ 0x7fb4def1b100] Error reading HTTP response: End of file
[tls @ 0x7fb4df805880] IO error: End of file
[https @ 0x7fb4df805dc0] Error reading HTTP response: End of file
[tls @ 0x7fb4df9761c0] IO error: End of file
[https @ 0x7fb4df9903c0] Error reading HTTP response: End of file
[2026-04-12T17:48:12.495919] Saved clip /Users/Chen/PycharmProjects/CSCI_6234_Final/recordings/cam209/clips/2026/04/12/cam209_20260412T214738Z.mp4 (4257346 bytes)
[2026-04-12T17:48:13.009299] Starting 60-second capture -> /Users/Chen/PycharmProjects/CSCI_6234_Final/recordings/cam209/clips/2026/04/12/cam209_20260412T214813Z.mp4
[tls @ 0x7f97dca04380] IO error: End of file
[https @ 0x7f97dca04240] Error reading HTTP response: End of file
[tls @ 0x7f97dcb42680] IO error: End of file
[https @ 0x7f97dcb38680] Error reading HTTP response: End of file
[tls @ 0x7f97dca50500] IO error: End of file
[https @ 0x7f97dca4c280] Error reading HTTP response: End of file
[2026-04-12T17:48:55.997012] Saved clip /Users/Chen/PycharmProjects/CSCI_6234_Final/recordings/cam209/clips/2026/04/12/cam209_20260412T214813Z.mp4 (4260416 bytes)
[2026-04-12T17:48:56.510908] Starting 60-second capture -> /Users/Chen/PycharmProjects/CSCI_6234_Final/recordings/cam209/clips/2026/04/12/cam209_20260412T214856Z.mp4
[tls @ 0x7f7923304680] IO error: End of file
[https @ 0x7f7923304540] Error reading HTTP response: End of file
[tls @ 0x7f78e2704200] IO error: End of file
[https @ 0x7f78e2704140] Error reading HTTP response: End of file
[2026-04-12T17:49:38.141474] Saved clip /Users/Chen/PycharmProjects/CSCI_6234_Final/recordings/cam209/clips/2026/04/12/cam209_20260412T214856Z.mp4 (4261390 bytes)
[2026-04-12T17:49:38.655449] Starting 60-second capture -> /Users/Chen/PycharmProjects/CSCI_6234_Final/recordings/cam209/clips/2026/04/12/cam209_20260412T214938Z.mp4
[tls @ 0x7f9cf1f05100] IO error: End of file
[https @ 0x7f9cf1f04b80] Error reading HTTP response: End of file
[tls @ 0x7f9cf1f06380] IO error: End of file
[https @ 0x7f9cf1f062c0] Error reading HTTP response: End of file
[tls @ 0x7f9d02953040] IO error: End of file
[https @ 0x7f9d02965280] Error reading HTTP response: End of file
[tls @ 0x7f9cf1f20a80] IO error: End of file
[https @ 0x7f9cf1f2e600] Error reading HTTP response: End of file
[tls @ 0x7f9cf2829100] IO error: End of file
[https @ 0x7f9cf28328c0] Error reading HTTP response: End of file
[tls @ 0x7f9cf1f20a80] IO error: End of file
[https @ 0x7f9cf1f2db00] Error reading HTTP response: End of file
[2026-04-12T17:50:16.689068] Saved clip /Users/Chen/PycharmProjects/CSCI_6234_Final/recordings/cam209/clips/2026/04/12/cam209_20260412T214938Z.mp4 (4251613 bytes)
[2026-04-12T17:50:17.204052] Starting 60-second capture -> /Users/Chen/PycharmProjects/CSCI_6234_Final/recordings/cam209/clips/2026/04/12/cam209_20260412T215017Z.mp4
[tls @ 0x7f9cdd704a00] IO error: End of file
[https @ 0x7f9cdd704480] Error reading HTTP response: End of file
[tls @ 0x7f9cee448340] IO error: End of file
[https @ 0x7f9cee43fbc0] Error reading HTTP response: End of file
[tls @ 0x7f9cee305900] IO error: End of file
[https @ 0x7f9cee30cf00] Error reading HTTP response: End of file
[2026-04-12T17:51:00.940766] Saved clip /Users/Chen/PycharmProjects/CSCI_6234_Final/recordings/cam209/clips/2026/04/12/cam209_20260412T215017Z.mp4 (4266545 bytes)
[2026-04-12T17:51:01.452794] Starting 60-second capture -> /Users/Chen/PycharmProjects/CSCI_6234_Final/recordings/cam209/clips/2026/04/12/cam209_20260412T215101Z.mp4
[tls @ 0x7fee13f04b40] IO error: End of file
[https @ 0x7fee13f04a00] Error reading HTTP response: End of file
[tls @ 0x7fee13f10bc0] IO error: End of file
[https @ 0x7fee13f05940] Error reading HTTP response: End of file
[tls @ 0x7fee15028f00] IO error: End of file
[https @ 0x7fee150224c0] Error reading HTTP response: End of file
[2026-04-12T17:51:44.340800] Saved clip /Users/Chen/PycharmProjects/CSCI_6234_Final/recordings/cam209/clips/2026/04/12/cam209_20260412T215101Z.mp4 (4241639 bytes)
[2026-04-12T17:51:44.853706] Starting 60-second capture -> /Users/Chen/PycharmProjects/CSCI_6234_Final/recordings/cam209/clips/2026/04/12/cam209_20260412T215144Z.mp4
[tls @ 0x7f90c9f04500] IO error: End of file
[https @ 0x7f90c9f04400] Error reading HTTP response: End of file
[tls @ 0x7f90dae53780] IO error: End of file
[https @ 0x7f90dae6e640] Error reading HTTP response: End of file
[tls @ 0x7f90daf145c0] IO error: End of file
[https @ 0x7f90daf04fc0] Error reading HTTP response: End of file
[2026-04-12T17:52:28.581424] Saved clip /Users/Chen/PycharmProjects/CSCI_6234_Final/recordings/cam209/clips/2026/04/12/cam209_20260412T215144Z.mp4 (4248136 bytes)
[2026-04-12T17:52:29.089108] Starting 60-second capture -> /Users/Chen/PycharmProjects/CSCI_6234_Final/recordings/cam209/clips/2026/04/12/cam209_20260412T215229Z.mp4
[tls @ 0x7fa274704b40] IO error: End of file
[https @ 0x7fa274704a00] Error reading HTTP response: End of file
[tls @ 0x7fa2857168c0] IO error: End of file
[https @ 0x7fa285718cc0] Error reading HTTP response: End of file
[2026-04-12T17:53:05.286339] Saved clip /Users/Chen/PycharmProjects/CSCI_6234_Final/recordings/cam209/clips/2026/04/12/cam209_20260412T215229Z.mp4 (4236804 bytes)
[2026-04-12T17:53:05.796112] Starting 60-second capture -> /Users/Chen/PycharmProjects/CSCI_6234_Final/recordings/cam209/clips/2026/04/12/cam209_20260412T215305Z.mp4
[tls @ 0x7f7abf3054c0] IO error: End of file
[https @ 0x7f7abf3044c0] Error reading HTTP response: End of file
[tls @ 0x7f7aae73bf00] IO error: End of file
[https @ 0x7f7aae73c600] Error reading HTTP response: End of file
[tls @ 0x7f7abf318480] IO error: End of file
[https @ 0x7f7abf304480] Error reading HTTP response: End of file
[2026-04-12T17:53:48.780251] Saved clip /Users/Chen/PycharmProjects/CSCI_6234_Final/recordings/cam209/clips/2026/04/12/cam209_20260412T215305Z.mp4 (4256602 bytes)
[2026-04-12T17:53:49.298693] Starting 60-second capture -> /Users/Chen/PycharmProjects/CSCI_6234_Final/recordings/cam209/clips/2026/04/12/cam209_20260412T215349Z.mp4
[tls @ 0x7fa50582c440] IO error: End of file
[https @ 0x7fa50582d780] Error reading HTTP response: End of file
[tls @ 0x7fa505804180] IO error: End of file
[https @ 0x7fa501f05b40] Error reading HTTP response: End of file
[tls @ 0x7fa501e1c980] IO error: End of file
[https @ 0x7fa501e1c8c0] Error reading HTTP response: End of file
[tls @ 0x7fa501e25d80] IO error: End of file
[https @ 0x7fa501e39400] Error reading HTTP response: End of file
[tls @ 0x7fa4f0f0f980] IO error: End of file
[https @ 0x7fa4f0f08bc0] Error reading HTTP response: End of file
[2026-04-12T17:54:35.789393] Saved clip /Users/Chen/PycharmProjects/CSCI_6234_Final/recordings/cam209/clips/2026/04/12/cam209_20260412T215349Z.mp4 (4236864 bytes)
[2026-04-12T17:54:36.303919] Starting 60-second capture -> /Users/Chen/PycharmProjects/CSCI_6234_Final/recordings/cam209/clips/2026/04/12/cam209_20260412T215436Z.mp4
[tls @ 0x7fcbbf305c80] IO error: End of file
[https @ 0x7fcbbf305b40] Error reading HTTP response: End of file
[tls @ 0x7fcbaf004d40] IO error: End of file
[https @ 0x7fcbaf004c00] Error reading HTTP response: End of file
[tls @ 0x7fcbbf004880] IO error: End of file
[https @ 0x7fcbbf004600] Error reading HTTP response: End of file
[tls @ 0x7fcbbf367b00] IO error: End of file
[https @ 0x7fcbbf367340] Error reading HTTP response: End of file
[2026-04-12T17:55:19.556229] Saved clip /Users/Chen/PycharmProjects/CSCI_6234_Final/recordings/cam209/clips/2026/04/12/cam209_20260412T215436Z.mp4 (4261847 bytes)
[2026-04-12T17:55:20.070427] Starting 60-second capture -> /Users/Chen/PycharmProjects/CSCI_6234_Final/recordings/cam209/clips/2026/04/12/cam209_20260412T215520Z.mp4
[tls @ 0x7fc972c0b900] IO error: End of file
[https @ 0x7fc972c18940] Error reading HTTP response: End of file
[tls @ 0x7fc972b04680] IO error: End of file
[https @ 0x7fc972b04540] Error reading HTTP response: End of file
[tls @ 0x7fc972b10040] IO error: End of file
[https @ 0x7fc972b08b40] Error reading HTTP response: End of file
[2026-04-12T17:56:07.497481] Saved clip /Users/Chen/PycharmProjects/CSCI_6234_Final/recordings/cam209/clips/2026/04/12/cam209_20260412T215520Z.mp4 (4256036 bytes)
[2026-04-12T17:56:08.018798] Starting 60-second capture -> /Users/Chen/PycharmProjects/CSCI_6234_Final/recordings/cam209/clips/2026/04/12/cam209_20260412T215608Z.mp4
[tls @ 0x7fad7c905240] IO error: End of file
[https @ 0x7fad7c905100] Error reading HTTP response: End of file
[tls @ 0x7fad7cb16ac0] IO error: End of file
[https @ 0x7fad7cb1e080] Error reading HTTP response: End of file
[tls @ 0x7fad7cb05380] IO error: End of file
[https @ 0x7fad7cb05100] Error reading HTTP response: End of file
[tls @ 0x7fad6bf17fc0] IO error: End of file
[https @ 0x7fad6bf0f700] Error reading HTTP response: End of file
[2026-04-12T17:56:42.688519] Saved clip /Users/Chen/PycharmProjects/CSCI_6234_Final/recordings/cam209/clips/2026/04/12/cam209_20260412T215608Z.mp4 (4276588 bytes)
[2026-04-12T17:56:43.202489] Starting 60-second capture -> /Users/Chen/PycharmProjects/CSCI_6234_Final/recordings/cam209/clips/2026/04/12/cam209_20260412T215643Z.mp4
[tls @ 0x7fa353906b00] IO error: End of file
[https @ 0x7fa353906440] Error reading HTTP response: End of file
[tls @ 0x7fa34380f080] IO error: End of file
[https @ 0x7fa34382f2c0] Error reading HTTP response: End of file
[tls @ 0x7fa353917700] IO error: End of file
[https @ 0x7fa353906440] Error reading HTTP response: End of file
[2026-04-12T17:57:28.611437] Saved clip /Users/Chen/PycharmProjects/CSCI_6234_Final/recordings/cam209/clips/2026/04/12/cam209_20260412T215643Z.mp4 (4231609 bytes)
[2026-04-12T17:57:29.126309] Starting 60-second capture -> /Users/Chen/PycharmProjects/CSCI_6234_Final/recordings/cam209/clips/2026/04/12/cam209_20260412T215729Z.mp4
[tls @ 0x7fe8a7f04680] IO error: End of file
[https @ 0x7fe8a7f04540] Error reading HTTP response: End of file
[tls @ 0x7fe897f15e40] IO error: End of file
[https @ 0x7fe897f0c880] Error reading HTTP response: End of file
[tls @ 0x7fe8a0804b80] IO error: End of file
[https @ 0x7fe8a0804300] Error reading HTTP response: End of file
[tls @ 0x7fe897f31e80] IO error: End of file
[https @ 0x7fe897f44080] Error reading HTTP response: End of file
[2026-04-12T17:58:05.459407] Saved clip /Users/Chen/PycharmProjects/CSCI_6234_Final/recordings/cam209/clips/2026/04/12/cam209_20260412T215729Z.mp4 (4268504 bytes)
[2026-04-12T17:58:05.973679] Starting 60-second capture -> /Users/Chen/PycharmProjects/CSCI_6234_Final/recordings/cam209/clips/2026/04/12/cam209_20260412T215805Z.mp4
[tls @ 0x7fa083f04b40] IO error: End of file
[https @ 0x7fa083f04a00] Error reading HTTP response: End of file
[tls @ 0x7fa083f20f80] IO error: End of file
[https @ 0x7fa083f20ec0] Error reading HTTP response: End of file
[tls @ 0x7fa084824c00] IO error: End of file
[https @ 0x7fa08481e200] Error reading HTTP response: End of file
[2026-04-12T17:58:50.736483] Saved clip /Users/Chen/PycharmProjects/CSCI_6234_Final/recordings/cam209/clips/2026/04/12/cam209_20260412T215805Z.mp4 (4263342 bytes)
[2026-04-12T17:58:51.251654] Starting 60-second capture -> /Users/Chen/PycharmProjects/CSCI_6234_Final/recordings/cam209/clips/2026/04/12/cam209_20260412T215851Z.mp4
[tls @ 0x7fe5af7058c0] IO error: End of file
[https @ 0x7fe5af7057c0] Error reading HTTP response: End of file
[tls @ 0x7fe59f704680] IO error: End of file
[https @ 0x7fe59f704540] Error reading HTTP response: End of file
[tls @ 0x7fe59f73ddc0] IO error: End of file
[https @ 0x7fe59f76d540] Error reading HTTP response: End of file
[tls @ 0x7fe5a80176c0] IO error: End of file
[https @ 0x7fe5a8017000] Error reading HTTP response: End of file
[tls @ 0x7fe59f73ddc0] IO error: End of file
[https @ 0x7fe59f75fc00] Error reading HTTP response: End of file
[2026-04-12T17:59:39.351051] Saved clip /Users/Chen/PycharmProjects/CSCI_6234_Final/recordings/cam209/clips/2026/04/12/cam209_20260412T215851Z.mp4 (4281887 bytes)
[2026-04-12T17:59:39.866074] Starting 60-second capture -> /Users/Chen/PycharmProjects/CSCI_6234_Final/recordings/cam209/clips/2026/04/12/cam209_20260412T215939Z.mp4
[tls @ 0x7fc0e6f05100] IO error: End of file
[https @ 0x7fc0e6f04b80] Error reading HTTP response: End of file
[tls @ 0x7fc0e78072c0] IO error: End of file
[https @ 0x7fc0e780d800] Error reading HTTP response: End of file
[tls @ 0x7fc0e7906bc0] IO error: End of file
[https @ 0x7fc0e79095c0] Error reading HTTP response: End of file
[tls @ 0x7fc0e6f17dc0] IO error: End of file
[https @ 0x7fc0e6f2f140] Error reading HTTP response: End of file
[2026-04-12T18:00:14.881287] Saved clip /Users/Chen/PycharmProjects/CSCI_6234_Final/recordings/cam209/clips/2026/04/12/cam209_20260412T215939Z.mp4 (4255864 bytes)
[2026-04-12T18:00:15.393350] Starting 60-second capture -> /Users/Chen/PycharmProjects/CSCI_6234_Final/recordings/cam209/clips/2026/04/12/cam209_20260412T220015Z.mp4
[tls @ 0x7fc477a1aa80] IO error: End of file
[https @ 0x7fc477a285c0] Error reading HTTP response: End of file
[tls @ 0x7fc477a250c0] IO error: End of file
[https @ 0x7fc477a27ac0] Error reading HTTP response: End of file
[tls @ 0x7fc466f7fe00] IO error: End of file
[https @ 0x7fc466f7bd40] Error reading HTTP response: End of file
[tls @ 0x7fc470076340] IO error: End of file
[https @ 0x7fc47009ae80] Error reading HTTP response: End of file
[2026-04-12T18:00:58.864979] Saved clip /Users/Chen/PycharmProjects/CSCI_6234_Final/recordings/cam209/clips/2026/04/12/cam209_20260412T220015Z.mp4 (4254394 bytes)
[2026-04-12T18:00:59.377116] Starting 60-second capture -> /Users/Chen/PycharmProjects/CSCI_6234_Final/recordings/cam209/clips/2026/04/12/cam209_20260412T220059Z.mp4
[tls @ 0x7fb871a04ac0] IO error: End of file
[https @ 0x7fb871a049c0] Error reading HTTP response: End of file
[tls @ 0x7fb871c19980] IO error: End of file
[https @ 0x7fb871c18100] Error reading HTTP response: End of file
[tls @ 0x7fb860f056c0] IO error: End of file
[https @ 0x7fb860f055c0] Error reading HTTP response: End of file
[tls @ 0x7fb871a51d80] IO error: End of file
[https @ 0x7fb871a4be80] Error reading HTTP response: End of file
[2026-04-12T18:01:36.385835] Saved clip /Users/Chen/PycharmProjects/CSCI_6234_Final/recordings/cam209/clips/2026/04/12/cam209_20260412T220059Z.mp4 (4233326 bytes)
[2026-04-12T18:01:36.897451] Starting 60-second capture -> /Users/Chen/PycharmProjects/CSCI_6234_Final/recordings/cam209/clips/2026/04/12/cam209_20260412T220136Z.mp4
[tls @ 0x7f9190709400] IO error: End of file
[https @ 0x7f9190709300] Error reading HTTP response: End of file
[tls @ 0x7f91914053c0] IO error: End of file
[https @ 0x7f919140afc0] Error reading HTTP response: End of file
[tls @ 0x7f919132f7c0] IO error: End of file
[https @ 0x7f9191321d80] Error reading HTTP response: End of file
[tls @ 0x7f919132f7c0] IO error: End of file
[https @ 0x7f919130f2c0] Error reading HTTP response: End of file
[2026-04-12T18:02:13.499988] Saved clip /Users/Chen/PycharmProjects/CSCI_6234_Final/recordings/cam209/clips/2026/04/12/cam209_20260412T220136Z.mp4 (4256305 bytes)
[2026-04-12T18:02:14.015354] Starting 60-second capture -> /Users/Chen/PycharmProjects/CSCI_6234_Final/recordings/cam209/clips/2026/04/12/cam209_20260412T220214Z.mp4
[tls @ 0x7fe277004680] IO error: End of file
[https @ 0x7fe277004540] Error reading HTTP response: End of file
[tls @ 0x7fe27700c140] IO error: End of file
[https @ 0x7fe277004600] Error reading HTTP response: End of file
[tls @ 0x7fe286707b00] IO error: End of file
[https @ 0x7fe286707940] Error reading HTTP response: End of file
[tls @ 0x7fe276719c40] IO error: End of file
[https @ 0x7fe276736700] Error reading HTTP response: End of file
[2026-04-12T18:03:01.989501] Saved clip /Users/Chen/PycharmProjects/CSCI_6234_Final/recordings/cam209/clips/2026/04/12/cam209_20260412T220214Z.mp4 (4283065 bytes)
[2026-04-12T18:03:02.500325] Starting 60-second capture -> /Users/Chen/PycharmProjects/CSCI_6234_Final/recordings/cam209/clips/2026/04/12/cam209_20260412T220302Z.mp4
[tls @ 0x7feb2b2059c0] IO error: End of file
[https @ 0x7feb2b205880] Error reading HTTP response: End of file
[tls @ 0x7feb1a7086c0] IO error: End of file
[https @ 0x7feb1a708180] Error reading HTTP response: End of file
[tls @ 0x7feb2b207540] IO error: End of file
[https @ 0x7feb2b404440] Error reading HTTP response: End of file
[2026-04-12T18:03:46.242208] Saved clip /Users/Chen/PycharmProjects/CSCI_6234_Final/recordings/cam209/clips/2026/04/12/cam209_20260412T220302Z.mp4 (4263043 bytes)
[2026-04-12T18:03:46.756455] Starting 60-second capture -> /Users/Chen/PycharmProjects/CSCI_6234_Final/recordings/cam209/clips/2026/04/12/cam209_20260412T220346Z.mp4
[tls @ 0x7f8a7eb04a40] IO error: End of file
[https @ 0x7f8a7eb04900] Error reading HTTP response: End of file
[tls @ 0x7f8a7eb09100] IO error: End of file
[https @ 0x7f8a7eb0e800] Error reading HTTP response: End of file
[tls @ 0x7f8a6e804d80] IO error: End of file
[https @ 0x7f8a6e808ec0] Error reading HTTP response: End of file
[tls @ 0x7f8a6df0c7c0] IO error: End of file
[https @ 0x7f8a6df1ddc0] Error reading HTTP response: End of file
[2026-04-12T18:04:32.358506] Saved clip /Users/Chen/PycharmProjects/CSCI_6234_Final/recordings/cam209/clips/2026/04/12/cam209_20260412T220346Z.mp4 (4262008 bytes)
[2026-04-12T18:04:32.874948] Starting 60-second capture -> /Users/Chen/PycharmProjects/CSCI_6234_Final/recordings/cam209/clips/2026/04/12/cam209_20260412T220432Z.mp4
[tls @ 0x7f8fce704680] IO error: End of file
[https @ 0x7f8fce704540] Error reading HTTP response: End of file
[tls @ 0x7f8fdf04e900] IO error: End of file
[https @ 0x7f8fdf05f140] Error reading HTTP response: End of file
[tls @ 0x7f8fdf131b40] IO error: End of file
[https @ 0x7f8fdf127dc0] Error reading HTTP response: End of file
[2026-04-12T18:05:16.891747] Saved clip /Users/Chen/PycharmProjects/CSCI_6234_Final/recordings/cam209/clips/2026/04/12/cam209_20260412T220432Z.mp4 (4262102 bytes)
[2026-04-12T18:05:17.402976] Starting 60-second capture -> /Users/Chen/PycharmProjects/CSCI_6234_Final/recordings/cam209/clips/2026/04/12/cam209_20260412T220517Z.mp4
[tls @ 0x7fd8f4c05cc0] IO error: End of file
[https @ 0x7fd8f4c05c00] Error reading HTTP response: End of file
[tls @ 0x7fd8f4a53d80] IO error: End of file
[https @ 0x7fd8f4a50180] Error reading HTTP response: End of file
[tls @ 0x7fd8f4a53d80] IO error: End of file
[https @ 0x7fd8f4a4d380] Error reading HTTP response: End of file
[2026-04-12T18:05:54.672236] Saved clip /Users/Chen/PycharmProjects/CSCI_6234_Final/recordings/cam209/clips/2026/04/12/cam209_20260412T220517Z.mp4 (4248474 bytes)
[2026-04-12T18:05:55.187050] Starting 60-second capture -> /Users/Chen/PycharmProjects/CSCI_6234_Final/recordings/cam209/clips/2026/04/12/cam209_20260412T220555Z.mp4
[tls @ 0x7f92b6204680] IO error: End of file
[https @ 0x7f92b6204580] Error reading HTTP response: End of file
[tls @ 0x7f92b643c740] IO error: End of file
[https @ 0x7f92b6446ac0] Error reading HTTP response: End of file
[2026-04-12T18:06:36.427904] Saved clip /Users/Chen/PycharmProjects/CSCI_6234_Final/recordings/cam209/clips/2026/04/12/cam209_20260412T220555Z.mp4 (4273544 bytes)
[2026-04-12T18:06:36.941096] Starting 60-second capture -> /Users/Chen/PycharmProjects/CSCI_6234_Final/recordings/cam209/clips/2026/04/12/cam209_20260412T220636Z.mp4
[tls @ 0x7f8aaf004300] IO error: End of file
[https @ 0x7f8aaf004200] Error reading HTTP response: End of file
[tls @ 0x7f8aae707280] IO error: End of file
[https @ 0x7f8aae7071c0] Error reading HTTP response: End of file
[tls @ 0x7f8aae71e840] IO error: End of file
[https @ 0x7f8aae733300] Error reading HTTP response: End of file
[tls @ 0x7f8aaf00edc0] IO error: End of file
[https @ 0x7f8aaf01f5c0] Error reading HTTP response: End of file
[tls @ 0x7f8aaf051fc0] IO error: End of file
[https @ 0x7f8aaf064200] Error reading HTTP response: End of file
[2026-04-12T18:07:15.442397] Saved clip /Users/Chen/PycharmProjects/CSCI_6234_Final/recordings/cam209/clips/2026/04/12/cam209_20260412T220636Z.mp4 (4285724 bytes)
[2026-04-12T18:07:15.954310] Starting 60-second capture -> /Users/Chen/PycharmProjects/CSCI_6234_Final/recordings/cam209/clips/2026/04/12/cam209_20260412T220715Z.mp4
[tls @ 0x7fbe5b704140] IO error: End of file
[https @ 0x7fbe6c504300] Error reading HTTP response: End of file
[tls @ 0x7fbe6c51cd00] IO error: End of file
[https @ 0x7fbe6c513900] Error reading HTTP response: End of file
[tls @ 0x7fbe6c367300] IO error: End of file
[https @ 0x7fbe6c305300] Error reading HTTP response: End of file
[2026-04-12T18:07:59.420267] Saved clip /Users/Chen/PycharmProjects/CSCI_6234_Final/recordings/cam209/clips/2026/04/12/cam209_20260412T220715Z.mp4 (4241880 bytes)
[2026-04-12T18:07:59.934446] Starting 60-second capture -> /Users/Chen/PycharmProjects/CSCI_6234_Final/recordings/cam209/clips/2026/04/12/cam209_20260412T220759Z.mp4
[tls @ 0x7fe071204500] IO error: End of file
[https @ 0x7fe0712043c0] Error reading HTTP response: End of file
[tls @ 0x7fe071204700] IO error: End of file
[https @ 0x7fe071209480] Error reading HTTP response: End of file
[2026-04-12T18:08:35.380332] Saved clip /Users/Chen/PycharmProjects/CSCI_6234_Final/recordings/cam209/clips/2026/04/12/cam209_20260412T220759Z.mp4 (4262427 bytes)
[2026-04-12T18:08:35.893628] Starting 60-second capture -> /Users/Chen/PycharmProjects/CSCI_6234_Final/recordings/cam209/clips/2026/04/12/cam209_20260412T220835Z.mp4
[tls @ 0x7ff0a5f04680] IO error: End of file
[https @ 0x7ff0a5f04540] Error reading HTTP response: End of file
[tls @ 0x7ff0a681b8c0] IO error: End of file
[https @ 0x7ff0a681b800] Error reading HTTP response: End of file
[tls @ 0x7ff0a6823a00] IO error: End of file
[https @ 0x7ff0a6823940] Error reading HTTP response: End of file
[2026-04-12T18:09:20.720954] Saved clip /Users/Chen/PycharmProjects/CSCI_6234_Final/recordings/cam209/clips/2026/04/12/cam209_20260412T220835Z.mp4 (4247720 bytes)
[2026-04-12T18:09:21.237187] Starting 60-second capture -> /Users/Chen/PycharmProjects/CSCI_6234_Final/recordings/cam209/clips/2026/04/12/cam209_20260412T220921Z.mp4
[tls @ 0x7fd84eb15e40] IO error: End of file
[https @ 0x7fd84eb282c0] Error reading HTTP response: End of file
[tls @ 0x7fd84eb04500] IO error: End of file
[https @ 0x7fd84eb043c0] Error reading HTTP response: End of file
[tls @ 0x7fd84eb15e40] IO error: End of file
[https @ 0x7fd84eb04700] Error reading HTTP response: End of file
[tls @ 0x7fd83f09ee00] IO error: End of file
[https @ 0x7fd83f0369c0] Error reading HTTP response: End of file
[2026-04-12T18:10:08.185962] Saved clip /Users/Chen/PycharmProjects/CSCI_6234_Final/recordings/cam209/clips/2026/04/12/cam209_20260412T220921Z.mp4 (4275128 bytes)
[2026-04-12T18:10:08.709842] Starting 60-second capture -> /Users/Chen/PycharmProjects/CSCI_6234_Final/recordings/cam209/clips/2026/04/12/cam209_20260412T221008Z.mp4
[tls @ 0x7fd8f7104d00] IO error: End of file
[https @ 0x7fd8f7104bc0] Error reading HTTP response: End of file
[tls @ 0x7fd8f5f283c0] IO error: End of file
[https @ 0x7fd8f5f27d40] Error reading HTTP response: End of file
[tls @ 0x7fd8f5f42bc0] IO error: End of file
[https @ 0x7fd8f5f3eb40] Error reading HTTP response: End of file
[tls @ 0x7fd8f7136680] IO error: End of file
[https @ 0x7fd8f7159900] Error reading HTTP response: End of file
[2026-04-12T18:10:45.302158] Saved clip /Users/Chen/PycharmProjects/CSCI_6234_Final/recordings/cam209/clips/2026/04/12/cam209_20260412T221008Z.mp4 (4273346 bytes)
[2026-04-12T18:10:45.811899] Starting 60-second capture -> /Users/Chen/PycharmProjects/CSCI_6234_Final/recordings/cam209/clips/2026/04/12/cam209_20260412T221045Z.mp4
[tls @ 0x7f7ef7104500] IO error: End of file
[https @ 0x7f7ef71043c0] Error reading HTTP response: End of file
[tls @ 0x7f7ee678a2c0] IO error: End of file
[https @ 0x7f7ee675c740] Error reading HTTP response: End of file
[tls @ 0x7f7ef7219b40] IO error: End of file
[https @ 0x7f7ef7218180] Error reading HTTP response: End of file
[2026-04-12T18:11:29.537514] Saved clip /Users/Chen/PycharmProjects/CSCI_6234_Final/recordings/cam209/clips/2026/04/12/cam209_20260412T221045Z.mp4 (4230399 bytes)
[2026-04-12T18:11:30.060251] Starting 60-second capture -> /Users/Chen/PycharmProjects/CSCI_6234_Final/recordings/cam209/clips/2026/04/12/cam209_20260412T221130Z.mp4
[tls @ 0x7faf45205e00] IO error: End of file
[https @ 0x7faf45205cc0] Error reading HTTP response: End of file
[tls @ 0x7faf34737d00] IO error: End of file
[https @ 0x7faf4531cd40] Error reading HTTP response: End of file
[tls @ 0x7faf348465c0] IO error: End of file
[https @ 0x7faf34841b40] Error reading HTTP response: End of file
[2026-04-12T18:12:14.637502] Saved clip /Users/Chen/PycharmProjects/CSCI_6234_Final/recordings/cam209/clips/2026/04/12/cam209_20260412T221130Z.mp4 (4262707 bytes)
[2026-04-12T18:12:15.149556] Starting 60-second capture -> /Users/Chen/PycharmProjects/CSCI_6234_Final/recordings/cam209/clips/2026/04/12/cam209_20260412T221215Z.mp4
[tls @ 0x7f923e704140] IO error: End of file
[https @ 0x7f923f004540] Error reading HTTP response: End of file
[tls @ 0x7f925e707a80] IO error: End of file
[https @ 0x7f925e707980] Error reading HTTP response: End of file
[tls @ 0x7f924f010f00] IO error: End of file
[https @ 0x7f924f011500] Error reading HTTP response: End of file
[2026-04-12T18:12:58.367048] Saved clip /Users/Chen/PycharmProjects/CSCI_6234_Final/recordings/cam209/clips/2026/04/12/cam209_20260412T221215Z.mp4 (4268638 bytes)
[2026-04-12T18:12:58.880858] Starting 60-second capture -> /Users/Chen/PycharmProjects/CSCI_6234_Final/recordings/cam209/clips/2026/04/12/cam209_20260412T221258Z.mp4
[tls @ 0x7faafdd05b00] IO error: End of file
[https @ 0x7faafdd059c0] Error reading HTTP response: End of file
[tls @ 0x7faafdc0d080] IO error: End of file
[https @ 0x7faafdc0cfc0] Error reading HTTP response: End of file
[tls @ 0x7faafdc1c180] IO error: End of file
[https @ 0x7faafdc0e480] Error reading HTTP response: End of file
[tls @ 0x7faafdb37a40] IO error: End of file
[https @ 0x7faafdb6e300] Error reading HTTP response: End of file
[2026-04-12T18:13:39.527414] Saved clip /Users/Chen/PycharmProjects/CSCI_6234_Final/recordings/cam209/clips/2026/04/12/cam209_20260412T221258Z.mp4 (4270660 bytes)
[2026-04-12T18:13:40.042556] Starting 60-second capture -> /Users/Chen/PycharmProjects/CSCI_6234_Final/recordings/cam209/clips/2026/04/12/cam209_20260412T221340Z.mp4
[tls @ 0x7f8a51f04700] IO error: End of file
[https @ 0x7f8a30f04240] Error reading HTTP response: End of file
[tls @ 0x7f8a30f7e480] IO error: End of file
[https @ 0x7f8a30f90680] Error reading HTTP response: End of file
[tls @ 0x7f8a51f45780] IO error: End of file
[https @ 0x7f8a51f47940] Error reading HTTP response: End of file
[2026-04-12T18:14:14.537777] Saved clip /Users/Chen/PycharmProjects/CSCI_6234_Final/recordings/cam209/clips/2026/04/12/cam209_20260412T221340Z.mp4 (4241514 bytes)
[2026-04-12T18:14:15.058425] Starting 60-second capture -> /Users/Chen/PycharmProjects/CSCI_6234_Final/recordings/cam209/clips/2026/04/12/cam209_20260412T221415Z.mp4
[tls @ 0x7f828a404300] IO error: End of file
[https @ 0x7f828a404200] Error reading HTTP response: End of file
[tls @ 0x7f8279770ec0] IO error: End of file
[https @ 0x7f8279766000] Error reading HTTP response: End of file
[tls @ 0x7f828a404400] IO error: End of file
[https @ 0x7f828a414880] Error reading HTTP response: End of file
[2026-04-12T18:14:58.298868] Saved clip /Users/Chen/PycharmProjects/CSCI_6234_Final/recordings/cam209/clips/2026/04/12/cam209_20260412T221415Z.mp4 (4278492 bytes)
[2026-04-12T18:14:58.812997] Starting 60-second capture -> /Users/Chen/PycharmProjects/CSCI_6234_Final/recordings/cam209/clips/2026/04/12/cam209_20260412T221458Z.mp4
[tls @ 0x7fa46cc06780] IO error: End of file
[https @ 0x7fa46cc061c0] Error reading HTTP response: End of file
[tls @ 0x7fa45b736380] IO error: End of file
[https @ 0x7fa45b71a340] Error reading HTTP response: End of file
[2026-04-12T18:15:40.113436] Saved clip /Users/Chen/PycharmProjects/CSCI_6234_Final/recordings/cam209/clips/2026/04/12/cam209_20260412T221458Z.mp4 (4263789 bytes)
[2026-04-12T18:15:40.630260] Starting 60-second capture -> /Users/Chen/PycharmProjects/CSCI_6234_Final/recordings/cam209/clips/2026/04/12/cam209_20260412T221540Z.mp4
[tls @ 0x7fef0d004500] IO error: End of file
[https @ 0x7fef0d0043c0] Error reading HTTP response: End of file
[tls @ 0x7fef0d036a00] IO error: End of file
[https @ 0x7fef0d04e440] Error reading HTTP response: End of file
[tls @ 0x7fef0bf38580] IO error: End of file
[https @ 0x7fef0bf38740] Error reading HTTP response: End of file
[2026-04-12T18:16:27.672266] Saved clip /Users/Chen/PycharmProjects/CSCI_6234_Final/recordings/cam209/clips/2026/04/12/cam209_20260412T221540Z.mp4 (4251901 bytes)
[2026-04-12T18:16:28.191505] Starting 60-second capture -> /Users/Chen/PycharmProjects/CSCI_6234_Final/recordings/cam209/clips/2026/04/12/cam209_20260412T221628Z.mp4
[tls @ 0x7fa6a4804500] IO error: End of file
[https @ 0x7fa6a48043c0] Error reading HTTP response: End of file
[tls @ 0x7fa6b4204f00] IO error: End of file
[https @ 0x7fa6b4204e00] Error reading HTTP response: End of file
[tls @ 0x7fa6b4057840] IO error: End of file
[https @ 0x7fa6b4004400] Error reading HTTP response: End of file
[tls @ 0x7fa6b4229780] IO error: End of file
[https @ 0x7fa6b4224380] Error reading HTTP response: End of file
[tls @ 0x7fa6a3724b00] IO error: End of file
[https @ 0x7fa6a3719800] Error reading HTTP response: End of file
[tls @ 0x7fa6a48063c0] IO error: End of file
[https @ 0x7fa6a4805e40] Error reading HTTP response: End of file
[2026-04-12T18:17:06.627989] Saved clip /Users/Chen/PycharmProjects/CSCI_6234_Final/recordings/cam209/clips/2026/04/12/cam209_20260412T221628Z.mp4 (4245179 bytes)
[2026-04-12T18:17:07.141069] Starting 60-second capture -> /Users/Chen/PycharmProjects/CSCI_6234_Final/recordings/cam209/clips/2026/04/12/cam209_20260412T221707Z.mp4
[tls @ 0x7fc26f204680] IO error: End of file
[https @ 0x7fc26f204540] Error reading HTTP response: End of file
[tls @ 0x7fc26f220340] IO error: End of file
[https @ 0x7fc26f228000] Error reading HTTP response: End of file
[tls @ 0x7fc26f01c280] IO error: End of file
[https @ 0x7fc26f01be00] Error reading HTTP response: End of file
[2026-04-12T18:17:50.761967] Saved clip /Users/Chen/PycharmProjects/CSCI_6234_Final/recordings/cam209/clips/2026/04/12/cam209_20260412T221707Z.mp4 (4260584 bytes)
[2026-04-12T18:17:51.277555] Starting 60-second capture -> /Users/Chen/PycharmProjects/CSCI_6234_Final/recordings/cam209/clips/2026/04/12/cam209_20260412T221751Z.mp4
[tls @ 0x7fb79c305980] IO error: End of file
[https @ 0x7fb79c305840] Error reading HTTP response: End of file
[tls @ 0x7fb78b70a2c0] IO error: End of file
[https @ 0x7fb78b735a80] Error reading HTTP response: End of file
[tls @ 0x7fb78b70a2c0] IO error: End of file
[https @ 0x7fb78b734f80] Error reading HTTP response: End of file
[2026-04-12T18:18:33.287216] Saved clip /Users/Chen/PycharmProjects/CSCI_6234_Final/recordings/cam209/clips/2026/04/12/cam209_20260412T221751Z.mp4 (4248791 bytes)
[2026-04-12T18:18:33.808066] Starting 60-second capture -> /Users/Chen/PycharmProjects/CSCI_6234_Final/recordings/cam209/clips/2026/04/12/cam209_20260412T221833Z.mp4
[tls @ 0x7f7b57f04680] IO error: End of file
[https @ 0x7f7b57f04540] Error reading HTTP response: End of file
[tls @ 0x7f7b57f2b480] IO error: End of file
[https @ 0x7f7b57f32f40] Error reading HTTP response: End of file
[tls @ 0x7f7b57f2b480] IO error: End of file
[https @ 0x7f7b57f2d5c0] Error reading HTTP response: End of file
[2026-04-12T18:19:17.422250] Saved clip /Users/Chen/PycharmProjects/CSCI_6234_Final/recordings/cam209/clips/2026/04/12/cam209_20260412T221833Z.mp4 (4259034 bytes)
[2026-04-12T18:19:17.937924] Starting 60-second capture -> /Users/Chen/PycharmProjects/CSCI_6234_Final/recordings/cam209/clips/2026/04/12/cam209_20260412T221917Z.mp4
[tls @ 0x7fb782705100] IO error: End of file
[https @ 0x7fb782704b80] Error reading HTTP response: End of file
[tls @ 0x7fb782725f40] IO error: End of file
[https @ 0x7fb78272e300] Error reading HTTP response: End of file
[tls @ 0x7fb78382a840] IO error: End of file
[https @ 0x7fb7838206c0] Error reading HTTP response: End of file
[tls @ 0x7fb79340a200] IO error: End of file
[https @ 0x7fb79340a140] Error reading HTTP response: End of file
[2026-04-12T18:20:01.280589] Saved clip /Users/Chen/PycharmProjects/CSCI_6234_Final/recordings/cam209/clips/2026/04/12/cam209_20260412T221917Z.mp4 (4240947 bytes)
[2026-04-12T18:20:01.801551] Starting 60-second capture -> /Users/Chen/PycharmProjects/CSCI_6234_Final/recordings/cam209/clips/2026/04/12/cam209_20260412T222001Z.mp4
[tls @ 0x7fa626c05f80] IO error: End of file
[https @ 0x7fa626c05e40] Error reading HTTP response: End of file
[tls @ 0x7fa626d2a980] IO error: End of file
[https @ 0x7fa626d3e500] Error reading HTTP response: End of file
[tls @ 0x7fa626f181c0] IO error: End of file
[https @ 0x7fa626f1bcc0] Error reading HTTP response: End of file
[tls @ 0x7fa626e661c0] IO error: End of file
[https @ 0x7fa626e6d980] Error reading HTTP response: End of file
[2026-04-12T18:20:45.312357] Saved clip /Users/Chen/PycharmProjects/CSCI_6234_Final/recordings/cam209/clips/2026/04/12/cam209_20260412T222001Z.mp4 (4254448 bytes)
[2026-04-12T18:20:45.829097] Starting 60-second capture -> /Users/Chen/PycharmProjects/CSCI_6234_Final/recordings/cam209/clips/2026/04/12/cam209_20260412T222045Z.mp4
[tls @ 0x7f9de8704500] IO error: End of file
[https @ 0x7f9de87043c0] Error reading HTTP response: End of file
[tls @ 0x7f9df933e300] IO error: End of file
[https @ 0x7f9df9344080] Error reading HTTP response: End of file
[tls @ 0x7f9df933e300] IO error: End of file
[https @ 0x7f9df933a740] Error reading HTTP response: End of file
[2026-04-12T18:21:29.273588] Saved clip /Users/Chen/PycharmProjects/CSCI_6234_Final/recordings/cam209/clips/2026/04/12/cam209_20260412T222045Z.mp4 (4240917 bytes)
[2026-04-12T18:21:29.791159] Starting 60-second capture -> /Users/Chen/PycharmProjects/CSCI_6234_Final/recordings/cam209/clips/2026/04/12/cam209_20260412T222129Z.mp4
[tls @ 0x7fc42cb06080] IO error: End of file
[https @ 0x7fc42cb059c0] Error reading HTTP response: End of file
[tls @ 0x7fc42ca36cc0] IO error: End of file
[https @ 0x7fc42ca25a00] Error reading HTTP response: End of file
[tls @ 0x7fc42ca48840] IO error: End of file
[https @ 0x7fc42ca45040] Error reading HTTP response: End of file
[tls @ 0x7fc42ca36cc0] IO error: End of file
[https @ 0x7fc42ca4fac0] Error reading HTTP response: End of file
[2026-04-12T18:22:07.248583] Saved clip /Users/Chen/PycharmProjects/CSCI_6234_Final/recordings/cam209/clips/2026/04/12/cam209_20260412T222129Z.mp4 (4276334 bytes)
[2026-04-12T18:22:07.762900] Starting 60-second capture -> /Users/Chen/PycharmProjects/CSCI_6234_Final/recordings/cam209/clips/2026/04/12/cam209_20260412T222207Z.mp4
[tls @ 0x7f92f3404b00] IO error: End of file
[https @ 0x7f92f34049c0] Error reading HTTP response: End of file
[tls @ 0x7f92f3537900] IO error: End of file
[https @ 0x7f92f352a380] Error reading HTTP response: End of file
[tls @ 0x7f92f3530dc0] IO error: End of file
[https @ 0x7f92f352d1c0] Error reading HTTP response: End of file
[tls @ 0x7f92e270e2c0] IO error: End of file
[https @ 0x7f92e2705780] Error reading HTTP response: End of file
[2026-04-12T18:22:42.626402] Saved clip /Users/Chen/PycharmProjects/CSCI_6234_Final/recordings/cam209/clips/2026/04/12/cam209_20260412T222207Z.mp4 (4269028 bytes)
[2026-04-12T18:22:43.166205] Starting 60-second capture -> /Users/Chen/PycharmProjects/CSCI_6234_Final/recordings/cam209/clips/2026/04/12/cam209_20260412T222243Z.mp4
[tls @ 0x7f788df04440] IO error: End of file
[https @ 0x7f789f204f80] Error reading HTTP response: End of file
[tls @ 0x7f788f006840] IO error: End of file
[https @ 0x7f789f31c980] Error reading HTTP response: End of file
[tls @ 0x7f788f006900] IO error: End of file
[https @ 0x7f788f006840] Error reading HTTP response: End of file
[2026-04-12T18:23:26.774620] Saved clip /Users/Chen/PycharmProjects/CSCI_6234_Final/recordings/cam209/clips/2026/04/12/cam209_20260412T222243Z.mp4 (4232593 bytes)
[2026-04-12T18:23:27.295562] Starting 60-second capture -> /Users/Chen/PycharmProjects/CSCI_6234_Final/recordings/cam209/clips/2026/04/12/cam209_20260412T222327Z.mp4
[tls @ 0x7f8138906340] IO error: End of file
[https @ 0x7f8138905c40] Error reading HTTP response: End of file
[tls @ 0x7f8138856500] IO error: End of file
[https @ 0x7f813884cec0] Error reading HTTP response: End of file
[2026-04-12T18:24:08.889246] Saved clip /Users/Chen/PycharmProjects/CSCI_6234_Final/recordings/cam209/clips/2026/04/12/cam209_20260412T222327Z.mp4 (4268524 bytes)
[2026-04-12T18:24:09.410143] Starting 60-second capture -> /Users/Chen/PycharmProjects/CSCI_6234_Final/recordings/cam209/clips/2026/04/12/cam209_20260412T222409Z.mp4
[tls @ 0x7fc68a404800] IO error: End of file
[https @ 0x7fc68a4046c0] Error reading HTTP response: End of file
[tls @ 0x7fc68a209600] IO error: End of file
[https @ 0x7fc68a20fb40] Error reading HTTP response: End of file
[tls @ 0x7fc68a157140] IO error: End of file
[https @ 0x7fc68a169340] Error reading HTTP response: End of file
[tls @ 0x7fc68a47ecc0] IO error: End of file
[https @ 0x7fc68a47b0c0] Error reading HTTP response: End of file
[tls @ 0x7fc68a326480] IO error: End of file
[https @ 0x7fc68a316bc0] Error reading HTTP response: End of file
[2026-04-12T18:24:47.892370] Saved clip /Users/Chen/PycharmProjects/CSCI_6234_Final/recordings/cam209/clips/2026/04/12/cam209_20260412T222409Z.mp4 (4245272 bytes)
[2026-04-12T18:24:48.414898] Starting 60-second capture -> /Users/Chen/PycharmProjects/CSCI_6234_Final/recordings/cam209/clips/2026/04/12/cam209_20260412T222448Z.mp4
[tls @ 0x7fd6fb704380] IO error: End of file
[https @ 0x7fd6fb704240] Error reading HTTP response: End of file
[tls @ 0x7fd70c24d780] IO error: End of file
[https @ 0x7fd70c250b40] Error reading HTTP response: End of file
[tls @ 0x7fd70c24d780] IO error: End of file
[https @ 0x7fd70c223fc0] Error reading HTTP response: End of file
[2026-04-12T18:25:24.180824] Saved clip /Users/Chen/PycharmProjects/CSCI_6234_Final/recordings/cam209/clips/2026/04/12/cam209_20260412T222448Z.mp4 (4258885 bytes)
[2026-04-12T18:25:24.694701] Starting 60-second capture -> /Users/Chen/PycharmProjects/CSCI_6234_Final/recordings/cam209/clips/2026/04/12/cam209_20260412T222524Z.mp4
[tls @ 0x7f7944f08700] IO error: End of file
[https @ 0x7f7944f07dc0] Error reading HTTP response: End of file
[tls @ 0x7f7945c11180] IO error: End of file
[https @ 0x7f7945c11800] Error reading HTTP response: End of file
[2026-04-12T18:26:05.709084] Saved clip /Users/Chen/PycharmProjects/CSCI_6234_Final/recordings/cam209/clips/2026/04/12/cam209_20260412T222524Z.mp4 (4267655 bytes)
[2026-04-12T18:26:06.222975] Starting 60-second capture -> /Users/Chen/PycharmProjects/CSCI_6234_Final/recordings/cam209/clips/2026/04/12/cam209_20260412T222606Z.mp4
[tls @ 0x7fa921106ac0] IO error: End of file
[https @ 0x7fa921106580] Error reading HTTP response: End of file
[tls @ 0x7fa921125d80] IO error: End of file
[https @ 0x7fa921137600] Error reading HTTP response: End of file
[tls @ 0x7fa921032ec0] IO error: End of file
[https @ 0x7fa9210450c0] Error reading HTTP response: End of file
[tls @ 0x7fa917f49400] IO error: End of file
[https @ 0x7fa917f33600] Error reading HTTP response: End of file
[2026-04-12T18:26:50.183630] Saved clip /Users/Chen/PycharmProjects/CSCI_6234_Final/recordings/cam209/clips/2026/04/12/cam209_20260412T222606Z.mp4 (4253695 bytes)
[2026-04-12T18:26:50.697397] Starting 60-second capture -> /Users/Chen/PycharmProjects/CSCI_6234_Final/recordings/cam209/clips/2026/04/12/cam209_20260412T222650Z.mp4
[tls @ 0x7f7c53004a40] IO error: End of file
[https @ 0x7f7c53004900] Error reading HTTP response: End of file
[tls @ 0x7f7c5300bc40] IO error: End of file
[https @ 0x7f7c530049c0] Error reading HTTP response: End of file
[tls @ 0x7f7c53162d80] IO error: End of file
[https @ 0x7f7c5316c780] Error reading HTTP response: End of file
[2026-04-12T18:27:34.248994] Saved clip /Users/Chen/PycharmProjects/CSCI_6234_Final/recordings/cam209/clips/2026/04/12/cam209_20260412T222650Z.mp4 (4252894 bytes)
[2026-04-12T18:27:34.762954] Starting 60-second capture -> /Users/Chen/PycharmProjects/CSCI_6234_Final/recordings/cam209/clips/2026/04/12/cam209_20260412T222734Z.mp4
[tls @ 0x7fad92f04680] IO error: End of file
[https @ 0x7fad92f04540] Error reading HTTP response: End of file
[tls @ 0x7fada3935640] IO error: End of file
[https @ 0x7fada39363c0] Error reading HTTP response: End of file
[tls @ 0x7fad92f0c880] IO error: End of file
[https @ 0x7fad92f0c340] Error reading HTTP response: End of file
[tls @ 0x7fada38056c0] IO error: End of file
[https @ 0x7fada38054c0] Error reading HTTP response: End of file
[2026-04-12T18:28:18.626588] Saved clip /Users/Chen/PycharmProjects/CSCI_6234_Final/recordings/cam209/clips/2026/04/12/cam209_20260412T222734Z.mp4 (4224006 bytes)
[2026-04-12T18:28:19.139666] Starting 60-second capture -> /Users/Chen/PycharmProjects/CSCI_6234_Final/recordings/cam209/clips/2026/04/12/cam209_20260412T222819Z.mp4
[tls @ 0x7ff1d7704680] IO error: End of file
[https @ 0x7ff1d7704540] Error reading HTTP response: End of file
[tls @ 0x7ff1e0211300] IO error: End of file
[https @ 0x7ff1e02128c0] Error reading HTTP response: End of file
[tls @ 0x7ff1e00463c0] IO error: End of file
[https @ 0x7ff1e00626c0] Error reading HTTP response: End of file
[2026-04-12T18:28:54.686358] Saved clip /Users/Chen/PycharmProjects/CSCI_6234_Final/recordings/cam209/clips/2026/04/12/cam209_20260412T222819Z.mp4 (4242214 bytes)
[2026-04-12T18:28:55.200970] Starting 60-second capture -> /Users/Chen/PycharmProjects/CSCI_6234_Final/recordings/cam209/clips/2026/04/12/cam209_20260412T222855Z.mp4
[tls @ 0x7f9916f04ac0] IO error: End of file
[https @ 0x7f9916f04980] Error reading HTTP response: End of file
[tls @ 0x7f9926f2c700] IO error: End of file
[https @ 0x7f9926f343c0] Error reading HTTP response: End of file
[tls @ 0x7f9916f1f180] IO error: End of file
[https @ 0x7f9916f1c100] Error reading HTTP response: End of file
[2026-04-12T18:29:37.665118] Saved clip /Users/Chen/PycharmProjects/CSCI_6234_Final/recordings/cam209/clips/2026/04/12/cam209_20260412T222855Z.mp4 (4256702 bytes)
[2026-04-12T18:29:38.178258] Starting 60-second capture -> /Users/Chen/PycharmProjects/CSCI_6234_Final/recordings/cam209/clips/2026/04/12/cam209_20260412T222938Z.mp4
[tls @ 0x7f9ad2504380] IO error: End of file
[https @ 0x7f9ad2504240] Error reading HTTP response: End of file
[tls @ 0x7f9ad26077c0] IO error: End of file
[https @ 0x7f9ad2607540] Error reading HTTP response: End of file
[tls @ 0x7f9ad1749480] IO error: End of file
[https @ 0x7f9ad174a7c0] Error reading HTTP response: End of file
[2026-04-12T18:30:16.961441] Saved clip /Users/Chen/PycharmProjects/CSCI_6234_Final/recordings/cam209/clips/2026/04/12/cam209_20260412T222938Z.mp4 (4278809 bytes)
[2026-04-12T18:30:17.475413] Starting 60-second capture -> /Users/Chen/PycharmProjects/CSCI_6234_Final/recordings/cam209/clips/2026/04/12/cam209_20260412T223017Z.mp4
[tls @ 0x7fb583305980] IO error: End of file
[https @ 0x7fb583305840] Error reading HTTP response: End of file
[tls @ 0x7fb583231100] IO error: End of file
[https @ 0x7fb583231040] Error reading HTTP response: End of file
[tls @ 0x7fb573007500] IO error: End of file
[https @ 0x7fb573004080] Error reading HTTP response: End of file
[tls @ 0x7fb573004840] IO error: End of file
[https @ 0x7fb573004700] Error reading HTTP response: End of file
[2026-04-12T18:30:59.183872] Saved clip /Users/Chen/PycharmProjects/CSCI_6234_Final/recordings/cam209/clips/2026/04/12/cam209_20260412T223017Z.mp4 (4251779 bytes)
[2026-04-12T18:30:59.696998] Starting 60-second capture -> /Users/Chen/PycharmProjects/CSCI_6234_Final/recordings/cam209/clips/2026/04/12/cam209_20260412T223059Z.mp4
[tls @ 0x7fc71a1076c0] IO error: End of file
[https @ 0x7fc71a104f40] Error reading HTTP response: End of file
[tls @ 0x7fc70a206140] IO error: End of file
[https @ 0x7fc70a207a00] Error reading HTTP response: End of file
[tls @ 0x7fc70a0158c0] IO error: End of file
[https @ 0x7fc70a00b6c0] Error reading HTTP response: End of file
[2026-04-12T18:31:35.559715] Saved clip /Users/Chen/PycharmProjects/CSCI_6234_Final/recordings/cam209/clips/2026/04/12/cam209_20260412T223059Z.mp4 (4281621 bytes)
[2026-04-12T18:31:36.072887] Starting 60-second capture -> /Users/Chen/PycharmProjects/CSCI_6234_Final/recordings/cam209/clips/2026/04/12/cam209_20260412T223136Z.mp4
[tls @ 0x7fe20c304d80] IO error: End of file
[https @ 0x7fe20c3055c0] Error reading HTTP response: End of file
[tls @ 0x7fe1fc019c00] IO error: End of file
[https @ 0x7fe1fc0285c0] Error reading HTTP response: End of file
[tls @ 0x7fe20c330480] IO error: End of file
[https @ 0x7fe20c32fc40] Error reading HTTP response: End of file
[2026-04-12T18:32:19.648710] Saved clip /Users/Chen/PycharmProjects/CSCI_6234_Final/recordings/cam209/clips/2026/04/12/cam209_20260412T223136Z.mp4 (4251244 bytes)
[2026-04-12T18:32:20.163044] Starting 60-second capture -> /Users/Chen/PycharmProjects/CSCI_6234_Final/recordings/cam209/clips/2026/04/12/cam209_20260412T223220Z.mp4
[tls @ 0x7f85d0209380] IO error: End of file
[https @ 0x7f85d02092c0] Error reading HTTP response: End of file
[tls @ 0x7f85d0104380] IO error: End of file
[https @ 0x7f85d0104240] Error reading HTTP response: End of file
[tls @ 0x7f85c7716380] IO error: End of file
[https @ 0x7f85c7715c80] Error reading HTTP response: End of file
[2026-04-12T18:33:07.346455] Saved clip /Users/Chen/PycharmProjects/CSCI_6234_Final/recordings/cam209/clips/2026/04/12/cam209_20260412T223220Z.mp4 (4272643 bytes)
[2026-04-12T18:33:07.857902] Starting 60-second capture -> /Users/Chen/PycharmProjects/CSCI_6234_Final/recordings/cam209/clips/2026/04/12/cam209_20260412T223307Z.mp4
[tls @ 0x7fcb60b061c0] IO error: End of file
[https @ 0x7fcb60b06080] Error reading HTTP response: End of file
[tls @ 0x7fcb4893e340] IO error: End of file
[https @ 0x7fcb48950540] Error reading HTTP response: End of file
[tls @ 0x7fcb48a043c0] IO error: End of file
[https @ 0x7fcb48a042c0] Error reading HTTP response: End of file
[tls @ 0x7fcb60b08580] IO error: End of file
[https @ 0x7fcb60b15a40] Error reading HTTP response: End of file
[tls @ 0x7fcb5ff08a00] IO error: End of file
[https @ 0x7fcb5ff08940] Error reading HTTP response: End of file
[2026-04-12T18:33:46.194123] Saved clip /Users/Chen/PycharmProjects/CSCI_6234_Final/recordings/cam209/clips/2026/04/12/cam209_20260412T223307Z.mp4 (4272726 bytes)
[2026-04-12T18:33:46.705593] Starting 60-second capture -> /Users/Chen/PycharmProjects/CSCI_6234_Final/recordings/cam209/clips/2026/04/12/cam209_20260412T223346Z.mp4
[tls @ 0x7fe300005d40] IO error: End of file
[https @ 0x7fe3000051c0] Error reading HTTP response: End of file
[tls @ 0x7fe3000051c0] IO error: End of file
[https @ 0x7fe300007400] Error reading HTTP response: End of file
[tls @ 0x7fe2e8104e80] IO error: End of file
[https @ 0x7fe2e810cf00] Error reading HTTP response: End of file
[2026-04-12T18:34:31.398716] Saved clip /Users/Chen/PycharmProjects/CSCI_6234_Final/recordings/cam209/clips/2026/04/12/cam209_20260412T223346Z.mp4 (4247860 bytes)
[2026-04-12T18:34:31.917844] Starting 60-second capture -> /Users/Chen/PycharmProjects/CSCI_6234_Final/recordings/cam209/clips/2026/04/12/cam209_20260412T223431Z.mp4
[tls @ 0x7fdf7ab04980] IO error: End of file
[https @ 0x7fdf7ab04840] Error reading HTTP response: End of file
[tls @ 0x7fdf7ab340c0] IO error: End of file
[https @ 0x7fdf7ab30500] Error reading HTTP response: End of file
[tls @ 0x7fdf7ac5fe40] IO error: End of file
[https @ 0x7fdf7ac5c240] Error reading HTTP response: End of file
[tls @ 0x7fdf7ac67100] IO error: End of file
[https @ 0x7fdf7ac76c00] Error reading HTTP response: End of file
[tls @ 0x7fdf7a904e00] IO error: End of file
[https @ 0x7fdf7a906000] Error reading HTTP response: End of file
[2026-04-12T18:35:15.600119] Saved clip /Users/Chen/PycharmProjects/CSCI_6234_Final/recordings/cam209/clips/2026/04/12/cam209_20260412T223431Z.mp4 (4273306 bytes)
[2026-04-12T18:35:16.109885] Starting 60-second capture -> /Users/Chen/PycharmProjects/CSCI_6234_Final/recordings/cam209/clips/2026/04/12/cam209_20260412T223516Z.mp4
[tls @ 0x7fda57f04680] IO error: End of file
[https @ 0x7fda57f04540] Error reading HTTP response: End of file
[tls @ 0x7fda57f091c0] IO error: End of file
[https @ 0x7fda57f04600] Error reading HTTP response: End of file
[tls @ 0x7fda68b05240] IO error: End of file
[https @ 0x7fda68b07bc0] Error reading HTTP response: End of file
[2026-04-12T18:35:59.695923] Saved clip /Users/Chen/PycharmProjects/CSCI_6234_Final/recordings/cam209/clips/2026/04/12/cam209_20260412T223516Z.mp4 (4243622 bytes)
[2026-04-12T18:36:00.210154] Starting 60-second capture -> /Users/Chen/PycharmProjects/CSCI_6234_Final/recordings/cam209/clips/2026/04/12/cam209_20260412T223600Z.mp4
[tls @ 0x7f7b72004380] IO error: End of file
[https @ 0x7f7b72004240] Error reading HTTP response: End of file
[tls @ 0x7f7b72036380] IO error: End of file
[https @ 0x7f7b7202c500] Error reading HTTP response: End of file
[tls @ 0x7f7b7214e440] IO error: End of file
[https @ 0x7f7b7214a880] Error reading HTTP response: End of file
[2026-04-12T18:36:44.377483] Saved clip /Users/Chen/PycharmProjects/CSCI_6234_Final/recordings/cam209/clips/2026/04/12/cam209_20260412T223600Z.mp4 (4252144 bytes)
[2026-04-12T18:36:44.891538] Starting 60-second capture -> /Users/Chen/PycharmProjects/CSCI_6234_Final/recordings/cam209/clips/2026/04/12/cam209_20260412T223644Z.mp4
[tls @ 0x7f933d804500] IO error: End of file
[https @ 0x7f933d8043c0] Error reading HTTP response: End of file
[tls @ 0x7f931cf042c0] IO error: End of file
[https @ 0x7f931cf04200] Error reading HTTP response: End of file
[tls @ 0x7f933d908280] IO error: End of file
[https @ 0x7f933d904240] Error reading HTTP response: End of file
[2026-04-12T18:37:28.687068] Saved clip /Users/Chen/PycharmProjects/CSCI_6234_Final/recordings/cam209/clips/2026/04/12/cam209_20260412T223644Z.mp4 (4278398 bytes)
[2026-04-12T18:37:29.196864] Starting 60-second capture -> /Users/Chen/PycharmProjects/CSCI_6234_Final/recordings/cam209/clips/2026/04/12/cam209_20260412T223729Z.mp4
[tls @ 0x7f7dbcf04500] IO error: End of file
[https @ 0x7f7dbcf043c0] Error reading HTTP response: End of file
[tls @ 0x7f7dcd909bc0] IO error: End of file
[https @ 0x7f7dcd912d80] Error reading HTTP response: End of file
[tls @ 0x7f7dcdb07c00] IO error: End of file
[https @ 0x7f7dcdb07b00] Error reading HTTP response: End of file
[2026-04-12T18:38:06.640821] Saved clip /Users/Chen/PycharmProjects/CSCI_6234_Final/recordings/cam209/clips/2026/04/12/cam209_20260412T223729Z.mp4 (4244480 bytes)
[2026-04-12T18:38:07.150106] Starting 60-second capture -> /Users/Chen/PycharmProjects/CSCI_6234_Final/recordings/cam209/clips/2026/04/12/cam209_20260412T223807Z.mp4
[tls @ 0x7f8c54b06140] IO error: End of file
[https @ 0x7f8c54b05ac0] Error reading HTTP response: End of file
[tls @ 0x7f8c54f06e40] IO error: End of file
[https @ 0x7f8c54f07000] Error reading HTTP response: End of file
[tls @ 0x7f8c54d05300] IO error: End of file
[https @ 0x7f8c54d05200] Error reading HTTP response: End of file
[2026-04-12T18:38:48.079426] Saved clip /Users/Chen/PycharmProjects/CSCI_6234_Final/recordings/cam209/clips/2026/04/12/cam209_20260412T223807Z.mp4 (4241221 bytes)
[2026-04-12T18:38:48.590070] Starting 60-second capture -> /Users/Chen/PycharmProjects/CSCI_6234_Final/recordings/cam209/clips/2026/04/12/cam209_20260412T223848Z.mp4
[tls @ 0x7ff0b6004300] IO error: End of file
[https @ 0x7ff0b6004200] Error reading HTTP response: End of file
[tls @ 0x7ff0c6104f40] IO error: End of file
[https @ 0x7ff0c6104e80] Error reading HTTP response: End of file
[tls @ 0x7ff0b5704a00] IO error: End of file
[https @ 0x7ff0b5707580] Error reading HTTP response: End of file
[tls @ 0x7ff066006580] IO error: End of file
[https @ 0x7ff0660064c0] Error reading HTTP response: End of file
[tls @ 0x7ff0b5704440] IO error: End of file
[https @ 0x7ff0b5704bc0] Error reading HTTP response: End of file
[2026-04-12T18:39:21.613927] Saved clip /Users/Chen/PycharmProjects/CSCI_6234_Final/recordings/cam209/clips/2026/04/12/cam209_20260412T223848Z.mp4 (4268501 bytes)
[2026-04-12T18:39:22.121894] Starting 60-second capture -> /Users/Chen/PycharmProjects/CSCI_6234_Final/recordings/cam209/clips/2026/04/12/cam209_20260412T223922Z.mp4
[tls @ 0x7fd1daa55640] IO error: End of file
[https @ 0x7fd1daa67840] Error reading HTTP response: End of file
[tls @ 0x7fd1c9f382c0] IO error: End of file
[https @ 0x7fd1c9f4a500] Error reading HTTP response: End of file
[2026-04-12T18:40:03.404508] Saved clip /Users/Chen/PycharmProjects/CSCI_6234_Final/recordings/cam209/clips/2026/04/12/cam209_20260412T223922Z.mp4 (4262725 bytes)
[2026-04-12T18:40:03.916274] Starting 60-second capture -> /Users/Chen/PycharmProjects/CSCI_6234_Final/recordings/cam209/clips/2026/04/12/cam209_20260412T224003Z.mp4
[tls @ 0x7f9177041100] IO error: End of file
[https @ 0x7f9177053300] Error reading HTTP response: End of file
[tls @ 0x7f9186705100] IO error: End of file
[https @ 0x7f9186705040] Error reading HTTP response: End of file
[tls @ 0x7f9126704280] IO error: End of file
[https @ 0x7f91267040c0] Error reading HTTP response: End of file
[2026-04-12T18:40:47.019397] Saved clip /Users/Chen/PycharmProjects/CSCI_6234_Final/recordings/cam209/clips/2026/04/12/cam209_20260412T224003Z.mp4 (4236984 bytes)
[2026-04-12T18:40:47.531195] Starting 60-second capture -> /Users/Chen/PycharmProjects/CSCI_6234_Final/recordings/cam209/clips/2026/04/12/cam209_20260412T224047Z.mp4
[tls @ 0x7fc479505c80] IO error: End of file
[https @ 0x7fc479505b40] Error reading HTTP response: End of file
[tls @ 0x7fc4587091c0] IO error: End of file
[https @ 0x7fc45870b340] Error reading HTTP response: End of file
[tls @ 0x7fc45910b500] IO error: End of file
[https @ 0x7fc459119000] Error reading HTTP response: End of file
[tls @ 0x7fc45911c900] IO error: End of file
[https @ 0x7fc4591213c0] Error reading HTTP response: End of file
[2026-04-12T18:41:30.922205] Saved clip /Users/Chen/PycharmProjects/CSCI_6234_Final/recordings/cam209/clips/2026/04/12/cam209_20260412T224047Z.mp4 (4254903 bytes)
[2026-04-12T18:41:31.432228] Starting 60-second capture -> /Users/Chen/PycharmProjects/CSCI_6234_Final/recordings/cam209/clips/2026/04/12/cam209_20260412T224131Z.mp4
[tls @ 0x7fa77d806040] IO error: End of file
[https @ 0x7fa77d805f80] Error reading HTTP response: End of file
[tls @ 0x7fa77dc05200] IO error: End of file
[https @ 0x7fa77dc05140] Error reading HTTP response: End of file
[tls @ 0x7fa77de07940] IO error: End of file
[https @ 0x7fa77de07240] Error reading HTTP response: End of file
[2026-04-12T18:42:14.619394] Saved clip /Users/Chen/PycharmProjects/CSCI_6234_Final/recordings/cam209/clips/2026/04/12/cam209_20260412T224131Z.mp4 (4259008 bytes)
[2026-04-12T18:42:15.133121] Starting 60-second capture -> /Users/Chen/PycharmProjects/CSCI_6234_Final/recordings/cam209/clips/2026/04/12/cam209_20260412T224215Z.mp4
[tls @ 0x7fef37704440] IO error: End of file
[https @ 0x7fef47704580] Error reading HTTP response: End of file
[tls @ 0x7fef57746180] IO error: End of file
[https @ 0x7fef577583c0] Error reading HTTP response: End of file
[tls @ 0x7fef40229cc0] IO error: End of file
[https @ 0x7fef4023bec0] Error reading HTTP response: End of file
[tls @ 0x7fef17743bc0] IO error: End of file
[https @ 0x7fef17755dc0] Error reading HTTP response: End of file
[2026-04-12T18:42:58.738841] Saved clip /Users/Chen/PycharmProjects/CSCI_6234_Final/recordings/cam209/clips/2026/04/12/cam209_20260412T224215Z.mp4 (4254780 bytes)
[2026-04-12T18:42:59.249235] Starting 60-second capture -> /Users/Chen/PycharmProjects/CSCI_6234_Final/recordings/cam209/clips/2026/04/12/cam209_20260412T224259Z.mp4
[tls @ 0x7fc34f706780] IO error: End of file
[https @ 0x7fc34f706680] Error reading HTTP response: End of file
[tls @ 0x7fc350047280] IO error: End of file
[https @ 0x7fc350059480] Error reading HTTP response: End of file
[tls @ 0x7fc32f7043c0] IO error: End of file
[https @ 0x7fc32f7042c0] Error reading HTTP response: End of file
[2026-04-12T18:43:35.192723] Saved clip /Users/Chen/PycharmProjects/CSCI_6234_Final/recordings/cam209/clips/2026/04/12/cam209_20260412T224259Z.mp4 (4260258 bytes)
[2026-04-12T18:43:35.707671] Starting 60-second capture -> /Users/Chen/PycharmProjects/CSCI_6234_Final/recordings/cam209/clips/2026/04/12/cam209_20260412T224335Z.mp4
[tls @ 0x7ff1c0704500] IO error: End of file
[https @ 0x7ff1c07043c0] Error reading HTTP response: End of file
[tls @ 0x7ff1c1522300] IO error: End of file
[https @ 0x7ff1c1520500] Error reading HTTP response: End of file
[tls @ 0x7ff1807041c0] IO error: End of file
[https @ 0x7ff180704280] Error reading HTTP response: End of file
[2026-04-12T18:44:18.673405] Saved clip /Users/Chen/PycharmProjects/CSCI_6234_Final/recordings/cam209/clips/2026/04/12/cam209_20260412T224335Z.mp4 (4244318 bytes)
[2026-04-12T18:44:19.187422] Starting 60-second capture -> /Users/Chen/PycharmProjects/CSCI_6234_Final/recordings/cam209/clips/2026/04/12/cam209_20260412T224419Z.mp4
[tls @ 0x7fc279004500] IO error: End of file
[https @ 0x7fc2790043c0] Error reading HTTP response: End of file
[tls @ 0x7fc27ff06100] IO error: End of file
[https @ 0x7fc27ff05f40] Error reading HTTP response: End of file
[tls @ 0x7fc26ff06140] IO error: End of file
[https @ 0x7fc26ff06080] Error reading HTTP response: End of file
[2026-04-12T18:44:55.085108] Saved clip /Users/Chen/PycharmProjects/CSCI_6234_Final/recordings/cam209/clips/2026/04/12/cam209_20260412T224419Z.mp4 (4271886 bytes)
[2026-04-12T18:44:55.604291] Starting 60-second capture -> /Users/Chen/PycharmProjects/CSCI_6234_Final/recordings/cam209/clips/2026/04/12/cam209_20260412T224455Z.mp4
[tls @ 0x7fc98c405e00] IO error: End of file
[https @ 0x7fc98c4056c0] Error reading HTTP response: End of file
[tls @ 0x7fc97c904840] IO error: End of file
[https @ 0x7fc97c904700] Error reading HTTP response: End of file
[tls @ 0x7fc98c304e00] IO error: End of file
[https @ 0x7fc98c304d40] Error reading HTTP response: End of file
[2026-04-12T18:45:36.599344] Saved clip /Users/Chen/PycharmProjects/CSCI_6234_Final/recordings/cam209/clips/2026/04/12/cam209_20260412T224455Z.mp4 (4243628 bytes)
[2026-04-12T18:45:37.113802] Starting 60-second capture -> /Users/Chen/PycharmProjects/CSCI_6234_Final/recordings/cam209/clips/2026/04/12/cam209_20260412T224537Z.mp4
[tls @ 0x7f79f6704680] IO error: End of file
[https @ 0x7f79f6704540] Error reading HTTP response: End of file
[tls @ 0x7f79f701bd80] IO error: End of file
[https @ 0x7f79f7067c00] Error reading HTTP response: End of file
[tls @ 0x7f79f7213dc0] IO error: End of file
[https @ 0x7f79f720fc00] Error reading HTTP response: End of file
[tls @ 0x7f79f7124e00] IO error: End of file
[https @ 0x7f79f7137040] Error reading HTTP response: End of file
[2026-04-12T18:46:21.310452] Saved clip /Users/Chen/PycharmProjects/CSCI_6234_Final/recordings/cam209/clips/2026/04/12/cam209_20260412T224537Z.mp4 (4262727 bytes)
[2026-04-12T18:46:21.828536] Starting 60-second capture -> /Users/Chen/PycharmProjects/CSCI_6234_Final/recordings/cam209/clips/2026/04/12/cam209_20260412T224621Z.mp4
[tls @ 0x7f9708704140] IO error: End of file
[https @ 0x7f9719105a00] Error reading HTTP response: End of file
[tls @ 0x7f9719136500] IO error: End of file
[https @ 0x7f9719151cc0] Error reading HTTP response: End of file
[tls @ 0x7f9708707d00] IO error: End of file
[https @ 0x7f9708732a80] Error reading HTTP response: End of file
[2026-04-12T18:47:03.467195] Saved clip /Users/Chen/PycharmProjects/CSCI_6234_Final/recordings/cam209/clips/2026/04/12/cam209_20260412T224621Z.mp4 (4258297 bytes)
[2026-04-12T18:47:03.981462] Starting 60-second capture -> /Users/Chen/PycharmProjects/CSCI_6234_Final/recordings/cam209/clips/2026/04/12/cam209_20260412T224703Z.mp4
[tls @ 0x7fb82ca05c80] IO error: End of file
[https @ 0x7fb82ca05b40] Error reading HTTP response: End of file
[tls @ 0x7fb82ca27b00] IO error: End of file
[https @ 0x7fb82ca2bbc0] Error reading HTTP response: End of file
[tls @ 0x7fb82cc04300] IO error: End of file
[https @ 0x7fb82cc04240] Error reading HTTP response: End of file
[2026-04-12T18:47:47.513611] Saved clip /Users/Chen/PycharmProjects/CSCI_6234_Final/recordings/cam209/clips/2026/04/12/cam209_20260412T224703Z.mp4 (4265479 bytes)
[2026-04-12T18:47:48.032414] Starting 60-second capture -> /Users/Chen/PycharmProjects/CSCI_6234_Final/recordings/cam209/clips/2026/04/12/cam209_20260412T224748Z.mp4
[tls @ 0x7fba28205640] IO error: End of file
[https @ 0x7fba28205500] Error reading HTTP response: End of file
[tls @ 0x7fba2820b900] IO error: End of file
[https @ 0x7fba28208c40] Error reading HTTP response: End of file
[tls @ 0x7fba28208c40] IO error: End of file
[https @ 0x7fba2820b900] Error reading HTTP response: End of file
[tls @ 0x7fba28106e00] IO error: End of file
[https @ 0x7fba28106d00] Error reading HTTP response: End of file
[2026-04-12T18:48:31.979656] Saved clip /Users/Chen/PycharmProjects/CSCI_6234_Final/recordings/cam209/clips/2026/04/12/cam209_20260412T224748Z.mp4 (4264672 bytes)
[2026-04-12T18:48:32.496109] Starting 60-second capture -> /Users/Chen/PycharmProjects/CSCI_6234_Final/recordings/cam209/clips/2026/04/12/cam209_20260412T224832Z.mp4
[tls @ 0x7fc45d104800] IO error: End of file
[https @ 0x7fc45d1046c0] Error reading HTTP response: End of file
[tls @ 0x7fc44d008640] IO error: End of file
[https @ 0x7fc44d0092c0] Error reading HTTP response: End of file
[tls @ 0x7fc45d10c480] IO error: End of file
[https @ 0x7fc45d109340] Error reading HTTP response: End of file
[2026-04-12T18:49:16.072152] Saved clip /Users/Chen/PycharmProjects/CSCI_6234_Final/recordings/cam209/clips/2026/04/12/cam209_20260412T224832Z.mp4 (4258102 bytes)
[2026-04-12T18:49:16.589204] Starting 60-second capture -> /Users/Chen/PycharmProjects/CSCI_6234_Final/recordings/cam209/clips/2026/04/12/cam209_20260412T224916Z.mp4
[tls @ 0x7fd16f705100] IO error: End of file
[https @ 0x7fd16f704b80] Error reading HTTP response: End of file
[tls @ 0x7fd188015300] IO error: End of file
[https @ 0x7fd18803a100] Error reading HTTP response: End of file
[tls @ 0x7fd17f712740] IO error: End of file
[https @ 0x7fd17f7111c0] Error reading HTTP response: End of file
[2026-04-12T18:50:00.123033] Saved clip /Users/Chen/PycharmProjects/CSCI_6234_Final/recordings/cam209/clips/2026/04/12/cam209_20260412T224916Z.mp4 (4249639 bytes)
[2026-04-12T18:50:00.631227] Starting 60-second capture -> /Users/Chen/PycharmProjects/CSCI_6234_Final/recordings/cam209/clips/2026/04/12/cam209_20260412T225000Z.mp4
[tls @ 0x7fda6f804500] IO error: End of file
[https @ 0x7fda6f8043c0] Error reading HTTP response: End of file
[tls @ 0x7fda6f904280] IO error: End of file
[https @ 0x7fda6f9040c0] Error reading HTTP response: End of file
[tls @ 0x7fda7f20a740] IO error: End of file
[https @ 0x7fda7f218280] Error reading HTTP response: End of file
[tls @ 0x7fda7f04d7c0] IO error: End of file
[https @ 0x7fda7f081b80] Error reading HTTP response: End of file
[tls @ 0x7fda7f20a740] IO error: End of file
[https @ 0x7fda7f217780] Error reading HTTP response: End of file
[2026-04-12T18:50:43.746254] Saved clip /Users/Chen/PycharmProjects/CSCI_6234_Final/recordings/cam209/clips/2026/04/12/cam209_20260412T225000Z.mp4 (4276072 bytes)
[2026-04-12T18:50:44.260730] Starting 60-second capture -> /Users/Chen/PycharmProjects/CSCI_6234_Final/recordings/cam209/clips/2026/04/12/cam209_20260412T225044Z.mp4
[tls @ 0x7f7850804500] IO error: End of file
[https @ 0x7f78508043c0] Error reading HTTP response: End of file
[tls @ 0x7f7839307440] IO error: End of file
[https @ 0x7f783930cd00] Error reading HTTP response: End of file
[tls @ 0x7f7839307440] IO error: End of file
[https @ 0x7f783930bb80] Error reading HTTP response: End of file
[2026-04-12T18:51:27.674516] Saved clip /Users/Chen/PycharmProjects/CSCI_6234_Final/recordings/cam209/clips/2026/04/12/cam209_20260412T225044Z.mp4 (4265248 bytes)
[2026-04-12T18:51:28.182668] Starting 60-second capture -> /Users/Chen/PycharmProjects/CSCI_6234_Final/recordings/cam209/clips/2026/04/12/cam209_20260412T225128Z.mp4
[tls @ 0x7f89d3004680] IO error: End of file
[https @ 0x7f89d3004540] Error reading HTTP response: End of file
[tls @ 0x7f89c220e440] IO error: End of file
[https @ 0x7f89c2217040] Error reading HTTP response: End of file
[tls @ 0x7f89d33059c0] IO error: End of file
[https @ 0x7f89d3304300] Error reading HTTP response: End of file
[2026-04-12T18:52:10.275308] Saved clip /Users/Chen/PycharmProjects/CSCI_6234_Final/recordings/cam209/clips/2026/04/12/cam209_20260412T225128Z.mp4 (4259069 bytes)
[2026-04-12T18:52:10.791063] Starting 60-second capture -> /Users/Chen/PycharmProjects/CSCI_6234_Final/recordings/cam209/clips/2026/04/12/cam209_20260412T225210Z.mp4
[tls @ 0x7fa225c05c80] IO error: End of file
[https @ 0x7fa225c05b40] Error reading HTTP response: End of file
[tls @ 0x7fa225a2c6c0] IO error: End of file
[https @ 0x7fa225a40d40] Error reading HTTP response: End of file
[tls @ 0x7fa225c22580] IO error: End of file
[https @ 0x7fa225c1e340] Error reading HTTP response: End of file
[2026-04-12T18:52:57.760990] Saved clip /Users/Chen/PycharmProjects/CSCI_6234_Final/recordings/cam209/clips/2026/04/12/cam209_20260412T225210Z.mp4 (4235285 bytes)
[2026-04-12T18:52:58.274246] Starting 60-second capture -> /Users/Chen/PycharmProjects/CSCI_6234_Final/recordings/cam209/clips/2026/04/12/cam209_20260412T225258Z.mp4
[tls @ 0x7fdab7704680] IO error: End of file
[https @ 0x7fdab7704540] Error reading HTTP response: End of file
[tls @ 0x7fdab7735fc0] IO error: End of file
[https @ 0x7fdab7743b00] Error reading HTTP response: End of file
[2026-04-12T18:53:39.229190] Saved clip /Users/Chen/PycharmProjects/CSCI_6234_Final/recordings/cam209/clips/2026/04/12/cam209_20260412T225258Z.mp4 (4284849 bytes)
[2026-04-12T18:53:39.752102] Starting 60-second capture -> /Users/Chen/PycharmProjects/CSCI_6234_Final/recordings/cam209/clips/2026/04/12/cam209_20260412T225339Z.mp4
[tls @ 0x7f92e9804500] IO error: End of file
[https @ 0x7f92e98043c0] Error reading HTTP response: End of file
[tls @ 0x7f92e98835c0] IO error: End of file
[https @ 0x7f92e9894d80] Error reading HTTP response: End of file
[tls @ 0x7f92e9a19900] IO error: End of file
[https @ 0x7f92e9a052c0] Error reading HTTP response: End of file
[2026-04-12T18:54:13.372682] Saved clip /Users/Chen/PycharmProjects/CSCI_6234_Final/recordings/cam209/clips/2026/04/12/cam209_20260412T225339Z.mp4 (4250775 bytes)
[2026-04-12T18:54:13.888210] Starting 60-second capture -> /Users/Chen/PycharmProjects/CSCI_6234_Final/recordings/cam209/clips/2026/04/12/cam209_20260412T225413Z.mp4
[tls @ 0x7fde0f306880] IO error: End of file
[https @ 0x7fde0f306140] Error reading HTTP response: End of file
[tls @ 0x7fddff805d80] IO error: End of file
[https @ 0x7fddff805c80] Error reading HTTP response: End of file
[tls @ 0x7fddff83b580] IO error: End of file
[https @ 0x7fddff84d200] Error reading HTTP response: End of file
[tls @ 0x7fde0f33f680] IO error: End of file
[https @ 0x7fde0f30bd80] Error reading HTTP response: End of file
[2026-04-12T18:54:55.910503] Saved clip /Users/Chen/PycharmProjects/CSCI_6234_Final/recordings/cam209/clips/2026/04/12/cam209_20260412T225413Z.mp4 (4227223 bytes)
[2026-04-12T18:54:56.424385] Starting 60-second capture -> /Users/Chen/PycharmProjects/CSCI_6234_Final/recordings/cam209/clips/2026/04/12/cam209_20260412T225456Z.mp4
[tls @ 0x7fc9eef04ec0] IO error: End of file
[https @ 0x7fc9eef04d80] Error reading HTTP response: End of file
[tls @ 0x7fc9eef06880] IO error: End of file
[https @ 0x7fc9eef06780] Error reading HTTP response: End of file
[tls @ 0x7fc9eef1a600] IO error: End of file
[https @ 0x7fc9eef2bdc0] Error reading HTTP response: End of file
[tls @ 0x7fc9ef840f40] IO error: End of file
[https @ 0x7fc9ef840e80] Error reading HTTP response: End of file
[2026-04-12T18:55:37.774121] Saved clip /Users/Chen/PycharmProjects/CSCI_6234_Final/recordings/cam209/clips/2026/04/12/cam209_20260412T225456Z.mp4 (4250485 bytes)
[2026-04-12T18:55:38.291537] Starting 60-second capture -> /Users/Chen/PycharmProjects/CSCI_6234_Final/recordings/cam209/clips/2026/04/12/cam209_20260412T225538Z.mp4
[tls @ 0x7fe765304680] IO error: End of file
[https @ 0x7fe765304540] Error reading HTTP response: End of file
[tls @ 0x7fe76534d140] IO error: End of file
[https @ 0x7fe765360080] Error reading HTTP response: End of file
[tls @ 0x7fe765219200] IO error: End of file
[https @ 0x7fe76522b400] Error reading HTTP response: End of file
[2026-04-12T18:56:17.419930] Saved clip /Users/Chen/PycharmProjects/CSCI_6234_Final/recordings/cam209/clips/2026/04/12/cam209_20260412T225538Z.mp4 (4258764 bytes)
[2026-04-12T18:56:17.936466] Starting 60-second capture -> /Users/Chen/PycharmProjects/CSCI_6234_Final/recordings/cam209/clips/2026/04/12/cam209_20260412T225617Z.mp4
[tls @ 0x7fa775804380] IO error: End of file
[https @ 0x7fa775804240] Error reading HTTP response: End of file
[tls @ 0x7fa775a0de80] IO error: End of file
[https @ 0x7fa775a0ddc0] Error reading HTTP response: End of file
[tls @ 0x7fa77591b340] IO error: End of file
[https @ 0x7fa775917740] Error reading HTTP response: End of file
[tls @ 0x7fa77595e580] IO error: End of file
[https @ 0x7fa77596e3c0] Error reading HTTP response: End of file
[2026-04-12T18:56:52.125547] Saved clip /Users/Chen/PycharmProjects/CSCI_6234_Final/recordings/cam209/clips/2026/04/12/cam209_20260412T225617Z.mp4 (4272510 bytes)
[2026-04-12T18:56:52.643676] Starting 60-second capture -> /Users/Chen/PycharmProjects/CSCI_6234_Final/recordings/cam209/clips/2026/04/12/cam209_20260412T225652Z.mp4
[tls @ 0x7ff713804680] IO error: End of file
[https @ 0x7ff713804540] Error reading HTTP response: End of file
[tls @ 0x7ff723a2fec0] IO error: End of file
[https @ 0x7ff723a2fe00] Error reading HTTP response: End of file
[tls @ 0x7ff713834200] IO error: End of file
[https @ 0x7ff713836800] Error reading HTTP response: End of file
[2026-04-12T18:57:36.199602] Saved clip /Users/Chen/PycharmProjects/CSCI_6234_Final/recordings/cam209/clips/2026/04/12/cam209_20260412T225652Z.mp4 (4277781 bytes)
[2026-04-12T18:57:36.715747] Starting 60-second capture -> /Users/Chen/PycharmProjects/CSCI_6234_Final/recordings/cam209/clips/2026/04/12/cam209_20260412T225736Z.mp4
[tls @ 0x7f8e28f04640] IO error: End of file
[https @ 0x7f8e28f04500] Error reading HTTP response: End of file
[tls @ 0x7f8e39b04080] IO error: End of file
[https @ 0x7f8e39b2b400] Error reading HTTP response: End of file
[tls @ 0x7f8e28f09640] IO error: End of file
[https @ 0x7f8e28f2cc80] Error reading HTTP response: End of file
[2026-04-12T18:58:20.149576] Saved clip /Users/Chen/PycharmProjects/CSCI_6234_Final/recordings/cam209/clips/2026/04/12/cam209_20260412T225736Z.mp4 (4252432 bytes)
[2026-04-12T18:58:20.667006] Starting 60-second capture -> /Users/Chen/PycharmProjects/CSCI_6234_Final/recordings/cam209/clips/2026/04/12/cam209_20260412T225820Z.mp4
[tls @ 0x7fad86705e00] IO error: End of file
[https @ 0x7fad86705cc0] Error reading HTTP response: End of file
[tls @ 0x7fad77019800] IO error: End of file
[https @ 0x7fad770196c0] Error reading HTTP response: End of file
[tls @ 0x7fad86727e00] IO error: End of file
[https @ 0x7fad8672ad40] Error reading HTTP response: End of file
[2026-04-12T18:59:05.434665] Saved clip /Users/Chen/PycharmProjects/CSCI_6234_Final/recordings/cam209/clips/2026/04/12/cam209_20260412T225820Z.mp4 (4251013 bytes)
[2026-04-12T18:59:05.947164] Starting 60-second capture -> /Users/Chen/PycharmProjects/CSCI_6234_Final/recordings/cam209/clips/2026/04/12/cam209_20260412T225905Z.mp4
[tls @ 0x7faf23b05280] IO error: End of file
[https @ 0x7faf23b04d40] Error reading HTTP response: End of file
[tls @ 0x7faf23c58800] IO error: End of file
[https @ 0x7faf23c31a80] Error reading HTTP response: End of file
[tls @ 0x7faf12f07bc0] IO error: End of file
[https @ 0x7faf12f0fdc0] Error reading HTTP response: End of file
[2026-04-12T18:59:49.563308] Saved clip /Users/Chen/PycharmProjects/CSCI_6234_Final/recordings/cam209/clips/2026/04/12/cam209_20260412T225905Z.mp4 (4249395 bytes)
[2026-04-12T18:59:50.079377] Starting 60-second capture -> /Users/Chen/PycharmProjects/CSCI_6234_Final/recordings/cam209/clips/2026/04/12/cam209_20260412T225950Z.mp4
[tls @ 0x7fe012b06ac0] IO error: End of file
[https @ 0x7fe012b06580] Error reading HTTP response: End of file
[tls @ 0x7fe012a0d140] IO error: End of file
[https @ 0x7fe012a1f380] Error reading HTTP response: End of file
[tls @ 0x7fe012b16d00] IO error: End of file
[https @ 0x7fe012b1b340] Error reading HTTP response: End of file
[tls @ 0x7fe012b26b00] IO error: End of file
[https @ 0x7fe012b24d40] Error reading HTTP response: End of file
[tls @ 0x7fdff1fa78c0] IO error: End of file
[https @ 0x7fdff1f32200] Error reading HTTP response: End of file
[tls @ 0x7fdff285c380] IO error: End of file
[https @ 0x7fdff2875500] Error reading HTTP response: End of file
[2026-04-12T19:00:32.951421] Saved clip /Users/Chen/PycharmProjects/CSCI_6234_Final/recordings/cam209/clips/2026/04/12/cam209_20260412T225950Z.mp4 (4243038 bytes)
[2026-04-12T19:00:33.492042] Starting 60-second capture -> /Users/Chen/PycharmProjects/CSCI_6234_Final/recordings/cam209/clips/2026/04/12/cam209_20260412T230033Z.mp4
[tls @ 0x7fed2ac04800] IO error: End of file
[https @ 0x7fed2ac046c0] Error reading HTTP response: End of file
[tls @ 0x7fed2ac42400] IO error: End of file
[https @ 0x7fed2ac23c80] Error reading HTTP response: End of file
[tls @ 0x7fed2ac42400] IO error: End of file
[https @ 0x7fed2ac1e080] Error reading HTTP response: End of file
[2026-04-12T19:01:17.340495] Saved clip /Users/Chen/PycharmProjects/CSCI_6234_Final/recordings/cam209/clips/2026/04/12/cam209_20260412T230033Z.mp4 (4274108 bytes)
[2026-04-12T19:01:17.860252] Starting 60-second capture -> /Users/Chen/PycharmProjects/CSCI_6234_Final/recordings/cam209/clips/2026/04/12/cam209_20260412T230117Z.mp4
[tls @ 0x7f8da9205c80] IO error: End of file
[https @ 0x7f8da9205b40] Error reading HTTP response: End of file
[tls @ 0x7f8d8ff04140] IO error: End of file
[https @ 0x7f8d8ff04080] Error reading HTTP response: End of file
[2026-04-12T19:01:58.886475] Saved clip /Users/Chen/PycharmProjects/CSCI_6234_Final/recordings/cam209/clips/2026/04/12/cam209_20260412T230117Z.mp4 (4238005 bytes)
[2026-04-12T19:01:59.421687] Starting 60-second capture -> /Users/Chen/PycharmProjects/CSCI_6234_Final/recordings/cam209/clips/2026/04/12/cam209_20260412T230159Z.mp4
[tls @ 0x7f89fb804680] IO error: End of file
[https @ 0x7f89fb804540] Error reading HTTP response: End of file
[tls @ 0x7f89fb93a880] IO error: End of file
[https @ 0x7f89fb92fe00] Error reading HTTP response: End of file
[tls @ 0x7f89fb82b880] IO error: End of file
[https @ 0x7f89fb85d600] Error reading HTTP response: End of file
[tls @ 0x7f89fb86c480] IO error: End of file
[https @ 0x7f89fb81cb40] Error reading HTTP response: End of file
[tls @ 0x7f89fb83bc80] IO error: End of file
[https @ 0x7f89fb83f4c0] Error reading HTTP response: End of file
[tls @ 0x7f89fb860ac0] IO error: End of file
[https @ 0x7f89fb814c00] Error reading HTTP response: End of file
[2026-04-12T19:02:35.016920] Saved clip /Users/Chen/PycharmProjects/CSCI_6234_Final/recordings/cam209/clips/2026/04/12/cam209_20260412T230159Z.mp4 (4234262 bytes)
[2026-04-12T19:02:35.539638] Starting 60-second capture -> /Users/Chen/PycharmProjects/CSCI_6234_Final/recordings/cam209/clips/2026/04/12/cam209_20260412T230235Z.mp4
[tls @ 0x7fdf31004500] IO error: End of file
[https @ 0x7fdf310043c0] Error reading HTTP response: End of file
[tls @ 0x7fdf311375c0] IO error: End of file
[https @ 0x7fdf3115b180] Error reading HTTP response: End of file
[tls @ 0x7fdf3072a480] IO error: End of file
[https @ 0x7fdf31041b40] Error reading HTTP response: End of file
[2026-04-12T19:03:19.440353] Saved clip /Users/Chen/PycharmProjects/CSCI_6234_Final/recordings/cam209/clips/2026/04/12/cam209_20260412T230235Z.mp4 (4237104 bytes)
[2026-04-12T19:03:19.959534] Starting 60-second capture -> /Users/Chen/PycharmProjects/CSCI_6234_Final/recordings/cam209/clips/2026/04/12/cam209_20260412T230319Z.mp4
[tls @ 0x7f95f2305240] IO error: End of file
[https @ 0x7f95f2305100] Error reading HTTP response: End of file
[tls @ 0x7f95f2654580] IO error: End of file
[https @ 0x7f95f2652f00] Error reading HTTP response: End of file
[tls @ 0x7f95f2345840] IO error: End of file
[https @ 0x7f95f2330040] Error reading HTTP response: End of file
[2026-04-12T19:04:03.302091] Saved clip /Users/Chen/PycharmProjects/CSCI_6234_Final/recordings/cam209/clips/2026/04/12/cam209_20260412T230319Z.mp4 (4252126 bytes)
[2026-04-12T19:04:03.822130] Starting 60-second capture -> /Users/Chen/PycharmProjects/CSCI_6234_Final/recordings/cam209/clips/2026/04/12/cam209_20260412T230403Z.mp4
[tls @ 0x7f78e8911700] IO error: End of file
[https @ 0x7f78e8915ec0] Error reading HTTP response: End of file
[tls @ 0x7f78dff5dac0] IO error: End of file
[https @ 0x7f78dff675c0] Error reading HTTP response: End of file
[tls @ 0x7f78dff5dac0] IO error: End of file
[https @ 0x7f78dff664c0] Error reading HTTP response: End of file
[tls @ 0x7f78f132fbc0] IO error: End of file
[https @ 0x7f78f133b300] Error reading HTTP response: End of file
[2026-04-12T19:04:51.206995] Saved clip /Users/Chen/PycharmProjects/CSCI_6234_Final/recordings/cam209/clips/2026/04/12/cam209_20260412T230403Z.mp4 (4242824 bytes)
[2026-04-12T19:04:51.723413] Starting 60-second capture -> /Users/Chen/PycharmProjects/CSCI_6234_Final/recordings/cam209/clips/2026/04/12/cam209_20260412T230451Z.mp4
[tls @ 0x7f93dc804680] IO error: End of file
[https @ 0x7f93dc804540] Error reading HTTP response: End of file
[tls @ 0x7f93dc817000] IO error: End of file
[https @ 0x7f93dc83c100] Error reading HTTP response: End of file
[tls @ 0x7f93fd261680] IO error: End of file
[https @ 0x7f93fd263680] Error reading HTTP response: End of file
[2026-04-12T19:05:37.880483] Saved clip /Users/Chen/PycharmProjects/CSCI_6234_Final/recordings/cam209/clips/2026/04/12/cam209_20260412T230451Z.mp4 (4258921 bytes)
[2026-04-12T19:05:38.402052] Starting 60-second capture -> /Users/Chen/PycharmProjects/CSCI_6234_Final/recordings/cam209/clips/2026/04/12/cam209_20260412T230538Z.mp4
[tls @ 0x7f7af1c05c80] IO error: End of file
[https @ 0x7f7af1c05b40] Error reading HTTP response: End of file
[tls @ 0x7f7ad0f0a040] IO error: End of file
[https @ 0x7f7ad0f1ad80] Error reading HTTP response: End of file
[tls @ 0x7f7ad0f0a040] IO error: End of file
[https @ 0x7f7ad0f19100] Error reading HTTP response: End of file
[2026-04-12T19:06:20.862044] Saved clip /Users/Chen/PycharmProjects/CSCI_6234_Final/recordings/cam209/clips/2026/04/12/cam209_20260412T230538Z.mp4 (4274899 bytes)
[2026-04-12T19:06:21.381888] Starting 60-second capture -> /Users/Chen/PycharmProjects/CSCI_6234_Final/recordings/cam209/clips/2026/04/12/cam209_20260412T230621Z.mp4
[tls @ 0x7fcedd104b80] IO error: End of file
[https @ 0x7fcedd104a80] Error reading HTTP response: End of file
[tls @ 0x7fcebbf15280] IO error: End of file
[https @ 0x7fcebbf22a00] Error reading HTTP response: End of file
[tls @ 0x7fcebbf15280] IO error: End of file
[https @ 0x7fcebbf04140] Error reading HTTP response: End of file
[2026-04-12T19:07:04.960939] Saved clip /Users/Chen/PycharmProjects/CSCI_6234_Final/recordings/cam209/clips/2026/04/12/cam209_20260412T230621Z.mp4 (4243375 bytes)
[2026-04-12T19:07:05.476049] Starting 60-second capture -> /Users/Chen/PycharmProjects/CSCI_6234_Final/recordings/cam209/clips/2026/04/12/cam209_20260412T230705Z.mp4
[tls @ 0x7fb36c11bec0] IO error: End of file
[https @ 0x7fb36c121680] Error reading HTTP response: End of file
[tls @ 0x7fb36c33bf80] IO error: End of file
[https @ 0x7fb36c311640] Error reading HTTP response: End of file
[tls @ 0x7fb36c33bf80] IO error: End of file
[https @ 0x7fb36c33af00] Error reading HTTP response: End of file
[2026-04-12T19:07:48.922251] Saved clip /Users/Chen/PycharmProjects/CSCI_6234_Final/recordings/cam209/clips/2026/04/12/cam209_20260412T230705Z.mp4 (4262315 bytes)
[2026-04-12T19:07:49.445290] Starting 60-second capture -> /Users/Chen/PycharmProjects/CSCI_6234_Final/recordings/cam209/clips/2026/04/12/cam209_20260412T230749Z.mp4
[tls @ 0x7fcf7eb04680] IO error: End of file
[https @ 0x7fcf7eb04580] Error reading HTTP response: End of file
[tls @ 0x7fcf7ec1d6c0] IO error: End of file
[https @ 0x7fcf7ec39240] Error reading HTTP response: End of file
[tls @ 0x7fcf5d764e00] IO error: End of file
[https @ 0x7fcf5d763c80] Error reading HTTP response: End of file
[2026-04-12T19:08:34.823261] Saved clip /Users/Chen/PycharmProjects/CSCI_6234_Final/recordings/cam209/clips/2026/04/12/cam209_20260412T230749Z.mp4 (4249400 bytes)
[2026-04-12T19:08:35.337853] Starting 60-second capture -> /Users/Chen/PycharmProjects/CSCI_6234_Final/recordings/cam209/clips/2026/04/12/cam209_20260412T230835Z.mp4
[tls @ 0x7fb2e5305fc0] IO error: End of file
[https @ 0x7fb2e5305f00] Error reading HTTP response: End of file
[tls @ 0x7fb2d5037000] IO error: End of file
[https @ 0x7fb2d503eb00] Error reading HTTP response: End of file
[tls @ 0x7fb2d505e880] IO error: End of file
[https @ 0x7fb2d5031400] Error reading HTTP response: End of file
[tls @ 0x7fb2e532ff80] IO error: End of file
[https @ 0x7fb2e534cb80] Error reading HTTP response: End of file
[tls @ 0x7fb2d470c340] IO error: End of file
[https @ 0x7fb2d470ee80] Error reading HTTP response: End of file
[2026-04-12T19:09:12.879484] Saved clip /Users/Chen/PycharmProjects/CSCI_6234_Final/recordings/cam209/clips/2026/04/12/cam209_20260412T230835Z.mp4 (4263513 bytes)
[2026-04-12T19:09:13.396357] Starting 60-second capture -> /Users/Chen/PycharmProjects/CSCI_6234_Final/recordings/cam209/clips/2026/04/12/cam209_20260412T230913Z.mp4
[tls @ 0x7faf6d904680] IO error: End of file
[https @ 0x7faf6d904580] Error reading HTTP response: End of file
[tls @ 0x7faf5cf2c500] IO error: End of file
[https @ 0x7faf5cf3f9c0] Error reading HTTP response: End of file
[2026-04-12T19:09:54.014203] Saved clip /Users/Chen/PycharmProjects/CSCI_6234_Final/recordings/cam209/clips/2026/04/12/cam209_20260412T230913Z.mp4 (4271414 bytes)
[2026-04-12T19:09:54.536218] Starting 60-second capture -> /Users/Chen/PycharmProjects/CSCI_6234_Final/recordings/cam209/clips/2026/04/12/cam209_20260412T230954Z.mp4
[tls @ 0x7fee55b07480] IO error: End of file
[https @ 0x7fee55b073c0] Error reading HTTP response: End of file
[tls @ 0x7fee55a3a2c0] IO error: End of file
[https @ 0x7fee55a43300] Error reading HTTP response: End of file
[tls @ 0x7fee55a3a2c0] IO error: End of file
[https @ 0x7fee55a049c0] Error reading HTTP response: End of file
[tls @ 0x7fee5592ee80] IO error: End of file
[https @ 0x7fee5593d580] Error reading HTTP response: End of file
[2026-04-12T19:10:40.170860] Saved clip /Users/Chen/PycharmProjects/CSCI_6234_Final/recordings/cam209/clips/2026/04/12/cam209_20260412T230954Z.mp4 (4252305 bytes)
[2026-04-12T19:10:40.691685] Starting 60-second capture -> /Users/Chen/PycharmProjects/CSCI_6234_Final/recordings/cam209/clips/2026/04/12/cam209_20260412T231040Z.mp4
[tls @ 0x7fd399a042c0] IO error: End of file
[https @ 0x7fd399a04180] Error reading HTTP response: End of file
[tls @ 0x7fd389805280] IO error: End of file
[https @ 0x7fd38980a700] Error reading HTTP response: End of file
[tls @ 0x7fd388f1bac0] IO error: End of file
[https @ 0x7fd388f0eb00] Error reading HTTP response: End of file
[2026-04-12T19:11:24.932209] Saved clip /Users/Chen/PycharmProjects/CSCI_6234_Final/recordings/cam209/clips/2026/04/12/cam209_20260412T231040Z.mp4 (4265328 bytes)
[2026-04-12T19:11:25.455216] Starting 60-second capture -> /Users/Chen/PycharmProjects/CSCI_6234_Final/recordings/cam209/clips/2026/04/12/cam209_20260412T231125Z.mp4
[tls @ 0x7f7e1c804680] IO error: End of file
[https @ 0x7f7e1c804540] Error reading HTTP response: End of file
[tls @ 0x7f7e1c72b6c0] IO error: End of file
[https @ 0x7f7e1c74ac40] Error reading HTTP response: End of file
[tls @ 0x7f7e2d309f40] IO error: End of file
[https @ 0x7f7e2d3092c0] Error reading HTTP response: End of file
[tls @ 0x7f7e2d245c80] IO error: End of file
[https @ 0x7f7e2d257440] Error reading HTTP response: End of file
[2026-04-12T19:12:05.304073] Saved clip /Users/Chen/PycharmProjects/CSCI_6234_Final/recordings/cam209/clips/2026/04/12/cam209_20260412T231125Z.mp4 (4255171 bytes)
[2026-04-12T19:12:05.823322] Starting 60-second capture -> /Users/Chen/PycharmProjects/CSCI_6234_Final/recordings/cam209/clips/2026/04/12/cam209_20260412T231205Z.mp4
[tls @ 0x7fe3a6f04500] IO error: End of file
[https @ 0x7fe3a6f043c0] Error reading HTTP response: End of file
[tls @ 0x7fe3a7910e00] IO error: End of file
[https @ 0x7fe3a791e940] Error reading HTTP response: End of file
[tls @ 0x7fe3b6f0e980] IO error: End of file
[https @ 0x7fe3b6f06fc0] Error reading HTTP response: End of file
[2026-04-12T19:12:49.147848] Saved clip /Users/Chen/PycharmProjects/CSCI_6234_Final/recordings/cam209/clips/2026/04/12/cam209_20260412T231205Z.mp4 (4274131 bytes)
[2026-04-12T19:12:49.667533] Starting 60-second capture -> /Users/Chen/PycharmProjects/CSCI_6234_Final/recordings/cam209/clips/2026/04/12/cam209_20260412T231249Z.mp4
[tls @ 0x7fe8ec234f80] IO error: End of file
[https @ 0x7fe8ec2285c0] Error reading HTTP response: End of file
[tls @ 0x7fe8ec233ac0] IO error: End of file
[https @ 0x7fe8ec227ac0] Error reading HTTP response: End of file
[tls @ 0x7fe8db785780] IO error: End of file
[https @ 0x7fe8db790dc0] Error reading HTTP response: End of file
[2026-04-12T19:13:35.749577] Saved clip /Users/Chen/PycharmProjects/CSCI_6234_Final/recordings/cam209/clips/2026/04/12/cam209_20260412T231249Z.mp4 (4249721 bytes)
[2026-04-12T19:13:36.267547] Starting 60-second capture -> /Users/Chen/PycharmProjects/CSCI_6234_Final/recordings/cam209/clips/2026/04/12/cam209_20260412T231336Z.mp4
[tls @ 0x7f96a4305c80] IO error: End of file
[https @ 0x7f96a4305b40] Error reading HTTP response: End of file
[tls @ 0x7f9694083b00] IO error: End of file
[https @ 0x7f969407ff40] Error reading HTTP response: End of file
[tls @ 0x7f9693735100] IO error: End of file
[https @ 0x7f969374f480] Error reading HTTP response: End of file
[2026-04-12T19:14:19.361727] Saved clip /Users/Chen/PycharmProjects/CSCI_6234_Final/recordings/cam209/clips/2026/04/12/cam209_20260412T231336Z.mp4 (4258630 bytes)
[2026-04-12T19:14:19.881448] Starting 60-second capture -> /Users/Chen/PycharmProjects/CSCI_6234_Final/recordings/cam209/clips/2026/04/12/cam209_20260412T231419Z.mp4
[tls @ 0x7f9318104380] IO error: End of file
[https @ 0x7f9318104240] Error reading HTTP response: End of file
[tls @ 0x7f930ff0fc00] IO error: End of file
[https @ 0x7f930ff13100] Error reading HTTP response: End of file
[tls @ 0x7f931ff3bcc0] IO error: End of file
[https @ 0x7f931ff49f40] Error reading HTTP response: End of file
[tls @ 0x7f930ff17e80] IO error: End of file
[https @ 0x7f930ff17b00] Error reading HTTP response: End of file
[tls @ 0x7f93180050c0] IO error: End of file
[https @ 0x7f9318020840] Error reading HTTP response: End of file
[tls @ 0x7f9318004140] IO error: End of file
[https @ 0x7f9318004080] Error reading HTTP response: End of file
[2026-04-12T19:15:03.732386] Saved clip /Users/Chen/PycharmProjects/CSCI_6234_Final/recordings/cam209/clips/2026/04/12/cam209_20260412T231419Z.mp4 (4266181 bytes)
[2026-04-12T19:15:04.249459] Starting 60-second capture -> /Users/Chen/PycharmProjects/CSCI_6234_Final/recordings/cam209/clips/2026/04/12/cam209_20260412T231504Z.mp4
[tls @ 0x7fd73e804680] IO error: End of file
[https @ 0x7fd73e804540] Error reading HTTP response: End of file
[tls @ 0x7fd73e915800] IO error: End of file
[https @ 0x7fd73e92a800] Error reading HTTP response: End of file
[tls @ 0x7fd73df23e80] IO error: End of file
[https @ 0x7fd73df25c80] Error reading HTTP response: End of file
[2026-04-12T19:15:47.367133] Saved clip /Users/Chen/PycharmProjects/CSCI_6234_Final/recordings/cam209/clips/2026/04/12/cam209_20260412T231504Z.mp4 (4255816 bytes)
[2026-04-12T19:15:47.883339] Starting 60-second capture -> /Users/Chen/PycharmProjects/CSCI_6234_Final/recordings/cam209/clips/2026/04/12/cam209_20260412T231547Z.mp4
[tls @ 0x7f9e60705100] IO error: End of file
[https @ 0x7f9e60704b80] Error reading HTTP response: End of file
[tls @ 0x7f9e71206000] IO error: End of file
[https @ 0x7f9e71205ec0] Error reading HTTP response: End of file
[tls @ 0x7f9e61146000] IO error: End of file
[https @ 0x7f9e6113aa40] Error reading HTTP response: End of file
[2026-04-12T19:16:28.931998] Saved clip /Users/Chen/PycharmProjects/CSCI_6234_Final/recordings/cam209/clips/2026/04/12/cam209_20260412T231547Z.mp4 (4250765 bytes)
[2026-04-12T19:16:29.449103] Starting 60-second capture -> /Users/Chen/PycharmProjects/CSCI_6234_Final/recordings/cam209/clips/2026/04/12/cam209_20260412T231629Z.mp4
[tls @ 0x7f98d4904680] IO error: End of file
[https @ 0x7f98d4904540] Error reading HTTP response: End of file
[tls @ 0x7f98d4a14a80] IO error: End of file
[https @ 0x7f98d4a19800] Error reading HTTP response: End of file
[tls @ 0x7f98a3f041c0] IO error: End of file
[https @ 0x7f98a3f04080] Error reading HTTP response: End of file
[tls @ 0x7f98d4a1a340] IO error: End of file
[https @ 0x7f98d4a1a180] Error reading HTTP response: End of file
[tls @ 0x7f98a3f64dc0] IO error: End of file
[https @ 0x7f98a3f76fc0] Error reading HTTP response: End of file
[tls @ 0x7f98d49047c0] IO error: End of file
[https @ 0x7f98d49075c0] Error reading HTTP response: End of file
[2026-04-12T19:17:08.651395] Saved clip /Users/Chen/PycharmProjects/CSCI_6234_Final/recordings/cam209/clips/2026/04/12/cam209_20260412T231629Z.mp4 (4238294 bytes)
[2026-04-12T19:17:09.167868] Starting 60-second capture -> /Users/Chen/PycharmProjects/CSCI_6234_Final/recordings/cam209/clips/2026/04/12/cam209_20260412T231709Z.mp4
[tls @ 0x7fd58710f3c0] IO error: End of file
[https @ 0x7fd587120bc0] Error reading HTTP response: End of file
[tls @ 0x7fd587006000] IO error: End of file
[https @ 0x7fd587052e80] Error reading HTTP response: End of file
[tls @ 0x7fd58710f3c0] IO error: End of file
[https @ 0x7fd587120bc0] Error reading HTTP response: End of file
[2026-04-12T19:17:56.688313] Saved clip /Users/Chen/PycharmProjects/CSCI_6234_Final/recordings/cam209/clips/2026/04/12/cam209_20260412T231709Z.mp4 (4251720 bytes)
[2026-04-12T19:17:57.200255] Starting 60-second capture -> /Users/Chen/PycharmProjects/CSCI_6234_Final/recordings/cam209/clips/2026/04/12/cam209_20260412T231757Z.mp4
[tls @ 0x7f93ca706940] IO error: End of file
[https @ 0x7f93ca705ec0] Error reading HTTP response: End of file
[tls @ 0x7f93bba06380] IO error: End of file
[https @ 0x7f93bba062c0] Error reading HTTP response: End of file
[tls @ 0x7f93ca784000] IO error: End of file
[https @ 0x7f93ca7a0ac0] Error reading HTTP response: End of file
[2026-04-12T19:18:31.887365] Saved clip /Users/Chen/PycharmProjects/CSCI_6234_Final/recordings/cam209/clips/2026/04/12/cam209_20260412T231757Z.mp4 (4238793 bytes)
[2026-04-12T19:18:32.398766] Starting 60-second capture -> /Users/Chen/PycharmProjects/CSCI_6234_Final/recordings/cam209/clips/2026/04/12/cam209_20260412T231832Z.mp4
[tls @ 0x7fcf70a06cc0] IO error: End of file
[https @ 0x7fcf70a06b80] Error reading HTTP response: End of file
[tls @ 0x7fcf4ff14840] IO error: End of file
[https @ 0x7fcf4ff10d40] Error reading HTTP response: End of file
[tls @ 0x7fcf59106240] IO error: End of file
[https @ 0x7fcf59004080] Error reading HTTP response: End of file
[2026-04-12T19:19:15.752624] Saved clip /Users/Chen/PycharmProjects/CSCI_6234_Final/recordings/cam209/clips/2026/04/12/cam209_20260412T231832Z.mp4 (4254947 bytes)
[2026-04-12T19:19:16.271949] Starting 60-second capture -> /Users/Chen/PycharmProjects/CSCI_6234_Final/recordings/cam209/clips/2026/04/12/cam209_20260412T231916Z.mp4
[tls @ 0x7fcc60804640] IO error: End of file
[https @ 0x7fcc60804500] Error reading HTTP response: End of file
[tls @ 0x7fcc609261c0] IO error: End of file
[https @ 0x7fcc60910c80] Error reading HTTP response: End of file
[tls @ 0x7fcc60a20c40] IO error: End of file
[https @ 0x7fcc60a38500] Error reading HTTP response: End of file
[tls @ 0x7fcc60a709c0] IO error: End of file
[https @ 0x7fcc60a7ba80] Error reading HTTP response: End of file
[tls @ 0x7fcc60a07b40] IO error: End of file
[https @ 0x7fcc60a38740] Stream ends prematurely at 593892, should be 626040
[tls @ 0x7fcc60a07b40] IO error: End of file
[https @ 0x7fcc60a38740] Error reading HTTP response: End of file
[2026-04-12T19:19:58.181017] Saved clip /Users/Chen/PycharmProjects/CSCI_6234_Final/recordings/cam209/clips/2026/04/12/cam209_20260412T231916Z.mp4 (4232912 bytes)
[2026-04-12T19:19:58.697369] Starting 60-second capture -> /Users/Chen/PycharmProjects/CSCI_6234_Final/recordings/cam209/clips/2026/04/12/cam209_20260412T231958Z.mp4
[tls @ 0x7f9719004500] IO error: End of file
[https @ 0x7f97190043c0] Error reading HTTP response: End of file
[tls @ 0x7f970ff14940] IO error: End of file
[https @ 0x7f970ff26b80] Error reading HTTP response: End of file
[tls @ 0x7f971921ce80] IO error: End of file
[https @ 0x7f9719231080] Error reading HTTP response: End of file
[tls @ 0x7f9719059a00] IO error: End of file
[https @ 0x7f971905ad00] Error reading HTTP response: End of file
[tls @ 0x7f970ff375c0] IO error: End of file
[https @ 0x7f970ff3d5c0] Error reading HTTP response: End of file
[tls @ 0x7f971913e400] IO error: End of file
[https @ 0x7f9719150600] Error reading HTTP response: End of file
[2026-04-12T19:20:36.639163] Saved clip /Users/Chen/PycharmProjects/CSCI_6234_Final/recordings/cam209/clips/2026/04/12/cam209_20260412T231958Z.mp4 (4248873 bytes)
[2026-04-12T19:20:37.154642] Starting 60-second capture -> /Users/Chen/PycharmProjects/CSCI_6234_Final/recordings/cam209/clips/2026/04/12/cam209_20260412T232037Z.mp4
[tls @ 0x7fe4cef05100] IO error: End of file
[https @ 0x7fe4cef04b80] Error reading HTTP response: End of file
[tls @ 0x7fe4cf90e5c0] IO error: End of file
[https @ 0x7fe4cf90d040] Error reading HTTP response: End of file
[tls @ 0x7fe4cf918b40] IO error: End of file
[https @ 0x7fe4cf95b440] Error reading HTTP response: End of file
[tls @ 0x7fe4cf93bd80] IO error: End of file
[https @ 0x7fe4cf9631c0] Error reading HTTP response: End of file
[2026-04-12T19:21:20.520263] Saved clip /Users/Chen/PycharmProjects/CSCI_6234_Final/recordings/cam209/clips/2026/04/12/cam209_20260412T232037Z.mp4 (4281400 bytes)
[2026-04-12T19:21:21.036087] Starting 60-second capture -> /Users/Chen/PycharmProjects/CSCI_6234_Final/recordings/cam209/clips/2026/04/12/cam209_20260412T232121Z.mp4
[tls @ 0x7f96001042c0] IO error: End of file
[https @ 0x7f95d7804240] Error reading HTTP response: End of file
[tls @ 0x7f95d6f04140] IO error: End of file
[https @ 0x7f95d6f04080] Error reading HTTP response: End of file
[tls @ 0x7f95d783da40] IO error: End of file
[https @ 0x7f95d7806300] Error reading HTTP response: End of file
[2026-04-12T19:22:05.245863] Saved clip /Users/Chen/PycharmProjects/CSCI_6234_Final/recordings/cam209/clips/2026/04/12/cam209_20260412T232121Z.mp4 (4266997 bytes)
[2026-04-12T19:22:05.763100] Starting 60-second capture -> /Users/Chen/PycharmProjects/CSCI_6234_Final/recordings/cam209/clips/2026/04/12/cam209_20260412T232205Z.mp4
[tls @ 0x7f929ca04680] IO error: End of file
[https @ 0x7f929ca04580] Error reading HTTP response: End of file
[tls @ 0x7f929ca367c0] IO error: End of file
[https @ 0x7f929ca25100] Error reading HTTP response: End of file
[tls @ 0x7f929cb2a980] IO error: End of file
[https @ 0x7f929cb6be40] Error reading HTTP response: End of file
[tls @ 0x7f928bf1ae00] IO error: End of file
[https @ 0x7f928bf1dc00] Error reading HTTP response: End of file
[2026-04-12T19:22:50.713999] Saved clip /Users/Chen/PycharmProjects/CSCI_6234_Final/recordings/cam209/clips/2026/04/12/cam209_20260412T232205Z.mp4 (4243150 bytes)
[2026-04-12T19:22:51.234589] Starting 60-second capture -> /Users/Chen/PycharmProjects/CSCI_6234_Final/recordings/cam209/clips/2026/04/12/cam209_20260412T232251Z.mp4
[tls @ 0x7f79eff04680] IO error: End of file
[https @ 0x7f79eff04540] Error reading HTTP response: End of file
[tls @ 0x7f7a10a13a80] IO error: End of file
[https @ 0x7f7a10a30480] Error reading HTTP response: End of file
[tls @ 0x7f7a10a05080] IO error: End of file
[https @ 0x7f7a10a04f40] Error reading HTTP response: End of file
[tls @ 0x7f7a10a13a80] IO error: End of file
[https @ 0x7f7a10a26240] Error reading HTTP response: End of file
[tls @ 0x7f79eff369c0] IO error: End of file
[https @ 0x7f79eff8a040] Error reading HTTP response: End of file
[2026-04-12T19:23:34.429574] Saved clip /Users/Chen/PycharmProjects/CSCI_6234_Final/recordings/cam209/clips/2026/04/12/cam209_20260412T232251Z.mp4 (4261951 bytes)
[2026-04-12T19:23:34.949050] Starting 60-second capture -> /Users/Chen/PycharmProjects/CSCI_6234_Final/recordings/cam209/clips/2026/04/12/cam209_20260412T232334Z.mp4
[tls @ 0x7fdfc7104500] IO error: End of file
[https @ 0x7fdfc71043c0] Error reading HTTP response: End of file
[tls @ 0x7fdfc7364f00] IO error: End of file
[https @ 0x7fdfc7357240] Error reading HTTP response: End of file
[tls @ 0x7fdfc7116480] IO error: End of file
[https @ 0x7fdfc7118f00] Error reading HTTP response: End of file
[2026-04-12T19:24:18.575044] Saved clip /Users/Chen/PycharmProjects/CSCI_6234_Final/recordings/cam209/clips/2026/04/12/cam209_20260412T232334Z.mp4 (4270821 bytes)
[2026-04-12T19:24:19.091724] Starting 60-second capture -> /Users/Chen/PycharmProjects/CSCI_6234_Final/recordings/cam209/clips/2026/04/12/cam209_20260412T232419Z.mp4
[tls @ 0x7fc9daf05080] IO error: End of file
[https @ 0x7fc9daf04b40] Error reading HTTP response: End of file
[tls @ 0x7fc9daf2f3c0] IO error: End of file
[https @ 0x7fc9daf415c0] Error reading HTTP response: End of file
[tls @ 0x7fc9db80d540] IO error: End of file
[https @ 0x7fc9db804080] Error reading HTTP response: End of file
[tls @ 0x7fc9eba5bf40] IO error: End of file
[https @ 0x7fc9eba579c0] Error reading HTTP response: End of file
[2026-04-12T19:24:56.029347] Saved clip /Users/Chen/PycharmProjects/CSCI_6234_Final/recordings/cam209/clips/2026/04/12/cam209_20260412T232419Z.mp4 (4233777 bytes)
[2026-04-12T19:24:56.544292] Starting 60-second capture -> /Users/Chen/PycharmProjects/CSCI_6234_Final/recordings/cam209/clips/2026/04/12/cam209_20260412T232456Z.mp4
[tls @ 0x7ff0be604900] IO error: End of file
[https @ 0x7ff0be6047c0] Error reading HTTP response: End of file
[tls @ 0x7ff0be2696c0] IO error: End of file
[https @ 0x7ff0be21f1c0] Error reading HTTP response: End of file
[tls @ 0x7ff0be543cc0] IO error: End of file
[https @ 0x7ff0be54da80] Error reading HTTP response: End of file
[2026-04-12T19:25:40.082347] Saved clip /Users/Chen/PycharmProjects/CSCI_6234_Final/recordings/cam209/clips/2026/04/12/cam209_20260412T232456Z.mp4 (4240809 bytes)
[2026-04-12T19:25:40.600293] Starting 60-second capture -> /Users/Chen/PycharmProjects/CSCI_6234_Final/recordings/cam209/clips/2026/04/12/cam209_20260412T232540Z.mp4
[tls @ 0x7fc8cc304340] IO error: End of file
[https @ 0x7fc8cc304200] Error reading HTTP response: End of file
[tls @ 0x7fc8cc315140] IO error: End of file
[https @ 0x7fc8cc307a40] Error reading HTTP response: End of file
[tls @ 0x7fc8bb741240] IO error: End of file
[https @ 0x7fc8bb745c40] Error reading HTTP response: End of file
[2026-04-12T19:26:29.207780] Saved clip /Users/Chen/PycharmProjects/CSCI_6234_Final/recordings/cam209/clips/2026/04/12/cam209_20260412T232540Z.mp4 (4266747 bytes)
[2026-04-12T19:26:29.719833] Starting 60-second capture -> /Users/Chen/PycharmProjects/CSCI_6234_Final/recordings/cam209/clips/2026/04/12/cam209_20260412T232629Z.mp4
[tls @ 0x7fb090f04680] IO error: End of file
[https @ 0x7fb090f04540] Error reading HTTP response: End of file
[tls @ 0x7fb0a1a5a340] IO error: End of file
[https @ 0x7fb0a1a5db00] Error reading HTTP response: End of file
[tls @ 0x7fb090f1bcc0] IO error: End of file
[https @ 0x7fb090f08100] Error reading HTTP response: End of file
[tls @ 0x7fb0a192c700] IO error: End of file
[https @ 0x7fb0a195f640] Error reading HTTP response: End of file
[tls @ 0x7fb0a19728c0] IO error: End of file
[https @ 0x7fb0a1924b00] Error reading HTTP response: End of file
[2026-04-12T19:27:03.383918] Saved clip /Users/Chen/PycharmProjects/CSCI_6234_Final/recordings/cam209/clips/2026/04/12/cam209_20260412T232629Z.mp4 (4225216 bytes)
[2026-04-12T19:27:03.898563] Starting 60-second capture -> /Users/Chen/PycharmProjects/CSCI_6234_Final/recordings/cam209/clips/2026/04/12/cam209_20260412T232703Z.mp4
[tls @ 0x7f798f205700] IO error: End of file
[https @ 0x7f798f2055c0] Error reading HTTP response: End of file
[tls @ 0x7f797e717c80] IO error: End of file
[https @ 0x7f797e72a800] Error reading HTTP response: End of file
[tls @ 0x7f797e814300] IO error: End of file
[https @ 0x7f797e816f80] Error reading HTTP response: End of file
[tls @ 0x7f795e804180] IO error: End of file
[https @ 0x7f795e804080] Error reading HTTP response: End of file
[tls @ 0x7f798f242b00] IO error: End of file
[https @ 0x7f798f243bc0] Error reading HTTP response: End of file
[tls @ 0x7f797e704840] IO error: End of file
[https @ 0x7f797e704700] Error reading HTTP response: End of file
[2026-04-12T19:27:41.877383] Saved clip /Users/Chen/PycharmProjects/CSCI_6234_Final/recordings/cam209/clips/2026/04/12/cam209_20260412T232703Z.mp4 (4261793 bytes)
[2026-04-12T19:27:42.397138] Starting 60-second capture -> /Users/Chen/PycharmProjects/CSCI_6234_Final/recordings/cam209/clips/2026/04/12/cam209_20260412T232742Z.mp4
[tls @ 0x7fa58cf04680] IO error: End of file
[https @ 0x7fa58cf04540] Error reading HTTP response: End of file
[tls @ 0x7fa58cf18040] IO error: End of file
[https @ 0x7fa58cf12d40] Error reading HTTP response: End of file
[tls @ 0x7fa58da11a40] IO error: End of file
[https @ 0x7fa58d91c440] Error reading HTTP response: End of file
[2026-04-12T19:28:24.670888] Saved clip /Users/Chen/PycharmProjects/CSCI_6234_Final/recordings/cam209/clips/2026/04/12/cam209_20260412T232742Z.mp4 (4250948 bytes)
[2026-04-12T19:28:25.187204] Starting 60-second capture -> /Users/Chen/PycharmProjects/CSCI_6234_Final/recordings/cam209/clips/2026/04/12/cam209_20260412T232825Z.mp4
[tls @ 0x7f832bf04500] IO error: End of file
[https @ 0x7f832bf043c0] Error reading HTTP response: End of file
[tls @ 0x7f832bf3c3c0] IO error: End of file
[https @ 0x7f832bf23a00] Error reading HTTP response: End of file
[tls @ 0x7f833cd05840] IO error: End of file
[https @ 0x7f833cd19880] Error reading HTTP response: End of file
[tls @ 0x7f833cd3c480] IO error: End of file
[https @ 0x7f833cd05680] Error reading HTTP response: End of file
[tls @ 0x7f833cd788c0] IO error: End of file
[https @ 0x7f833cd8aac0] Error reading HTTP response: End of file
[2026-04-12T19:29:08.406683] Saved clip /Users/Chen/PycharmProjects/CSCI_6234_Final/recordings/cam209/clips/2026/04/12/cam209_20260412T232825Z.mp4 (4252481 bytes)
[2026-04-12T19:29:08.921671] Starting 60-second capture -> /Users/Chen/PycharmProjects/CSCI_6234_Final/recordings/cam209/clips/2026/04/12/cam209_20260412T232908Z.mp4
[tls @ 0x7f95d3f05100] IO error: End of file
[https @ 0x7f95d3f04b80] Error reading HTTP response: End of file
[tls @ 0x7f95d3f33d40] IO error: End of file
[https @ 0x7f95d3f30140] Error reading HTTP response: End of file
[tls @ 0x7f95e4936580] IO error: End of file
[https @ 0x7f95e4960280] Error reading HTTP response: End of file
[tls @ 0x7f95e491a180] IO error: End of file
[https @ 0x7f95e491d400] Error reading HTTP response: End of file
[2026-04-12T19:29:56.694922] Saved clip /Users/Chen/PycharmProjects/CSCI_6234_Final/recordings/cam209/clips/2026/04/12/cam209_20260412T232908Z.mp4 (4261173 bytes)
[2026-04-12T19:29:57.212708] Starting 60-second capture -> /Users/Chen/PycharmProjects/CSCI_6234_Final/recordings/cam209/clips/2026/04/12/cam209_20260412T232957Z.mp4
[tls @ 0x7faa39804500] IO error: End of file
[https @ 0x7faa398043c0] Error reading HTTP response: End of file
[tls @ 0x7faa38f3cb00] IO error: End of file
[https @ 0x7faa38f38f00] Error reading HTTP response: End of file
[tls @ 0x7faa38f3cb00] IO error: End of file
[https @ 0x7faa38f360c0] Error reading HTTP response: End of file
[2026-04-12T19:30:32.390534] Saved clip /Users/Chen/PycharmProjects/CSCI_6234_Final/recordings/cam209/clips/2026/04/12/cam209_20260412T232957Z.mp4 (4275967 bytes)
[2026-04-12T19:30:32.905534] Starting 60-second capture -> /Users/Chen/PycharmProjects/CSCI_6234_Final/recordings/cam209/clips/2026/04/12/cam209_20260412T233032Z.mp4
[tls @ 0x7f8014704500] IO error: End of file
[https @ 0x7f80147043c0] Error reading HTTP response: End of file
[tls @ 0x7f8014716ec0] IO error: End of file
[https @ 0x7f80147132c0] Error reading HTTP response: End of file
[tls @ 0x7f8025345140] IO error: End of file
[https @ 0x7f8025379500] Error reading HTTP response: End of file
[2026-04-12T19:31:16.570704] Saved clip /Users/Chen/PycharmProjects/CSCI_6234_Final/recordings/cam209/clips/2026/04/12/cam209_20260412T233032Z.mp4 (4248026 bytes)
[2026-04-12T19:31:17.082598] Starting 60-second capture -> /Users/Chen/PycharmProjects/CSCI_6234_Final/recordings/cam209/clips/2026/04/12/cam209_20260412T233117Z.mp4
[tls @ 0x7fddda204500] IO error: End of file
[https @ 0x7fddda2043c0] Error reading HTTP response: End of file
[tls @ 0x7fddc9706f00] IO error: End of file
[https @ 0x7fddc975b100] Error reading HTTP response: End of file
[2026-04-12T19:31:57.893939] Saved clip /Users/Chen/PycharmProjects/CSCI_6234_Final/recordings/cam209/clips/2026/04/12/cam209_20260412T233117Z.mp4 (4267230 bytes)
[2026-04-12T19:31:58.415900] Starting 60-second capture -> /Users/Chen/PycharmProjects/CSCI_6234_Final/recordings/cam209/clips/2026/04/12/cam209_20260412T233158Z.mp4
[tls @ 0x7fbb94c045c0] IO error: End of file
[https @ 0x7fbb94905e40] Error reading HTTP response: End of file
[tls @ 0x7fbb94b23140] IO error: End of file
[https @ 0x7fbb94b256c0] Error reading HTTP response: End of file
[tls @ 0x7fbb94b6de00] IO error: End of file
[https @ 0x7fbb94b2d1c0] Error reading HTTP response: End of file
[tls @ 0x7fbb94935140] IO error: End of file
[https @ 0x7fbb94938e80] Error reading HTTP response: End of file
[2026-04-12T19:32:33.675483] Saved clip /Users/Chen/PycharmProjects/CSCI_6234_Final/recordings/cam209/clips/2026/04/12/cam209_20260412T233158Z.mp4 (4267696 bytes)
[2026-04-12T19:32:34.195398] Starting 60-second capture -> /Users/Chen/PycharmProjects/CSCI_6234_Final/recordings/cam209/clips/2026/04/12/cam209_20260412T233234Z.mp4
[tls @ 0x7fc2ea406680] IO error: End of file
[https @ 0x7fc2ea406140] Error reading HTTP response: End of file
[tls @ 0x7fc2ea31a380] IO error: End of file
[https @ 0x7fc2ea321cc0] Error reading HTTP response: End of file
[tls @ 0x7fc2ea477480] IO error: End of file
[https @ 0x7fc2ea473880] Error reading HTTP response: End of file
[2026-04-12T19:33:17.901802] Saved clip /Users/Chen/PycharmProjects/CSCI_6234_Final/recordings/cam209/clips/2026/04/12/cam209_20260412T233234Z.mp4 (4247376 bytes)
[2026-04-12T19:33:18.422318] Starting 60-second capture -> /Users/Chen/PycharmProjects/CSCI_6234_Final/recordings/cam209/clips/2026/04/12/cam209_20260412T233318Z.mp4
[tls @ 0x7fb1fb306ac0] IO error: End of file
[https @ 0x7fb1fb306580] Error reading HTTP response: End of file
[tls @ 0x7fb1ea717440] IO error: End of file
[https @ 0x7fb1ea718ec0] Error reading HTTP response: End of file
[tls @ 0x7fb1ea707840] IO error: End of file
[https @ 0x7fb1ea717100] Error reading HTTP response: End of file
[tls @ 0x7fb1fb156ac0] IO error: End of file
[https @ 0x7fb1fb17ec40] Error reading HTTP response: End of file
[2026-04-12T19:33:50.768231] Saved clip /Users/Chen/PycharmProjects/CSCI_6234_Final/recordings/cam209/clips/2026/04/12/cam209_20260412T233318Z.mp4 (4250914 bytes)
[2026-04-12T19:33:51.285395] Starting 60-second capture -> /Users/Chen/PycharmProjects/CSCI_6234_Final/recordings/cam209/clips/2026/04/12/cam209_20260412T233351Z.mp4
[tls @ 0x7fde95304ac0] IO error: End of file
[https @ 0x7fde953049c0] Error reading HTTP response: End of file
[tls @ 0x7fde95427900] IO error: End of file
[https @ 0x7fde9545b6c0] Error reading HTTP response: End of file
[tls @ 0x7fde84724100] IO error: End of file
[https @ 0x7fde84734580] Error reading HTTP response: End of file
[2026-04-12T19:34:34.980590] Saved clip /Users/Chen/PycharmProjects/CSCI_6234_Final/recordings/cam209/clips/2026/04/12/cam209_20260412T233351Z.mp4 (4270487 bytes)
[2026-04-12T19:34:35.498390] Starting 60-second capture -> /Users/Chen/PycharmProjects/CSCI_6234_Final/recordings/cam209/clips/2026/04/12/cam209_20260412T233435Z.mp4
[tls @ 0x7fd0fe704680] IO error: End of file
[https @ 0x7fd0fe704540] Error reading HTTP response: End of file
[tls @ 0x7fd10e759d80] IO error: End of file
[https @ 0x7fd10e76bf80] Error reading HTTP response: End of file
[tls @ 0x7fd0ff02d7c0] IO error: End of file
[https @ 0x7fd0ff062380] Error reading HTTP response: End of file
[2026-04-12T19:35:19.384968] Saved clip /Users/Chen/PycharmProjects/CSCI_6234_Final/recordings/cam209/clips/2026/04/12/cam209_20260412T233435Z.mp4 (4285035 bytes)
[2026-04-12T19:35:19.905284] Starting 60-second capture -> /Users/Chen/PycharmProjects/CSCI_6234_Final/recordings/cam209/clips/2026/04/12/cam209_20260412T233519Z.mp4
[tls @ 0x7faccff04680] IO error: End of file
[https @ 0x7faccff04540] Error reading HTTP response: End of file
[tls @ 0x7faccff40b40] IO error: End of file
[https @ 0x7faccff557c0] Error reading HTTP response: End of file
[tls @ 0x7faccff3f840] IO error: End of file
[https @ 0x7faccff40b40] Error reading HTTP response: End of file
[2026-04-12T19:36:03.715029] Saved clip /Users/Chen/PycharmProjects/CSCI_6234_Final/recordings/cam209/clips/2026/04/12/cam209_20260412T233519Z.mp4 (4253940 bytes)
[2026-04-12T19:36:04.233765] Starting 60-second capture -> /Users/Chen/PycharmProjects/CSCI_6234_Final/recordings/cam209/clips/2026/04/12/cam209_20260412T233604Z.mp4
[tls @ 0x7fbb7f805c80] IO error: End of file
[https @ 0x7fbb7f805b40] Error reading HTTP response: End of file
[tls @ 0x7fbb7f811280] IO error: End of file
[https @ 0x7fbb7f810940] Error reading HTTP response: End of file
[tls @ 0x7fbb6ef1e1c0] IO error: End of file
[https @ 0x7fbb6ef1e080] Error reading HTTP response: End of file
[2026-04-12T19:36:47.739561] Saved clip /Users/Chen/PycharmProjects/CSCI_6234_Final/recordings/cam209/clips/2026/04/12/cam209_20260412T233604Z.mp4 (4236350 bytes)
[2026-04-12T19:36:48.257668] Starting 60-second capture -> /Users/Chen/PycharmProjects/CSCI_6234_Final/recordings/cam209/clips/2026/04/12/cam209_20260412T233648Z.mp4
[tls @ 0x7ff1588054c0] IO error: End of file
[https @ 0x7ff1588044c0] Error reading HTTP response: End of file
[tls @ 0x7ff14ff1ad40] IO error: End of file
[https @ 0x7ff14ff16380] Error reading HTTP response: End of file
[tls @ 0x7ff14ff05d40] IO error: End of file
[https @ 0x7ff14ff05c80] Error reading HTTP response: End of file
[tls @ 0x7ff14ff1ad40] IO error: End of file
[https @ 0x7ff14ff04bc0] Error reading HTTP response: End of file
[2026-04-12T19:37:22.935699] Saved clip /Users/Chen/PycharmProjects/CSCI_6234_Final/recordings/cam209/clips/2026/04/12/cam209_20260412T233648Z.mp4 (4255986 bytes)
[2026-04-12T19:37:23.455690] Starting 60-second capture -> /Users/Chen/PycharmProjects/CSCI_6234_Final/recordings/cam209/clips/2026/04/12/cam209_20260412T233723Z.mp4
[tls @ 0x7fd94ba04500] IO error: End of file
[https @ 0x7fd94ba043c0] Error reading HTTP response: End of file
[tls @ 0x7fd94ba04380] IO error: End of file
[https @ 0x7fd94ba04480] Error reading HTTP response: End of file
[tls @ 0x7fd94bb0ae80] IO error: End of file
[https @ 0x7fd94bb0b380] Error reading HTTP response: End of file
[2026-04-12T19:38:09.215311] Saved clip /Users/Chen/PycharmProjects/CSCI_6234_Final/recordings/cam209/clips/2026/04/12/cam209_20260412T233723Z.mp4 (4277787 bytes)
[2026-04-12T19:38:09.742057] Starting 60-second capture -> /Users/Chen/PycharmProjects/CSCI_6234_Final/recordings/cam209/clips/2026/04/12/cam209_20260412T233809Z.mp4
[tls @ 0x7fb3c6704680] IO error: End of file
[https @ 0x7fb3c6704540] Error reading HTTP response: End of file
[tls @ 0x7fb3f0012180] IO error: End of file
[https @ 0x7fb3f0004200] Error reading HTTP response: End of file
[tls @ 0x7fb3c67438c0] IO error: End of file
[https @ 0x7fb3c673fcc0] Error reading HTTP response: End of file
[tls @ 0x7fb3f021a580] IO error: End of file
[https @ 0x7fb3f0204480] Error reading HTTP response: End of file
[2026-04-12T19:38:56.066852] Saved clip /Users/Chen/PycharmProjects/CSCI_6234_Final/recordings/cam209/clips/2026/04/12/cam209_20260412T233809Z.mp4 (4261589 bytes)
[2026-04-12T19:38:56.583727] Starting 60-second capture -> /Users/Chen/PycharmProjects/CSCI_6234_Final/recordings/cam209/clips/2026/04/12/cam209_20260412T233856Z.mp4
[tls @ 0x7f7e34b05c80] IO error: End of file
[https @ 0x7f7e34b05b40] Error reading HTTP response: End of file
[tls @ 0x7f7e2486e740] IO error: End of file
[https @ 0x7f7e24868d40] Error reading HTTP response: End of file
[tls @ 0x7f7e2486e740] IO error: End of file
[https @ 0x7f7e24886ec0] Error reading HTTP response: End of file
[tls @ 0x7f7e34a0dd80] IO error: End of file
[https @ 0x7f7e34a17e80] Error reading HTTP response: End of file
[2026-04-12T19:39:40.127688] Saved clip /Users/Chen/PycharmProjects/CSCI_6234_Final/recordings/cam209/clips/2026/04/12/cam209_20260412T233856Z.mp4 (4247640 bytes)
[2026-04-12T19:39:40.642642] Starting 60-second capture -> /Users/Chen/PycharmProjects/CSCI_6234_Final/recordings/cam209/clips/2026/04/12/cam209_20260412T233940Z.mp4
[tls @ 0x7fd6a7804380] IO error: End of file
[https @ 0x7fd6a7804240] Error reading HTTP response: End of file
[tls @ 0x7fd6a6f04e80] IO error: End of file
[https @ 0x7fd6a6f04600] Error reading HTTP response: End of file
[tls @ 0x7fd697816ac0] IO error: End of file
[https @ 0x7fd69781e780] Error reading HTTP response: End of file
[tls @ 0x7fd697819b80] IO error: End of file
[https @ 0x7fd6a6f4b380] Error reading HTTP response: End of file
[tls @ 0x7fd6a6f17a80] IO error: End of file
[https @ 0x7fd6a6f0c480] Error reading HTTP response: End of file
[2026-04-12T19:40:27.087932] Saved clip /Users/Chen/PycharmProjects/CSCI_6234_Final/recordings/cam209/clips/2026/04/12/cam209_20260412T233940Z.mp4 (4254532 bytes)
[2026-04-12T19:40:27.603331] Starting 60-second capture -> /Users/Chen/PycharmProjects/CSCI_6234_Final/recordings/cam209/clips/2026/04/12/cam209_20260412T234027Z.mp4
[tls @ 0x7fb425b05e00] IO error: End of file
[https @ 0x7fb425b05cc0] Error reading HTTP response: End of file
[tls @ 0x7fb414f04140] IO error: End of file
[https @ 0x7fb414f04080] Error reading HTTP response: End of file
[tls @ 0x7fb425b55900] IO error: End of file
[https @ 0x7fb425b2d9c0] Error reading HTTP response: End of file
[tls @ 0x7fb41601b340] IO error: End of file
[https @ 0x7fb416030d80] Error reading HTTP response: End of file
[2026-04-12T19:41:12.409653] Saved clip /Users/Chen/PycharmProjects/CSCI_6234_Final/recordings/cam209/clips/2026/04/12/cam209_20260412T234027Z.mp4 (4250712 bytes)
[2026-04-12T19:41:12.930100] Starting 60-second capture -> /Users/Chen/PycharmProjects/CSCI_6234_Final/recordings/cam209/clips/2026/04/12/cam209_20260412T234112Z.mp4
[tls @ 0x7fcf6e704800] IO error: End of file
[https @ 0x7fcf6e7046c0] Error reading HTTP response: End of file
[tls @ 0x7fcf7f005d80] IO error: End of file
[https @ 0x7fcf7f005c80] Error reading HTTP response: End of file
[tls @ 0x7fcf5e757340] IO error: End of file
[https @ 0x7fcf5e768b40] Error reading HTTP response: End of file
[2026-04-12T19:41:55.526020] Saved clip /Users/Chen/PycharmProjects/CSCI_6234_Final/recordings/cam209/clips/2026/04/12/cam209_20260412T234112Z.mp4 (4240702 bytes)
[2026-04-12T19:41:56.044528] Starting 60-second capture -> /Users/Chen/PycharmProjects/CSCI_6234_Final/recordings/cam209/clips/2026/04/12/cam209_20260412T234156Z.mp4
[tls @ 0x7f7ca4b04500] IO error: End of file
[https @ 0x7f7ca4b043c0] Error reading HTTP response: End of file
[tls @ 0x7f7ca4b51540] IO error: End of file
[https @ 0x7f7ca4b63400] Error reading HTTP response: End of file
[tls @ 0x7f7ca4a05600] IO error: End of file
[https @ 0x7f7ca4a054c0] Error reading HTTP response: End of file
[tls @ 0x7f7ca4d13180] IO error: End of file
[https @ 0x7f7ca4d127c0] Error reading HTTP response: End of file
[tls @ 0x7f7ca4d13340] IO error: End of file
[https @ 0x7f7ca4d08680] Error reading HTTP response: End of file
[2026-04-12T19:42:39.694307] Saved clip /Users/Chen/PycharmProjects/CSCI_6234_Final/recordings/cam209/clips/2026/04/12/cam209_20260412T234156Z.mp4 (4242414 bytes)
[2026-04-12T19:42:40.215325] Starting 60-second capture -> /Users/Chen/PycharmProjects/CSCI_6234_Final/recordings/cam209/clips/2026/04/12/cam209_20260412T234240Z.mp4
[tls @ 0x7f7dedf0b2c0] IO error: End of file
[https @ 0x7f7dedf0b1c0] Error reading HTTP response: End of file
[tls @ 0x7f7dfe9042c0] IO error: End of file
[https @ 0x7f7dfe8048c0] Error reading HTTP response: End of file
[tls @ 0x7f7dfe846e00] IO error: End of file
[https @ 0x7f7dfe8175c0] Error reading HTTP response: End of file
[tls @ 0x7f7dfea0ed00] IO error: End of file
[https @ 0x7f7dfea5ddc0] Error reading HTTP response: End of file
[tls @ 0x7f7dfe922880] IO error: End of file
[https @ 0x7f7dfe918d40] Error reading HTTP response: End of file
[2026-04-12T19:43:27.234096] Saved clip /Users/Chen/PycharmProjects/CSCI_6234_Final/recordings/cam209/clips/2026/04/12/cam209_20260412T234240Z.mp4 (4273838 bytes)
[2026-04-12T19:43:27.756111] Starting 60-second capture -> /Users/Chen/PycharmProjects/CSCI_6234_Final/recordings/cam209/clips/2026/04/12/cam209_20260412T234327Z.mp4
[tls @ 0x7ff224f04a00] IO error: End of file
[https @ 0x7ff224f04480] Error reading HTTP response: End of file
[tls @ 0x7ff224f70f80] IO error: End of file
[https @ 0x7ff224f59300] Error reading HTTP response: End of file
[tls @ 0x7ff245a1e380] IO error: End of file
[https @ 0x7ff245a46bc0] Error reading HTTP response: End of file
[tls @ 0x7ff226039500] IO error: End of file
[https @ 0x7ff226035600] Error reading HTTP response: End of file
[2026-04-12T19:44:04.939049] Saved clip /Users/Chen/PycharmProjects/CSCI_6234_Final/recordings/cam209/clips/2026/04/12/cam209_20260412T234327Z.mp4 (4254941 bytes)
[2026-04-12T19:44:05.458849] Starting 60-second capture -> /Users/Chen/PycharmProjects/CSCI_6234_Final/recordings/cam209/clips/2026/04/12/cam209_20260412T234405Z.mp4
[tls @ 0x7f9d5b004380] IO error: End of file
[https @ 0x7f9d5b004240] Error reading HTTP response: End of file
[tls @ 0x7f9d6b339f00] IO error: End of file
[https @ 0x7f9d6b360540] Error reading HTTP response: End of file
[tls @ 0x7f9d5a723140] IO error: End of file
[https @ 0x7f9d5a72f3c0] Error reading HTTP response: End of file
[2026-04-12T19:44:48.708985] Saved clip /Users/Chen/PycharmProjects/CSCI_6234_Final/recordings/cam209/clips/2026/04/12/cam209_20260412T234405Z.mp4 (4251764 bytes)
[2026-04-12T19:44:49.229284] Starting 60-second capture -> /Users/Chen/PycharmProjects/CSCI_6234_Final/recordings/cam209/clips/2026/04/12/cam209_20260412T234449Z.mp4
[tls @ 0x7f80b6314940] IO error: End of file
[https @ 0x7f80b6505180] Error reading HTTP response: End of file
[tls @ 0x7f80b6314940] IO error: End of file
[https @ 0x7f80b6355740] Error reading HTTP response: End of file
[tls @ 0x7f80b6231700] IO error: End of file
[https @ 0x7f80b627f580] Error reading HTTP response: End of file
[2026-04-12T19:45:32.963702] Saved clip /Users/Chen/PycharmProjects/CSCI_6234_Final/recordings/cam209/clips/2026/04/12/cam209_20260412T234449Z.mp4 (4234813 bytes)
[2026-04-12T19:45:33.480843] Starting 60-second capture -> /Users/Chen/PycharmProjects/CSCI_6234_Final/recordings/cam209/clips/2026/04/12/cam209_20260412T234533Z.mp4
[tls @ 0x7fd091b04680] IO error: End of file
[https @ 0x7fd091b04540] Error reading HTTP response: End of file
[tls @ 0x7fd08188a2c0] IO error: End of file
[https @ 0x7fd081864580] Error reading HTTP response: End of file
[tls @ 0x7fd08188a2c0] IO error: End of file
[https @ 0x7fd08186b9c0] Error reading HTTP response: End of file
[2026-04-12T19:46:16.817711] Saved clip /Users/Chen/PycharmProjects/CSCI_6234_Final/recordings/cam209/clips/2026/04/12/cam209_20260412T234533Z.mp4 (4243917 bytes)
[2026-04-12T19:46:17.338747] Starting 60-second capture -> /Users/Chen/PycharmProjects/CSCI_6234_Final/recordings/cam209/clips/2026/04/12/cam209_20260412T234617Z.mp4
[tls @ 0x7f848111e5c0] IO error: End of file
[https @ 0x7f848111a9c0] Error reading HTTP response: End of file
[tls @ 0x7f8477f2ce00] IO error: End of file
[https @ 0x7f8477f47480] Error reading HTTP response: End of file
[tls @ 0x7f84811053c0] IO error: End of file
[https @ 0x7f848113f680] Error reading HTTP response: End of file
[tls @ 0x7f848111e5c0] IO error: End of file
[https @ 0x7f848111a9c0] Error reading HTTP response: End of file
[2026-04-12T19:46:52.502355] Saved clip /Users/Chen/PycharmProjects/CSCI_6234_Final/recordings/cam209/clips/2026/04/12/cam209_20260412T234617Z.mp4 (4266870 bytes)
[2026-04-12T19:46:53.016274] Starting 60-second capture -> /Users/Chen/PycharmProjects/CSCI_6234_Final/recordings/cam209/clips/2026/04/12/cam209_20260412T234653Z.mp4
[tls @ 0x7f9ca6704680] IO error: End of file
[https @ 0x7f9ca6704540] Error reading HTTP response: End of file
[tls @ 0x7f9ca66357c0] IO error: End of file
[https @ 0x7f9ca66355c0] Error reading HTTP response: End of file
[tls @ 0x7f9ca6729b00] IO error: End of file
[https @ 0x7f9ca6750c40] Error reading HTTP response: End of file
[2026-04-12T19:47:36.325245] Saved clip /Users/Chen/PycharmProjects/CSCI_6234_Final/recordings/cam209/clips/2026/04/12/cam209_20260412T234653Z.mp4 (4259629 bytes)
[2026-04-12T19:47:36.846217] Starting 60-second capture -> /Users/Chen/PycharmProjects/CSCI_6234_Final/recordings/cam209/clips/2026/04/12/cam209_20260412T234736Z.mp4
[tls @ 0x7fde3b004680] IO error: End of file
[https @ 0x7fde3b004540] Error reading HTTP response: End of file
[tls @ 0x7fde3b028080] IO error: End of file
[https @ 0x7fde3b01d780] Error reading HTTP response: End of file
[tls @ 0x7fde3b131880] IO error: End of file
[https @ 0x7fde3b16f8c0] Error reading HTTP response: End of file
[2026-04-12T19:48:14.042241] Saved clip /Users/Chen/PycharmProjects/CSCI_6234_Final/recordings/cam209/clips/2026/04/12/cam209_20260412T234736Z.mp4 (4244796 bytes)
[2026-04-12T19:48:14.551975] Starting 60-second capture -> /Users/Chen/PycharmProjects/CSCI_6234_Final/recordings/cam209/clips/2026/04/12/cam209_20260412T234814Z.mp4
[tls @ 0x7fbb79d04540] IO error: End of file
[https @ 0x7fbb79b05240] Error reading HTTP response: End of file
[tls @ 0x7fbb79e6b180] IO error: End of file
[https @ 0x7fbb79e67580] Error reading HTTP response: End of file
[tls @ 0x7fbb79e2f180] IO error: End of file
[https @ 0x7fbb79e1ac00] Error reading HTTP response: End of file
[tls @ 0x7fbb79e6b180] IO error: End of file
[https @ 0x7fbb79e64780] Error reading HTTP response: End of file
[2026-04-12T19:48:51.495320] Saved clip /Users/Chen/PycharmProjects/CSCI_6234_Final/recordings/cam209/clips/2026/04/12/cam209_20260412T234814Z.mp4 (4244960 bytes)
[2026-04-12T19:48:52.017550] Starting 60-second capture -> /Users/Chen/PycharmProjects/CSCI_6234_Final/recordings/cam209/clips/2026/04/12/cam209_20260412T234852Z.mp4
[tls @ 0x7fe3278045c0] IO error: End of file
[https @ 0x7fe327804480] Error reading HTTP response: End of file
[tls @ 0x7fe32792c880] IO error: End of file
[https @ 0x7fe327945040] Error reading HTTP response: End of file
[tls @ 0x7fe316f44200] IO error: End of file
[https @ 0x7fe316f42ac0] Error reading HTTP response: End of file
[2026-04-12T19:49:35.284034] Saved clip /Users/Chen/PycharmProjects/CSCI_6234_Final/recordings/cam209/clips/2026/04/12/cam209_20260412T234852Z.mp4 (4245237 bytes)
[2026-04-12T19:49:35.805353] Starting 60-second capture -> /Users/Chen/PycharmProjects/CSCI_6234_Final/recordings/cam209/clips/2026/04/12/cam209_20260412T234935Z.mp4
[tls @ 0x7fa948804d00] IO error: End of file
[https @ 0x7fa948804bc0] Error reading HTTP response: End of file
[tls @ 0x7fa948a16f80] IO error: End of file
[https @ 0x7fa948a13080] Error reading HTTP response: End of file
[tls @ 0x7fa93ff22e40] IO error: End of file
[https @ 0x7fa93ff2f780] Error reading HTTP response: End of file
[tls @ 0x7fa94892db80] IO error: End of file
[https @ 0x7fa948935180] Error reading HTTP response: End of file
[2026-04-12T19:50:19.061995] Saved clip /Users/Chen/PycharmProjects/CSCI_6234_Final/recordings/cam209/clips/2026/04/12/cam209_20260412T234935Z.mp4 (4256975 bytes)
[2026-04-12T19:50:19.576018] Starting 60-second capture -> /Users/Chen/PycharmProjects/CSCI_6234_Final/recordings/cam209/clips/2026/04/12/cam209_20260412T235019Z.mp4
[tls @ 0x7f8b41d05c80] IO error: End of file
[https @ 0x7f8b41d05b40] Error reading HTTP response: End of file
[tls @ 0x7f8b41c34fc0] IO error: End of file
[https @ 0x7f8b41c2ab00] Error reading HTTP response: End of file
[tls @ 0x7f8b41c2ab00] IO error: End of file
[https @ 0x7f8b41c2abc0] Error reading HTTP response: End of file
[2026-04-12T19:51:02.914308] Saved clip /Users/Chen/PycharmProjects/CSCI_6234_Final/recordings/cam209/clips/2026/04/12/cam209_20260412T235019Z.mp4 (4266532 bytes)
[2026-04-12T19:51:03.438336] Starting 60-second capture -> /Users/Chen/PycharmProjects/CSCI_6234_Final/recordings/cam209/clips/2026/04/12/cam209_20260412T235103Z.mp4
[tls @ 0x7fdbbdc05480] IO error: End of file
[https @ 0x7fdbbda04980] Error reading HTTP response: End of file
[tls @ 0x7fdbbdb8be80] IO error: End of file
[https @ 0x7fdbbdb96180] Error reading HTTP response: End of file
[tls @ 0x7fdbbdc1de00] IO error: End of file
[https @ 0x7fdbbdc257c0] Error reading HTTP response: End of file
[2026-04-12T19:51:46.415132] Saved clip /Users/Chen/PycharmProjects/CSCI_6234_Final/recordings/cam209/clips/2026/04/12/cam209_20260412T235103Z.mp4 (4269255 bytes)
[2026-04-12T19:51:46.933782] Starting 60-second capture -> /Users/Chen/PycharmProjects/CSCI_6234_Final/recordings/cam209/clips/2026/04/12/cam209_20260412T235146Z.mp4
[tls @ 0x7fc72e918240] IO error: End of file
[https @ 0x7fc72e91e940] Error reading HTTP response: End of file
[tls @ 0x7fc72e918240] IO error: End of file
[https @ 0x7fc72e953f00] Error reading HTTP response: End of file
[2026-04-12T19:52:28.897058] Saved clip /Users/Chen/PycharmProjects/CSCI_6234_Final/recordings/cam209/clips/2026/04/12/cam209_20260412T235146Z.mp4 (4247277 bytes)
[2026-04-12T19:52:29.421062] Starting 60-second capture -> /Users/Chen/PycharmProjects/CSCI_6234_Final/recordings/cam209/clips/2026/04/12/cam209_20260412T235229Z.mp4
[tls @ 0x7fb7c80063c0] IO error: End of file
[https @ 0x7fb7c80062c0] Error reading HTTP response: End of file
[tls @ 0x7fb7af740cc0] IO error: End of file
[https @ 0x7fb7af748940] Error reading HTTP response: End of file
[tls @ 0x7fb7c80166c0] IO error: End of file
[https @ 0x7fb7c801b140] Error reading HTTP response: End of file
[2026-04-12T19:53:06.268705] Saved clip /Users/Chen/PycharmProjects/CSCI_6234_Final/recordings/cam209/clips/2026/04/12/cam209_20260412T235229Z.mp4 (4261387 bytes)
[2026-04-12T19:53:06.784221] Starting 60-second capture -> /Users/Chen/PycharmProjects/CSCI_6234_Final/recordings/cam209/clips/2026/04/12/cam209_20260412T235306Z.mp4
[tls @ 0x7fe427804b40] IO error: End of file
[https @ 0x7fe427804a00] Error reading HTTP response: End of file
[tls @ 0x7fe42790ed40] IO error: End of file
[https @ 0x7fe4279129c0] Error reading HTTP response: End of file
[tls @ 0x7fe426f63ec0] IO error: End of file
[https @ 0x7fe426f71800] Error reading HTTP response: End of file
[2026-04-12T19:53:50.358106] Saved clip /Users/Chen/PycharmProjects/CSCI_6234_Final/recordings/cam209/clips/2026/04/12/cam209_20260412T235306Z.mp4 (4261013 bytes)
[2026-04-12T19:53:50.879708] Starting 60-second capture -> /Users/Chen/PycharmProjects/CSCI_6234_Final/recordings/cam209/clips/2026/04/12/cam209_20260412T235350Z.mp4
[tls @ 0x7f88e8104800] IO error: End of file
[https @ 0x7f88e81046c0] Error reading HTTP response: End of file
[tls @ 0x7f88e8049600] IO error: End of file
[https @ 0x7f88e8007f80] Error reading HTTP response: End of file
[tls @ 0x7f88e8049600] IO error: End of file
[https @ 0x7f88e8051e80] Error reading HTTP response: End of file
[2026-04-12T19:54:34.058942] Saved clip /Users/Chen/PycharmProjects/CSCI_6234_Final/recordings/cam209/clips/2026/04/12/cam209_20260412T235350Z.mp4 (4276007 bytes)
[2026-04-12T19:54:34.576539] Starting 60-second capture -> /Users/Chen/PycharmProjects/CSCI_6234_Final/recordings/cam209/clips/2026/04/12/cam209_20260412T235434Z.mp4
[tls @ 0x7f8278904500] IO error: End of file
[https @ 0x7f82789043c0] Error reading HTTP response: End of file
[tls @ 0x7f8278933340] IO error: End of file
[https @ 0x7f827892f740] Error reading HTTP response: End of file
[tls @ 0x7f827899e400] IO error: End of file
[https @ 0x7f8278942d40] Error reading HTTP response: End of file
[tls @ 0x7f8278a3cf80] IO error: End of file
[https @ 0x7f8278a30e00] Error reading HTTP response: End of file
[tls @ 0x7f827899e400] IO error: End of file
[https @ 0x7f8278909d00] Error reading HTTP response: End of file
[2026-04-12T19:55:18.111158] Saved clip /Users/Chen/PycharmProjects/CSCI_6234_Final/recordings/cam209/clips/2026/04/12/cam209_20260412T235434Z.mp4 (4264018 bytes)
[2026-04-12T19:55:18.643852] Starting 60-second capture -> /Users/Chen/PycharmProjects/CSCI_6234_Final/recordings/cam209/clips/2026/04/12/cam209_20260412T235518Z.mp4
[tls @ 0x7fc8c0904380] IO error: End of file
[https @ 0x7fc8c0904240] Error reading HTTP response: End of file
[tls @ 0x7fc8c0b43240] IO error: End of file
[https @ 0x7fc8c0b44580] Error reading HTTP response: End of file
[tls @ 0x7fc8c0818280] IO error: End of file
[https @ 0x7fc8c0812940] Error reading HTTP response: End of file
[2026-04-12T19:55:55.074397] Saved clip /Users/Chen/PycharmProjects/CSCI_6234_Final/recordings/cam209/clips/2026/04/12/cam209_20260412T235518Z.mp4 (4262479 bytes)
[2026-04-12T19:55:55.595560] Starting 60-second capture -> /Users/Chen/PycharmProjects/CSCI_6234_Final/recordings/cam209/clips/2026/04/12/cam209_20260412T235555Z.mp4
[tls @ 0x7f8c4d504840] IO error: End of file
[https @ 0x7f8c4d504700] Error reading HTTP response: End of file
[tls @ 0x7f8c4d50cf00] IO error: End of file
[https @ 0x7f8c4d534500] Error reading HTTP response: End of file
[tls @ 0x7f8c4d443cc0] IO error: End of file
[https @ 0x7f8c4d404440] Error reading HTTP response: End of file
[2026-04-12T19:56:40.040079] Saved clip /Users/Chen/PycharmProjects/CSCI_6234_Final/recordings/cam209/clips/2026/04/12/cam209_20260412T235555Z.mp4 (4247133 bytes)
[2026-04-12T19:56:40.559351] Starting 60-second capture -> /Users/Chen/PycharmProjects/CSCI_6234_Final/recordings/cam209/clips/2026/04/12/cam209_20260412T235640Z.mp4
[tls @ 0x7fd425004500] IO error: End of file
[https @ 0x7fd4250043c0] Error reading HTTP response: End of file
[tls @ 0x7fd43551bd80] IO error: End of file
[https @ 0x7fd43552ddc0] Error reading HTTP response: End of file
[2026-04-12T19:57:22.534566] Saved clip /Users/Chen/PycharmProjects/CSCI_6234_Final/recordings/cam209/clips/2026/04/12/cam209_20260412T235640Z.mp4 (4274914 bytes)
[2026-04-12T19:57:23.048976] Starting 60-second capture -> /Users/Chen/PycharmProjects/CSCI_6234_Final/recordings/cam209/clips/2026/04/12/cam209_20260412T235723Z.mp4
[tls @ 0x7fa0d3c04440] IO error: End of file
[https @ 0x7fa0d3b05a40] Error reading HTTP response: End of file
[tls @ 0x7fa0d3a399c0] IO error: End of file
[https @ 0x7fa0d3c05080] Error reading HTTP response: End of file
[tls @ 0x7fa0d3a399c0] IO error: End of file
[https @ 0x7fa0d3a31c40] Error reading HTTP response: End of file
[2026-04-12T19:58:06.550883] Saved clip /Users/Chen/PycharmProjects/CSCI_6234_Final/recordings/cam209/clips/2026/04/12/cam209_20260412T235723Z.mp4 (4281365 bytes)
[2026-04-12T19:58:07.076212] Starting 60-second capture -> /Users/Chen/PycharmProjects/CSCI_6234_Final/recordings/cam209/clips/2026/04/12/cam209_20260412T235807Z.mp4
[tls @ 0x7fb88da06540] IO error: End of file
[https @ 0x7fb88da06440] Error reading HTTP response: End of file
[tls @ 0x7fb88da0c1c0] IO error: End of file
[https @ 0x7fb88da44bc0] Error reading HTTP response: End of file
[tls @ 0x7fb87d01e280] IO error: End of file
[https @ 0x7fb87d030480] Error reading HTTP response: End of file
[tls @ 0x7fb87d12f580] IO error: End of file
[https @ 0x7fb87d13ea40] Error reading HTTP response: End of file
[tls @ 0x7fb87d008a40] IO error: End of file
[https @ 0x7fb87d004c00] Error reading HTTP response: End of file
[2026-04-12T19:58:50.128665] Saved clip /Users/Chen/PycharmProjects/CSCI_6234_Final/recordings/cam209/clips/2026/04/12/cam209_20260412T235807Z.mp4 (4264230 bytes)
[2026-04-12T19:58:50.655416] Starting 60-second capture -> /Users/Chen/PycharmProjects/CSCI_6234_Final/recordings/cam209/clips/2026/04/12/cam209_20260412T235850Z.mp4
[tls @ 0x7fe773404500] IO error: End of file
[https @ 0x7fe7734043c0] Error reading HTTP response: End of file
[tls @ 0x7fe773351280] IO error: End of file
[https @ 0x7fe773332440] Error reading HTTP response: End of file
[tls @ 0x7fe75273f800] IO error: End of file
[https @ 0x7fe752738a00] Error reading HTTP response: End of file
[2026-04-12T19:59:34.195711] Saved clip /Users/Chen/PycharmProjects/CSCI_6234_Final/recordings/cam209/clips/2026/04/12/cam209_20260412T235850Z.mp4 (4259959 bytes)
[2026-04-12T19:59:34.718417] Starting 60-second capture -> /Users/Chen/PycharmProjects/CSCI_6234_Final/recordings/cam209/clips/2026/04/12/cam209_20260412T235934Z.mp4
[tls @ 0x7fe286a24880] IO error: End of file
[https @ 0x7fe286a2be00] Error reading HTTP response: End of file
[tls @ 0x7fe276924580] IO error: End of file
[https @ 0x7fe276922240] Error reading HTTP response: End of file
[tls @ 0x7fe276924580] IO error: End of file
[https @ 0x7fe276954c40] Error reading HTTP response: End of file
[2026-04-12T20:00:19.963511] Saved clip /Users/Chen/PycharmProjects/CSCI_6234_Final/recordings/cam209/clips/2026/04/12/cam209_20260412T235934Z.mp4 (4260631 bytes)
[2026-04-12T20:00:20.477405] Starting 60-second capture -> /Users/Chen/PycharmProjects/CSCI_6234_Final/recordings/cam209/clips/2026/04/13/cam209_20260413T000020Z.mp4
[tls @ 0x7fe0d6f04680] IO error: End of file
[https @ 0x7fe0d6f04540] Error reading HTTP response: End of file
[tls @ 0x7fe0d7806800] IO error: End of file
[https @ 0x7fe0d7807100] Error reading HTTP response: End of file
[tls @ 0x7fe0d7813940] IO error: End of file
[https @ 0x7fe0d7809840] Error reading HTTP response: End of file
[tls @ 0x7fe0d7927980] IO error: End of file
[https @ 0x7fe0d7942840] Error reading HTTP response: End of file
[tls @ 0x7fe0e6f49e80] IO error: End of file
[https @ 0x7fe0e6f2dac0] Error reading HTTP response: End of file
[2026-04-12T20:01:03.770743] Saved clip /Users/Chen/PycharmProjects/CSCI_6234_Final/recordings/cam209/clips/2026/04/13/cam209_20260413T000020Z.mp4 (4265261 bytes)
[2026-04-12T20:01:04.285899] Starting 60-second capture -> /Users/Chen/PycharmProjects/CSCI_6234_Final/recordings/cam209/clips/2026/04/13/cam209_20260413T000104Z.mp4
[tls @ 0x7fb69b804500] IO error: End of file
[https @ 0x7fb69b8043c0] Error reading HTTP response: End of file
[tls @ 0x7fb6aab5fac0] IO error: End of file
[https @ 0x7fb6aab5fd40] Error reading HTTP response: End of file
[tls @ 0x7fb69b824cc0] IO error: End of file
[https @ 0x7fb69b82bfc0] Error reading HTTP response: End of file
[2026-04-12T20:01:47.659033] Saved clip /Users/Chen/PycharmProjects/CSCI_6234_Final/recordings/cam209/clips/2026/04/13/cam209_20260413T000104Z.mp4 (4262110 bytes)
[2026-04-12T20:01:48.175629] Starting 60-second capture -> /Users/Chen/PycharmProjects/CSCI_6234_Final/recordings/cam209/clips/2026/04/13/cam209_20260413T000148Z.mp4
[tls @ 0x7fcfc1f05100] IO error: End of file
[https @ 0x7fcfc1f04b80] Error reading HTTP response: End of file
[tls @ 0x7fcfd2a13c80] IO error: End of file
[https @ 0x7fcfd2a54780] Error reading HTTP response: End of file
[2026-04-12T20:02:29.412512] Saved clip /Users/Chen/PycharmProjects/CSCI_6234_Final/recordings/cam209/clips/2026/04/13/cam209_20260413T000148Z.mp4 (4260648 bytes)
[2026-04-12T20:02:29.938898] Starting 60-second capture -> /Users/Chen/PycharmProjects/CSCI_6234_Final/recordings/cam209/clips/2026/04/13/cam209_20260413T000229Z.mp4
[tls @ 0x7f8ec0804680] IO error: End of file
[https @ 0x7f8ec0804540] Error reading HTTP response: End of file
[tls @ 0x7f8ec0845080] IO error: End of file
[https @ 0x7f8ec086d700] Error reading HTTP response: End of file
[tls @ 0x7f8eb7f04140] IO error: End of file
[https @ 0x7f8eb7f04080] Error reading HTTP response: End of file
[2026-04-12T20:03:02.241983] Saved clip /Users/Chen/PycharmProjects/CSCI_6234_Final/recordings/cam209/clips/2026/04/13/cam209_20260413T000229Z.mp4 (4274228 bytes)
[2026-04-12T20:03:02.764849] Starting 60-second capture -> /Users/Chen/PycharmProjects/CSCI_6234_Final/recordings/cam209/clips/2026/04/13/cam209_20260413T000302Z.mp4
[tls @ 0x7fd066805100] IO error: End of file
[https @ 0x7fd066804bc0] Error reading HTTP response: End of file
[tls @ 0x7fd06680a980] IO error: End of file
[https @ 0x7fd06681d6c0] Error reading HTTP response: End of file
[tls @ 0x7fd076708580] IO error: End of file
[https @ 0x7fd07670ff40] Error reading HTTP response: End of file
[2026-04-12T20:03:46.418265] Saved clip /Users/Chen/PycharmProjects/CSCI_6234_Final/recordings/cam209/clips/2026/04/13/cam209_20260413T000302Z.mp4 (4258359 bytes)
[2026-04-12T20:03:46.940817] Starting 60-second capture -> /Users/Chen/PycharmProjects/CSCI_6234_Final/recordings/cam209/clips/2026/04/13/cam209_20260413T000346Z.mp4
[tls @ 0x7fa2d9a04800] IO error: End of file
[https @ 0x7fa2d9a046c0] Error reading HTTP response: End of file
[tls @ 0x7fa2d9b08100] IO error: End of file
[https @ 0x7fa2d9b08040] Error reading HTTP response: End of file
[tls @ 0x7fa2d9c1c700] IO error: End of file
[https @ 0x7fa2d9c1b680] Error reading HTTP response: End of file
[tls @ 0x7fa2d9c0dc00] IO error: End of file
[https @ 0x7fa2d9c0ef40] Error reading HTTP response: End of file
[2026-04-12T20:04:24.899562] Saved clip /Users/Chen/PycharmProjects/CSCI_6234_Final/recordings/cam209/clips/2026/04/13/cam209_20260413T000346Z.mp4 (4265661 bytes)
[2026-04-12T20:04:25.423980] Starting 60-second capture -> /Users/Chen/PycharmProjects/CSCI_6234_Final/recordings/cam209/clips/2026/04/13/cam209_20260413T000425Z.mp4
[tls @ 0x7fe1fbb05c80] IO error: End of file
[https @ 0x7fe1fbb05b40] Error reading HTTP response: End of file
[tls @ 0x7fe1eb816bc0] IO error: End of file
[https @ 0x7fe1eb81b640] Error reading HTTP response: End of file
[tls @ 0x7fe1fbc0d140] IO error: End of file
[https @ 0x7fe1fbc14700] Error reading HTTP response: End of file
[tls @ 0x7fe1fbc568c0] IO error: End of file
[https @ 0x7fe1fbc68ac0] Error reading HTTP response: End of file
[tls @ 0x7fe1fbc14700] IO error: End of file
[https @ 0x7fe1fbc75700] Error reading HTTP response: End of file
[tls @ 0x7fe1fbc14d00] IO error: End of file
[https @ 0x7fe1fbc06fc0] Error reading HTTP response: End of file
[2026-04-12T20:05:08.954838] Saved clip /Users/Chen/PycharmProjects/CSCI_6234_Final/recordings/cam209/clips/2026/04/13/cam209_20260413T000425Z.mp4 (4261956 bytes)
[2026-04-12T20:05:09.484932] Starting 60-second capture -> /Users/Chen/PycharmProjects/CSCI_6234_Final/recordings/cam209/clips/2026/04/13/cam209_20260413T000509Z.mp4
[tls @ 0x7ff3fd914dc0] IO error: End of file
[https @ 0x7ff3fd91c380] Error reading HTTP response: End of file
[tls @ 0x7ff3fc704cc0] IO error: End of file
[https @ 0x7ff3fc704b80] Error reading HTTP response: End of file
[tls @ 0x7ff3fd838800] IO error: End of file
[https @ 0x7ff3fd80c0c0] Error reading HTTP response: End of file
[tls @ 0x7ff3fd970400] IO error: End of file
[https @ 0x7ff3fd982600] Error reading HTTP response: End of file
[tls @ 0x7ff3fd910480] IO error: End of file
[https @ 0x7ff3fd987ec0] Error reading HTTP response: End of file
[2026-04-12T20:05:55.493230] Saved clip /Users/Chen/PycharmProjects/CSCI_6234_Final/recordings/cam209/clips/2026/04/13/cam209_20260413T000509Z.mp4 (4259651 bytes)
[2026-04-12T20:05:56.014408] Starting 60-second capture -> /Users/Chen/PycharmProjects/CSCI_6234_Final/recordings/cam209/clips/2026/04/13/cam209_20260413T000556Z.mp4
[tls @ 0x7fb8522042c0] IO error: End of file
[https @ 0x7fb852404240] Error reading HTTP response: End of file
[tls @ 0x7fb85252aec0] IO error: End of file
[https @ 0x7fb85251f780] Error reading HTTP response: End of file
[tls @ 0x7fb8523b41c0] IO error: End of file
[https @ 0x7fb852358c80] Error reading HTTP response: End of file
[tls @ 0x7fb85220a7c0] IO error: End of file
[https @ 0x7fb85220a700] Error reading HTTP response: End of file
[2026-04-12T20:06:40.498449] Saved clip /Users/Chen/PycharmProjects/CSCI_6234_Final/recordings/cam209/clips/2026/04/13/cam209_20260413T000556Z.mp4 (4262781 bytes)
[2026-04-12T20:06:41.018682] Starting 60-second capture -> /Users/Chen/PycharmProjects/CSCI_6234_Final/recordings/cam209/clips/2026/04/13/cam209_20260413T000641Z.mp4
[tls @ 0x7fa0b9105740] IO error: End of file
[https @ 0x7fa0b9105080] Error reading HTTP response: End of file
[tls @ 0x7fa0b9226880] IO error: End of file
[https @ 0x7fa0b9226f40] Error reading HTTP response: End of file
[2026-04-12T20:07:21.497126] Saved clip /Users/Chen/PycharmProjects/CSCI_6234_Final/recordings/cam209/clips/2026/04/13/cam209_20260413T000641Z.mp4 (4265253 bytes)
[2026-04-12T20:07:22.022330] Starting 60-second capture -> /Users/Chen/PycharmProjects/CSCI_6234_Final/recordings/cam209/clips/2026/04/13/cam209_20260413T000722Z.mp4
[tls @ 0x7fd21cc05e00] IO error: End of file
[https @ 0x7fd21cc05cc0] Error reading HTTP response: End of file
[tls @ 0x7fd21cc54000] IO error: End of file
[https @ 0x7fd21cc43cc0] Error reading HTTP response: End of file
[tls @ 0x7fd20bf16bc0] IO error: End of file
[https @ 0x7fd20bf44ac0] Error reading HTTP response: End of file
[2026-04-12T20:08:05.155615] Saved clip /Users/Chen/PycharmProjects/CSCI_6234_Final/recordings/cam209/clips/2026/04/13/cam209_20260413T000722Z.mp4 (4266963 bytes)
[2026-04-12T20:08:05.677000] Starting 60-second capture -> /Users/Chen/PycharmProjects/CSCI_6234_Final/recordings/cam209/clips/2026/04/13/cam209_20260413T000805Z.mp4
[tls @ 0x7fb853704380] IO error: End of file
[https @ 0x7fb853704240] Error reading HTTP response: End of file
[tls @ 0x7fb823704300] IO error: End of file
[https @ 0x7fb823704240] Error reading HTTP response: End of file
[tls @ 0x7fb854039580] IO error: End of file
[https @ 0x7fb854034000] Error reading HTTP response: End of file
[2026-04-12T20:08:49.280904] Saved clip /Users/Chen/PycharmProjects/CSCI_6234_Final/recordings/cam209/clips/2026/04/13/cam209_20260413T000805Z.mp4 (4254830 bytes)
[2026-04-12T20:08:49.805403] Starting 60-second capture -> /Users/Chen/PycharmProjects/CSCI_6234_Final/recordings/cam209/clips/2026/04/13/cam209_20260413T000849Z.mp4
[tls @ 0x7facef705c80] IO error: End of file
[https @ 0x7facef705b40] Error reading HTTP response: End of file
[tls @ 0x7facdf74e800] IO error: End of file
[https @ 0x7facdf757080] Error reading HTTP response: End of file
[tls @ 0x7facf8014900] IO error: End of file
[https @ 0x7facf802a0c0] Error reading HTTP response: End of file
[2026-04-12T20:09:32.753379] Saved clip /Users/Chen/PycharmProjects/CSCI_6234_Final/recordings/cam209/clips/2026/04/13/cam209_20260413T000849Z.mp4 (4257873 bytes)
[2026-04-12T20:09:33.279338] Starting 60-second capture -> /Users/Chen/PycharmProjects/CSCI_6234_Final/recordings/cam209/clips/2026/04/13/cam209_20260413T000933Z.mp4
[tls @ 0x7fe8d0004680] IO error: End of file
[https @ 0x7fe8d0004540] Error reading HTTP response: End of file
[tls @ 0x7fe8b77385c0] IO error: End of file
[https @ 0x7fe8b775f100] Error reading HTTP response: End of file
[tls @ 0x7fe8c7728b00] IO error: End of file
[https @ 0x7fe8c77282c0] Error reading HTTP response: End of file
[2026-04-12T20:10:16.001300] Saved clip /Users/Chen/PycharmProjects/CSCI_6234_Final/recordings/cam209/clips/2026/04/13/cam209_20260413T000933Z.mp4 (4258143 bytes)
[2026-04-12T20:10:16.522829] Starting 60-second capture -> /Users/Chen/PycharmProjects/CSCI_6234_Final/recordings/cam209/clips/2026/04/13/cam209_20260413T001016Z.mp4
[tls @ 0x7fdf1a306700] IO error: End of file
[https @ 0x7fdf1a305f80] Error reading HTTP response: End of file
[tls @ 0x7fdf1a233780] IO error: End of file
[https @ 0x7fdf1a25ba80] Error reading HTTP response: End of file
[2026-04-12T20:10:57.045631] Saved clip /Users/Chen/PycharmProjects/CSCI_6234_Final/recordings/cam209/clips/2026/04/13/cam209_20260413T001016Z.mp4 (4270718 bytes)
[2026-04-12T20:10:57.564954] Starting 60-second capture -> /Users/Chen/PycharmProjects/CSCI_6234_Final/recordings/cam209/clips/2026/04/13/cam209_20260413T001057Z.mp4
[tls @ 0x7f90d2f04280] IO error: End of file
[https @ 0x7f90d2f040c0] Error reading HTTP response: End of file
[tls @ 0x7f90e3b16100] IO error: End of file
[https @ 0x7f90e3b2bc80] Error reading HTTP response: End of file
[tls @ 0x7f90e3a44680] IO error: End of file
[https @ 0x7f90e3a57200] Error reading HTTP response: End of file
[tls @ 0x7f90e3b20f40] IO error: End of file
[https @ 0x7f90e3b25180] Error reading HTTP response: End of file
[tls @ 0x7f90e3a2b4c0] IO error: End of file
[https @ 0x7f90e3a27900] Error reading HTTP response: End of file
[tls @ 0x7f90e3921ec0] IO error: End of file
[https @ 0x7f90e39605c0] Error reading HTTP response: End of file
[2026-04-12T20:11:31.431429] Saved clip /Users/Chen/PycharmProjects/CSCI_6234_Final/recordings/cam209/clips/2026/04/13/cam209_20260413T001057Z.mp4 (4256808 bytes)
[2026-04-12T20:11:31.955107] Starting 60-second capture -> /Users/Chen/PycharmProjects/CSCI_6234_Final/recordings/cam209/clips/2026/04/13/cam209_20260413T001131Z.mp4
[tls @ 0x7f98dc204ac0] IO error: End of file
[https @ 0x7f98dc204a00] Error reading HTTP response: End of file
[tls @ 0x7f98dc213600] IO error: End of file
[https @ 0x7f98dc225840] Error reading HTTP response: End of file
[tls @ 0x7f98dc322d40] IO error: End of file
[https @ 0x7f98dc34b3c0] Error reading HTTP response: End of file
[tls @ 0x7f98dc223740] IO error: End of file
[https @ 0x7f98dc226c40] Error reading HTTP response: End of file
[tls @ 0x7f98dc34c740] IO error: End of file
[https @ 0x7f98dc307a40] Error reading HTTP response: End of file
[tls @ 0x7f98dc434900] IO error: End of file
[https @ 0x7f98dc40bd00] Error reading HTTP response: End of file
[2026-04-12T20:12:14.710847] Saved clip /Users/Chen/PycharmProjects/CSCI_6234_Final/recordings/cam209/clips/2026/04/13/cam209_20260413T001131Z.mp4 (4262728 bytes)
[2026-04-12T20:12:15.233801] Starting 60-second capture -> /Users/Chen/PycharmProjects/CSCI_6234_Final/recordings/cam209/clips/2026/04/13/cam209_20260413T001215Z.mp4
[tls @ 0x7fe72eb05880] IO error: End of file
[https @ 0x7fe72eb05740] Error reading HTTP response: End of file
[tls @ 0x7fe71e823600] IO error: End of file
[https @ 0x7fe71e852f80] Error reading HTTP response: End of file
[2026-04-12T20:12:56.499943] Saved clip /Users/Chen/PycharmProjects/CSCI_6234_Final/recordings/cam209/clips/2026/04/13/cam209_20260413T001215Z.mp4 (4265878 bytes)
[2026-04-12T20:12:57.023907] Starting 60-second capture -> /Users/Chen/PycharmProjects/CSCI_6234_Final/recordings/cam209/clips/2026/04/13/cam209_20260413T001257Z.mp4
[tls @ 0x7f94e0005c80] IO error: End of file
[https @ 0x7f94e0005b40] Error reading HTTP response: End of file
[tls @ 0x7f94d0810540] IO error: End of file
[https @ 0x7f94d080c980] Error reading HTTP response: End of file
[tls @ 0x7f94e0032640] IO error: End of file
[https @ 0x7f94e0032c40] Error reading HTTP response: End of file
[tls @ 0x7f94c7f64200] IO error: End of file
[https @ 0x7f94c7f5c900] Error reading HTTP response: End of file
[2026-04-12T20:13:31.771118] Saved clip /Users/Chen/PycharmProjects/CSCI_6234_Final/recordings/cam209/clips/2026/04/13/cam209_20260413T001257Z.mp4 (4262012 bytes)
[2026-04-12T20:13:32.289292] Starting 60-second capture -> /Users/Chen/PycharmProjects/CSCI_6234_Final/recordings/cam209/clips/2026/04/13/cam209_20260413T001332Z.mp4
[tls @ 0x7f93a3f05180] IO error: End of file
[https @ 0x7f93a3f04a00] Error reading HTTP response: End of file
[tls @ 0x7f93a5139740] IO error: End of file
[https @ 0x7f93a5142d80] Error reading HTTP response: End of file
[tls @ 0x7f93a3f545c0] IO error: End of file
[https @ 0x7f93a3f46840] Error reading HTTP response: End of file
[2026-04-12T20:14:15.326633] Saved clip /Users/Chen/PycharmProjects/CSCI_6234_Final/recordings/cam209/clips/2026/04/13/cam209_20260413T001332Z.mp4 (4260046 bytes)
[2026-04-12T20:14:15.852729] Starting 60-second capture -> /Users/Chen/PycharmProjects/CSCI_6234_Final/recordings/cam209/clips/2026/04/13/cam209_20260413T001415Z.mp4
[tls @ 0x7fb075004380] IO error: End of file
[https @ 0x7fb075004240] Error reading HTTP response: End of file
[tls @ 0x7fb075116c80] IO error: End of file
[https @ 0x7fb07511a940] Error reading HTTP response: End of file
[tls @ 0x7fb0751339c0] IO error: End of file
[https @ 0x7fb075123840] Error reading HTTP response: End of file
[tls @ 0x7fb07510ae80] IO error: End of file
[https @ 0x7fb075143b80] Error reading HTTP response: End of file
[2026-04-12T20:14:55.936692] Saved clip /Users/Chen/PycharmProjects/CSCI_6234_Final/recordings/cam209/clips/2026/04/13/cam209_20260413T001415Z.mp4 (4258911 bytes)
[2026-04-12T20:14:56.461210] Starting 60-second capture -> /Users/Chen/PycharmProjects/CSCI_6234_Final/recordings/cam209/clips/2026/04/13/cam209_20260413T001456Z.mp4
[tls @ 0x7fecae704680] IO error: End of file
[https @ 0x7fecae704540] Error reading HTTP response: End of file
[tls @ 0x7fecaf114040] IO error: End of file
[https @ 0x7fecae768980] Error reading HTTP response: End of file
[tls @ 0x7fecaf114040] IO error: End of file
[https @ 0x7fecaf11af40] Error reading HTTP response: End of file
[2026-04-12T20:15:39.243962] Saved clip /Users/Chen/PycharmProjects/CSCI_6234_Final/recordings/cam209/clips/2026/04/13/cam209_20260413T001456Z.mp4 (4262648 bytes)
[2026-04-12T20:15:39.773134] Starting 60-second capture -> /Users/Chen/PycharmProjects/CSCI_6234_Final/recordings/cam209/clips/2026/04/13/cam209_20260413T001539Z.mp4
[tls @ 0x7fe026a160c0] IO error: End of file
[https @ 0x7fe026a195c0] Error reading HTTP response: End of file
[tls @ 0x7fe016804680] IO error: End of file
[https @ 0x7fe016804540] Error reading HTTP response: End of file
[tls @ 0x7fe026a512c0] IO error: End of file
[https @ 0x7fe026a6dfc0] Error reading HTTP response: End of file
[tls @ 0x7fe026a2f780] IO error: End of file
[https @ 0x7fe026a27f00] Error reading HTTP response: End of file
[tls @ 0x7fe015f1cd00] IO error: End of file
[https @ 0x7fe015f5bcc0] Error reading HTTP response: End of file
[2026-04-12T20:16:25.736191] Saved clip /Users/Chen/PycharmProjects/CSCI_6234_Final/recordings/cam209/clips/2026/04/13/cam209_20260413T001539Z.mp4 (4256601 bytes)
[2026-04-12T20:16:26.261126] Starting 60-second capture -> /Users/Chen/PycharmProjects/CSCI_6234_Final/recordings/cam209/clips/2026/04/13/cam209_20260413T001626Z.mp4
[tls @ 0x7fedbe204680] IO error: End of file
[https @ 0x7fedbe204540] Error reading HTTP response: End of file
[tls @ 0x7fedbe520700] IO error: End of file
[https @ 0x7fedbe522c80] Error reading HTTP response: End of file
[tls @ 0x7fedbe520700] IO error: End of file
[https @ 0x7fedbe52b780] Error reading HTTP response: End of file
[2026-04-12T20:17:09.037304] Saved clip /Users/Chen/PycharmProjects/CSCI_6234_Final/recordings/cam209/clips/2026/04/13/cam209_20260413T001626Z.mp4 (4254364 bytes)
[2026-04-12T20:17:09.565956] Starting 60-second capture -> /Users/Chen/PycharmProjects/CSCI_6234_Final/recordings/cam209/clips/2026/04/13/cam209_20260413T001709Z.mp4
[tls @ 0x7fee7fb05740] IO error: End of file
[https @ 0x7fee7b104540] Error reading HTTP response: End of file
[tls @ 0x7fee7b15c600] IO error: End of file
[https @ 0x7fee7b158a00] Error reading HTTP response: End of file
[tls @ 0x7fee7f9493c0] IO error: End of file
[https @ 0x7fee7f918b00] Error reading HTTP response: End of file
[2026-04-12T20:17:52.507167] Saved clip /Users/Chen/PycharmProjects/CSCI_6234_Final/recordings/cam209/clips/2026/04/13/cam209_20260413T001709Z.mp4 (4275019 bytes)
[2026-04-12T20:17:53.036184] Starting 60-second capture -> /Users/Chen/PycharmProjects/CSCI_6234_Final/recordings/cam209/clips/2026/04/13/cam209_20260413T001753Z.mp4
[tls @ 0x7fdc01a04800] IO error: End of file
[https @ 0x7fdc01a046c0] Error reading HTTP response: End of file
[tls @ 0x7fdc01c18d80] IO error: End of file
[https @ 0x7fdc01c19380] Error reading HTTP response: End of file
[tls @ 0x7fdc01b0dc00] IO error: End of file
[https @ 0x7fdc01b0d9c0] Error reading HTTP response: End of file
[2026-04-12T20:18:36.025878] Saved clip /Users/Chen/PycharmProjects/CSCI_6234_Final/recordings/cam209/clips/2026/04/13/cam209_20260413T001753Z.mp4 (4253179 bytes)
[2026-04-12T20:18:36.549435] Starting 60-second capture -> /Users/Chen/PycharmProjects/CSCI_6234_Final/recordings/cam209/clips/2026/04/13/cam209_20260413T001836Z.mp4
[tls @ 0x7fdc9e804500] IO error: End of file
[https @ 0x7fdc9e8043c0] Error reading HTTP response: End of file
[tls @ 0x7fdc9d71ef40] IO error: End of file
[https @ 0x7fdc9e851540] Error reading HTTP response: End of file
[tls @ 0x7fdc9e915a40] IO error: End of file
[https @ 0x7fdc9e913440] Error reading HTTP response: End of file
[2026-04-12T20:19:19.460035] Saved clip /Users/Chen/PycharmProjects/CSCI_6234_Final/recordings/cam209/clips/2026/04/13/cam209_20260413T001836Z.mp4 (4249362 bytes)
[2026-04-12T20:19:19.988075] Starting 60-second capture -> /Users/Chen/PycharmProjects/CSCI_6234_Final/recordings/cam209/clips/2026/04/13/cam209_20260413T001919Z.mp4
[tls @ 0x7f80d4004500] IO error: End of file
[https @ 0x7f80d40043c0] Error reading HTTP response: End of file
[tls @ 0x7f80d41357c0] IO error: End of file
[https @ 0x7f80d414d340] Error reading HTTP response: End of file
[tls @ 0x7f80d3720bc0] IO error: End of file
[https @ 0x7f80d373adc0] Error reading HTTP response: End of file
[2026-04-12T20:20:02.933231] Saved clip /Users/Chen/PycharmProjects/CSCI_6234_Final/recordings/cam209/clips/2026/04/13/cam209_20260413T001919Z.mp4 (4260561 bytes)
[2026-04-12T20:20:03.462564] Starting 60-second capture -> /Users/Chen/PycharmProjects/CSCI_6234_Final/recordings/cam209/clips/2026/04/13/cam209_20260413T002003Z.mp4
[tls @ 0x7fba05a04640] IO error: End of file
[https @ 0x7fba05a04500] Error reading HTTP response: End of file
[tls @ 0x7fba05925800] IO error: End of file
[https @ 0x7fba05923c40] Error reading HTTP response: End of file
[tls @ 0x7fba05925800] IO error: End of file
[https @ 0x7fba05927d80] Error reading HTTP response: End of file
[2026-04-12T20:20:46.292009] Saved clip /Users/Chen/PycharmProjects/CSCI_6234_Final/recordings/cam209/clips/2026/04/13/cam209_20260413T002003Z.mp4 (4270353 bytes)
[2026-04-12T20:20:46.815792] Starting 60-second capture -> /Users/Chen/PycharmProjects/CSCI_6234_Final/recordings/cam209/clips/2026/04/13/cam209_20260413T002046Z.mp4
[tls @ 0x7f8a0c205c80] IO error: End of file
[https @ 0x7f8a0c205b40] Error reading HTTP response: End of file
[tls @ 0x7f89fb9258c0] IO error: End of file
[https @ 0x7f89fb91eb00] Error reading HTTP response: End of file
[2026-04-12T20:21:27.393908] Saved clip /Users/Chen/PycharmProjects/CSCI_6234_Final/recordings/cam209/clips/2026/04/13/cam209_20260413T002046Z.mp4 (4259798 bytes)
[2026-04-12T20:21:27.919690] Starting 60-second capture -> /Users/Chen/PycharmProjects/CSCI_6234_Final/recordings/cam209/clips/2026/04/13/cam209_20260413T002127Z.mp4
[tls @ 0x7fde04104680] IO error: End of file
[https @ 0x7fde04104540] Error reading HTTP response: End of file
[tls @ 0x7fde04136080] IO error: End of file
[https @ 0x7fde04141500] Error reading HTTP response: End of file
[tls @ 0x7fde04154900] IO error: End of file
[https @ 0x7fde0415ad80] Error reading HTTP response: End of file
[2026-04-12T20:22:05.292334] Saved clip /Users/Chen/PycharmProjects/CSCI_6234_Final/recordings/cam209/clips/2026/04/13/cam209_20260413T002127Z.mp4 (4261836 bytes)
[2026-04-12T20:22:05.819506] Starting 60-second capture -> /Users/Chen/PycharmProjects/CSCI_6234_Final/recordings/cam209/clips/2026/04/13/cam209_20260413T002205Z.mp4
[tls @ 0x7fdbef304500] IO error: End of file
[https @ 0x7fdbef3043c0] Error reading HTTP response: End of file
[tls @ 0x7fdbef222200] IO error: End of file
[https @ 0x7fdbef249340] Error reading HTTP response: End of file
[tls @ 0x7fdbef211500] IO error: End of file
[https @ 0x7fdbef506fc0] Error reading HTTP response: End of file
[tls @ 0x7fdbef222200] IO error: End of file
[https @ 0x7fdbef2499c0] Error reading HTTP response: End of file
[tls @ 0x7fdbef4894c0] IO error: End of file
[https @ 0x7fdbef415640] Error reading HTTP response: End of file
[2026-04-12T20:22:48.711520] Saved clip /Users/Chen/PycharmProjects/CSCI_6234_Final/recordings/cam209/clips/2026/04/13/cam209_20260413T002205Z.mp4 (4266432 bytes)
[2026-04-12T20:22:49.238416] Starting 60-second capture -> /Users/Chen/PycharmProjects/CSCI_6234_Final/recordings/cam209/clips/2026/04/13/cam209_20260413T002249Z.mp4
[tls @ 0x7fce49704680] IO error: End of file
[https @ 0x7fce49704540] Error reading HTTP response: End of file
[tls @ 0x7fce5a209780] IO error: End of file
[https @ 0x7fce5a209640] Error reading HTTP response: End of file
[tls @ 0x7fce4a030140] IO error: End of file
[https @ 0x7fce4a043100] Error reading HTTP response: End of file
[tls @ 0x7fce5a353b80] IO error: End of file
[https @ 0x7fce5a33c8c0] Error reading HTTP response: End of file
[2026-04-12T20:23:24.255323] Saved clip /Users/Chen/PycharmProjects/CSCI_6234_Final/recordings/cam209/clips/2026/04/13/cam209_20260413T002249Z.mp4 (4271052 bytes)
[2026-04-12T20:23:24.780050] Starting 60-second capture -> /Users/Chen/PycharmProjects/CSCI_6234_Final/recordings/cam209/clips/2026/04/13/cam209_20260413T002324Z.mp4
[tls @ 0x7fdecc704680] IO error: End of file
[https @ 0x7fdecc704540] Error reading HTTP response: End of file
[tls @ 0x7fdedd31d380] IO error: End of file
[https @ 0x7fdedd32fa80] Error reading HTTP response: End of file
[tls @ 0x7fdecc704e00] IO error: End of file
[https @ 0x7fdecc705380] Error reading HTTP response: End of file
[tls @ 0x7fdedd429680] IO error: End of file
[https @ 0x7fdedd436100] Error reading HTTP response: End of file
[2026-04-12T20:24:07.778818] Saved clip /Users/Chen/PycharmProjects/CSCI_6234_Final/recordings/cam209/clips/2026/04/13/cam209_20260413T002324Z.mp4 (4245322 bytes)
[2026-04-12T20:24:08.304331] Starting 60-second capture -> /Users/Chen/PycharmProjects/CSCI_6234_Final/recordings/cam209/clips/2026/04/13/cam209_20260413T002408Z.mp4
[tls @ 0x7fd904204bc0] IO error: End of file
[https @ 0x7fd904304200] Error reading HTTP response: End of file
[tls @ 0x7fd904207cc0] IO error: End of file
[https @ 0x7fd904207c00] Error reading HTTP response: End of file
[tls @ 0x7fd9042326c0] IO error: End of file
[https @ 0x7fd9042324c0] Error reading HTTP response: End of file
[tls @ 0x7fd90443cdc0] IO error: End of file
[https @ 0x7fd90443b6c0] Error reading HTTP response: End of file
[2026-04-12T20:24:45.783721] Saved clip /Users/Chen/PycharmProjects/CSCI_6234_Final/recordings/cam209/clips/2026/04/13/cam209_20260413T002408Z.mp4 (4260481 bytes)
[2026-04-12T20:24:46.310535] Starting 60-second capture -> /Users/Chen/PycharmProjects/CSCI_6234_Final/recordings/cam209/clips/2026/04/13/cam209_20260413T002446Z.mp4
[tls @ 0x7f8712205b00] IO error: End of file
[https @ 0x7f87122059c0] Error reading HTTP response: End of file
[tls @ 0x7f87017323c0] IO error: End of file
[https @ 0x7f8702063840] Error reading HTTP response: End of file
[tls @ 0x7f87021268c0] IO error: End of file
[https @ 0x7f8702139200] Error reading HTTP response: End of file
[2026-04-12T20:25:28.765055] Saved clip /Users/Chen/PycharmProjects/CSCI_6234_Final/recordings/cam209/clips/2026/04/13/cam209_20260413T002446Z.mp4 (4253059 bytes)
[2026-04-12T20:25:29.290184] Starting 60-second capture -> /Users/Chen/PycharmProjects/CSCI_6234_Final/recordings/cam209/clips/2026/04/13/cam209_20260413T002529Z.mp4
[tls @ 0x7f9b6b904680] IO error: End of file
[https @ 0x7f9b6b904540] Error reading HTTP response: End of file
[tls @ 0x7f9b6b938640] IO error: End of file
[https @ 0x7f9b6b935fc0] Error reading HTTP response: End of file
[tls @ 0x7f9b6b83be40] IO error: End of file
[https @ 0x7f9b6b835440] Error reading HTTP response: End of file
[2026-04-12T20:26:07.075394] Saved clip /Users/Chen/PycharmProjects/CSCI_6234_Final/recordings/cam209/clips/2026/04/13/cam209_20260413T002529Z.mp4 (4260940 bytes)
[2026-04-12T20:26:07.600034] Starting 60-second capture -> /Users/Chen/PycharmProjects/CSCI_6234_Final/recordings/cam209/clips/2026/04/13/cam209_20260413T002607Z.mp4
[tls @ 0x7fce85804500] IO error: End of file
[https @ 0x7fce85804400] Error reading HTTP response: End of file
[tls @ 0x7fcea5a0cc40] IO error: End of file
[https @ 0x7fcea5a24b80] Error reading HTTP response: End of file
[tls @ 0x7fce84f21580] IO error: End of file
[https @ 0x7fce84f28fc0] Error reading HTTP response: End of file
[tls @ 0x7fce84f35ec0] IO error: End of file
[https @ 0x7fce84f08c40] Error reading HTTP response: End of file
[tls @ 0x7fce84f2c700] IO error: End of file
[https @ 0x7fce84f2cb80] Error reading HTTP response: End of file
[tls @ 0x7fce8585dd00] IO error: End of file
[https @ 0x7fce85806780] Error reading HTTP response: End of file
[tls @ 0x7fcea5b1ef40] IO error: End of file
[https @ 0x7fcea5b04340] Error reading HTTP response: End of file
[2026-04-12T20:26:50.861032] Saved clip /Users/Chen/PycharmProjects/CSCI_6234_Final/recordings/cam209/clips/2026/04/13/cam209_20260413T002607Z.mp4 (4259686 bytes)
[2026-04-12T20:26:51.389955] Starting 60-second capture -> /Users/Chen/PycharmProjects/CSCI_6234_Final/recordings/cam209/clips/2026/04/13/cam209_20260413T002651Z.mp4
[tls @ 0x7ff72f2054c0] IO error: End of file
[https @ 0x7ff72f204e00] Error reading HTTP response: End of file
[tls @ 0x7ff72f21d780] IO error: End of file
[https @ 0x7ff72f231100] Error reading HTTP response: End of file
[tls @ 0x7ff72f47a680] IO error: End of file
[https @ 0x7ff72f445cc0] Error reading HTTP response: End of file
[2026-04-12T20:27:34.051117] Saved clip /Users/Chen/PycharmProjects/CSCI_6234_Final/recordings/cam209/clips/2026/04/13/cam209_20260413T002651Z.mp4 (4277338 bytes)
[2026-04-12T20:27:34.581258] Starting 60-second capture -> /Users/Chen/PycharmProjects/CSCI_6234_Final/recordings/cam209/clips/2026/04/13/cam209_20260413T002734Z.mp4
[tls @ 0x7fcc90804300] IO error: End of file
[https @ 0x7fcc908041c0] Error reading HTTP response: End of file
[tls @ 0x7fcc77f24100] IO error: End of file
[https @ 0x7fcc77f71240] Error reading HTTP response: End of file
[tls @ 0x7fcc87f15cc0] IO error: End of file
[https @ 0x7fcc87f1a600] Error reading HTTP response: End of file
[2026-04-12T20:28:18.006711] Saved clip /Users/Chen/PycharmProjects/CSCI_6234_Final/recordings/cam209/clips/2026/04/13/cam209_20260413T002734Z.mp4 (4266245 bytes)
[2026-04-12T20:28:18.530920] Starting 60-second capture -> /Users/Chen/PycharmProjects/CSCI_6234_Final/recordings/cam209/clips/2026/04/13/cam209_20260413T002818Z.mp4
[tls @ 0x7f7c9e504680] IO error: End of file
[https @ 0x7f7c9e504540] Error reading HTTP response: End of file
[tls @ 0x7f7c9e32cac0] IO error: End of file
[https @ 0x7f7c9e5330c0] Error reading HTTP response: End of file
[tls @ 0x7f7c9e2049c0] IO error: End of file
[https @ 0x7f7c9e335040] Error reading HTTP response: End of file
[2026-04-12T20:28:54.215441] Saved clip /Users/Chen/PycharmProjects/CSCI_6234_Final/recordings/cam209/clips/2026/04/13/cam209_20260413T002818Z.mp4 (4262717 bytes)
[2026-04-12T20:28:54.739696] Starting 60-second capture -> /Users/Chen/PycharmProjects/CSCI_6234_Final/recordings/cam209/clips/2026/04/13/cam209_20260413T002854Z.mp4
[tls @ 0x7fe20f704680] IO error: End of file
[https @ 0x7fe20f704540] Error reading HTTP response: End of file
[tls @ 0x7fe21881f8c0] IO error: End of file
[https @ 0x7fe21882b500] Error reading HTTP response: End of file
[tls @ 0x7fe2189557c0] IO error: End of file
[https @ 0x7fe218956700] Error reading HTTP response: End of file
[2026-04-12T20:29:37.771974] Saved clip /Users/Chen/PycharmProjects/CSCI_6234_Final/recordings/cam209/clips/2026/04/13/cam209_20260413T002854Z.mp4 (4269224 bytes)
[2026-04-12T20:29:38.298209] Starting 60-second capture -> /Users/Chen/PycharmProjects/CSCI_6234_Final/recordings/cam209/clips/2026/04/13/cam209_20260413T002938Z.mp4
[tls @ 0x7fd48ea04300] IO error: End of file
[https @ 0x7fd48ea04200] Error reading HTTP response: End of file
[tls @ 0x7fd48ea241c0] IO error: End of file
[https @ 0x7fd48ea22340] Error reading HTTP response: End of file
[tls @ 0x7fd48ec2ab00] IO error: End of file
[https @ 0x7fd48ec26f40] Error reading HTTP response: End of file
[2026-04-12T20:30:13.714106] Saved clip /Users/Chen/PycharmProjects/CSCI_6234_Final/recordings/cam209/clips/2026/04/13/cam209_20260413T002938Z.mp4 (4258551 bytes)
[2026-04-12T20:30:14.240469] Starting 60-second capture -> /Users/Chen/PycharmProjects/CSCI_6234_Final/recordings/cam209/clips/2026/04/13/cam209_20260413T003014Z.mp4
[tls @ 0x7fa317f04500] IO error: End of file
[https @ 0x7fa317f04400] Error reading HTTP response: End of file
[tls @ 0x7fa320904d00] IO error: End of file
[https @ 0x7fa320904bc0] Error reading HTTP response: End of file
[tls @ 0x7fa327f3bd80] IO error: End of file
[https @ 0x7fa327f541c0] Error reading HTTP response: End of file
[tls @ 0x7fa320953600] IO error: End of file
[https @ 0x7fa317f13900] Error reading HTTP response: End of file
[2026-04-12T20:30:54.432455] Saved clip /Users/Chen/PycharmProjects/CSCI_6234_Final/recordings/cam209/clips/2026/04/13/cam209_20260413T003014Z.mp4 (4265570 bytes)
[2026-04-12T20:30:54.955875] Starting 60-second capture -> /Users/Chen/PycharmProjects/CSCI_6234_Final/recordings/cam209/clips/2026/04/13/cam209_20260413T003054Z.mp4
[tls @ 0x7fa11da042c0] IO error: End of file
[https @ 0x7fa11db06740] Error reading HTTP response: End of file
[tls @ 0x7fa11da2f1c0] IO error: End of file
[https @ 0x7fa11da33840] Error reading HTTP response: End of file
[tls @ 0x7fa10cf41f80] IO error: End of file
[https @ 0x7fa10cf082c0] Error reading HTTP response: End of file
[2026-04-12T20:31:37.778893] Saved clip /Users/Chen/PycharmProjects/CSCI_6234_Final/recordings/cam209/clips/2026/04/13/cam209_20260413T003054Z.mp4 (4260763 bytes)
[2026-04-12T20:31:38.310161] Starting 60-second capture -> /Users/Chen/PycharmProjects/CSCI_6234_Final/recordings/cam209/clips/2026/04/13/cam209_20260413T003138Z.mp4
[tls @ 0x7fc2ef004500] IO error: End of file
[https @ 0x7fc2ef004400] Error reading HTTP response: End of file
[tls @ 0x7fc2ef21fa00] IO error: End of file
[https @ 0x7fc2ef229c40] Error reading HTTP response: End of file
[tls @ 0x7fc2ef04bd00] IO error: End of file
[https @ 0x7fc2ef030240] Error reading HTTP response: End of file
[2026-04-12T20:32:12.960842] Saved clip /Users/Chen/PycharmProjects/CSCI_6234_Final/recordings/cam209/clips/2026/04/13/cam209_20260413T003138Z.mp4 (4257850 bytes)
[2026-04-12T20:32:13.473756] Starting 60-second capture -> /Users/Chen/PycharmProjects/CSCI_6234_Final/recordings/cam209/clips/2026/04/13/cam209_20260413T003213Z.mp4
[tls @ 0x7fbe99305980] IO error: End of file
[https @ 0x7fbe99305840] Error reading HTTP response: End of file
[tls @ 0x7fbe9932fb40] IO error: End of file
[https @ 0x7fbe99335d00] Error reading HTTP response: End of file
[2026-04-12T20:32:54.122924] Saved clip /Users/Chen/PycharmProjects/CSCI_6234_Final/recordings/cam209/clips/2026/04/13/cam209_20260413T003213Z.mp4 (4255009 bytes)
[2026-04-12T20:32:54.646152] Starting 60-second capture -> /Users/Chen/PycharmProjects/CSCI_6234_Final/recordings/cam209/clips/2026/04/13/cam209_20260413T003254Z.mp4
[tls @ 0x7fc339b05980] IO error: End of file
[https @ 0x7fc339b05840] Error reading HTTP response: End of file
[tls @ 0x7fc339a29680] IO error: End of file
[https @ 0x7fc339a25a80] Error reading HTTP response: End of file
[tls @ 0x7fc339c2db00] IO error: End of file
[https @ 0x7fc339c248c0] Error reading HTTP response: End of file
[tls @ 0x7fc339b0f680] IO error: End of file
[https @ 0x7fc339b09fc0] Error reading HTTP response: End of file
[tls @ 0x7fc339c248c0] IO error: End of file
[https @ 0x7fc339c50140] Error reading HTTP response: End of file
[tls @ 0x7fc328f35f00] IO error: End of file
[https @ 0x7fc328f567c0] Error reading HTTP response: End of file
[2026-04-12T20:33:38.294970] Saved clip /Users/Chen/PycharmProjects/CSCI_6234_Final/recordings/cam209/clips/2026/04/13/cam209_20260413T003254Z.mp4 (4262873 bytes)
[2026-04-12T20:33:38.820153] Starting 60-second capture -> /Users/Chen/PycharmProjects/CSCI_6234_Final/recordings/cam209/clips/2026/04/13/cam209_20260413T003338Z.mp4
[tls @ 0x7fdc70005b00] IO error: End of file
[https @ 0x7fdc70004300] Error reading HTTP response: End of file
[tls @ 0x7fdc66f4b700] IO error: End of file
[https @ 0x7fdc70060180] Error reading HTTP response: End of file
[tls @ 0x7fdc66f4b700] IO error: End of file
[https @ 0x7fdc66f635c0] Error reading HTTP response: End of file
[tls @ 0x7fdc66f33e40] IO error: End of file
[https @ 0x7fdc66f1b900] Error reading HTTP response: End of file
[2026-04-12T20:34:12.954826] Saved clip /Users/Chen/PycharmProjects/CSCI_6234_Final/recordings/cam209/clips/2026/04/13/cam209_20260413T003338Z.mp4 (4257881 bytes)
[2026-04-12T20:34:13.476733] Starting 60-second capture -> /Users/Chen/PycharmProjects/CSCI_6234_Final/recordings/cam209/clips/2026/04/13/cam209_20260413T003413Z.mp4
[tls @ 0x7fd792b04500] IO error: End of file
[https @ 0x7fd792b043c0] Error reading HTTP response: End of file
[tls @ 0x7fd792b2d240] IO error: End of file
[https @ 0x7fd792b26d80] Error reading HTTP response: End of file
[2026-04-12T20:34:53.845562] Saved clip /Users/Chen/PycharmProjects/CSCI_6234_Final/recordings/cam209/clips/2026/04/13/cam209_20260413T003413Z.mp4 (4259507 bytes)
[2026-04-12T20:34:54.370542] Starting 60-second capture -> /Users/Chen/PycharmProjects/CSCI_6234_Final/recordings/cam209/clips/2026/04/13/cam209_20260413T003454Z.mp4
[tls @ 0x7fcade804680] IO error: End of file
[https @ 0x7fcade804540] Error reading HTTP response: End of file
[tls @ 0x7fcaeea15780] IO error: End of file
[https @ 0x7fcaeea156c0] Error reading HTTP response: End of file
[tls @ 0x7fcaddf4ce40] IO error: End of file
[https @ 0x7fcaddf473c0] Error reading HTTP response: End of file
[2026-04-12T20:35:37.042792] Saved clip /Users/Chen/PycharmProjects/CSCI_6234_Final/recordings/cam209/clips/2026/04/13/cam209_20260413T003454Z.mp4 (4277417 bytes)
[2026-04-12T20:35:37.566572] Starting 60-second capture -> /Users/Chen/PycharmProjects/CSCI_6234_Final/recordings/cam209/clips/2026/04/13/cam209_20260413T003537Z.mp4
[tls @ 0x7f7b51c04380] IO error: End of file
[https @ 0x7f7b51c04240] Error reading HTTP response: End of file
[tls @ 0x7f7b51b22e80] IO error: End of file
[https @ 0x7f7b51b1ac00] Error reading HTTP response: End of file
[tls @ 0x7f7b51c09140] IO error: End of file
[https @ 0x7f7b51c17580] Error reading HTTP response: End of file
[2026-04-12T20:36:17.616473] Saved clip /Users/Chen/PycharmProjects/CSCI_6234_Final/recordings/cam209/clips/2026/04/13/cam209_20260413T003537Z.mp4 (4256584 bytes)
[2026-04-12T20:36:18.145947] Starting 60-second capture -> /Users/Chen/PycharmProjects/CSCI_6234_Final/recordings/cam209/clips/2026/04/13/cam209_20260413T003618Z.mp4
[tls @ 0x7fa861b04a80] IO error: End of file
[https @ 0x7fa861b04940] Error reading HTTP response: End of file
[tls @ 0x7fa861a07840] IO error: End of file
[https @ 0x7fa861a07780] Error reading HTTP response: End of file
[tls @ 0x7fa861b4bd80] IO error: End of file
[https @ 0x7fa861b04a00] Error reading HTTP response: End of file
[2026-04-12T20:36:59.013153] Saved clip /Users/Chen/PycharmProjects/CSCI_6234_Final/recordings/cam209/clips/2026/04/13/cam209_20260413T003618Z.mp4 (4255869 bytes)
[2026-04-12T20:36:59.533724] Starting 60-second capture -> /Users/Chen/PycharmProjects/CSCI_6234_Final/recordings/cam209/clips/2026/04/13/cam209_20260413T003659Z.mp4
[tls @ 0x7fc63aa05740] IO error: End of file
[https @ 0x7fc63ab04900] Error reading HTTP response: End of file
[tls @ 0x7fc63ab20680] IO error: End of file
[https @ 0x7fc63ab38c80] Error reading HTTP response: End of file
[tls @ 0x7fc63ad17c00] IO error: End of file
[https @ 0x7fc63ad12b80] Error reading HTTP response: End of file
[tls @ 0x7fc63aa15c00] IO error: End of file
[https @ 0x7fc63aa2b3c0] Error reading HTTP response: End of file
[2026-04-12T20:37:38.320389] Saved clip /Users/Chen/PycharmProjects/CSCI_6234_Final/recordings/cam209/clips/2026/04/13/cam209_20260413T003659Z.mp4 (4257993 bytes)
[2026-04-12T20:37:38.838409] Starting 60-second capture -> /Users/Chen/PycharmProjects/CSCI_6234_Final/recordings/cam209/clips/2026/04/13/cam209_20260413T003738Z.mp4
[tls @ 0x7fabed404700] IO error: End of file
[https @ 0x7fabed404f80] Error reading HTTP response: End of file
[tls @ 0x7fabed40f880] IO error: End of file
[https @ 0x7fabed40f7c0] Error reading HTTP response: End of file
[tls @ 0x7fabed32df80] IO error: End of file
[https @ 0x7fabed347b80] Error reading HTTP response: End of file
[tls @ 0x7fabed6485c0] IO error: End of file
[https @ 0x7fabed651400] Error reading HTTP response: End of file
[tls @ 0x7fabed48b980] IO error: End of file
[https @ 0x7fabed498680] Error reading HTTP response: End of file
[tls @ 0x7fabed6485c0] IO error: End of file
[https @ 0x7fabed410040] Error reading HTTP response: End of file
[2026-04-12T20:38:27.068230] Saved clip /Users/Chen/PycharmProjects/CSCI_6234_Final/recordings/cam209/clips/2026/04/13/cam209_20260413T003738Z.mp4 (4277863 bytes)
[2026-04-12T20:38:27.590135] Starting 60-second capture -> /Users/Chen/PycharmProjects/CSCI_6234_Final/recordings/cam209/clips/2026/04/13/cam209_20260413T003827Z.mp4
[tls @ 0x7fc304b047c0] IO error: End of file
[https @ 0x7fc304b04680] Error reading HTTP response: End of file
[tls @ 0x7fc2f3f1bfc0] IO error: End of file
[https @ 0x7fc2f3f2c280] Error reading HTTP response: End of file
[tls @ 0x7fc304a63880] IO error: End of file
[https @ 0x7fc304a80a80] Error reading HTTP response: End of file
[tls @ 0x7fc304804f80] IO error: End of file
[https @ 0x7fc304804e40] Error reading HTTP response: End of file
[2026-04-12T20:39:06.553682] Saved clip /Users/Chen/PycharmProjects/CSCI_6234_Final/recordings/cam209/clips/2026/04/13/cam209_20260413T003827Z.mp4 (4267017 bytes)
[2026-04-12T20:39:07.068405] Starting 60-second capture -> /Users/Chen/PycharmProjects/CSCI_6234_Final/recordings/cam209/clips/2026/04/13/cam209_20260413T003907Z.mp4
[tls @ 0x7f77ae004680] IO error: End of file
[https @ 0x7f77ae004540] Error reading HTTP response: End of file
[tls @ 0x7f77ae046680] IO error: End of file
[https @ 0x7f77ae058880] Error reading HTTP response: End of file
[tls @ 0x7f77be13ad40] IO error: End of file
[https @ 0x7f77be136cc0] Error reading HTTP response: End of file
[2026-04-12T20:39:50.797245] Saved clip /Users/Chen/PycharmProjects/CSCI_6234_Final/recordings/cam209/clips/2026/04/13/cam209_20260413T003907Z.mp4 (4262597 bytes)
[2026-04-12T20:39:51.315799] Starting 60-second capture -> /Users/Chen/PycharmProjects/CSCI_6234_Final/recordings/cam209/clips/2026/04/13/cam209_20260413T003951Z.mp4
[tls @ 0x7fbe5a704940] IO error: End of file
[https @ 0x7fbe5a704800] Error reading HTTP response: End of file
[tls @ 0x7fbe6b205680] IO error: End of file
[https @ 0x7fbe6b228340] Error reading HTTP response: End of file
[tls @ 0x7fbe5a937740] IO error: End of file
[https @ 0x7fbe5a929900] Error reading HTTP response: End of file
[2026-04-12T20:40:35.059266] Saved clip /Users/Chen/PycharmProjects/CSCI_6234_Final/recordings/cam209/clips/2026/04/13/cam209_20260413T003951Z.mp4 (4265517 bytes)
[2026-04-12T20:40:35.583691] Starting 60-second capture -> /Users/Chen/PycharmProjects/CSCI_6234_Final/recordings/cam209/clips/2026/04/13/cam209_20260413T004035Z.mp4
[tls @ 0x7fa1d5304a80] IO error: End of file
[https @ 0x7fa1d5304940] Error reading HTTP response: End of file
[tls @ 0x7fa1d511dc80] IO error: End of file
[https @ 0x7fa1d511db40] Error reading HTTP response: End of file
[tls @ 0x7fa1d533a240] IO error: End of file
[https @ 0x7fa1d5339640] Error reading HTTP response: End of file
[2026-04-12T20:41:19.115278] Saved clip /Users/Chen/PycharmProjects/CSCI_6234_Final/recordings/cam209/clips/2026/04/13/cam209_20260413T004035Z.mp4 (4257555 bytes)
[2026-04-12T20:41:19.637357] Starting 60-second capture -> /Users/Chen/PycharmProjects/CSCI_6234_Final/recordings/cam209/clips/2026/04/13/cam209_20260413T004119Z.mp4
[tls @ 0x7fb8e90042c0] IO error: End of file
[https @ 0x7fb8e91043c0] Error reading HTTP response: End of file
[tls @ 0x7fb8e90600c0] IO error: End of file
[https @ 0x7fb8e90042c0] Error reading HTTP response: End of file
[tls @ 0x7fb8e90600c0] IO error: End of file
[https @ 0x7fb8e907aa00] Error reading HTTP response: End of file
[2026-04-12T20:42:02.853903] Saved clip /Users/Chen/PycharmProjects/CSCI_6234_Final/recordings/cam209/clips/2026/04/13/cam209_20260413T004119Z.mp4 (4266713 bytes)
[2026-04-12T20:42:03.373510] Starting 60-second capture -> /Users/Chen/PycharmProjects/CSCI_6234_Final/recordings/cam209/clips/2026/04/13/cam209_20260413T004203Z.mp4
[tls @ 0x7fa724222f80] IO error: End of file
[https @ 0x7fa7244046c0] Error reading HTTP response: End of file
[tls @ 0x7fa724318b80] IO error: End of file
[https @ 0x7fa724327ec0] Error reading HTTP response: End of file
[tls @ 0x7fa724136080] IO error: End of file
[https @ 0x7fa724148280] Error reading HTTP response: End of file
[tls @ 0x7fa724442a00] IO error: End of file
[https @ 0x7fa724418700] Error reading HTTP response: End of file
[tls @ 0x7fa724136080] IO error: End of file
[https @ 0x7fa724132480] Error reading HTTP response: End of file
[tls @ 0x7fa72426ee80] IO error: End of file
[https @ 0x7fa72426b280] Error reading HTTP response: End of file
[2026-04-12T20:42:47.794583] Saved clip /Users/Chen/PycharmProjects/CSCI_6234_Final/recordings/cam209/clips/2026/04/13/cam209_20260413T004203Z.mp4 (4259801 bytes)
[2026-04-12T20:42:48.313202] Starting 60-second capture -> /Users/Chen/PycharmProjects/CSCI_6234_Final/recordings/cam209/clips/2026/04/13/cam209_20260413T004248Z.mp4
[tls @ 0x7f7836304400] IO error: End of file
[https @ 0x7f78363042c0] Error reading HTTP response: End of file
[tls @ 0x7f783641bd00] IO error: End of file
[https @ 0x7f783641bec0] Error reading HTTP response: End of file
[tls @ 0x7f783631f340] IO error: End of file
[https @ 0x7f7836321340] Error reading HTTP response: End of file
[tls @ 0x7f783633f3c0] IO error: End of file
[https @ 0x7f78363457c0] Error reading HTTP response: End of file
[2026-04-12T20:43:21.455218] Saved clip /Users/Chen/PycharmProjects/CSCI_6234_Final/recordings/cam209/clips/2026/04/13/cam209_20260413T004248Z.mp4 (4259496 bytes)
[2026-04-12T20:43:21.968608] Starting 60-second capture -> /Users/Chen/PycharmProjects/CSCI_6234_Final/recordings/cam209/clips/2026/04/13/cam209_20260413T004321Z.mp4
[tls @ 0x7fe27d504880] IO error: End of file
[https @ 0x7fe27d504740] Error reading HTTP response: End of file
[2026-04-12T20:43:34.098025] Recorder thread stopped
