
[2026-04-11T23:12:25.845408] Starting recorder for cam221
[tls @ 0x7faca1004500] IO error: End of file
[https @ 0x7faca10043c0] Error reading HTTP response: End of file
[tls @ 0x7faca1114c00] IO error: End of file
[https @ 0x7faca1114b40] Error reading HTTP response: End of file
[tls @ 0x7faca12049c0] IO error: End of file
[https @ 0x7faca12048c0] Error reading HTTP response: End of file
[tls @ 0x7faca1114cc0] IO error: End of file
[https @ 0x7faca1114c00] Error reading HTTP response: End of file
[tls @ 0x7faca103f4c0] IO error: End of file
[https @ 0x7faca1116c40] Error reading HTTP response: End of file
[tls @ 0x7fac97f295c0] IO error: End of file
[https @ 0x7fac97f2a700] Error reading HTTP response: End of file
[tls @ 0x7fac97f2a7c0] IO error: End of file
[https @ 0x7fac97f067c0] Error reading HTTP response: End of file
[tls @ 0x7faca103f4c0] IO error: End of file
[https @ 0x7faca10516c0] Error reading HTTP response: End of file
[tls @ 0x7faca120f840] IO error: End of file
[https @ 0x7faca123efc0] Error reading HTTP response: End of file
[in#0/hls @ 0x7facb7f07fc0] Failed to reload playlist 0
[tls @ 0x7fac97f34780] IO error: End of file
[https @ 0x7fac97f35b80] Error reading HTTP response: End of file
[in#0/hls @ 0x7facb7f07fc0] Failed to reload playlist 0
[tls @ 0x7faca1153740] IO error: End of file
[https @ 0x7faca1119280] Error reading HTTP response: End of file
[in#0/hls @ 0x7facb7f07fc0] Failed to reload playlist 0
[tls @ 0x7faca1153740] IO error: End of file
[https @ 0x7faca1112600] Error reading HTTP response: End of file
[in#0/hls @ 0x7facb7f07fc0] Failed to reload playlist 0

[2026-04-11T23:13:35.890930] Starting recorder for cam221
[tls @ 0x7fa8a2204680] IO error: End of file
[https @ 0x7fa8a2204540] Error reading HTTP response: End of file
[tls @ 0x7fa89202fc00] IO error: End of file
[https @ 0x7fa892031400] Error reading HTTP response: End of file
[tls @ 0x7fa892021400] IO error: End of file
[https @ 0x7fa892021340] Error reading HTTP response: End of file
[tls @ 0x7fa8a223dd80] IO error: End of file
[https @ 0x7fa8a2247f80] Error reading HTTP response: End of file
[tls @ 0x7fa89172e580] IO error: End of file
[https @ 0x7fa8917274c0] Error reading HTTP response: End of file
[tls @ 0x7fa89173b100] IO error: End of file
[https @ 0x7fa891738680] Error reading HTTP response: End of file
[tls @ 0x7fa8920226c0] IO error: End of file
[https @ 0x7fa8920040c0] Error reading HTTP response: End of file
[tls @ 0x7fa8a2330c80] IO error: End of file
[https @ 0x7fa8a2332fc0] Error reading HTTP response: End of file
[tls @ 0x7fa8a223dd80] IO error: End of file
[https @ 0x7fa8a2247f80] Error reading HTTP response: End of file
[tls @ 0x7fa892018140] IO error: End of file
[https @ 0x7fa892016680] Error reading HTTP response: End of file
[in#0/hls @ 0x7fa8a2104640] Failed to reload playlist 0
[tls @ 0x7fa8a230b180] IO error: End of file
[https @ 0x7fa8a233c080] Error reading HTTP response: End of file
[in#0/hls @ 0x7fa8a2104640] Failed to reload playlist 0
[tls @ 0x7fa892018140] IO error: End of file
[https @ 0x7fa892016680] Error reading HTTP response: End of file
[in#0/hls @ 0x7fa8a2104640] Failed to reload playlist 0
[tls @ 0x7fa8917643c0] IO error: End of file
[https @ 0x7fa89175d7c0] Error reading HTTP response: End of file
[in#0/hls @ 0x7fa8a2104640] Failed to reload playlist 0

[2026-04-11T23:14:45.937148] Starting recorder for cam221
[tls @ 0x7ff259d05c80] IO error: End of file
[https @ 0x7ff259d05b40] Error reading HTTP response: End of file
[tls @ 0x7ff259961b00] IO error: End of file
[https @ 0x7ff259955140] Error reading HTTP response: End of file
[tls @ 0x7ff259982280] IO error: End of file
[https @ 0x7ff259976dc0] Error reading HTTP response: End of file
[tls @ 0x7ff259c0bac0] IO error: End of file
[https @ 0x7ff259c0b080] Error reading HTTP response: End of file
[tls @ 0x7ff259982240] IO error: End of file
[https @ 0x7ff2599925c0] Error reading HTTP response: End of file
[tls @ 0x7ff259c0a2c0] IO error: End of file
[https @ 0x7ff259c09b00] Error reading HTTP response: End of file
[tls @ 0x7ff25997f480] IO error: End of file
[https @ 0x7ff259988800] Error reading HTTP response: End of file
[tls @ 0x7ff259d3f340] IO error: End of file
[https @ 0x7ff259d4f7c0] Error reading HTTP response: End of file
[tls @ 0x7ff259934f80] IO error: End of file
[https @ 0x7ff25995e700] Error reading HTTP response: End of file
[tls @ 0x7ff259934f80] IO error: End of file
[https @ 0x7ff2599285c0] Error reading HTTP response: End of file
[in#0/hls @ 0x7ff258f07fc0] Failed to reload playlist 0
[tls @ 0x7ff259c2d7c0] IO error: End of file
[https @ 0x7ff259c29180] Error reading HTTP response: End of file
[in#0/hls @ 0x7ff258f07fc0] Failed to reload playlist 0
[tls @ 0x7ff259d21f00] IO error: End of file
[https @ 0x7ff259d0c3c0] Error reading HTTP response: End of file
[in#0/hls @ 0x7ff258f07fc0] Failed to reload playlist 0
[tls @ 0x7ff259d21f00] IO error: End of file
[https @ 0x7ff259d08040] Error reading HTTP response: End of file
[in#0/hls @ 0x7ff258f07fc0] Failed to reload playlist 0

[2026-04-11T23:15:55.997858] Starting recorder for cam221
[tls @ 0x7fdcac305100] IO error: End of file
[https @ 0x7fdcac304fc0] Error reading HTTP response: End of file
[tls @ 0x7fdcac41a500] IO error: End of file
[https @ 0x7fdcac42c700] Error reading HTTP response: End of file
[tls @ 0x7fdcac42c7c0] IO error: End of file
[https @ 0x7fdcac44c200] Error reading HTTP response: End of file
[tls @ 0x7fdc9b707440] IO error: End of file
[https @ 0x7fdc9b713b00] Error reading HTTP response: End of file
[tls @ 0x7fdcac438dc0] IO error: End of file
[https @ 0x7fdcac435cc0] Error reading HTTP response: End of file
[tls @ 0x7fdcac349000] IO error: End of file
[https @ 0x7fdcac34a3c0] Error reading HTTP response: End of file
[tls @ 0x7fdcac304f80] IO error: End of file
[https @ 0x7fdcac317e40] Error reading HTTP response: End of file
[tls @ 0x7fdcac442080] IO error: End of file
[https @ 0x7fdcac446140] Error reading HTTP response: End of file
[tls @ 0x7fdcac45a7c0] IO error: End of file
[https @ 0x7fdcac4589c0] Error reading HTTP response: End of file
[tls @ 0x7fdcac446140] IO error: End of file
[https @ 0x7fdcac41f140] Error reading HTTP response: End of file
[tls @ 0x7fdc9c823f40] IO error: End of file
[https @ 0x7fdc9c8458c0] Error reading HTTP response: End of file
[tls @ 0x7fdc9b704140] IO error: End of file
[https @ 0x7fdc9b704080] Error reading HTTP response: End of file
[tls @ 0x7fdc9b799000] IO error: End of file
[https @ 0x7fdc9b79b340] Error reading HTTP response: End of file
[in#0/hls @ 0x7fdcac0048c0] Failed to reload playlist 0
[tls @ 0x7fdc9b799000] IO error: End of file
[https @ 0x7fdc9b7949c0] Error reading HTTP response: End of file
[in#0/hls @ 0x7fdcac0048c0] Failed to reload playlist 0
[tls @ 0x7fdc9b799000] IO error: End of file
[https @ 0x7fdc9b7949c0] Error reading HTTP response: End of file
[in#0/hls @ 0x7fdcac0048c0] Failed to reload playlist 0
[tls @ 0x7fdcac439580] IO error: End of file
[https @ 0x7fdcac4394c0] Error reading HTTP response: End of file
[in#0/hls @ 0x7fdcac0048c0] Failed to reload playlist 0

[2026-04-11T23:17:06.050298] Starting recorder for cam221
[tls @ 0x7fa4eee05c80] IO error: End of file
[https @ 0x7fa4eee05b40] Error reading HTTP response: End of file
[tls @ 0x7fa4eec0b180] IO error: End of file
[https @ 0x7fa4eec0b0c0] Error reading HTTP response: End of file
[tls @ 0x7fa4eeb30340] IO error: End of file
[https @ 0x7fa4eeb49400] Error reading HTTP response: End of file
[tls @ 0x7fa4eeb7c440] IO error: End of file
[https @ 0x7fa4eeb78840] Error reading HTTP response: End of file
[tls @ 0x7fa4eee556c0] IO error: End of file
[https @ 0x7fa4eee5cc80] Error reading HTTP response: End of file
[tls @ 0x7fa4eec41240] IO error: End of file
[https @ 0x7fa4eec53780] Error reading HTTP response: End of file
[tls @ 0x7fa4eec52040] IO error: End of file
[https @ 0x7fa4eec0dd80] Error reading HTTP response: End of file
[tls @ 0x7fa4eee450c0] IO error: End of file
[https @ 0x7fa4eee5cc80] Error reading HTTP response: End of file
[tls @ 0x7fa4eeb23080] IO error: End of file
[https @ 0x7fa4eeb1f480] Error reading HTTP response: End of file
[tls @ 0x7fa4eeb1c700] IO error: End of file
[https @ 0x7fa4eeb19e80] Error reading HTTP response: End of file
[tls @ 0x7fa4eed22540] IO error: End of file
[https @ 0x7fa4eed1f300] Error reading HTTP response: End of file
[tls @ 0x7fa4eee60d00] IO error: End of file
[https @ 0x7fa4eee49b40] Error reading HTTP response: End of file
[in#0/hls @ 0x7fa4ee904640] Failed to reload playlist 0
[tls @ 0x7fa4eeb1f240] IO error: End of file
[https @ 0x7fa4eeb19e80] Error reading HTTP response: End of file
[in#0/hls @ 0x7fa4ee904640] Failed to reload playlist 0
[tls @ 0x7fa4eee49b40] IO error: End of file
[https @ 0x7fa4eee4cf40] Error reading HTTP response: End of file
[in#0/hls @ 0x7fa4ee904640] Failed to reload playlist 0
[tls @ 0x7fa4eed32bc0] IO error: End of file
[https @ 0x7fa4eed3cd80] Error reading HTTP response: End of file
[in#0/hls @ 0x7fa4ee904640] Failed to reload playlist 0

[2026-04-11T23:18:26.103361] Starting recorder for cam221
[tls @ 0x7ff59b804680] IO error: End of file
[https @ 0x7ff59b804540] Error reading HTTP response: End of file
[tls @ 0x7ff59b805600] IO error: End of file
[https @ 0x7ff59b805e80] Error reading HTTP response: End of file
[tls @ 0x7ff59af3eac0] IO error: End of file
[https @ 0x7ff59af36440] Error reading HTTP response: End of file
[tls @ 0x7ff59b947f80] IO error: End of file
[https @ 0x7ff59b95a180] Error reading HTTP response: End of file
[tls @ 0x7ff59b962fc0] IO error: End of file
[https @ 0x7ff59b9647c0] Error reading HTTP response: End of file
[tls @ 0x7ff59b93ee00] IO error: End of file
[https @ 0x7ff59af73d00] Error reading HTTP response: End of file
[tls @ 0x7ff59b873580] IO error: End of file
[https @ 0x7ff59b86ce40] Error reading HTTP response: End of file
[tls @ 0x7ff59afa6c40] IO error: End of file
[https @ 0x7ff59afb8e80] Error reading HTTP response: End of file
[tls @ 0x7ff5aba2d980] IO error: End of file
[https @ 0x7ff5aba2e8c0] Error reading HTTP response: End of file
[tls @ 0x7ff59b920680] IO error: End of file
[https @ 0x7ff59b920380] Error reading HTTP response: End of file
[in#0/hls @ 0x7ff5ab8048c0] Failed to reload playlist 0
[tls @ 0x7ff59b80b980] IO error: End of file
[https @ 0x7ff59b858f00] Error reading HTTP response: End of file
[in#0/hls @ 0x7ff5ab8048c0] Failed to reload playlist 0
[tls @ 0x7ff59b9207c0] IO error: End of file
[https @ 0x7ff59b9206c0] Error reading HTTP response: End of file
[in#0/hls @ 0x7ff5ab8048c0] Failed to reload playlist 0
[tls @ 0x7ff5aba36300] IO error: End of file
[https @ 0x7ff5aba36b80] Error reading HTTP response: End of file
[in#0/hls @ 0x7ff5ab8048c0] Failed to reload playlist 0

[2026-04-11T23:19:36.149823] Starting recorder for cam221
[tls @ 0x7fc40a3062c0] IO error: End of file
[https @ 0x7fc40a305b40] Error reading HTTP response: End of file
[tls @ 0x7fc3fa010200] IO error: End of file
[https @ 0x7fc3fa022400] Error reading HTTP response: End of file
[tls @ 0x7fc3fa067040] IO error: End of file
[https @ 0x7fc3fa072440] Error reading HTTP response: End of file
[tls @ 0x7fc3f97303c0] IO error: End of file
[https @ 0x7fc3f970d500] Error reading HTTP response: End of file
[tls @ 0x7fc3f974d4c0] IO error: End of file
[https @ 0x7fc3f975f700] Error reading HTTP response: End of file
[tls @ 0x7fc3fa078b80] IO error: End of file
[https @ 0x7fc3fa082500] Error reading HTTP response: End of file
[tls @ 0x7fc3f97303c0] IO error: End of file
[https @ 0x7fc3f9741180] Error reading HTTP response: End of file
[tls @ 0x7fc3fa176cc0] IO error: End of file
[https @ 0x7fc3fa16a300] Error reading HTTP response: End of file
[tls @ 0x7fc3fa12ea40] IO error: End of file
[https @ 0x7fc3fa11d680] Error reading HTTP response: End of file
[tls @ 0x7fc40a335c00] IO error: End of file
[https @ 0x7fc40a328e40] Error reading HTTP response: End of file
[in#0/hls @ 0x7fc40a0048c0] Failed to reload playlist 0
[tls @ 0x7fc3f97303c0] IO error: End of file
[https @ 0x7fc3f970f700] Error reading HTTP response: End of file
[in#0/hls @ 0x7fc40a0048c0] Failed to reload playlist 0
[tls @ 0x7fc3fa097180] IO error: End of file
[https @ 0x7fc3fa04ad40] Error reading HTTP response: End of file
[in#0/hls @ 0x7fc40a0048c0] Failed to reload playlist 0
[tls @ 0x7fc3fa12ea40] IO error: End of file
[https @ 0x7fc3fa1967c0] Error reading HTTP response: End of file
[in#0/hls @ 0x7fc40a0048c0] Failed to reload playlist 0

[2026-04-11T23:20:46.201058] Starting recorder for cam221
[tls @ 0x7fb444904500] IO error: End of file
[https @ 0x7fb4449043c0] Error reading HTTP response: End of file
[tls @ 0x7fb443f14bc0] IO error: End of file
[https @ 0x7fb443f15f00] Error reading HTTP response: End of file
[tls @ 0x7fb454a1ea80] IO error: End of file
[https @ 0x7fb454a14fc0] Error reading HTTP response: End of file
[tls @ 0x7fb444946140] IO error: End of file
[https @ 0x7fb444938c80] Error reading HTTP response: End of file
[tls @ 0x7fb444912140] IO error: End of file
[https @ 0x7fb444921c80] Error reading HTTP response: End of file
[tls @ 0x7fb4448071c0] IO error: End of file
[https @ 0x7fb444806d40] Error reading HTTP response: End of file
[tls @ 0x7fb444921c80] IO error: End of file
[https @ 0x7fb444909540] Error reading HTTP response: End of file
[tls @ 0x7fb444854f40] IO error: End of file
[https @ 0x7fb44486afc0] Error reading HTTP response: End of file
[tls @ 0x7fb44481f780] IO error: End of file
[https @ 0x7fb444832fc0] Error reading HTTP response: End of file
[tls @ 0x7fb444854f40] IO error: End of file
[https @ 0x7fb444835540] Error reading HTTP response: End of file
[in#0/hls @ 0x7fb454904640] Failed to reload playlist 0
[tls @ 0x7fb443f64d40] IO error: End of file
[https @ 0x7fb443f73f80] Error reading HTTP response: End of file
[in#0/hls @ 0x7fb454904640] Failed to reload playlist 0
[tls @ 0x7fb454a30c40] IO error: End of file
[https @ 0x7fb454a2d240] Error reading HTTP response: End of file
[in#0/hls @ 0x7fb454904640] Failed to reload playlist 0
[tls @ 0x7fb454a30c40] IO error: End of file
[https @ 0x7fb454a312c0] Error reading HTTP response: End of file
[in#0/hls @ 0x7fb454904640] Failed to reload playlist 0

[2026-04-11T23:21:56.261468] Starting recorder for cam221
[tls @ 0x7fb931004380] IO error: End of file
[https @ 0x7fb931004240] Error reading HTTP response: End of file
[tls @ 0x7fb927f1b300] IO error: End of file
[https @ 0x7fb927f231c0] Error reading HTTP response: End of file
[tls @ 0x7fb9312241c0] IO error: End of file
[https @ 0x7fb9312084c0] Error reading HTTP response: End of file
[tls @ 0x7fb927f40880] IO error: End of file
[https @ 0x7fb927f0c2c0] Error reading HTTP response: End of file
[tls @ 0x7fb927f20cc0] IO error: End of file
[https @ 0x7fb927f15f80] Error reading HTTP response: End of file
[tls @ 0x7fb9312241c0] IO error: End of file
[https @ 0x7fb931208680] Error reading HTTP response: End of file
[tls @ 0x7fb931137000] IO error: End of file
[https @ 0x7fb93113fbc0] Error reading HTTP response: End of file
[tls @ 0x7fb93114ac00] IO error: End of file
[https @ 0x7fb931152180] Error reading HTTP response: End of file
[tls @ 0x7fb931161b00] IO error: End of file
[https @ 0x7fb931173d00] Error reading HTTP response: End of file
[tls @ 0x7fb9311360c0] IO error: End of file
[https @ 0x7fb931125200] Error reading HTTP response: End of file
[in#0/hls @ 0x7fb937f07fc0] Failed to reload playlist 0
[tls @ 0x7fb931026f80] IO error: End of file
[https @ 0x7fb93102cf40] Error reading HTTP response: End of file
[in#0/hls @ 0x7fb937f07fc0] Failed to reload playlist 0
[tls @ 0x7fb927f37580] IO error: End of file
[https @ 0x7fb927f3e6c0] Error reading HTTP response: End of file
[in#0/hls @ 0x7fb937f07fc0] Failed to reload playlist 0
[tls @ 0x7fb931269b00] IO error: End of file
[https @ 0x7fb931274fc0] Error reading HTTP response: End of file
[in#0/hls @ 0x7fb937f07fc0] Failed to reload playlist 0

[2026-04-11T23:23:06.318690] Starting recorder for cam221
[tls @ 0x7f7c37705100] IO error: End of file
[https @ 0x7f7c37704b80] Error reading HTTP response: End of file
[tls @ 0x7f7c47707400] IO error: End of file
[https @ 0x7f7c477072c0] Error reading HTTP response: End of file
[tls @ 0x7f7c47717140] IO error: End of file
[https @ 0x7f7c4770df00] Error reading HTTP response: End of file
[tls @ 0x7f7c377199c0] IO error: End of file
[https @ 0x7f7c4772abc0] Error reading HTTP response: End of file
[tls @ 0x7f7c50081740] IO error: End of file
[https @ 0x7f7c5007db40] Error reading HTTP response: End of file
[tls @ 0x7f7c4003eac0] IO error: End of file
[https @ 0x7f7c37704b80] Error reading HTTP response: End of file
[tls @ 0x7f7c400599c0] IO error: End of file
[https @ 0x7f7c4006bbc0] Error reading HTTP response: End of file
[tls @ 0x7f7c37780300] IO error: End of file
[https @ 0x7f7c377a1fc0] Error reading HTTP response: End of file
[tls @ 0x7f7c400079c0] IO error: End of file
[https @ 0x7f7c37731940] Error reading HTTP response: End of file
[tls @ 0x7f7c377b04c0] IO error: End of file
[https @ 0x7f7c377b6680] Error reading HTTP response: End of file
[in#0/hls @ 0x7f7c57707fc0] Failed to reload playlist 0
[tls @ 0x7f7c47773200] IO error: End of file
[https @ 0x7f7c47774fc0] Error reading HTTP response: End of file
[in#0/hls @ 0x7f7c57707fc0] Failed to reload playlist 0
[tls @ 0x7f7c47773200] IO error: End of file
[https @ 0x7f7c47774fc0] Error reading HTTP response: End of file
[in#0/hls @ 0x7f7c57707fc0] Failed to reload playlist 0
[tls @ 0x7f7c400079c0] IO error: End of file
[https @ 0x7f7c40008f00] Error reading HTTP response: End of file
[in#0/hls @ 0x7f7c57707fc0] Failed to reload playlist 0

[2026-04-11T23:24:16.379105] Starting recorder for cam221
[tls @ 0x7ff79bc047c0] IO error: End of file
[https @ 0x7ff79bc04680] Error reading HTTP response: End of file
[tls @ 0x7ff79bc0e140] IO error: End of file
[https @ 0x7ff79bc20340] Error reading HTTP response: End of file
[tls @ 0x7ff78af435c0] IO error: End of file
[https @ 0x7ff78af3f9c0] Error reading HTTP response: End of file
[tls @ 0x7ff79bd14c00] IO error: End of file
[https @ 0x7ff79bd06300] Error reading HTTP response: End of file
[tls @ 0x7ff79bd1a500] IO error: End of file
[https @ 0x7ff79bd12a00] Error reading HTTP response: End of file
[tls @ 0x7ff79bd06300] IO error: End of file
[https @ 0x7ff79bd21ac0] Error reading HTTP response: End of file
[tls @ 0x7ff79bd06980] IO error: End of file
[https @ 0x7ff79bd13900] Error reading HTTP response: End of file
[tls @ 0x7ff79bc84c00] IO error: End of file
[https @ 0x7ff79bc90380] Error reading HTTP response: End of file
[tls @ 0x7ff79bc5b100] IO error: End of file
[https @ 0x7ff79bc6d300] Error reading HTTP response: End of file
[tls @ 0x7ff79bc52940] IO error: End of file
[https @ 0x7ff79bc24000] Error reading HTTP response: End of file
[tls @ 0x7ff79bd14c40] IO error: End of file
[https @ 0x7ff79bd16180] Error reading HTTP response: End of file
[tls @ 0x7ff79bc23b40] IO error: End of file
[https @ 0x7ff79bc24000] Error reading HTTP response: End of file
[in#0/hls @ 0x7ff79b9042c0] Failed to reload playlist 0
[tls @ 0x7ff79bc23b40] IO error: End of file
[https @ 0x7ff79bc183c0] Error reading HTTP response: End of file
[in#0/hls @ 0x7ff79b9042c0] Failed to reload playlist 0
[tls @ 0x7ff79bc23b40] IO error: End of file
[https @ 0x7ff79bc24000] Error reading HTTP response: End of file
[in#0/hls @ 0x7ff79b9042c0] Failed to reload playlist 0
[tls @ 0x7ff78af83dc0] IO error: End of file
[https @ 0x7ff78af990c0] Error reading HTTP response: End of file
[in#0/hls @ 0x7ff79b9042c0] Failed to reload playlist 0

[2026-04-11T23:25:36.435749] Starting recorder for cam221
[tls @ 0x7fb44e004500] IO error: End of file
[https @ 0x7fb44e004400] Error reading HTTP response: End of file
[tls @ 0x7fb45e31b380] IO error: End of file
[https @ 0x7fb45e312000] Error reading HTTP response: End of file
[tls @ 0x7fb44e01fd40] IO error: End of file
[https @ 0x7fb44e01f600] Error reading HTTP response: End of file
[tls @ 0x7fb45e211fc0] IO error: End of file
[https @ 0x7fb45e20efc0] Error reading HTTP response: End of file
[tls @ 0x7fb44e025c40] IO error: End of file
[https @ 0x7fb44e032cc0] Error reading HTTP response: End of file
[tls @ 0x7fb45e330fc0] IO error: End of file
[https @ 0x7fb45e330900] Error reading HTTP response: End of file
[tls @ 0x7fb45e234680] IO error: End of file
[https @ 0x7fb45e22e680] Error reading HTTP response: End of file
[tls @ 0x7fb44e053980] IO error: End of file
[https @ 0x7fb44e062800] Error reading HTTP response: End of file
[tls @ 0x7fb44d74bc00] IO error: End of file
[https @ 0x7fb44d714980] Error reading HTTP response: End of file
[tls @ 0x7fb45e34fec0] IO error: End of file
[https @ 0x7fb45e33a940] Error reading HTTP response: End of file
[in#0/hls @ 0x7fb45e0048c0] Failed to reload playlist 0
[tls @ 0x7fb45e251ac0] IO error: End of file
[https @ 0x7fb45e20d3c0] Error reading HTTP response: End of file
[in#0/hls @ 0x7fb45e0048c0] Failed to reload playlist 0
[tls @ 0x7fb44e0302c0] IO error: End of file
[https @ 0x7fb44e032cc0] Error reading HTTP response: End of file
[in#0/hls @ 0x7fb45e0048c0] Failed to reload playlist 0
[tls @ 0x7fb45e34fec0] IO error: End of file
[https @ 0x7fb45e33a940] Error reading HTTP response: End of file
[in#0/hls @ 0x7fb45e0048c0] Failed to reload playlist 0

[2026-04-11T23:26:46.483110] Starting recorder for cam221
[tls @ 0x7f8b0cb04b00] IO error: End of file
[https @ 0x7f8b0cb049c0] Error reading HTTP response: End of file
[tls @ 0x7f8b0cd2c8c0] IO error: End of file
[https @ 0x7f8b0cd38140] Error reading HTTP response: End of file
[tls @ 0x7f8b0cc0ff40] IO error: End of file
[https @ 0x7f8b0cc11640] Error reading HTTP response: End of file
[tls @ 0x7f8b0cd2e700] IO error: End of file
[https @ 0x7f8b0cd35040] Error reading HTTP response: End of file
[tls @ 0x7f8b0cdbf980] IO error: End of file
[https @ 0x7f8b0cdcd0c0] Error reading HTTP response: End of file
[tls @ 0x7f8b0ce32e40] IO error: End of file
[https @ 0x7f8b0ce06700] Error reading HTTP response: End of file
[tls @ 0x7f8b0ce40cc0] IO error: End of file
[https @ 0x7f8b0ce4d240] Error reading HTTP response: End of file
[tls @ 0x7f8b0ce06700] IO error: End of file
[https @ 0x7f8b0ce60e80] Error reading HTTP response: End of file
[tls @ 0x7f8b0ce31a40] IO error: End of file
[https @ 0x7f8b0ce8fdc0] Error reading HTTP response: End of file
[tls @ 0x7f8b0cb0eb80] IO error: End of file
[https @ 0x7f8b0cb0f600] Error reading HTTP response: End of file
[in#0/hls @ 0x7f8b0c8048c0] Failed to reload playlist 0
[tls @ 0x7f8b0cb0f600] IO error: End of file
[https @ 0x7f8b0cb0eb80] Error reading HTTP response: End of file
[in#0/hls @ 0x7f8b0c8048c0] Failed to reload playlist 0
[tls @ 0x7f8b0cd6da00] IO error: End of file
[https @ 0x7f8b0cd6fb40] Error reading HTTP response: End of file
[in#0/hls @ 0x7f8b0c8048c0] Failed to reload playlist 0
[tls @ 0x7f8b0cb0f600] IO error: End of file
[https @ 0x7f8b0cb0eb80] Error reading HTTP response: End of file
[in#0/hls @ 0x7f8b0c8048c0] Failed to reload playlist 0

[2026-04-11T23:27:56.530131] Starting recorder for cam221
[tls @ 0x7fd86ef04500] IO error: End of file
[https @ 0x7fd86ef04400] Error reading HTTP response: End of file
[tls @ 0x7fd86f804d00] IO error: End of file
[https @ 0x7fd86f804c00] Error reading HTTP response: End of file
[tls @ 0x7fd87ef85500] IO error: End of file
[https @ 0x7fd87ef692c0] Error reading HTTP response: End of file
[tls @ 0x7fd86f8311c0] IO error: End of file
[https @ 0x7fd86f804240] Error reading HTTP response: End of file
[tls @ 0x7fd86f80bac0] IO error: End of file
[https @ 0x7fd86f838d80] Error reading HTTP response: End of file
[tls @ 0x7fd86f827dc0] IO error: End of file
[https @ 0x7fd86f82b2c0] Error reading HTTP response: End of file
[tls @ 0x7fd86f8284c0] IO error: End of file
[https @ 0x7fd86f827f80] Error reading HTTP response: End of file
[tls @ 0x7fd86f827dc0] IO error: End of file
[https @ 0x7fd86f8418c0] Error reading HTTP response: End of file
[tls @ 0x7fd87f818000] IO error: End of file
[https @ 0x7fd87f83cb80] Error reading HTTP response: End of file
[tls @ 0x7fd87ef85500] IO error: End of file
[https @ 0x7fd87ef9a8c0] Error reading HTTP response: End of file
[in#0/hls @ 0x7fd88f904640] Failed to reload playlist 0
[tls @ 0x7fd86f827dc0] IO error: End of file
[https @ 0x7fd86f8284c0] Error reading HTTP response: End of file
[in#0/hls @ 0x7fd88f904640] Failed to reload playlist 0
[tls @ 0x7fd86f8284c0] IO error: End of file
[https @ 0x7fd86f828580] Error reading HTTP response: End of file
[in#0/hls @ 0x7fd88f904640] Failed to reload playlist 0
[tls @ 0x7fd87ef85500] IO error: End of file
[https @ 0x7fd87ef9a8c0] Error reading HTTP response: End of file
[in#0/hls @ 0x7fd88f904640] Failed to reload playlist 0

[2026-04-11T23:29:06.589634] Starting recorder for cam221
[tls @ 0x7f9a55705100] IO error: End of file
[https @ 0x7f9a55704b80] Error reading HTTP response: End of file
[tls @ 0x7f9a66314440] IO error: End of file
[https @ 0x7f9a6631ba00] Error reading HTTP response: End of file
[tls @ 0x7f9a35704200] IO error: End of file
[https @ 0x7f9a35704140] Error reading HTTP response: End of file
[tls @ 0x7f9a36206580] IO error: End of file
[https @ 0x7f9a362064c0] Error reading HTTP response: End of file
[tls @ 0x7f9a66137840] IO error: End of file
[https @ 0x7f9a66137780] Error reading HTTP response: End of file
[tls @ 0x7f9a6623f800] IO error: End of file
[https @ 0x7f9a6623f9c0] Error reading HTTP response: End of file
[tls @ 0x7f9a5574d100] IO error: End of file
[https @ 0x7f9a55767c40] Error reading HTTP response: End of file
[tls @ 0x7f9a5570e780] IO error: End of file
[https @ 0x7f9a5570ee40] Error reading HTTP response: End of file
[tls @ 0x7f9a5574d100] IO error: End of file
[https @ 0x7f9a55732440] Error reading HTTP response: End of file
[tls @ 0x7f9a5574d100] IO error: End of file
[https @ 0x7f9a55722240] Error reading HTTP response: End of file
[in#0/hls @ 0x7f9a660048c0] Failed to reload playlist 0
[tls @ 0x7f9a66136580] IO error: End of file
[https @ 0x7f9a66104200] Error reading HTTP response: End of file
[in#0/hls @ 0x7f9a660048c0] Failed to reload playlist 0
[tls @ 0x7f9a5574d100] IO error: End of file
[https @ 0x7f9a55722240] Error reading HTTP response: End of file
[in#0/hls @ 0x7f9a660048c0] Failed to reload playlist 0
[tls @ 0x7f9a66348fc0] IO error: End of file
[https @ 0x7f9a663453c0] Error reading HTTP response: End of file
[in#0/hls @ 0x7f9a660048c0] Failed to reload playlist 0

[2026-04-11T23:30:16.648651] Starting recorder for cam221
[tls @ 0x7ff29af04680] IO error: End of file
[https @ 0x7ff29af04540] Error reading HTTP response: End of file
[tls @ 0x7ff2aba05bc0] IO error: End of file
[https @ 0x7ff2aba06300] Error reading HTTP response: End of file
[tls @ 0x7ff2abbab680] IO error: End of file
[https @ 0x7ff29b80a340] Error reading HTTP response: End of file
[tls @ 0x7ff2abb0aa00] IO error: End of file
[https @ 0x7ff2abb080c0] Error reading HTTP response: End of file
[tls @ 0x7ff26af04280] IO error: End of file
[https @ 0x7ff26af040c0] Error reading HTTP response: End of file
[tls @ 0x7ff2abbab680] IO error: End of file
[https @ 0x7ff2abba9440] Error reading HTTP response: End of file
[tls @ 0x7ff29b81c8c0] IO error: End of file
[https @ 0x7ff29b81c700] Error reading HTTP response: End of file
[tls @ 0x7ff2abbab680] IO error: End of file
[https @ 0x7ff2abb41500] Error reading HTTP response: End of file
[tls @ 0x7ff2abb1d7c0] IO error: End of file
[https @ 0x7ff2abb273c0] Error reading HTTP response: End of file
[tls @ 0x7ff2aaf07c00] IO error: End of file
[https @ 0x7ff2aaf07ac0] Error reading HTTP response: End of file
[in#0/hls @ 0x7ff2ab8048c0] Failed to reload playlist 0
[tls @ 0x7ff2ab857380] IO error: End of file
[https @ 0x7ff2ab804400] Error reading HTTP response: End of file
[in#0/hls @ 0x7ff2ab8048c0] Failed to reload playlist 0
[tls @ 0x7ff2aba81240] IO error: End of file
[https @ 0x7ff29b858200] Error reading HTTP response: End of file
[in#0/hls @ 0x7ff2ab8048c0] Failed to reload playlist 0
[tls @ 0x7ff26b904200] IO error: End of file
[https @ 0x7ff26b904140] Error reading HTTP response: End of file
[in#0/hls @ 0x7ff2ab8048c0] Failed to reload playlist 0

[2026-04-11T23:31:26.707654] Starting recorder for cam221
[tls @ 0x7fcee4c05c80] IO error: End of file
[https @ 0x7fcee4c05b40] Error reading HTTP response: End of file
[tls @ 0x7fcee4b04b40] IO error: End of file
[https @ 0x7fcee4b04a40] Error reading HTTP response: End of file
[tls @ 0x7fcee4b08d80] IO error: End of file
[https @ 0x7fcee4b23fc0] Error reading HTTP response: End of file
[tls @ 0x7fced3f15bc0] IO error: End of file
[https @ 0x7fced3f06d80] Error reading HTTP response: End of file
[tls @ 0x7fcee4c5f500] IO error: End of file
[https @ 0x7fcee4c71f80] Error reading HTTP response: End of file
[tls @ 0x7fcee4b53d00] IO error: End of file
[https @ 0x7fcee4b46100] Error reading HTTP response: End of file
[tls @ 0x7fcee4b57e40] IO error: End of file
[https @ 0x7fcee4b59180] Error reading HTTP response: End of file
[tls @ 0x7fced3f1c840] IO error: End of file
[https @ 0x7fced3f1c700] Error reading HTTP response: End of file
[tls @ 0x7fcee4b57e40] IO error: End of file
[https @ 0x7fcee4b46100] Error reading HTTP response: End of file
[tls @ 0x7fcee4b53d00] IO error: End of file
[https @ 0x7fcee4b59180] Error reading HTTP response: End of file
[tls @ 0x7fcee4b2a9c0] IO error: End of file
[https @ 0x7fcee4b26dc0] Error reading HTTP response: End of file
[tls @ 0x7fcea4804200] IO error: End of file
[https @ 0x7fcea4804140] Error reading HTTP response: End of file
[tls @ 0x7fcee48df100] IO error: End of file
[https @ 0x7fcee48f1300] Error reading HTTP response: End of file
[in#0/hls @ 0x7fcee48048c0] Failed to reload playlist 0
[tls @ 0x7fcee4c4e900] IO error: End of file
[https @ 0x7fcee4c595c0] Error reading HTTP response: End of file
[in#0/hls @ 0x7fcee48048c0] Failed to reload playlist 0
[tls @ 0x7fcee48df100] IO error: End of file
[https @ 0x7fcee48f1300] Error reading HTTP response: End of file
[in#0/hls @ 0x7fcee48048c0] Failed to reload playlist 0
[tls @ 0x7fcee4c4e900] IO error: End of file
[https @ 0x7fcee4c595c0] Error reading HTTP response: End of file
[in#0/hls @ 0x7fcee48048c0] Failed to reload playlist 0

[2026-04-11T23:32:36.760028] Starting recorder for cam221
[tls @ 0x7fe512804680] IO error: End of file
[https @ 0x7fe512804540] Error reading HTTP response: End of file
[tls @ 0x7fe512904840] IO error: End of file
[https @ 0x7fe512904700] Error reading HTTP response: End of file
[tls @ 0x7fe4e2204280] IO error: End of file
[https @ 0x7fe4e22040c0] Error reading HTTP response: End of file
[tls @ 0x7fe4e2304540] IO error: End of file
[https @ 0x7fe4e2304480] Error reading HTTP response: End of file
[tls @ 0x7fe512826780] IO error: End of file
[https @ 0x7fe512838980] Error reading HTTP response: End of file
[tls @ 0x7fe511f30680] IO error: End of file
[https @ 0x7fe511f17980] Error reading HTTP response: End of file
[tls @ 0x7fe522a3b100] IO error: End of file
[https @ 0x7fe522a103c0] Error reading HTTP response: End of file
[tls @ 0x7fe5128461c0] IO error: End of file
[https @ 0x7fe51283e180] Error reading HTTP response: End of file
[tls @ 0x7fe522804d80] IO error: End of file
[https @ 0x7fe522804c80] Error reading HTTP response: End of file
[tls @ 0x7fe522a06600] IO error: End of file
[https @ 0x7fe522a07a80] Error reading HTTP response: End of file
[tls @ 0x7fe511f39b40] IO error: End of file
[https @ 0x7fe511f17bc0] Error reading HTTP response: End of file
[tls @ 0x7fe511f33d80] IO error: End of file
[https @ 0x7fe511f3d200] Error reading HTTP response: End of file
[in#0/hls @ 0x7fe521f07fc0] Failed to reload playlist 0
[tls @ 0x7fe522a07340] IO error: End of file
[https @ 0x7fe522a07a80] Error reading HTTP response: End of file
[in#0/hls @ 0x7fe521f07fc0] Failed to reload playlist 0
[tls @ 0x7fe522a07340] IO error: End of file
[https @ 0x7fe522a07a80] Error reading HTTP response: End of file
[in#0/hls @ 0x7fe521f07fc0] Failed to reload playlist 0
[tls @ 0x7fe512951080] IO error: End of file
[https @ 0x7fe512907300] Error reading HTTP response: End of file
[in#0/hls @ 0x7fe521f07fc0] Failed to reload playlist 0

[2026-04-11T23:33:56.814438] Starting recorder for cam221
[tls @ 0x7f9479504a00] IO error: End of file
[https @ 0x7f9468704600] Error reading HTTP response: End of file
[tls @ 0x7f9468711640] IO error: End of file
[https @ 0x7f9479525e80] Error reading HTTP response: End of file
[tls @ 0x7f947953e780] IO error: End of file
[https @ 0x7f947953be40] Error reading HTTP response: End of file
[tls @ 0x7f9468717880] IO error: End of file
[https @ 0x7f94687062c0] Error reading HTTP response: End of file
[tls @ 0x7f946870b580] IO error: End of file
[https @ 0x7f9468743740] Error reading HTTP response: End of file
[tls @ 0x7f9479638880] IO error: End of file
[https @ 0x7f9479612500] Error reading HTTP response: End of file
[tls @ 0x7f9479537500] IO error: End of file
[https @ 0x7f9479623ac0] Error reading HTTP response: End of file
[tls @ 0x7f947961a600] IO error: End of file
[https @ 0x7f9479653ec0] Error reading HTTP response: End of file
[tls @ 0x7f9468726a80] IO error: End of file
[https @ 0x7f9468722480] Error reading HTTP response: End of file
[tls @ 0x7f94796549c0] IO error: End of file
[https @ 0x7f9479623a80] Error reading HTTP response: End of file
[tls @ 0x7f94794088c0] IO error: End of file
[https @ 0x7f94794430c0] Error reading HTTP response: End of file
[tls @ 0x7f947955da80] IO error: End of file
[https @ 0x7f947951df00] Error reading HTTP response: End of file
[tls @ 0x7f947941c300] IO error: End of file
[https @ 0x7f9479455000] Error reading HTTP response: End of file
[in#0/hls @ 0x7f9479104640] Failed to reload playlist 0
[tls @ 0x7f9468726a80] IO error: End of file
[https @ 0x7f9468746980] Error reading HTTP response: End of file
[in#0/hls @ 0x7f9479104640] Failed to reload playlist 0
[tls @ 0x7f9449a04080] IO error: End of file
[https @ 0x7f9449a04400] Error reading HTTP response: End of file
[in#0/hls @ 0x7f9479104640] Failed to reload playlist 0
[tls @ 0x7f947941c300] IO error: End of file
[https @ 0x7f9479455000] Error reading HTTP response: End of file
[in#0/hls @ 0x7f9479104640] Failed to reload playlist 0

[2026-04-11T23:35:06.871600] Starting recorder for cam221
[tls @ 0x7f98ce004500] IO error: End of file
[https @ 0x7f98ce0043c0] Error reading HTTP response: End of file
[tls @ 0x7f98ce20e580] IO error: End of file
[https @ 0x7f98ce20dc00] Error reading HTTP response: End of file
[tls @ 0x7f98ce24ca40] IO error: End of file
[https @ 0x7f98ce246000] Error reading HTTP response: End of file
[tls @ 0x7f98cd734700] IO error: End of file
[https @ 0x7f98cd747f00] Error reading HTTP response: End of file
[tls @ 0x7f98ce0265c0] IO error: End of file
[https @ 0x7f98ce028840] Error reading HTTP response: End of file
[tls @ 0x7f98cd753cc0] IO error: End of file
[https @ 0x7f98cd751ec0] Error reading HTTP response: End of file
[tls @ 0x7f98ce275340] IO error: End of file
[https @ 0x7f98ce299b00] Error reading HTTP response: End of file
[tls @ 0x7f98ce006040] IO error: End of file
[https @ 0x7f98ce006200] Error reading HTTP response: End of file
[tls @ 0x7f98ce152100] IO error: End of file
[https @ 0x7f98ce1174c0] Error reading HTTP response: End of file
[tls @ 0x7f98ce14c980] IO error: End of file
[https @ 0x7f98ce16c180] Error reading HTTP response: End of file
[in#0/hls @ 0x7f98de104640] Failed to reload playlist 0
[tls @ 0x7f98ce03cdc0] IO error: End of file
[https @ 0x7f98ce006200] Error reading HTTP response: End of file
[in#0/hls @ 0x7f98de104640] Failed to reload playlist 0
[tls @ 0x7f98ce03cdc0] IO error: End of file
[https @ 0x7f98ce006200] Error reading HTTP response: End of file
[in#0/hls @ 0x7f98de104640] Failed to reload playlist 0
[tls @ 0x7f98ce266140] IO error: End of file
[https @ 0x7f98ce292540] Error reading HTTP response: End of file
[in#0/hls @ 0x7f98de104640] Failed to reload playlist 0

[2026-04-11T23:36:16.923298] Starting recorder for cam221
[tls @ 0x7f9f0d806300] IO error: End of file
[https @ 0x7f9f0d806200] Error reading HTTP response: End of file
[tls @ 0x7f9efe006dc0] IO error: End of file
[https @ 0x7f9efe006cc0] Error reading HTTP response: End of file
[tls @ 0x7f9f19805800] IO error: End of file
[https @ 0x7f9f198056c0] Error reading HTTP response: End of file
[tls @ 0x7f9edd014dc0] IO error: End of file
[https @ 0x7f9edd0237c0] Error reading HTTP response: End of file
[tls @ 0x7f9efcf11d80] IO error: End of file
[https @ 0x7f9efcf19340] Error reading HTTP response: End of file
[tls @ 0x7f9efcf11ac0] IO error: End of file
[https @ 0x7f9efcf11a00] Error reading HTTP response: End of file
[tls @ 0x7f9efcf04a80] IO error: End of file
[https @ 0x7f9efcf040c0] Error reading HTTP response: End of file
[tls @ 0x7f9eacf08840] IO error: End of file
[https @ 0x7f9eacf05ac0] Error reading HTTP response: End of file
[tls @ 0x7f9efcf55ac0] IO error: End of file
[https @ 0x7f9efcf06540] Error reading HTTP response: End of file
[tls @ 0x7f9f0df09100] IO error: End of file
[https @ 0x7f9f0df10dc0] Error reading HTTP response: End of file
[in#0/hls @ 0x7f9f0d8048c0] Failed to reload playlist 0
[tls @ 0x7f9eacf06ac0] IO error: End of file
[https @ 0x7f9eacf06380] Error reading HTTP response: End of file
[in#0/hls @ 0x7f9f0d8048c0] Failed to reload playlist 0
[tls @ 0x7f9eacf06340] IO error: End of file
[https @ 0x7f9eacf06b00] Error reading HTTP response: End of file
[in#0/hls @ 0x7f9f0d8048c0] Failed to reload playlist 0
[tls @ 0x7f9edd062e40] IO error: End of file
[https @ 0x7f9edd067ec0] Error reading HTTP response: End of file
[in#0/hls @ 0x7f9f0d8048c0] Failed to reload playlist 0

[2026-04-11T23:37:26.966895] Starting recorder for cam221
[tls @ 0x7f859a904500] IO error: End of file
[https @ 0x7f859a9043c0] Error reading HTTP response: End of file
[tls @ 0x7f8599f170c0] IO error: End of file
[https @ 0x7f8599f1f400] Error reading HTTP response: End of file
[tls @ 0x7f8599f3be80] IO error: End of file
[https @ 0x7f8599f226c0] Error reading HTTP response: End of file
[tls @ 0x7f8599f69340] IO error: End of file
[https @ 0x7f8599f0ccc0] Error reading HTTP response: End of file
[tls @ 0x7f859aa39b40] IO error: End of file
[https @ 0x7f859aa5f040] Error reading HTTP response: End of file
[tls @ 0x7f859aa76b00] IO error: End of file
[https @ 0x7f859aa72f40] Error reading HTTP response: End of file
[tls @ 0x7f859aa5dc80] IO error: End of file
[https @ 0x7f859a936640] Error reading HTTP response: End of file
[tls @ 0x7f8599f5a2c0] IO error: End of file
[https @ 0x7f8599f12980] Error reading HTTP response: End of file
[tls @ 0x7f859a810800] IO error: End of file
[https @ 0x7f859a81e3c0] Error reading HTTP response: End of file
[tls @ 0x7f859a810800] IO error: End of file
[https @ 0x7f859a80a780] Error reading HTTP response: End of file
[in#0/hls @ 0x7f85aa8048c0] Failed to reload playlist 0
[tls @ 0x7f859a810800] IO error: End of file
[https @ 0x7f859a81e3c0] Error reading HTTP response: End of file
[in#0/hls @ 0x7f85aa8048c0] Failed to reload playlist 0
[tls @ 0x7f859a92c900] IO error: End of file
[https @ 0x7f859a936640] Error reading HTTP response: End of file
[in#0/hls @ 0x7f85aa8048c0] Failed to reload playlist 0
[tls @ 0x7f8599f072c0] IO error: End of file
[https @ 0x7f8599f0d3c0] Error reading HTTP response: End of file
[in#0/hls @ 0x7f85aa8048c0] Failed to reload playlist 0

[2026-04-11T23:38:37.018279] Starting recorder for cam221
[tls @ 0x7f890a804500] IO error: End of file
[https @ 0x7f890a8043c0] Error reading HTTP response: End of file
[tls @ 0x7f890a915c80] IO error: End of file
[https @ 0x7f890a91c900] Error reading HTTP response: End of file
[tls @ 0x7f890a934a80] IO error: End of file
[https @ 0x7f890a91fb80] Error reading HTTP response: End of file
[tls @ 0x7f890971d680] IO error: End of file
[https @ 0x7f890970c0c0] Error reading HTTP response: End of file
[tls @ 0x7f8909735fc0] IO error: End of file
[https @ 0x7f89097383c0] Error reading HTTP response: End of file
[tls @ 0x7f890a937c00] IO error: End of file
[https @ 0x7f890a904240] Error reading HTTP response: End of file
[tls @ 0x7f8909738bc0] IO error: End of file
[https @ 0x7f890973de00] Error reading HTTP response: End of file
[tls @ 0x7f890a904240] IO error: End of file
[https @ 0x7f890a937000] Error reading HTTP response: End of file
[tls @ 0x7f890972f1c0] IO error: End of file
[https @ 0x7f890973c140] Error reading HTTP response: End of file
[tls @ 0x7f890a836480] IO error: End of file
[https @ 0x7f890a836f40] Error reading HTTP response: End of file
[in#0/hls @ 0x7f891a104640] Failed to reload playlist 0
[tls @ 0x7f890a92de00] IO error: End of file
[https @ 0x7f890a92db80] Error reading HTTP response: End of file
[in#0/hls @ 0x7f891a104640] Failed to reload playlist 0
[tls @ 0x7f890a836480] IO error: End of file
[https @ 0x7f890a836f40] Error reading HTTP response: End of file
[in#0/hls @ 0x7f891a104640] Failed to reload playlist 0
[tls @ 0x7f8909751bc0] IO error: End of file
[https @ 0x7f8909765b40] Error reading HTTP response: End of file
[in#0/hls @ 0x7f891a104640] Failed to reload playlist 0

[2026-04-11T23:39:47.064691] Starting recorder for cam221
[tls @ 0x7f986e8040c0] IO error: End of file
[https @ 0x7f987f204540] Error reading HTTP response: End of file
[tls @ 0x7f986e718140] IO error: End of file
[https @ 0x7f986e724f80] Error reading HTTP response: End of file
[tls @ 0x7f986e81d540] IO error: End of file
[https @ 0x7f986e81bd40] Error reading HTTP response: End of file
[tls @ 0x7f986e713a40] IO error: End of file
[https @ 0x7f986e70a200] Error reading HTTP response: End of file
[tls @ 0x7f986e728cc0] IO error: End of file
[https @ 0x7f986e704440] Error reading HTTP response: End of file
[tls @ 0x7f987f217140] IO error: End of file
[https @ 0x7f987f218500] Error reading HTTP response: End of file
[tls @ 0x7f987f32e800] IO error: End of file
[https @ 0x7f987f351680] Error reading HTTP response: End of file
[tls @ 0x7f987f33bd40] IO error: End of file
[https @ 0x7f987f330d80] Error reading HTTP response: End of file
[tls @ 0x7f986e744180] IO error: End of file
[https @ 0x7f986e756380] Error reading HTTP response: End of file
[tls @ 0x7f987f307600] IO error: End of file
[https @ 0x7f987f352400] Error reading HTTP response: End of file
[tls @ 0x7f987f253d80] IO error: End of file
[https @ 0x7f987f221580] Error reading HTTP response: End of file
[tls @ 0x7f987f32cb80] IO error: End of file
[https @ 0x7f987f31c480] Error reading HTTP response: End of file
[in#0/hls @ 0x7f987e707fc0] Failed to reload playlist 0
[tls @ 0x7f986e85da80] IO error: End of file
[https @ 0x7f986e85fdc0] Error reading HTTP response: End of file
[in#0/hls @ 0x7f987e707fc0] Failed to reload playlist 0
[tls @ 0x7f987f295680] IO error: End of file
[https @ 0x7f987f257f40] Error reading HTTP response: End of file
[in#0/hls @ 0x7f987e707fc0] Failed to reload playlist 0
[tls @ 0x7f986e741040] IO error: End of file
[https @ 0x7f986e74b400] Error reading HTTP response: End of file
[in#0/hls @ 0x7f987e707fc0] Failed to reload playlist 0

[2026-04-11T23:41:07.124481] Starting recorder for cam221
[tls @ 0x7f7dc1505c80] IO error: End of file
[https @ 0x7f7dc1505b40] Error reading HTTP response: End of file
[tls @ 0x7f7dc122de00] IO error: End of file
[https @ 0x7f7dc1404cc0] Error reading HTTP response: End of file
[tls @ 0x7f7dc127c280] IO error: End of file
[https @ 0x7f7dc123bf00] Error reading HTTP response: End of file
[tls @ 0x7f7dc1332c80] IO error: End of file
[https @ 0x7f7dc1343500] Error reading HTTP response: End of file
[tls @ 0x7f7dc1326640] IO error: End of file
[https @ 0x7f7dc1322a40] Error reading HTTP response: End of file
[tls @ 0x7f7dc1315a80] IO error: End of file
[https @ 0x7f7dc130f500] Error reading HTTP response: End of file
[tls @ 0x7f7dc1307d40] IO error: End of file
[https @ 0x7f7dc130bb40] Error reading HTTP response: End of file
[tls @ 0x7f7dc1406300] IO error: End of file
[https @ 0x7f7dc142d200] Error reading HTTP response: End of file
[tls @ 0x7f7dc127b980] IO error: End of file
[https @ 0x7f7dc127c680] Error reading HTTP response: End of file
[tls @ 0x7f7dc1406300] IO error: End of file
[https @ 0x7f7dc1441d40] Error reading HTTP response: End of file
[tls @ 0x7f7dc129bdc0] IO error: End of file
[https @ 0x7f7dc129e100] Error reading HTTP response: End of file
[tls @ 0x7f7dc153b080] IO error: End of file
[https @ 0x7f7dc1530100] Error reading HTTP response: End of file
[in#0/hls @ 0x7f7dc10048c0] Failed to reload playlist 0
[tls @ 0x7f7dc1406300] IO error: End of file
[https @ 0x7f7dc144cb40] Error reading HTTP response: End of file
[in#0/hls @ 0x7f7dc10048c0] Failed to reload playlist 0
[tls @ 0x7f7dc1406300] IO error: End of file
[https @ 0x7f7dc144cb40] Error reading HTTP response: End of file
[in#0/hls @ 0x7f7dc10048c0] Failed to reload playlist 0
[tls @ 0x7f7dc135a380] IO error: End of file
[https @ 0x7f7dc136c580] Error reading HTTP response: End of file
[in#0/hls @ 0x7f7dc10048c0] Failed to reload playlist 0

[2026-04-11T23:42:27.185389] Starting recorder for cam221
[tls @ 0x7fdc13f05180] IO error: End of file
[https @ 0x7fdc13f04a00] Error reading HTTP response: End of file
[tls @ 0x7fdc13f23e80] IO error: End of file
[https @ 0x7fdc13f25280] Error reading HTTP response: End of file
[tls @ 0x7fdc1513a040] IO error: End of file
[https @ 0x7fdc151560c0] Error reading HTTP response: End of file
[tls @ 0x7fdc1515ac80] IO error: End of file
[https @ 0x7fdc1515e440] Error reading HTTP response: End of file
[tls @ 0x7fdc249365c0] IO error: End of file
[https @ 0x7fdc15127240] Error reading HTTP response: End of file
[tls @ 0x7fdc2492bc80] IO error: End of file
[https @ 0x7fdc2492bbc0] Error reading HTTP response: End of file
[tls @ 0x7fdc151240c0] IO error: End of file
[https @ 0x7fdc1515d900] Error reading HTTP response: End of file
[tls @ 0x7fdc13f2cc00] IO error: End of file
[https @ 0x7fdc13f36ec0] Error reading HTTP response: End of file
[tls @ 0x7fdc2490be00] IO error: End of file
[https @ 0x7fdc2493e780] Error reading HTTP response: End of file
[tls @ 0x7fdc24912bc0] IO error: End of file
[https @ 0x7fdc24928240] Error reading HTTP response: End of file
[in#0/hls @ 0x7fdc248048c0] Failed to reload playlist 0
[tls @ 0x7fdc13f54640] IO error: End of file
[https @ 0x7fdc13f1c540] Error reading HTTP response: End of file
[in#0/hls @ 0x7fdc248048c0] Failed to reload playlist 0
[tls @ 0x7fdc24912bc0] IO error: End of file
[https @ 0x7fdc24928240] Error reading HTTP response: End of file
[in#0/hls @ 0x7fdc248048c0] Failed to reload playlist 0
[tls @ 0x7fdc15133940] IO error: End of file
[https @ 0x7fdc151560c0] Error reading HTTP response: End of file
[in#0/hls @ 0x7fdc248048c0] Failed to reload playlist 0

[2026-04-11T23:43:37.239720] Starting recorder for cam221
[tls @ 0x7fa850704500] IO error: End of file
[https @ 0x7fa8507043c0] Error reading HTTP response: End of file
[tls @ 0x7fa861312280] IO error: End of file
[https @ 0x7fa861315c00] Error reading HTTP response: End of file
[tls @ 0x7fa851029b80] IO error: End of file
[https @ 0x7fa85105c480] Error reading HTTP response: End of file
[tls @ 0x7fa851068000] IO error: End of file
[https @ 0x7fa850716c80] Error reading HTTP response: End of file
[tls @ 0x7fa86120ff80] IO error: End of file
[https @ 0x7fa861212500] Error reading HTTP response: End of file
[tls @ 0x7fa86123e9c0] IO error: End of file
[https @ 0x7fa86123a9c0] Error reading HTTP response: End of file
[tls @ 0x7fa850742200] IO error: End of file
[https @ 0x7fa850740400] Error reading HTTP response: End of file
[tls @ 0x7fa86120ff80] IO error: End of file
[https @ 0x7fa861212500] Error reading HTTP response: End of file
[tls @ 0x7fa850760880] IO error: End of file
[https @ 0x7fa850736780] Error reading HTTP response: End of file
[tls @ 0x7fa86120ff80] IO error: End of file
[https @ 0x7fa861212500] Error reading HTTP response: End of file
[in#0/hls @ 0x7fa8610048c0] Failed to reload playlist 0
[tls @ 0x7fa861330ec0] IO error: End of file
[https @ 0x7fa861331900] Error reading HTTP response: End of file
[in#0/hls @ 0x7fa8610048c0] Failed to reload playlist 0
[tls @ 0x7fa86120ff80] IO error: End of file
[https @ 0x7fa8612091c0] Error reading HTTP response: End of file
[in#0/hls @ 0x7fa8610048c0] Failed to reload playlist 0
[tls @ 0x7fa850734040] IO error: End of file
[https @ 0x7fa85072c5c0] Error reading HTTP response: End of file
[in#0/hls @ 0x7fa8610048c0] Failed to reload playlist 0

[2026-04-11T23:44:47.296142] Starting recorder for cam221
[tls @ 0x7fbd7c404680] IO error: End of file
[https @ 0x7fbd7c404540] Error reading HTTP response: End of file
[tls @ 0x7fbd7c50ac40] IO error: End of file
[https @ 0x7fbd7c50a100] Error reading HTTP response: End of file
[tls @ 0x7fbd7c654f80] IO error: End of file
[https @ 0x7fbd7c664900] Error reading HTTP response: End of file
[tls @ 0x7fbd7c7084c0] IO error: End of file
[https @ 0x7fbd7c74ec40] Error reading HTTP response: End of file
[tls @ 0x7fbd7c559cc0] IO error: End of file
[https @ 0x7fbd7c50d0c0] Error reading HTTP response: End of file
[tls @ 0x7fbd7c515d80] IO error: End of file
[https @ 0x7fbd7c53cd80] Error reading HTTP response: End of file
[tls @ 0x7fbd7c550800] IO error: End of file
[https @ 0x7fbd7c54e080] Error reading HTTP response: End of file
[tls @ 0x7fbd7c64a240] IO error: End of file
[https @ 0x7fbd7c639140] Error reading HTTP response: End of file
[tls @ 0x7fbd7c720840] IO error: End of file
[https @ 0x7fbd7c727c40] Error reading HTTP response: End of file
[tls @ 0x7fbd7c50d040] IO error: End of file
[https @ 0x7fbd7c552fc0] Error reading HTTP response: End of file
[tls @ 0x7fbd7c6ac700] IO error: End of file
[https @ 0x7fbd7c6c0a80] Error reading HTTP response: End of file
[in#0/hls @ 0x7fbd7c004600] Failed to reload playlist 0
[tls @ 0x7fbd7c535500] IO error: End of file
[https @ 0x7fbd7c524440] Error reading HTTP response: End of file
[in#0/hls @ 0x7fbd7c004600] Failed to reload playlist 0
[tls @ 0x7fbd7c4322c0] IO error: End of file
[https @ 0x7fbd7c425fc0] Error reading HTTP response: End of file
[in#0/hls @ 0x7fbd7c004600] Failed to reload playlist 0
[tls @ 0x7fbd7c6ac700] IO error: End of file
[https @ 0x7fbd7c6c0a80] Error reading HTTP response: End of file
[in#0/hls @ 0x7fbd7c004600] Failed to reload playlist 0

[2026-04-11T23:45:57.355148] Starting recorder for cam221
[tls @ 0x7ff347704500] IO error: End of file
[https @ 0x7ff3477043c0] Error reading HTTP response: End of file
[tls @ 0x7ff33770d440] IO error: End of file
[https @ 0x7ff33770c480] Error reading HTTP response: End of file
[tls @ 0x7ff34772fdc0] IO error: End of file
[https @ 0x7ff347741480] Error reading HTTP response: End of file
[tls @ 0x7ff347704ec0] IO error: End of file
[https @ 0x7ff34775bd80] Error reading HTTP response: End of file
[tls @ 0x7ff34772fdc0] IO error: End of file
[https @ 0x7ff34773e680] Error reading HTTP response: End of file
[tls @ 0x7ff34771c480] IO error: End of file
[https @ 0x7ff347762900] Error reading HTTP response: End of file
[tls @ 0x7ff35006a200] IO error: End of file
[https @ 0x7ff350033280] Error reading HTTP response: End of file
[tls @ 0x7ff33772dac0] IO error: End of file
[https @ 0x7ff33772cec0] Error reading HTTP response: End of file
[tls @ 0x7ff350139740] IO error: End of file
[https @ 0x7ff350119080] Error reading HTTP response: End of file
[tls @ 0x7ff350145640] IO error: End of file
[https @ 0x7ff350105b40] Error reading HTTP response: End of file
[tls @ 0x7ff34771ba80] IO error: End of file
[https @ 0x7ff34773df00] Error reading HTTP response: End of file
[in#0/hls @ 0x7ff3589048c0] Failed to reload playlist 0
[tls @ 0x7ff35013fd00] IO error: End of file
[https @ 0x7ff3501561c0] Error reading HTTP response: End of file
[in#0/hls @ 0x7ff3589048c0] Failed to reload playlist 0
[tls @ 0x7ff337720500] IO error: End of file
[https @ 0x7ff337713b00] Error reading HTTP response: End of file
[in#0/hls @ 0x7ff3589048c0] Failed to reload playlist 0
[tls @ 0x7ff337720500] IO error: End of file
[https @ 0x7ff337718cc0] Error reading HTTP response: End of file
[in#0/hls @ 0x7ff3589048c0] Failed to reload playlist 0

[2026-04-11T23:47:07.415781] Starting recorder for cam221
[tls @ 0x7fd297904680] IO error: End of file
[https @ 0x7fd297904540] Error reading HTTP response: End of file
[tls @ 0x7fd297b04cc0] IO error: End of file
[https @ 0x7fd297b04b80] Error reading HTTP response: End of file
[tls @ 0x7fd297c0d6c0] IO error: End of file
[https @ 0x7fd297c3f4c0] Error reading HTTP response: End of file
[tls @ 0x7fd297c6acc0] IO error: End of file
[https @ 0x7fd297c4c9c0] Error reading HTTP response: End of file
[tls @ 0x7fd297a19800] IO error: End of file
[https @ 0x7fd297a07a40] Error reading HTTP response: End of file
[tls @ 0x7fd297a54a80] IO error: End of file
[https @ 0x7fd297a56fc0] Error reading HTTP response: End of file
[tls @ 0x7fd297a75f40] IO error: End of file
[https @ 0x7fd297a78540] Error reading HTTP response: End of file
[tls @ 0x7fd297b3bb80] IO error: End of file
[https @ 0x7fd297b3a780] Error reading HTTP response: End of file
[tls @ 0x7fd297c2d2c0] IO error: End of file
[https @ 0x7fd297c04e80] Error reading HTTP response: End of file
[tls @ 0x7fd297b3a600] IO error: End of file
[https @ 0x7fd297b3a780] Error reading HTTP response: End of file
[tls @ 0x7fd297b2b800] IO error: End of file
[https @ 0x7fd297b1f680] Error reading HTTP response: End of file
[tls @ 0x7fd297c09380] IO error: End of file
[https @ 0x7fd297c0ea80] Error reading HTTP response: End of file
[in#0/hls @ 0x7fd2967082c0] Failed to reload playlist 0
[tls @ 0x7fd297a33c40] IO error: End of file
[https @ 0x7fd297b2b7c0] Error reading HTTP response: End of file
[in#0/hls @ 0x7fd2967082c0] Failed to reload playlist 0
[tls @ 0x7fd297919f80] IO error: End of file
[https @ 0x7fd297918380] Error reading HTTP response: End of file
[in#0/hls @ 0x7fd2967082c0] Failed to reload playlist 0
[tls @ 0x7fd297a33c40] IO error: End of file
[https @ 0x7fd297a0fd00] Error reading HTTP response: End of file
[in#0/hls @ 0x7fd2967082c0] Failed to reload playlist 0

[2026-04-11T23:48:27.489614] Starting recorder for cam221
[tls @ 0x7ff353004680] IO error: End of file
[https @ 0x7ff353004540] Error reading HTTP response: End of file
[tls @ 0x7ff363208680] IO error: End of file
[https @ 0x7ff363208580] Error reading HTTP response: End of file
[tls @ 0x7ff351f427c0] IO error: End of file
[https @ 0x7ff351f57ac0] Error reading HTTP response: End of file
[tls @ 0x7ff35305fe40] IO error: End of file
[https @ 0x7ff353072080] Error reading HTTP response: End of file
[tls @ 0x7ff36323adc0] IO error: End of file
[https @ 0x7ff36324cfc0] Error reading HTTP response: End of file
[tls @ 0x7ff351f04440] IO error: End of file
[https @ 0x7ff351f22400] Error reading HTTP response: End of file
[tls @ 0x7ff35312d400] IO error: End of file
[https @ 0x7ff353120040] Error reading HTTP response: End of file
[tls @ 0x7ff3530745c0] IO error: End of file
[https @ 0x7ff353074500] Error reading HTTP response: End of file
[tls @ 0x7ff3632477c0] IO error: End of file
[https @ 0x7ff363249b00] Error reading HTTP response: End of file
[tls @ 0x7ff363250600] IO error: End of file
[https @ 0x7ff363251c40] Error reading HTTP response: End of file
[tls @ 0x7ff351f04500] IO error: End of file
[https @ 0x7ff351f04440] Error reading HTTP response: End of file
[tls @ 0x7ff35312d400] IO error: End of file
[https @ 0x7ff3531607c0] Error reading HTTP response: End of file
[in#0/hls @ 0x7ff3631048c0] Failed to reload playlist 0
[tls @ 0x7ff351f213c0] IO error: End of file
[https @ 0x7ff351f28400] Error reading HTTP response: End of file
[in#0/hls @ 0x7ff3631048c0] Failed to reload playlist 0
[tls @ 0x7ff35303da00] IO error: End of file
[https @ 0x7ff353040440] Error reading HTTP response: End of file
[in#0/hls @ 0x7ff3631048c0] Failed to reload playlist 0
[tls @ 0x7ff351f213c0] IO error: End of file
[https @ 0x7ff351f28400] Error reading HTTP response: End of file
[in#0/hls @ 0x7ff3631048c0] Failed to reload playlist 0

[2026-04-11T23:49:47.568021] Starting recorder for cam221
[tls @ 0x7f8986f04500] IO error: End of file
[https @ 0x7f8986f043c0] Error reading HTTP response: End of file
[tls @ 0x7f8997815fc0] IO error: End of file
[https @ 0x7f8997815f00] Error reading HTTP response: End of file
[tls @ 0x7f8986f0c740] IO error: End of file
[https @ 0x7f8986f0b040] Error reading HTTP response: End of file
[tls @ 0x7f8986f0f9c0] IO error: End of file
[https @ 0x7f8986f17140] Error reading HTTP response: End of file
[tls @ 0x7f8986f19bc0] IO error: End of file
[https @ 0x7f8986f09ec0] Error reading HTTP response: End of file
[tls @ 0x7f8997962d80] IO error: End of file
[https @ 0x7f899794bfc0] Error reading HTTP response: End of file
[tls @ 0x7f899783cb80] IO error: End of file
[https @ 0x7f89978161c0] Error reading HTTP response: End of file
[tls @ 0x7f8997841800] IO error: End of file
[https @ 0x7f899783cd00] Error reading HTTP response: End of file
[tls @ 0x7f8996f55980] IO error: End of file
[https @ 0x7f8996f78300] Error reading HTTP response: End of file
[in#0/hls @ 0x7f89a81048c0] Failed to reload playlist 0
[tls @ 0x7f899792d880] IO error: End of file
[https @ 0x7f89978506c0] Error reading HTTP response: End of file
[in#0/hls @ 0x7f89a81048c0] Failed to reload playlist 0
[tls @ 0x7f899792d880] IO error: End of file
[https @ 0x7f89978506c0] Error reading HTTP response: End of file
[in#0/hls @ 0x7f89a81048c0] Failed to reload playlist 0
[tls @ 0x7f8997842740] IO error: End of file
[https @ 0x7f8997816fc0] Error reading HTTP response: End of file
[in#0/hls @ 0x7f89a81048c0] Failed to reload playlist 0

[2026-04-11T23:50:57.655475] Starting recorder for cam221
[tls @ 0x7fafc5305480] IO error: End of file
[https @ 0x7fafc54043c0] Error reading HTTP response: End of file
[tls @ 0x7fafc5422f40] IO error: End of file
[https @ 0x7fafc541d4c0] Error reading HTTP response: End of file
[tls @ 0x7fafc54401c0] IO error: End of file
[https @ 0x7fafc5448bc0] Error reading HTTP response: End of file
[tls @ 0x7fafc5264e40] IO error: End of file
[https @ 0x7fafc5253d00] Error reading HTTP response: End of file
[tls @ 0x7fafc54401c0] IO error: End of file
[https @ 0x7fafc5409000] Error reading HTTP response: End of file
[tls @ 0x7fafc543fd80] IO error: End of file
[https @ 0x7fafc5410f80] Error reading HTTP response: End of file
[tls @ 0x7fafc520f9c0] IO error: End of file
[https @ 0x7fafc5211200] Error reading HTTP response: End of file
[tls @ 0x7fafc524c680] IO error: End of file
[https @ 0x7fafc5262380] Error reading HTTP response: End of file
[tls @ 0x7fafc5427d00] IO error: End of file
[https @ 0x7fafc522fa80] Error reading HTTP response: End of file
[tls @ 0x7fafc534b440] IO error: End of file
[https @ 0x7fafc533eb80] Error reading HTTP response: End of file
[tls @ 0x7fafc523b680] IO error: End of file
[https @ 0x7fafc520a340] Error reading HTTP response: End of file
[in#0/hls @ 0x7fafc3f08040] Failed to reload playlist 0
[tls @ 0x7fafc5317c00] IO error: End of file
[https @ 0x7fafc534b300] Error reading HTTP response: End of file
[in#0/hls @ 0x7fafc3f08040] Failed to reload playlist 0
[tls @ 0x7fafc5317c00] IO error: End of file
[https @ 0x7fafc534b300] Error reading HTTP response: End of file
[in#0/hls @ 0x7fafc3f08040] Failed to reload playlist 0
[tls @ 0x7fafc5542a00] IO error: End of file
[https @ 0x7fafc5589d40] Error reading HTTP response: End of file
[in#0/hls @ 0x7fafc3f08040] Failed to reload playlist 0

[2026-04-11T23:52:07.739137] Starting recorder for cam221
[tls @ 0x7f89f6704680] IO error: End of file
[https @ 0x7f89f6704540] Error reading HTTP response: End of file
[tls @ 0x7f89f6709700] IO error: End of file
[https @ 0x7f89f67113c0] Error reading HTTP response: End of file
[tls @ 0x7f89f67439c0] IO error: End of file
[https @ 0x7f89f67434c0] Error reading HTTP response: End of file
[tls @ 0x7f89f670ea80] IO error: End of file
[https @ 0x7f89f6758a80] Error reading HTTP response: End of file
[tls @ 0x7f89f67439c0] IO error: End of file
[https @ 0x7f89f671ec00] Error reading HTTP response: End of file
[tls @ 0x7f8a17965d40] IO error: End of file
[https @ 0x7f8a17977f40] Error reading HTTP response: End of file
[tls @ 0x7f8a17916840] IO error: End of file
[https @ 0x7f8a17912c40] Error reading HTTP response: End of file
[tls @ 0x7f89f67439c0] IO error: End of file
[https @ 0x7f89f6721040] Error reading HTTP response: End of file
[tls @ 0x7f8a179737c0] IO error: End of file
[https @ 0x7f8a17974880] Error reading HTTP response: End of file
[tls @ 0x7f89f70286c0] IO error: End of file
[https @ 0x7f89f7032f00] Error reading HTTP response: End of file
[tls @ 0x7f8a179737c0] IO error: End of file
[https @ 0x7f8a17956140] Error reading HTTP response: End of file
[tls @ 0x7f8a17967100] IO error: End of file
[https @ 0x7f8a1797f1c0] Error reading HTTP response: End of file
[tls @ 0x7f89f701bd80] IO error: End of file
[https @ 0x7f89f701bcc0] Error reading HTTP response: End of file
[in#0/hls @ 0x7f8a167082c0] Failed to reload playlist 0
[tls @ 0x7f89f701bcc0] IO error: End of file
[https @ 0x7f89f701bd80] Error reading HTTP response: End of file
[in#0/hls @ 0x7f8a167082c0] Failed to reload playlist 0
[tls @ 0x7f89f7048280] IO error: End of file
[https @ 0x7f89f701bd40] Error reading HTTP response: End of file
[in#0/hls @ 0x7f8a167082c0] Failed to reload playlist 0
[tls @ 0x7f89f6712580] IO error: End of file
[https @ 0x7f89f6749dc0] Error reading HTTP response: End of file
[in#0/hls @ 0x7f8a167082c0] Failed to reload playlist 0

[2026-04-11T23:53:17.803054] Starting recorder for cam221
[tls @ 0x7fcf82804680] IO error: End of file
[https @ 0x7fcf82804540] Error reading HTTP response: End of file
[tls @ 0x7fcf81f0f580] IO error: End of file
[https @ 0x7fcf81f0f4c0] Error reading HTTP response: End of file
[tls @ 0x7fcfa3219600] IO error: End of file
[https @ 0x7fcfa32481c0] Error reading HTTP response: End of file
[tls @ 0x7fcfa326f740] IO error: End of file
[https @ 0x7fcfa3281940] Error reading HTTP response: End of file
[tls @ 0x7fcf82845280] IO error: End of file
[https @ 0x7fcf82841600] Error reading HTTP response: End of file
[tls @ 0x7fcf82941a40] IO error: End of file
[https @ 0x7fcf8293e580] Error reading HTTP response: End of file
[tls @ 0x7fcf81f33600] IO error: End of file
[https @ 0x7fcf82834d80] Error reading HTTP response: End of file
[tls @ 0x7fcf82853300] IO error: End of file
[https @ 0x7fcf82829280] Error reading HTTP response: End of file
[tls @ 0x7fcf8291f140] IO error: End of file
[https @ 0x7fcf82935f00] Error reading HTTP response: End of file
[tls @ 0x7fcf82847ec0] IO error: End of file
[https @ 0x7fcf8280bd80] Error reading HTTP response: End of file
[tls @ 0x7fcf82941a40] IO error: End of file
[https @ 0x7fcf82919500] Error reading HTTP response: End of file
[tls @ 0x7fcfa3224700] IO error: End of file
[https @ 0x7fcfa322a8c0] Error reading HTTP response: End of file
[in#0/hls @ 0x7fcfa31048c0] Failed to reload playlist 0
[tls @ 0x7fcf82941a40] IO error: End of file
[https @ 0x7fcf8294e180] Error reading HTTP response: End of file
[in#0/hls @ 0x7fcfa31048c0] Failed to reload playlist 0
[tls @ 0x7fcf8280de00] IO error: End of file
[https @ 0x7fcf82836940] Error reading HTTP response: End of file
[in#0/hls @ 0x7fcfa31048c0] Failed to reload playlist 0
[tls @ 0x7fcfa3224700] IO error: End of file
[https @ 0x7fcfa322a8c0] Error reading HTTP response: End of file
[in#0/hls @ 0x7fcfa31048c0] Failed to reload playlist 0

[2026-04-11T23:54:37.871205] Starting recorder for cam221
[tls @ 0x7f9ecf805e00] IO error: End of file
[https @ 0x7f9ecf805cc0] Error reading HTTP response: End of file
[tls @ 0x7f9ece709a00] IO error: End of file
[https @ 0x7f9ece709900] Error reading HTTP response: End of file
[tls @ 0x7f9ecf83ca80] IO error: End of file
[https @ 0x7f9ecf84f1c0] Error reading HTTP response: End of file
[tls @ 0x7f9ece709300] IO error: End of file
[https @ 0x7f9ece7303c0] Error reading HTTP response: End of file
[tls @ 0x7f9ecf82b4c0] IO error: End of file
[https @ 0x7f9ecf81a0c0] Error reading HTTP response: End of file
[tls @ 0x7f9ecf96c2c0] IO error: End of file
[https @ 0x7f9ecf973880] Error reading HTTP response: End of file
[tls @ 0x7f9ecf944380] IO error: End of file
[https @ 0x7f9ecf966980] Error reading HTTP response: End of file
[tls @ 0x7f9ecf96c280] IO error: End of file
[https @ 0x7f9ecf9535c0] Error reading HTTP response: End of file
[tls @ 0x7f9eae73edc0] IO error: End of file
[https @ 0x7f9eae741480] Error reading HTTP response: End of file
[tls @ 0x7f9ece70f800] IO error: End of file
[https @ 0x7f9ece7369c0] Error reading HTTP response: End of file
[tls @ 0x7f9ecf96c280] IO error: End of file
[https @ 0x7f9ecf9535c0] Error reading HTTP response: End of file
[in#0/hls @ 0x7f9ede7082c0] Failed to reload playlist 0
[tls @ 0x7f9eae7408c0] IO error: End of file
[https @ 0x7f9eae742380] Error reading HTTP response: End of file
[in#0/hls @ 0x7f9ede7082c0] Failed to reload playlist 0
[tls @ 0x7f9ecf840dc0] IO error: End of file
[https @ 0x7f9ecf832c80] Error reading HTTP response: End of file
[in#0/hls @ 0x7f9ede7082c0] Failed to reload playlist 0
[tls @ 0x7f9ecf96c280] IO error: End of file
[https @ 0x7f9ecf9535c0] Error reading HTTP response: End of file
[in#0/hls @ 0x7f9ede7082c0] Failed to reload playlist 0

[2026-04-11T23:55:47.940732] Starting recorder for cam221
[tls @ 0x7fca12d05a40] IO error: End of file
[https @ 0x7fca12d05980] Error reading HTTP response: End of file
[tls @ 0x7fca01706040] IO error: End of file
[https @ 0x7fca01705f00] Error reading HTTP response: End of file
[tls @ 0x7fca12d151c0] IO error: End of file
[https @ 0x7fca12d07940] Error reading HTTP response: End of file
[tls @ 0x7fca0172f0c0] IO error: End of file
[https @ 0x7fca01726140] Error reading HTTP response: End of file
[tls @ 0x7fca12c1d4c0] IO error: End of file
[https @ 0x7fca12c21180] Error reading HTTP response: End of file
[tls @ 0x7fca12d13280] IO error: End of file
[https @ 0x7fca12d3e1c0] Error reading HTTP response: End of file
[tls @ 0x7fca12c201c0] IO error: End of file
[https @ 0x7fca12c1f340] Error reading HTTP response: End of file
[tls @ 0x7fca0172f0c0] IO error: End of file
[https @ 0x7fca01786c00] Error reading HTTP response: End of file
[tls @ 0x7fca12d1d680] IO error: End of file
[https @ 0x7fca12d3e1c0] Error reading HTTP response: End of file
[tls @ 0x7fca0172f0c0] IO error: End of file
[https @ 0x7fca0172dc00] Error reading HTTP response: End of file
[tls @ 0x7fca12c351c0] IO error: End of file
[https @ 0x7fca12c47400] Error reading HTTP response: End of file
[tls @ 0x7fca12d13280] IO error: End of file
[https @ 0x7fca12d3e1c0] Error reading HTTP response: End of file
[in#0/hls @ 0x7fca11708040] Failed to reload playlist 0
[tls @ 0x7fca0172f0c0] IO error: End of file
[https @ 0x7fca0170d480] Error reading HTTP response: End of file
[in#0/hls @ 0x7fca11708040] Failed to reload playlist 0
[tls @ 0x7fca12b9b480] IO error: End of file
[https @ 0x7fca12bca900] Error reading HTTP response: End of file
[in#0/hls @ 0x7fca11708040] Failed to reload playlist 0
[tls @ 0x7fca12b9b480] IO error: End of file
[https @ 0x7fca12b9c940] Error reading HTTP response: End of file
[in#0/hls @ 0x7fca11708040] Failed to reload playlist 0

[2026-04-11T23:57:08.003216] Starting recorder for cam221
[tls @ 0x7fce0b805080] IO error: End of file
[https @ 0x7fce0b804b40] Error reading HTTP response: End of file
[tls @ 0x7fce0b904d80] IO error: End of file
[https @ 0x7fce0b904c40] Error reading HTTP response: End of file
[tls @ 0x7fce0b922500] IO error: End of file
[https @ 0x7fce0b91b340] Error reading HTTP response: End of file
[tls @ 0x7fce0b951740] IO error: End of file
[https @ 0x7fce0b949400] Error reading HTTP response: End of file
[tls @ 0x7fce0b741e00] IO error: End of file
[https @ 0x7fce0b7694c0] Error reading HTTP response: End of file
[tls @ 0x7fce1c107640] IO error: End of file
[https @ 0x7fce1c1068c0] Error reading HTTP response: End of file
[tls @ 0x7fce0b922500] IO error: End of file
[https @ 0x7fce0b905cc0] Error reading HTTP response: End of file
[tls @ 0x7fce1c105780] IO error: End of file
[https @ 0x7fce1c105680] Error reading HTTP response: End of file
[tls @ 0x7fce1c105f00] IO error: End of file
[https @ 0x7fce1c105dc0] Error reading HTTP response: End of file
[tls @ 0x7fce0b840c40] IO error: End of file
[https @ 0x7fce0b87a600] Error reading HTTP response: End of file
[in#0/hls @ 0x7fce1b707d40] Failed to reload playlist 0
[tls @ 0x7fce0b741e00] IO error: End of file
[https @ 0x7fce0b7694c0] Error reading HTTP response: End of file
[in#0/hls @ 0x7fce1b707d40] Failed to reload playlist 0
[tls @ 0x7fce0b92ab00] IO error: End of file
[https @ 0x7fce0b9476c0] Error reading HTTP response: End of file
[in#0/hls @ 0x7fce1b707d40] Failed to reload playlist 0
[tls @ 0x7fce1c109fc0] IO error: End of file
[https @ 0x7fce1c10a2c0] Error reading HTTP response: End of file
[in#0/hls @ 0x7fce1b707d40] Failed to reload playlist 0

[2026-04-11T23:58:18.057432] Starting recorder for cam221
[tls @ 0x7fae25b04340] IO error: End of file
[https @ 0x7fae25b04200] Error reading HTTP response: End of file
[tls @ 0x7fae14f09b00] IO error: End of file
[https @ 0x7fae14f1ed40] Error reading HTTP response: End of file
[tls @ 0x7fae25c56cc0] IO error: End of file
[https @ 0x7fae25c54180] Error reading HTTP response: End of file
[tls @ 0x7fae1584a900] IO error: End of file
[https @ 0x7fae15843fc0] Error reading HTTP response: End of file
[tls @ 0x7fae14f075c0] IO error: End of file
[https @ 0x7fae14f49980] Error reading HTTP response: End of file
[tls @ 0x7fae1584a900] IO error: End of file
[https @ 0x7fae15809540] Error reading HTTP response: End of file
[tls @ 0x7fae25b3e7c0] IO error: End of file
[https @ 0x7fae25b3e380] Error reading HTTP response: End of file
[tls @ 0x7fae14f0de80] IO error: End of file
[https @ 0x7fae14f2a940] Error reading HTTP response: End of file
[tls @ 0x7fae25b180c0] IO error: End of file
[https @ 0x7fae25b19400] Error reading HTTP response: End of file
[tls @ 0x7fae25b3e7c0] IO error: End of file
[https @ 0x7fae25b41980] Error reading HTTP response: End of file
[tls @ 0x7fae25b3e7c0] IO error: End of file
[https @ 0x7fae25b3e380] Error reading HTTP response: End of file
[in#0/hls @ 0x7fae259048c0] Failed to reload playlist 0
[tls @ 0x7fae25b3e7c0] IO error: End of file
[https @ 0x7fae25b2e5c0] Error reading HTTP response: End of file
[in#0/hls @ 0x7fae259048c0] Failed to reload playlist 0
[tls @ 0x7fae15822880] IO error: End of file
[https @ 0x7fae15876b40] Error reading HTTP response: End of file
[in#0/hls @ 0x7fae259048c0] Failed to reload playlist 0
[tls @ 0x7fae25b3e7c0] IO error: End of file
[https @ 0x7fae25b3e380] Error reading HTTP response: End of file
[in#0/hls @ 0x7fae259048c0] Failed to reload playlist 0

[2026-04-11T23:59:28.124389] Starting recorder for cam221
[tls @ 0x7fb544004500] IO error: End of file
[https @ 0x7fb5440043c0] Error reading HTTP response: End of file
[tls @ 0x7fb542f111c0] IO error: End of file
[https @ 0x7fb542f15880] Error reading HTTP response: End of file
[tls @ 0x7fb563b20100] IO error: End of file
[https @ 0x7fb563b38080] Error reading HTTP response: End of file
[tls @ 0x7fb54405e9c0] IO error: End of file
[https @ 0x7fb5440568c0] Error reading HTTP response: End of file
[tls @ 0x7fb544020300] IO error: End of file
[https @ 0x7fb54403aac0] Error reading HTTP response: End of file
[tls @ 0x7fb563a68800] IO error: End of file
[https @ 0x7fb563a6bf40] Error reading HTTP response: End of file
[tls @ 0x7fb542f47c00] IO error: End of file
[https @ 0x7fb542f6fb40] Error reading HTTP response: End of file
[tls @ 0x7fb563a15cc0] IO error: End of file
[https @ 0x7fb563a22f40] Error reading HTTP response: End of file
[tls @ 0x7fb542f14280] IO error: End of file
[https @ 0x7fb542f15940] Error reading HTTP response: End of file
[tls @ 0x7fb54402c480] IO error: End of file
[https @ 0x7fb544014d80] Error reading HTTP response: End of file
[tls @ 0x7fb544053c00] IO error: End of file
[https @ 0x7fb544057640] Error reading HTTP response: End of file
[in#0/hls @ 0x7fb5638048c0] Failed to reload playlist 0
[tls @ 0x7fb563a2b300] IO error: End of file
[https @ 0x7fb563a45f40] Error reading HTTP response: End of file
[in#0/hls @ 0x7fb5638048c0] Failed to reload playlist 0
[tls @ 0x7fb542f04500] IO error: End of file
[https @ 0x7fb563b57380] Error reading HTTP response: End of file
[in#0/hls @ 0x7fb5638048c0] Failed to reload playlist 0
[tls @ 0x7fb563a2b300] IO error: End of file
[https @ 0x7fb563a4f780] Error reading HTTP response: End of file
[in#0/hls @ 0x7fb5638048c0] Failed to reload playlist 0

[2026-04-12T00:00:38.193279] Starting recorder for cam221
[tls @ 0x7f8c8a804380] IO error: End of file
[https @ 0x7f8c8a804240] Error reading HTTP response: End of file
[tls @ 0x7f8c9aa0fb80] IO error: End of file
[https @ 0x7f8c9aa21d80] Error reading HTTP response: End of file
[tls @ 0x7f8c8a824d00] IO error: End of file
[https @ 0x7f8c8a848280] Error reading HTTP response: End of file
[tls @ 0x7f8c8a865040] IO error: End of file
[https @ 0x7f8c8a875dc0] Error reading HTTP response: End of file
[tls @ 0x7f8c89f5e740] IO error: End of file
[https @ 0x7f8c89f509c0] Error reading HTTP response: End of file
[tls @ 0x7f8c9a989540] IO error: End of file
[https @ 0x7f8c9a997d00] Error reading HTTP response: End of file
[tls @ 0x7f8c9a922980] IO error: End of file
[https @ 0x7f8c9a91e440] Error reading HTTP response: End of file
[tls @ 0x7f8c8a815280] IO error: End of file
[https @ 0x7f8c8a83df00] Error reading HTTP response: End of file
[tls @ 0x7f8c9a91c180] IO error: End of file
[https @ 0x7f8c9a943180] Error reading HTTP response: End of file
[tls @ 0x7f8c9aa0ee00] IO error: End of file
[https @ 0x7f8c9aa15d40] Error reading HTTP response: End of file
[tls @ 0x7f8c9a90f540] IO error: End of file
[https @ 0x7f8c9a93c880] Error reading HTTP response: End of file
[tls @ 0x7f8c8a853d00] IO error: End of file
[https @ 0x7f8c8a83fa00] Error reading HTTP response: End of file
[in#0/hls @ 0x7f8c99f08240] Failed to reload playlist 0
[tls @ 0x7f8c8a853d00] IO error: End of file
[https @ 0x7f8c8a80f280] Error reading HTTP response: End of file
[in#0/hls @ 0x7f8c99f08240] Failed to reload playlist 0
[tls @ 0x7f8c89f1a600] IO error: End of file
[https @ 0x7f8c89f1ef40] Error reading HTTP response: End of file
[in#0/hls @ 0x7f8c99f08240] Failed to reload playlist 0
[tls @ 0x7f8c89f1a600] IO error: End of file
[https @ 0x7f8c89f2b600] Error reading HTTP response: End of file
[in#0/hls @ 0x7f8c99f08240] Failed to reload playlist 0

[2026-04-12T00:01:58.262318] Starting recorder for cam221
[tls @ 0x7fbb40f048c0] IO error: End of file
[https @ 0x7fbb40f04800] Error reading HTTP response: End of file
[tls @ 0x7fbb51b11bc0] IO error: End of file
[https @ 0x7fbb51b0e880] Error reading HTTP response: End of file
[tls @ 0x7fbb51b31700] IO error: End of file
[https @ 0x7fbb51b2fb00] Error reading HTTP response: End of file
[tls @ 0x7fbb40f364c0] IO error: End of file
[https @ 0x7fbb40f36400] Error reading HTTP response: End of file
[tls @ 0x7fbb51b46640] IO error: End of file
[https @ 0x7fbb51b28b40] Error reading HTTP response: End of file
[tls @ 0x7fbb51a373c0] IO error: End of file
[https @ 0x7fbb51a367c0] Error reading HTTP response: End of file
[tls @ 0x7fbb51a44780] IO error: End of file
[https @ 0x7fbb51a2b380] Error reading HTTP response: End of file
[tls @ 0x7fbb5193b440] IO error: End of file
[https @ 0x7fbb5192ef80] Error reading HTTP response: End of file
[tls @ 0x7fbb51b19380] IO error: End of file
[https @ 0x7fbb51b3fe80] Error reading HTTP response: End of file
[tls @ 0x7fbb51b53540] IO error: End of file
[https @ 0x7fbb51b53980] Error reading HTTP response: End of file
[tls @ 0x7fbb51a373c0] IO error: End of file
[https @ 0x7fbb51a367c0] Error reading HTTP response: End of file
[tls @ 0x7fbb51959980] IO error: End of file
[https @ 0x7fbb519887c0] Error reading HTTP response: End of file
[in#0/hls @ 0x7fbb518048c0] Failed to reload playlist 0
[tls @ 0x7fbb40f37ec0] IO error: End of file
[https @ 0x7fbb5197a640] Error reading HTTP response: End of file
[in#0/hls @ 0x7fbb518048c0] Failed to reload playlist 0
[tls @ 0x7fbb40f37ec0] IO error: End of file
[https @ 0x7fbb40f39bc0] Error reading HTTP response: End of file
[in#0/hls @ 0x7fbb518048c0] Failed to reload playlist 0
[tls @ 0x7fbb51959980] IO error: End of file
[https @ 0x7fbb5197a640] Error reading HTTP response: End of file
[in#0/hls @ 0x7fbb518048c0] Failed to reload playlist 0

[2026-04-12T00:03:18.338762] Starting recorder for cam221
[tls @ 0x7fd561004680] IO error: End of file
[https @ 0x7fd561004540] Error reading HTTP response: End of file
[tls @ 0x7fd561107680] IO error: End of file
[https @ 0x7fd56110ab40] Error reading HTTP response: End of file
[tls @ 0x7fd561057f80] IO error: End of file
[https @ 0x7fd561055f80] Error reading HTTP response: End of file
[tls @ 0x7fd560727040] IO error: End of file
[https @ 0x7fd56070bb00] Error reading HTTP response: End of file
[tls @ 0x7fd560730b00] IO error: End of file
[https @ 0x7fd560731f40] Error reading HTTP response: End of file
[tls @ 0x7fd5610384c0] IO error: End of file
[https @ 0x7fd57123c880] Error reading HTTP response: End of file
[tls @ 0x7fd57121f240] IO error: End of file
[https @ 0x7fd571242580] Error reading HTTP response: End of file
[tls @ 0x7fd560724080] IO error: End of file
[https @ 0x7fd56070bb00] Error reading HTTP response: End of file
[tls @ 0x7fd56111a580] IO error: End of file
[https @ 0x7fd56118c340] Error reading HTTP response: End of file
[tls @ 0x7fd56101d280] IO error: End of file
[https @ 0x7fd561033900] Error reading HTTP response: End of file
[in#0/hls @ 0x7fd5710048c0] Failed to reload playlist 0
[tls @ 0x7fd571249800] IO error: End of file
[https @ 0x7fd571214a80] Error reading HTTP response: End of file
[in#0/hls @ 0x7fd5710048c0] Failed to reload playlist 0
[tls @ 0x7fd561112d80] IO error: End of file
[https @ 0x7fd56118c300] Error reading HTTP response: End of file
[in#0/hls @ 0x7fd5710048c0] Failed to reload playlist 0
[tls @ 0x7fd560707940] IO error: End of file
[https @ 0x7fd56070bb00] Error reading HTTP response: End of file
[in#0/hls @ 0x7fd5710048c0] Failed to reload playlist 0

[2026-04-12T00:04:28.407697] Starting recorder for cam221
[tls @ 0x7fb884004a40] IO error: End of file
[https @ 0x7fb884004900] Error reading HTTP response: End of file
[tls @ 0x7fb88410ff00] IO error: End of file
[https @ 0x7fb88410eb40] Error reading HTTP response: End of file
[tls @ 0x7fb884113e80] IO error: End of file
[https @ 0x7fb88411dac0] Error reading HTTP response: End of file
[tls @ 0x7fb8840315c0] IO error: End of file
[https @ 0x7fb884004b40] Error reading HTTP response: End of file
[tls @ 0x7fb884036380] IO error: End of file
[https @ 0x7fb884032bc0] Error reading HTTP response: End of file
[tls @ 0x7fb883751fc0] IO error: End of file
[https @ 0x7fb88372f000] Error reading HTTP response: End of file
[tls @ 0x7fb883758480] IO error: End of file
[https @ 0x7fb883773e00] Error reading HTTP response: End of file
[tls @ 0x7fb894273f80] IO error: End of file
[https @ 0x7fb89429c440] Error reading HTTP response: End of file
[tls @ 0x7fb88373b840] IO error: End of file
[https @ 0x7fb88373c480] Error reading HTTP response: End of file
[tls @ 0x7fb8942395c0] IO error: End of file
[https @ 0x7fb8942332c0] Error reading HTTP response: End of file
[tls @ 0x7fb884187740] IO error: End of file
[https @ 0x7fb884199940] Error reading HTTP response: End of file
[in#0/hls @ 0x7fb8941042c0] Failed to reload playlist 0
[tls @ 0x7fb89421a780] IO error: End of file
[https @ 0x7fb89421e900] Error reading HTTP response: End of file
[in#0/hls @ 0x7fb8941042c0] Failed to reload playlist 0
[tls @ 0x7fb883776a40] IO error: End of file
[https @ 0x7fb88370bb00] Error reading HTTP response: End of file
[in#0/hls @ 0x7fb8941042c0] Failed to reload playlist 0
[tls @ 0x7fb884187740] IO error: End of file
[https @ 0x7fb884199940] Error reading HTTP response: End of file
[in#0/hls @ 0x7fb8941042c0] Failed to reload playlist 0

[2026-04-12T00:05:38.473780] Starting recorder for cam221
[tls @ 0x7fc407204800] IO error: End of file
[https @ 0x7fc4072046c0] Error reading HTTP response: End of file
[tls @ 0x7fc3f7004880] IO error: End of file
[https @ 0x7fc3f7004140] Error reading HTTP response: End of file
[tls @ 0x7fc3f7022d40] IO error: End of file
[https @ 0x7fc3f7019a80] Error reading HTTP response: End of file
[tls @ 0x7fc407225640] IO error: End of file
[https @ 0x7fc407225580] Error reading HTTP response: End of file
[tls @ 0x7fc40731aa40] IO error: End of file
[https @ 0x7fc40732cc40] Error reading HTTP response: End of file
[tls @ 0x7fc40722bf80] IO error: End of file
[https @ 0x7fc407225340] Error reading HTTP response: End of file
[tls @ 0x7fc3f679fb00] IO error: End of file
[https @ 0x7fc3f678e5c0] Error reading HTTP response: End of file
[tls @ 0x7fc3f7085640] IO error: End of file
[https @ 0x7fc3f7082700] Error reading HTTP response: End of file
[tls @ 0x7fc40730c380] IO error: End of file
[https @ 0x7fc40732d140] Error reading HTTP response: End of file
[tls @ 0x7fc3f70806c0] IO error: End of file
[https @ 0x7fc3f705da00] Error reading HTTP response: End of file
[tls @ 0x7fc4073627c0] IO error: End of file
[https @ 0x7fc40732d140] Error reading HTTP response: End of file
[in#0/hls @ 0x7fc407007040] Failed to reload playlist 0
[tls @ 0x7fc3f7029cc0] IO error: End of file
[https @ 0x7fc3f7070a80] Error reading HTTP response: End of file
[in#0/hls @ 0x7fc407007040] Failed to reload playlist 0
[tls @ 0x7fc407205200] IO error: End of file
[https @ 0x7fc407211040] Error reading HTTP response: End of file
[in#0/hls @ 0x7fc407007040] Failed to reload playlist 0
[tls @ 0x7fc3f7029cc0] IO error: End of file
[https @ 0x7fc3f7070a80] Error reading HTTP response: End of file
[in#0/hls @ 0x7fc407007040] Failed to reload playlist 0

[2026-04-12T00:06:48.555242] Starting recorder for cam221
[tls @ 0x7fb757004680] IO error: End of file
[https @ 0x7fb757004540] Error reading HTTP response: End of file
[tls @ 0x7fb77710ef40] IO error: End of file
[https @ 0x7fb77710ee80] Error reading HTTP response: End of file
[tls @ 0x7fb757048580] IO error: End of file
[https @ 0x7fb75705b480] Error reading HTTP response: End of file
[tls @ 0x7fb75670a100] IO error: End of file
[https @ 0x7fb75675e540] Error reading HTTP response: End of file
[tls @ 0x7fb777220440] IO error: End of file
[https @ 0x7fb7772278c0] Error reading HTTP response: End of file
[tls @ 0x7fb77710b340] IO error: End of file
[https @ 0x7fb77710b240] Error reading HTTP response: End of file
[tls @ 0x7fb75676e100] IO error: End of file
[https @ 0x7fb75676a900] Error reading HTTP response: End of file
[tls @ 0x7fb757067640] IO error: End of file
[https @ 0x7fb75706cb40] Error reading HTTP response: End of file
[tls @ 0x7fb75701a9c0] IO error: End of file
[https @ 0x7fb75703cb80] Error reading HTTP response: End of file
[tls @ 0x7fb777154240] IO error: End of file
[https @ 0x7fb777150780] Error reading HTTP response: End of file
[tls @ 0x7fb757028cc0] IO error: End of file
[https @ 0x7fb757029ac0] Error reading HTTP response: End of file
[in#0/hls @ 0x7fb7770048c0] Failed to reload playlist 0
[tls @ 0x7fb756779000] IO error: End of file
[https @ 0x7fb756715b00] Error reading HTTP response: End of file
[in#0/hls @ 0x7fb7770048c0] Failed to reload playlist 0
[tls @ 0x7fb7772189c0] IO error: End of file
[https @ 0x7fb777222380] Error reading HTTP response: End of file
[in#0/hls @ 0x7fb7770048c0] Failed to reload playlist 0
[tls @ 0x7fb756779000] IO error: End of file
[https @ 0x7fb756715b00] Error reading HTTP response: End of file
[in#0/hls @ 0x7fb7770048c0] Failed to reload playlist 0

[2026-04-12T00:07:58.621868] Starting recorder for cam221
[tls @ 0x7fa489804500] IO error: End of file
[https @ 0x7fa4898043c0] Error reading HTTP response: End of file
[tls @ 0x7fa48982a180] IO error: End of file
[https @ 0x7fa48981b3c0] Error reading HTTP response: End of file
[tls @ 0x7fa4992177c0] IO error: End of file
[https @ 0x7fa499204380] Error reading HTTP response: End of file
[tls @ 0x7fa48991ee40] IO error: End of file
[https @ 0x7fa489904e40] Error reading HTTP response: End of file
[tls @ 0x7fa4898758c0] IO error: End of file
[https @ 0x7fa489834d80] Error reading HTTP response: End of file
[tls @ 0x7fa488781980] IO error: End of file
[https @ 0x7fa489886780] Error reading HTTP response: End of file
[tls @ 0x7fa488715200] IO error: End of file
[https @ 0x7fa489914100] Error reading HTTP response: End of file
[tls @ 0x7fa499211680] IO error: End of file
[https @ 0x7fa4992115c0] Error reading HTTP response: End of file
[tls @ 0x7fa489817d40] IO error: End of file
[https @ 0x7fa4898a1980] Error reading HTTP response: End of file
[tls @ 0x7fa489848d80] IO error: End of file
[https @ 0x7fa489838e40] Error reading HTTP response: End of file
[tls @ 0x7fa499215a40] IO error: End of file
[https @ 0x7fa499284c80] Error reading HTTP response: End of file
[in#0/hls @ 0x7fa498707fc0] Failed to reload playlist 0
[tls @ 0x7fa489927cc0] IO error: End of file
[https @ 0x7fa489908880] Error reading HTTP response: End of file
[in#0/hls @ 0x7fa498707fc0] Failed to reload playlist 0
[tls @ 0x7fa489927cc0] IO error: End of file
[https @ 0x7fa489908880] Error reading HTTP response: End of file
[in#0/hls @ 0x7fa498707fc0] Failed to reload playlist 0
[tls @ 0x7fa499215a40] IO error: End of file
[https @ 0x7fa499284c80] Error reading HTTP response: End of file
[in#0/hls @ 0x7fa498707fc0] Failed to reload playlist 0

[2026-04-12T00:09:08.672338] Starting recorder for cam221
[tls @ 0x7fe46ef05240] IO error: End of file
[https @ 0x7fe46ef05100] Error reading HTTP response: End of file
[tls @ 0x7fe45f006380] IO error: End of file
[https @ 0x7fe45f006280] Error reading HTTP response: End of file
[tls @ 0x7fe478024680] IO error: End of file
[https @ 0x7fe4780245c0] Error reading HTTP response: End of file
[tls @ 0x7fe45f0042c0] IO error: End of file
[https @ 0x7fe47802f0c0] Error reading HTTP response: End of file
[tls @ 0x7fe45ef43600] IO error: End of file
[https @ 0x7fe45ef394c0] Error reading HTTP response: End of file
[tls @ 0x7fe45ef11d80] IO error: End of file
[https @ 0x7fe45ef0a300] Error reading HTTP response: End of file
[tls @ 0x7fe45f03a180] IO error: End of file
[https @ 0x7fe45f046240] Error reading HTTP response: End of file
[tls @ 0x7fe46ef41bc0] IO error: End of file
[https @ 0x7fe46ef1c700] Error reading HTTP response: End of file
[tls @ 0x7fe46ef4d980] IO error: End of file
[https @ 0x7fe46ef42280] Error reading HTTP response: End of file
[tls @ 0x7fe45f004fc0] IO error: End of file
[https @ 0x7fe45ef432c0] Error reading HTTP response: End of file
[tls @ 0x7fe478007f40] IO error: End of file
[https @ 0x7fe478015d80] Error reading HTTP response: End of file
[tls @ 0x7fe45ef4a3c0] IO error: End of file
[https @ 0x7fe45ef2d640] Error reading HTTP response: End of file
[in#0/hls @ 0x7fe47f8048c0] Failed to reload playlist 0
[tls @ 0x7fe46ef41bc0] IO error: End of file
[https @ 0x7fe46ef42280] Error reading HTTP response: End of file
[in#0/hls @ 0x7fe47f8048c0] Failed to reload playlist 0
[tls @ 0x7fe45ef4a3c0] IO error: End of file
[https @ 0x7fe45ef2d640] Error reading HTTP response: End of file
[in#0/hls @ 0x7fe47f8048c0] Failed to reload playlist 0
[tls @ 0x7fe46ef41bc0] IO error: End of file
[https @ 0x7fe46ef42280] Error reading HTTP response: End of file
[in#0/hls @ 0x7fe47f8048c0] Failed to reload playlist 0

[2026-04-12T00:10:28.737378] Starting recorder for cam221
[tls @ 0x7fcb578087c0] IO error: End of file
[https @ 0x7fcb57808700] Error reading HTTP response: End of file
[tls @ 0x7fcb578059c0] IO error: End of file
[https @ 0x7fcb57805880] Error reading HTTP response: End of file
[tls @ 0x7fcb4770a100] IO error: End of file
[https @ 0x7fcb47755080] Error reading HTTP response: End of file
[tls @ 0x7fcb577301c0] IO error: End of file
[https @ 0x7fcb57705e80] Error reading HTTP response: End of file
[tls @ 0x7fcb47704140] IO error: End of file
[https @ 0x7fcb47704080] Error reading HTTP response: End of file
[tls @ 0x7fcb50888e80] IO error: End of file
[https @ 0x7fcb50885280] Error reading HTTP response: End of file
[tls @ 0x7fcb57782440] IO error: End of file
[https @ 0x7fcb5777dfc0] Error reading HTTP response: End of file
[tls @ 0x7fcb47743300] IO error: End of file
[https @ 0x7fcb4770bf80] Error reading HTTP response: End of file
[tls @ 0x7fcb4772c100] IO error: End of file
[https @ 0x7fcb47755080] Error reading HTTP response: End of file
[tls @ 0x7fcb5782e680] IO error: End of file
[https @ 0x7fcb5784cac0] Error reading HTTP response: End of file
[tls @ 0x7fcb4773fec0] IO error: End of file
[https @ 0x7fcb4775f440] Error reading HTTP response: End of file
[in#0/hls @ 0x7fcb680048c0] Failed to reload playlist 0
[tls @ 0x7fcb4773fec0] IO error: End of file
[https @ 0x7fcb4771c480] Error reading HTTP response: End of file
[in#0/hls @ 0x7fcb680048c0] Failed to reload playlist 0
[tls @ 0x7fcb5782e680] IO error: End of file
[https @ 0x7fcb578458c0] Error reading HTTP response: End of file
[in#0/hls @ 0x7fcb680048c0] Failed to reload playlist 0
[tls @ 0x7fcb4773fec0] IO error: End of file
[https @ 0x7fcb4771c480] Error reading HTTP response: End of file
[in#0/hls @ 0x7fcb680048c0] Failed to reload playlist 0

[2026-04-12T00:11:48.799976] Starting recorder for cam221
[tls @ 0x7fdf46f05100] IO error: End of file
[https @ 0x7fdf46f04b80] Error reading HTTP response: End of file
[tls @ 0x7fdf478192c0] IO error: End of file
[https @ 0x7fdf47817480] Error reading HTTP response: End of file
[tls @ 0x7fdf478284c0] IO error: End of file
[https @ 0x7fdf47827980] Error reading HTTP response: End of file
[tls @ 0x7fdf4783ca40] IO error: End of file
[https @ 0x7fdf47844000] Error reading HTTP response: End of file
[tls @ 0x7fdf4796b500] IO error: End of file
[https @ 0x7fdf4797d700] Error reading HTTP response: End of file
[tls @ 0x7fdf46f41bc0] IO error: End of file
[https @ 0x7fdf46f4fd00] Error reading HTTP response: End of file
[tls @ 0x7fdf46f52700] IO error: End of file
[https @ 0x7fdf46f4fb80] Error reading HTTP response: End of file
[tls @ 0x7fdf46f27a40] IO error: End of file
[https @ 0x7fdf46f280c0] Error reading HTTP response: End of file
[tls @ 0x7fdf47a38040] IO error: End of file
[https @ 0x7fdf47a46f40] Error reading HTTP response: End of file
[tls @ 0x7fdf46f6cf40] IO error: End of file
[https @ 0x7fdf46f81280] Error reading HTTP response: End of file
[tls @ 0x7fdf4781bf00] IO error: End of file
[https @ 0x7fdf47844b40] Error reading HTTP response: End of file
[in#0/hls @ 0x7fdf578048c0] Failed to reload playlist 0
[tls @ 0x7fdf479456c0] IO error: End of file
[https @ 0x7fdf47942900] Error reading HTTP response: End of file
[in#0/hls @ 0x7fdf578048c0] Failed to reload playlist 0
[tls @ 0x7fdf46f4fb80] IO error: End of file
[https @ 0x7fdf46f52700] Error reading HTTP response: End of file
[in#0/hls @ 0x7fdf578048c0] Failed to reload playlist 0
[tls @ 0x7fdf47a3a400] IO error: End of file
[https @ 0x7fdf47a186c0] Error reading HTTP response: End of file
[in#0/hls @ 0x7fdf578048c0] Failed to reload playlist 0

[2026-04-12T00:12:58.844399] Starting recorder for cam221
[tls @ 0x7fd25c004680] IO error: End of file
[https @ 0x7fd25c004540] Error reading HTTP response: End of file
[tls @ 0x7fd26c211b40] IO error: End of file
[https @ 0x7fd26c211600] Error reading HTTP response: End of file
[tls @ 0x7fd25b7044c0] IO error: End of file
[https @ 0x7fd25b7040c0] Error reading HTTP response: End of file
[tls @ 0x7fd26c211600] IO error: End of file
[https @ 0x7fd26c233ac0] Error reading HTTP response: End of file
[tls @ 0x7fd25b753000] IO error: End of file
[https @ 0x7fd25b750480] Error reading HTTP response: End of file
[tls @ 0x7fd26c211600] IO error: End of file
[https @ 0x7fd26c230b80] Error reading HTTP response: End of file
[tls @ 0x7fd26c230680] IO error: End of file
[https @ 0x7fd26c230a40] Error reading HTTP response: End of file
[tls @ 0x7fd25b77f3c0] IO error: End of file
[https @ 0x7fd25b787780] Error reading HTTP response: End of file
[tls @ 0x7fd25b704140] IO error: End of file
[https @ 0x7fd25b704080] Error reading HTTP response: End of file
[tls @ 0x7fd25c0b2700] IO error: End of file
[https @ 0x7fd25c089240] Error reading HTTP response: End of file
[in#0/hls @ 0x7fd26c0048c0] Failed to reload playlist 0
[tls @ 0x7fd26c21bcc0] IO error: End of file
[https @ 0x7fd26c20c780] Error reading HTTP response: End of file
[in#0/hls @ 0x7fd26c0048c0] Failed to reload playlist 0
[tls @ 0x7fd25b704080] IO error: End of file
[https @ 0x7fd25b7044c0] Error reading HTTP response: End of file
[in#0/hls @ 0x7fd26c0048c0] Failed to reload playlist 0
[tls @ 0x7fd25c15ec40] IO error: End of file
[https @ 0x7fd25c13b500] Error reading HTTP response: End of file
[in#0/hls @ 0x7fd26c0048c0] Failed to reload playlist 0

[2026-04-12T00:14:08.896244] Starting recorder for cam221
[tls @ 0x7fccdc705100] IO error: End of file
[https @ 0x7fccdc704b80] Error reading HTTP response: End of file
[tls @ 0x7fcced3189c0] IO error: End of file
[https @ 0x7fcced319440] Error reading HTTP response: End of file
[tls @ 0x7fccdc734700] IO error: End of file
[https @ 0x7fccdc736b00] Error reading HTTP response: End of file
[tls @ 0x7fcced40e6c0] IO error: End of file
[https @ 0x7fcced41f540] Error reading HTTP response: End of file
[tls @ 0x7fcced33adc0] IO error: End of file
[https @ 0x7fcced41cd40] Error reading HTTP response: End of file
[tls @ 0x7fcced35ff00] IO error: End of file
[https @ 0x7fcced3072c0] Error reading HTTP response: End of file
[tls @ 0x7fccdc70a4c0] IO error: End of file
[https @ 0x7fccdc74db80] Error reading HTTP response: End of file
[tls @ 0x7fcced31e1c0] IO error: End of file
[https @ 0x7fcced356b00] Error reading HTTP response: End of file
[tls @ 0x7fcced429300] IO error: End of file
[https @ 0x7fcced432e40] Error reading HTTP response: End of file
[tls @ 0x7fcced42a740] IO error: End of file
[https @ 0x7fcced430800] Error reading HTTP response: End of file
[tls @ 0x7fcced43bf80] IO error: End of file
[https @ 0x7fcced412140] Error reading HTTP response: End of file
[in#0/hls @ 0x7fcced0048c0] Failed to reload playlist 0
[tls @ 0x7fcced43bf80] IO error: End of file
[https @ 0x7fcced430800] Error reading HTTP response: End of file
[in#0/hls @ 0x7fcced0048c0] Failed to reload playlist 0
[tls @ 0x7fcced31e1c0] IO error: End of file
[https @ 0x7fcced33e500] Error reading HTTP response: End of file
[in#0/hls @ 0x7fcced0048c0] Failed to reload playlist 0
[tls @ 0x7fcced31e1c0] IO error: End of file
[https @ 0x7fcced364dc0] Error reading HTTP response: End of file
[in#0/hls @ 0x7fcced0048c0] Failed to reload playlist 0

[2026-04-12T00:15:18.976962] Starting recorder for cam221
[tls @ 0x7fe631b1aa80] IO error: End of file
[https @ 0x7fe631b27ac0] Error reading HTTP response: End of file
[tls @ 0x7fe620f04b40] IO error: End of file
[https @ 0x7fe620f04a80] Error reading HTTP response: End of file
[tls @ 0x7fe631c0de40] IO error: End of file
[https @ 0x7fe631c19240] Error reading HTTP response: End of file
[tls @ 0x7fe631b1aa80] IO error: End of file
[https @ 0x7fe631b84e40] Error reading HTTP response: End of file
[tls @ 0x7fe631c07ac0] IO error: End of file
[https @ 0x7fe631c0bb00] Error reading HTTP response: End of file
[tls @ 0x7fe620f136c0] IO error: End of file
[https @ 0x7fe620f1eb80] Error reading HTTP response: End of file
[tls @ 0x7fe631d56140] IO error: End of file
[https @ 0x7fe631d67d80] Error reading HTTP response: End of file
[tls @ 0x7fe631b79d40] IO error: End of file
[https @ 0x7fe631b68540] Error reading HTTP response: End of file
[tls @ 0x7fe631b34a00] IO error: End of file
[https @ 0x7fe631b35dc0] Error reading HTTP response: End of file
[tls @ 0x7fe620f47c00] IO error: End of file
[https @ 0x7fe620f44000] Error reading HTTP response: End of file
[tls @ 0x7fe631b7fb80] IO error: End of file
[https @ 0x7fe631b67440] Error reading HTTP response: End of file
[in#0/hls @ 0x7fe6318043c0] Failed to reload playlist 0
[tls @ 0x7fe631c2b1c0] IO error: End of file
[https @ 0x7fe631c230c0] Error reading HTTP response: End of file
[in#0/hls @ 0x7fe6318043c0] Failed to reload playlist 0
[tls @ 0x7fe620f47c00] IO error: End of file
[https @ 0x7fe620f44000] Error reading HTTP response: End of file
[in#0/hls @ 0x7fe6318043c0] Failed to reload playlist 0
[tls @ 0x7fe631d33700] IO error: End of file
[https @ 0x7fe620f2a640] Error reading HTTP response: End of file
[in#0/hls @ 0x7fe6318043c0] Failed to reload playlist 0

[2026-04-12T00:16:29.053938] Starting recorder for cam221
[tls @ 0x7ff667204800] IO error: End of file
[https @ 0x7ff6672046c0] Error reading HTTP response: End of file
[tls @ 0x7ff6674062c0] IO error: End of file
[https @ 0x7ff667406180] Error reading HTTP response: End of file
[tls @ 0x7ff66737e380] IO error: End of file
[https @ 0x7ff66737a780] Error reading HTTP response: End of file
[tls @ 0x7ff6674130c0] IO error: End of file
[https @ 0x7ff65673a840] Error reading HTTP response: End of file
[tls @ 0x7ff6673ace40] IO error: End of file
[https @ 0x7ff6673b4400] Error reading HTTP response: End of file
[tls @ 0x7ff6674130c0] IO error: End of file
[https @ 0x7ff66740c540] Error reading HTTP response: End of file
[tls @ 0x7ff667336300] IO error: End of file
[https @ 0x7ff667338280] Error reading HTTP response: End of file
[tls @ 0x7ff66725f500] IO error: End of file
[https @ 0x7ff667271700] Error reading HTTP response: End of file
[tls @ 0x7ff667336300] IO error: End of file
[https @ 0x7ff667322480] Error reading HTTP response: End of file
[tls @ 0x7ff667334540] IO error: End of file
[https @ 0x7ff667335c00] Error reading HTTP response: End of file
[tls @ 0x7ff6672bcd80] IO error: End of file
[https @ 0x7ff6672be180] Error reading HTTP response: End of file
[tls @ 0x7ff656739480] IO error: End of file
[https @ 0x7ff65672c5c0] Error reading HTTP response: End of file
[in#0/hls @ 0x7ff6670048c0] Failed to reload playlist 0
[tls @ 0x7ff667412140] IO error: End of file
[https @ 0x7ff66740c540] Error reading HTTP response: End of file
[in#0/hls @ 0x7ff6670048c0] Failed to reload playlist 0
[tls @ 0x7ff667412140] IO error: End of file
[https @ 0x7ff66740c540] Error reading HTTP response: End of file
[in#0/hls @ 0x7ff6670048c0] Failed to reload playlist 0
[tls @ 0x7ff667412140] IO error: End of file
[https @ 0x7ff66740e0c0] Error reading HTTP response: End of file
[in#0/hls @ 0x7ff6670048c0] Failed to reload playlist 0

[2026-04-12T00:17:49.154966] Starting recorder for cam221
[tls @ 0x7fb9f8804500] IO error: End of file
[https @ 0x7fb9f88043c0] Error reading HTTP response: End of file
[tls @ 0x7fb9fff06440] IO error: End of file
[https @ 0x7fb9fff06300] Error reading HTTP response: End of file
[tls @ 0x7fb9f890ea40] IO error: End of file
[https @ 0x7fb9f890f1c0] Error reading HTTP response: End of file
[tls @ 0x7fb9eff37f80] IO error: End of file
[https @ 0x7fb9eff32f40] Error reading HTTP response: End of file
[tls @ 0x7fb9eff04140] IO error: End of file
[https @ 0x7fb9eff04080] Error reading HTTP response: End of file
[tls @ 0x7fb9eff04440] IO error: End of file
[https @ 0x7fb9eff86200] Error reading HTTP response: End of file
[tls @ 0x7fb9fff294c0] IO error: End of file
[https @ 0x7fb9fff082c0] Error reading HTTP response: End of file
[tls @ 0x7fb9eff54340] IO error: End of file
[https @ 0x7fb9eff465c0] Error reading HTTP response: End of file
[tls @ 0x7fb9f890ea40] IO error: End of file
[https @ 0x7fb9f8906300] Error reading HTTP response: End of file
[tls @ 0x7fb9fff294c0] IO error: End of file
[https @ 0x7fb9fff2ed00] Error reading HTTP response: End of file
[tls @ 0x7fb9fff33700] IO error: End of file
[https @ 0x7fb9fff35d00] Error reading HTTP response: End of file
[tls @ 0x7fb9f8834cc0] IO error: End of file
[https @ 0x7fb9f882d580] Error reading HTTP response: End of file
[in#0/hls @ 0x7fba108048c0] Failed to reload playlist 0
[tls @ 0x7fb9eff66b80] IO error: End of file
[https @ 0x7fb9eff17980] Error reading HTTP response: End of file
[in#0/hls @ 0x7fba108048c0] Failed to reload playlist 0
[tls @ 0x7fb9eff66b80] IO error: End of file
[https @ 0x7fb9fff35d00] Error reading HTTP response: End of file
[in#0/hls @ 0x7fba108048c0] Failed to reload playlist 0
[tls @ 0x7fb9fff33700] IO error: End of file
[https @ 0x7fb9fff98540] Error reading HTTP response: End of file
[in#0/hls @ 0x7fba108048c0] Failed to reload playlist 0

[2026-04-12T00:18:59.239690] Starting recorder for cam221
[tls @ 0x7f7886704640] IO error: End of file
[https @ 0x7f7886704500] Error reading HTTP response: End of file
[tls @ 0x7f788671ac40] IO error: End of file
[https @ 0x7f7886733140] Error reading HTTP response: End of file
[tls @ 0x7f787783cf40] IO error: End of file
[https @ 0x7f7877832080] Error reading HTTP response: End of file
[tls @ 0x7f7886753e00] IO error: End of file
[https @ 0x7f7886747f80] Error reading HTTP response: End of file
[tls @ 0x7f7876738000] IO error: End of file
[https @ 0x7f7876723cc0] Error reading HTTP response: End of file
[tls @ 0x7f78778043c0] IO error: End of file
[https @ 0x7f7877817700] Error reading HTTP response: End of file
[tls @ 0x7f7876723cc0] IO error: End of file
[https @ 0x7f7876731100] Error reading HTTP response: End of file
[tls @ 0x7f7886829380] IO error: End of file
[https @ 0x7f788680e540] Error reading HTTP response: End of file
[tls @ 0x7f7886841180] IO error: End of file
[https @ 0x7f78868503c0] Error reading HTTP response: End of file
[tls @ 0x7f7886735e80] IO error: End of file
[https @ 0x7f788678a180] Error reading HTTP response: End of file
[tls @ 0x7f787671d6c0] IO error: End of file
[https @ 0x7f787673b580] Error reading HTTP response: End of file
[tls @ 0x7f787672fbc0] IO error: End of file
[https @ 0x7f7876715c00] Error reading HTTP response: End of file
[in#0/hls @ 0x7f7896707fc0] Failed to reload playlist 0
[tls @ 0x7f787672fbc0] IO error: End of file
[https @ 0x7f787673b580] Error reading HTTP response: End of file
[in#0/hls @ 0x7f7896707fc0] Failed to reload playlist 0
[tls @ 0x7f787672fbc0] IO error: End of file
[https @ 0x7f7876715c00] Error reading HTTP response: End of file
[in#0/hls @ 0x7f7896707fc0] Failed to reload playlist 0
[tls @ 0x7f787672fbc0] IO error: End of file
[https @ 0x7f787673b580] Error reading HTTP response: End of file
[in#0/hls @ 0x7f7896707fc0] Failed to reload playlist 0

[2026-04-12T00:20:09.302072] Starting recorder for cam221
[tls @ 0x7fcec9c068c0] IO error: End of file
[https @ 0x7fcec9c04400] Error reading HTTP response: End of file
[tls @ 0x7fcec9a0d680] IO error: End of file
[https @ 0x7fcec9c096c0] Error reading HTTP response: End of file
[tls @ 0x7fcec9c0dac0] IO error: End of file
[https @ 0x7fcec9c39540] Error reading HTTP response: End of file
[tls @ 0x7fcec9b1d880] IO error: End of file
[https @ 0x7fcec9b1fec0] Error reading HTTP response: End of file
[tls @ 0x7fcec9b39fc0] IO error: End of file
[https @ 0x7fcec9b64380] Error reading HTTP response: End of file
[tls @ 0x7fcec9b0c200] IO error: End of file
[https @ 0x7fcec9b096c0] Error reading HTTP response: End of file
[tls @ 0x7fcec9b58d40] IO error: End of file
[https @ 0x7fcec9b1fc40] Error reading HTTP response: End of file
[tls @ 0x7fcec9b1c580] IO error: End of file
[https @ 0x7fcec9b26900] Error reading HTTP response: End of file
[tls @ 0x7fceb8f5e980] IO error: End of file
[https @ 0x7fceb8f70b80] Error reading HTTP response: End of file
[tls @ 0x7fceb8f3f840] IO error: End of file
[https @ 0x7fceb8f4ea80] Error reading HTTP response: End of file
[in#0/hls @ 0x7fcec98048c0] Failed to reload playlist 0
[tls @ 0x7fceb8f3f840] IO error: End of file
[https @ 0x7fceb8f14340] Error reading HTTP response: End of file
[in#0/hls @ 0x7fcec98048c0] Failed to reload playlist 0
[tls @ 0x7fcec9c6edc0] IO error: End of file
[https @ 0x7fcec9c39540] Error reading HTTP response: End of file
[in#0/hls @ 0x7fcec98048c0] Failed to reload playlist 0
[tls @ 0x7fceb8f3f840] IO error: End of file
[https @ 0x7fceb8f14340] Error reading HTTP response: End of file
[in#0/hls @ 0x7fcec98048c0] Failed to reload playlist 0

[2026-04-12T00:21:19.375755] Starting recorder for cam221
[tls @ 0x7fbf4b204340] IO error: End of file
[https @ 0x7fbf4b204200] Error reading HTTP response: End of file
[tls @ 0x7fbf4b20c000] IO error: End of file
[https @ 0x7fbf4b214e40] Error reading HTTP response: End of file
[tls @ 0x7fbf3a722e40] IO error: End of file
[https @ 0x7fbf3a718340] Error reading HTTP response: End of file
[tls @ 0x7fbf3a72a480] IO error: End of file
[https @ 0x7fbf3a73de00] Error reading HTTP response: End of file
[tls @ 0x7fbf4b324980] IO error: End of file
[https @ 0x7fbf4b335e80] Error reading HTTP response: End of file
[tls @ 0x7fbf3a729980] IO error: End of file
[https @ 0x7fbf3a7473c0] Error reading HTTP response: End of file
[tls @ 0x7fbf4b2067c0] IO error: End of file
[https @ 0x7fbf4b25b980] Error reading HTTP response: End of file
[tls @ 0x7fbf3a729980] IO error: End of file
[https @ 0x7fbf3a729180] Error reading HTTP response: End of file
[tls @ 0x7fbf4b306280] IO error: End of file
[https @ 0x7fbf4b3095c0] Error reading HTTP response: End of file
[tls @ 0x7fbf4b255700] IO error: End of file
[https @ 0x7fbf4b260700] Error reading HTTP response: End of file
[tls @ 0x7fbf4b230440] IO error: End of file
[https @ 0x7fbf4b25f140] Error reading HTTP response: End of file
[in#0/hls @ 0x7fbf4b104640] Failed to reload playlist 0
[tls @ 0x7fbf3b805800] IO error: End of file
[https @ 0x7fbf3b82efc0] Error reading HTTP response: End of file
[in#0/hls @ 0x7fbf4b104640] Failed to reload playlist 0
[tls @ 0x7fbf4b321740] IO error: End of file
[https @ 0x7fbf4b319a40] Error reading HTTP response: End of file
[in#0/hls @ 0x7fbf4b104640] Failed to reload playlist 0
[tls @ 0x7fbf3b805800] IO error: End of file
[https @ 0x7fbf3b82efc0] Error reading HTTP response: End of file
[in#0/hls @ 0x7fbf4b104640] Failed to reload playlist 0

[2026-04-12T00:22:29.439755] Starting recorder for cam221
[tls @ 0x7f8c09704680] IO error: End of file
[https @ 0x7f8c09704540] Error reading HTTP response: End of file
[tls @ 0x7f8c1a206b00] IO error: End of file
[https @ 0x7f8c1a205f80] Error reading HTTP response: End of file
[tls @ 0x7f8c1a206c80] IO error: End of file
[https @ 0x7f8c1a20a500] Error reading HTTP response: End of file
[tls @ 0x7f8c09870f40] IO error: End of file
[https @ 0x7f8c09847740] Error reading HTTP response: End of file
[tls @ 0x7f8c0972c980] IO error: End of file
[https @ 0x7f8c09742a80] Error reading HTTP response: End of file
[tls @ 0x7f8c1a226880] IO error: End of file
[https @ 0x7f8c1a229bc0] Error reading HTTP response: End of file
[tls @ 0x7f8c0982bd00] IO error: End of file
[https @ 0x7f8c0982bfc0] Error reading HTTP response: End of file
[tls @ 0x7f8c1a226880] IO error: End of file
[https @ 0x7f8c09787100] Error reading HTTP response: End of file
[tls @ 0x7f8c09793540] IO error: End of file
[https @ 0x7f8c09795ac0] Error reading HTTP response: End of file
[tls @ 0x7f8c09767680] IO error: End of file
[https @ 0x7f8c0973db80] Error reading HTTP response: End of file
[tls @ 0x7f8c09869cc0] IO error: End of file
[https @ 0x7f8c09875940] Error reading HTTP response: End of file
[in#0/hls @ 0x7f8c1a0048c0] Failed to reload playlist 0
[tls @ 0x7f8c1a214480] IO error: End of file
[https @ 0x7f8c1a267500] Error reading HTTP response: End of file
[in#0/hls @ 0x7f8c1a0048c0] Failed to reload playlist 0
[tls @ 0x7f8c1a108080] IO error: End of file
[https @ 0x7f8c1a118480] Error reading HTTP response: End of file
[in#0/hls @ 0x7f8c1a0048c0] Failed to reload playlist 0
[tls @ 0x7f8c09869cc0] IO error: End of file
[https @ 0x7f8c09875940] Error reading HTTP response: End of file
[in#0/hls @ 0x7f8c1a0048c0] Failed to reload playlist 0

[2026-04-12T00:23:39.521438] Starting recorder for cam221
[tls @ 0x7f7836705100] IO error: End of file
[https @ 0x7f7836704b80] Error reading HTTP response: End of file
[tls @ 0x7f7836731e80] IO error: End of file
[https @ 0x7f7836729980] Error reading HTTP response: End of file
[tls @ 0x7f784712b000] IO error: End of file
[https @ 0x7f7847153500] Error reading HTTP response: End of file
[tls @ 0x7f7837005400] IO error: End of file
[https @ 0x7f7837017f00] Error reading HTTP response: End of file
[tls @ 0x7f7837118100] IO error: End of file
[https @ 0x7f783712a300] Error reading HTTP response: End of file
[tls @ 0x7f783673e840] IO error: End of file
[https @ 0x7f783673a200] Error reading HTTP response: End of file
[tls @ 0x7f7847108900] IO error: End of file
[https @ 0x7f784710fe00] Error reading HTTP response: End of file
[tls @ 0x7f7836724b80] IO error: End of file
[https @ 0x7f7836790840] Error reading HTTP response: End of file
[tls @ 0x7f783701c5c0] IO error: End of file
[https @ 0x7f7837059e40] Error reading HTTP response: End of file
[tls @ 0x7f7837012540] IO error: End of file
[https @ 0x7f7837046680] Error reading HTTP response: End of file
[tls @ 0x7f78367a8800] IO error: End of file
[https @ 0x7f78367a4c00] Error reading HTTP response: End of file
[in#0/hls @ 0x7f78470048c0] Failed to reload playlist 0
[tls @ 0x7f7837114d40] IO error: End of file
[https @ 0x7f783713f740] Error reading HTTP response: End of file
[in#0/hls @ 0x7f78470048c0] Failed to reload playlist 0
[tls @ 0x7f7837017d80] IO error: End of file
[https @ 0x7f78370043c0] Error reading HTTP response: End of file
[in#0/hls @ 0x7f78470048c0] Failed to reload playlist 0
[tls @ 0x7f7847143d80] IO error: End of file
[https @ 0x7f7847145140] Error reading HTTP response: End of file
[in#0/hls @ 0x7f78470048c0] Failed to reload playlist 0

[2026-04-12T00:24:49.611649] Starting recorder for cam221
[tls @ 0x7fc2aaa04500] IO error: End of file
[https @ 0x7fc2aaa043c0] Error reading HTTP response: End of file
[tls @ 0x7fc2aaa06580] IO error: End of file
[https @ 0x7fc2aaa06480] Error reading HTTP response: End of file
[tls @ 0x7fc2aaa0e480] IO error: End of file
[https @ 0x7fc2aaa1b840] Error reading HTTP response: End of file
[tls @ 0x7fc299f46440] IO error: End of file
[https @ 0x7fc299f231c0] Error reading HTTP response: End of file
[tls @ 0x7fc299f3a100] IO error: End of file
[https @ 0x7fc299f366c0] Error reading HTTP response: End of file
[tls @ 0x7fc2aab08d80] IO error: End of file
[https @ 0x7fc2aab11f00] Error reading HTTP response: End of file
[tls @ 0x7fc2aab1c1c0] IO error: End of file
[https @ 0x7fc2aab17540] Error reading HTTP response: End of file
[tls @ 0x7fc2aab08d80] IO error: End of file
[https @ 0x7fc2aab24e40] Error reading HTTP response: End of file
[tls @ 0x7fc2aab29a00] IO error: End of file
[https @ 0x7fc2aab11f00] Error reading HTTP response: End of file
[tls @ 0x7fc2aaa41600] IO error: End of file
[https @ 0x7fc2aaa15f00] Error reading HTTP response: End of file
[tls @ 0x7fc2aab2a100] IO error: End of file
[https @ 0x7fc2aab29940] Error reading HTTP response: End of file
[tls @ 0x7fc2aaa872c0] IO error: End of file
[https @ 0x7fc2aaa77280] Error reading HTTP response: End of file
[in#0/hls @ 0x7fc2aa8048c0] Failed to reload playlist 0
[tls @ 0x7fc2aaa872c0] IO error: End of file
[https @ 0x7fc2aaa15f00] Error reading HTTP response: End of file
[in#0/hls @ 0x7fc2aa8048c0] Failed to reload playlist 0
[tls @ 0x7fc299f52c40] IO error: End of file
[https @ 0x7fc299f231c0] Error reading HTTP response: End of file
[in#0/hls @ 0x7fc2aa8048c0] Failed to reload playlist 0
[tls @ 0x7fc2aab38180] IO error: End of file
[https @ 0x7fc2aab2b3c0] Error reading HTTP response: End of file
[in#0/hls @ 0x7fc2aa8048c0] Failed to reload playlist 0

[2026-04-12T00:26:09.706498] Starting recorder for cam221
[tls @ 0x7f80d87048c0] IO error: End of file
[https @ 0x7f80d8704780] Error reading HTTP response: End of file
[tls @ 0x7f80da01ea40] IO error: End of file
[https @ 0x7f80da034780] Error reading HTTP response: End of file
[tls @ 0x7f80e924dc00] IO error: End of file
[https @ 0x7f80e9205bc0] Error reading HTTP response: End of file
[tls @ 0x7f80da12dc40] IO error: End of file
[https @ 0x7f80da13f440] Error reading HTTP response: End of file
[tls @ 0x7f80da117bc0] IO error: End of file
[https @ 0x7f80da10c540] Error reading HTTP response: End of file
[tls @ 0x7f80d870c340] IO error: End of file
[https @ 0x7f80d8730980] Error reading HTTP response: End of file
[tls @ 0x7f80d8713180] IO error: End of file
[https @ 0x7f80d874e180] Error reading HTTP response: End of file
[tls @ 0x7f80da06dc80] IO error: End of file
[https @ 0x7f80da015200] Error reading HTTP response: End of file
[tls @ 0x7f80da06d640] IO error: End of file
[https @ 0x7f80da062780] Error reading HTTP response: End of file
[tls @ 0x7f80da06dc80] IO error: End of file
[https @ 0x7f80da061c80] Error reading HTTP response: End of file
[tls @ 0x7f80da06d640] IO error: End of file
[https @ 0x7f80da03ca00] Error reading HTTP response: End of file
[tls @ 0x7f80e922a180] IO error: End of file
[https @ 0x7f80e9213880] Error reading HTTP response: End of file
[in#0/hls @ 0x7f80e9104640] Failed to reload playlist 0
[tls @ 0x7f80d872f5c0] IO error: End of file
[https @ 0x7f80d872ed40] Error reading HTTP response: End of file
[in#0/hls @ 0x7f80e9104640] Failed to reload playlist 0
[tls @ 0x7f80e922a180] IO error: End of file
[https @ 0x7f80e9213880] Error reading HTTP response: End of file
[in#0/hls @ 0x7f80e9104640] Failed to reload playlist 0
[tls @ 0x7f80da06d640] IO error: End of file
[https @ 0x7f80da016dc0] Error reading HTTP response: End of file
[in#0/hls @ 0x7f80e9104640] Failed to reload playlist 0

[2026-04-12T00:27:19.773896] Starting recorder for cam221
[tls @ 0x7f9dfc305c80] IO error: End of file
[https @ 0x7f9dfc305b40] Error reading HTTP response: End of file
[tls @ 0x7f9deb705880] IO error: End of file
[https @ 0x7f9deb706040] Error reading HTTP response: End of file
[tls @ 0x7f9dfc157400] IO error: End of file
[https @ 0x7f9dfc16ac80] Error reading HTTP response: End of file
[tls @ 0x7f9dfc32a6c0] IO error: End of file
[https @ 0x7f9dfc35e440] Error reading HTTP response: End of file
[tls @ 0x7f9dfc17f8c0] IO error: End of file
[https @ 0x7f9dfc17b840] Error reading HTTP response: End of file
[tls @ 0x7f9deb74e140] IO error: End of file
[https @ 0x7f9deb744e80] Error reading HTTP response: End of file
[tls @ 0x7f9dfc11e780] IO error: End of file
[https @ 0x7f9dfc12b8c0] Error reading HTTP response: End of file
[tls @ 0x7f9deb719200] IO error: End of file
[https @ 0x7f9deb71e140] Error reading HTTP response: End of file
[tls @ 0x7f9deb71c240] IO error: End of file
[https @ 0x7f9deb71c780] Error reading HTTP response: End of file
[tls @ 0x7f9dfc131f80] IO error: End of file
[https @ 0x7f9dfc14a740] Error reading HTTP response: End of file
[in#0/hls @ 0x7f9dfb707fc0] Failed to reload playlist 0
[tls @ 0x7f9dfc131f80] IO error: End of file
[https @ 0x7f9dfc1351c0] Error reading HTTP response: End of file
[in#0/hls @ 0x7f9dfb707fc0] Failed to reload playlist 0
[tls @ 0x7f9dfc131f80] IO error: End of file
[https @ 0x7f9dfc1351c0] Error reading HTTP response: End of file
[in#0/hls @ 0x7f9dfb707fc0] Failed to reload playlist 0
[tls @ 0x7f9deb71c740] IO error: End of file
[https @ 0x7f9deb71c240] Error reading HTTP response: End of file
[in#0/hls @ 0x7f9dfb707fc0] Failed to reload playlist 0

[2026-04-12T00:28:29.830537] Starting recorder for cam221
[tls @ 0x7f8421804680] IO error: End of file
[https @ 0x7f8421804540] Error reading HTTP response: End of file
[tls @ 0x7f8421808000] IO error: End of file
[https @ 0x7f8421807f40] Error reading HTTP response: End of file
[tls @ 0x7f842181d2c0] IO error: End of file
[https @ 0x7f842181b400] Error reading HTTP response: End of file
[tls @ 0x7f8420f07e40] IO error: End of file
[https @ 0x7f8420f07d80] Error reading HTTP response: End of file
[tls @ 0x7f8431b8da80] IO error: End of file
[https @ 0x7f8431b8d9c0] Error reading HTTP response: End of file
[tls @ 0x7f842181d2c0] IO error: End of file
[https @ 0x7f842181b400] Error reading HTTP response: End of file
[tls @ 0x7f8420f0fc40] IO error: End of file
[https @ 0x7f8420f13c80] Error reading HTTP response: End of file
[tls @ 0x7f8431a34240] IO error: End of file
[https @ 0x7f8431a5e900] Error reading HTTP response: End of file
[tls @ 0x7f8431b4f2c0] IO error: End of file
[https @ 0x7f8431b39040] Error reading HTTP response: End of file
[tls @ 0x7f8431bb1e80] IO error: End of file
[https @ 0x7f8431bc4080] Error reading HTTP response: End of file
[in#0/hls @ 0x7f84318048c0] Failed to reload playlist 0
[tls @ 0x7f842181af00] IO error: End of file
[https @ 0x7f842181d140] Error reading HTTP response: End of file
[in#0/hls @ 0x7f84318048c0] Failed to reload playlist 0
[tls @ 0x7f8420f0fc40] IO error: End of file
[https @ 0x7f8420f09700] Error reading HTTP response: End of file
[in#0/hls @ 0x7f84318048c0] Failed to reload playlist 0
[tls @ 0x7f8431a29440] IO error: End of file
[https @ 0x7f8431a5e900] Error reading HTTP response: End of file
[in#0/hls @ 0x7f84318048c0] Failed to reload playlist 0

[2026-04-12T00:29:39.887304] Starting recorder for cam221
[tls @ 0x7fdbbe118740] IO error: End of file
[https @ 0x7fdbbe118680] Error reading HTTP response: End of file
[tls @ 0x7fdbbe140100] IO error: End of file
[https @ 0x7fdbbe14eac0] Error reading HTTP response: End of file
[tls @ 0x7fdbbe40a680] IO error: End of file
[https @ 0x7fdbbe40c780] Error reading HTTP response: End of file
[tls @ 0x7fdbad784780] IO error: End of file
[https @ 0x7fdbad7787c0] Error reading HTTP response: End of file
[tls @ 0x7fdbad736100] IO error: End of file
[https @ 0x7fdbad738440] Error reading HTTP response: End of file
[tls @ 0x7fdbbe12df00] IO error: End of file
[https @ 0x7fdbbe13dc80] Error reading HTTP response: End of file
[tls @ 0x7fdbbe253cc0] IO error: End of file
[https @ 0x7fdbbe263240] Error reading HTTP response: End of file
[tls @ 0x7fdbbe15c540] IO error: End of file
[https @ 0x7fdbbe15ae80] Error reading HTTP response: End of file
[tls @ 0x7fdbad784140] IO error: End of file
[https @ 0x7fdbad7787c0] Error reading HTTP response: End of file
[tls @ 0x7fdbad784140] IO error: End of file
[https @ 0x7fdbad7601c0] Error reading HTTP response: End of file
[in#0/hls @ 0x7fdbbd707fc0] Failed to reload playlist 0
[tls @ 0x7fdbbe182840] IO error: End of file
[https @ 0x7fdbbe17ec40] Error reading HTTP response: End of file
[in#0/hls @ 0x7fdbbd707fc0] Failed to reload playlist 0
[tls @ 0x7fdbbe182840] IO error: End of file
[https @ 0x7fdbbe17ec40] Error reading HTTP response: End of file
[in#0/hls @ 0x7fdbbd707fc0] Failed to reload playlist 0
[tls @ 0x7fdbbe206a40] IO error: End of file
[https @ 0x7fdbbe214300] Error reading HTTP response: End of file
[in#0/hls @ 0x7fdbbd707fc0] Failed to reload playlist 0

[2026-04-12T00:30:49.975259] Starting recorder for cam221
[tls @ 0x7fa417704680] IO error: End of file
[https @ 0x7fa417704540] Error reading HTTP response: End of file
[tls @ 0x7fa41771adc0] IO error: End of file
[https @ 0x7fa417716d00] Error reading HTTP response: End of file
[tls @ 0x7fa43003af00] IO error: End of file
[https @ 0x7fa430042000] Error reading HTTP response: End of file
[tls @ 0x7fa41771ad80] IO error: End of file
[https @ 0x7fa417714700] Error reading HTTP response: End of file
[tls @ 0x7fa43003af00] IO error: End of file
[https @ 0x7fa43005e340] Error reading HTTP response: End of file
[tls @ 0x7fa42006c280] IO error: End of file
[https @ 0x7fa42007e4c0] Error reading HTTP response: End of file
[tls @ 0x7fa41772cc40] IO error: End of file
[https @ 0x7fa41770df80] Error reading HTTP response: End of file
[tls @ 0x7fa43000c7c0] IO error: End of file
[https @ 0x7fa4300142c0] Error reading HTTP response: End of file
[tls @ 0x7fa42000ce40] IO error: End of file
[https @ 0x7fa4200256c0] Error reading HTTP response: End of file
[tls @ 0x7fa42771f940] IO error: End of file
[https @ 0x7fa42771e340] Error reading HTTP response: End of file
[in#0/hls @ 0x7fa437707fc0] Failed to reload playlist 0
[tls @ 0x7fa42771f940] IO error: End of file
[https @ 0x7fa427705940] Error reading HTTP response: End of file
[in#0/hls @ 0x7fa437707fc0] Failed to reload playlist 0
[tls @ 0x7fa42771fd40] IO error: End of file
[https @ 0x7fa427705940] Error reading HTTP response: End of file
[in#0/hls @ 0x7fa437707fc0] Failed to reload playlist 0
[tls @ 0x7fa41774ff80] IO error: End of file
[https @ 0x7fa41772c840] Error reading HTTP response: End of file
[in#0/hls @ 0x7fa437707fc0] Failed to reload playlist 0

[2026-04-12T00:32:00.042519] Starting recorder for cam221
[tls @ 0x7fa802004500] IO error: End of file
[https @ 0x7fa8020043c0] Error reading HTTP response: End of file
[tls @ 0x7fa802104b80] IO error: End of file
[https @ 0x7fa802104ac0] Error reading HTTP response: End of file
[tls @ 0x7fa811a16000] IO error: End of file
[https @ 0x7fa811a073c0] Error reading HTTP response: End of file
[tls @ 0x7fa811a3da00] IO error: End of file
[https @ 0x7fa811a07e00] Error reading HTTP response: End of file
[tls @ 0x7fa811a16000] IO error: End of file
[https @ 0x7fa811a6c9c0] Error reading HTTP response: End of file
[tls @ 0x7fa80204ed40] IO error: End of file
[https @ 0x7fa802051080] Error reading HTTP response: End of file
[tls @ 0x7fa802142000] IO error: End of file
[https @ 0x7fa802154240] Error reading HTTP response: End of file
[tls @ 0x7fa802062080] IO error: End of file
[https @ 0x7fa802047080] Error reading HTTP response: End of file
[tls @ 0x7fa80204cfc0] IO error: End of file
[https @ 0x7fa80204c980] Error reading HTTP response: End of file
[tls @ 0x7fa800f10740] IO error: End of file
[https @ 0x7fa800f4fe80] Error reading HTTP response: End of file
[in#0/hls @ 0x7fa8118048c0] Failed to reload playlist 0
[tls @ 0x7fa8021476c0] IO error: End of file
[https @ 0x7fa802149a00] Error reading HTTP response: End of file
[in#0/hls @ 0x7fa8118048c0] Failed to reload playlist 0
[tls @ 0x7fa811a16000] IO error: End of file
[https @ 0x7fa811a05940] Error reading HTTP response: End of file
[in#0/hls @ 0x7fa8118048c0] Failed to reload playlist 0
[tls @ 0x7fa802062080] IO error: End of file
[https @ 0x7fa80204c680] Error reading HTTP response: End of file
[in#0/hls @ 0x7fa8118048c0] Failed to reload playlist 0

[2026-04-12T00:33:10.115691] Starting recorder for cam221
[tls @ 0x7fd787f04500] IO error: End of file
[https @ 0x7fd787f043c0] Error reading HTTP response: End of file
[tls @ 0x7fd787f069c0] IO error: End of file
[https @ 0x7fd787f06900] Error reading HTTP response: End of file
[tls @ 0x7fd7a1104140] IO error: End of file
[https @ 0x7fd7a1104080] Error reading HTTP response: End of file
[tls @ 0x7fd7a110ac80] IO error: End of file
[https @ 0x7fd7a1104500] Error reading HTTP response: End of file
[tls @ 0x7fd7a121f240] IO error: End of file
[https @ 0x7fd7a122da80] Error reading HTTP response: End of file
[tls @ 0x7fd7a1005880] IO error: End of file
[https @ 0x7fd7a109af80] Error reading HTTP response: End of file
[tls @ 0x7fd7a1104140] IO error: End of file
[https @ 0x7fd7a1104080] Error reading HTTP response: End of file
[tls @ 0x7fd7a102d8c0] IO error: End of file
[https @ 0x7fd7a102e900] Error reading HTTP response: End of file
[tls @ 0x7fd7a1104140] IO error: End of file
[https @ 0x7fd787f1b540] Error reading HTTP response: End of file
[tls @ 0x7fd7a121f240] IO error: End of file
[https @ 0x7fd7a1212980] Error reading HTTP response: End of file
[in#0/hls @ 0x7fd7a8904640] Failed to reload playlist 0
[tls @ 0x7fd7a1008c40] IO error: End of file
[https @ 0x7fd7a1024680] Error reading HTTP response: End of file
[in#0/hls @ 0x7fd7a8904640] Failed to reload playlist 0
[tls @ 0x7fd7a121f240] IO error: End of file
[https @ 0x7fd7a1212980] Error reading HTTP response: End of file
[in#0/hls @ 0x7fd7a8904640] Failed to reload playlist 0
[tls @ 0x7fd787fab100] IO error: End of file
[https @ 0x7fd787f1b540] Error reading HTTP response: End of file
[in#0/hls @ 0x7fd7a8904640] Failed to reload playlist 0

[2026-04-12T00:34:20.206406] Starting recorder for cam221
[tls @ 0x7fd19d21c200] IO error: End of file
[https @ 0x7fd19d22e440] Error reading HTTP response: End of file
[tls @ 0x7fd19d104800] IO error: End of file
[https @ 0x7fd19d1046c0] Error reading HTTP response: End of file
[tls @ 0x7fd19d21c200] IO error: End of file
[https @ 0x7fd19d2ca000] Error reading HTTP response: End of file
[tls @ 0x7fd19d2afe40] IO error: End of file
[https @ 0x7fd19d2be0c0] Error reading HTTP response: End of file
[tls @ 0x7fd19d29aa40] IO error: End of file
[https @ 0x7fd19d2c22c0] Error reading HTTP response: End of file
[tls @ 0x7fd18d00cc00] IO error: End of file
[https @ 0x7fd18d04d680] Error reading HTTP response: End of file
[tls @ 0x7fd19d29aa40] IO error: End of file
[https @ 0x7fd19d21a040] Error reading HTTP response: End of file
[tls @ 0x7fd18d004140] IO error: End of file
[https @ 0x7fd18d04d780] Error reading HTTP response: End of file
[tls @ 0x7fd19d130740] IO error: End of file
[https @ 0x7fd19d1378c0] Error reading HTTP response: End of file
[tls @ 0x7fd18c70a100] IO error: End of file
[https @ 0x7fd18c70e080] Error reading HTTP response: End of file
[tls @ 0x7fd19d133800] IO error: End of file
[https @ 0x7fd19d143e40] Error reading HTTP response: End of file
[tls @ 0x7fd19d12b600] IO error: End of file
[https @ 0x7fd19d1416c0] Error reading HTTP response: End of file
[in#0/hls @ 0x7fd19c707fc0] Failed to reload playlist 0
[tls @ 0x7fd18d0340c0] IO error: End of file
[https @ 0x7fd19d2acc80] Error reading HTTP response: End of file
[in#0/hls @ 0x7fd19c707fc0] Failed to reload playlist 0
[tls @ 0x7fd19d12b600] IO error: End of file
[https @ 0x7fd19d1416c0] Error reading HTTP response: End of file
[in#0/hls @ 0x7fd19c707fc0] Failed to reload playlist 0
[tls @ 0x7fd18d0340c0] IO error: End of file
[https @ 0x7fd18d03ac00] Error reading HTTP response: End of file
[in#0/hls @ 0x7fd19c707fc0] Failed to reload playlist 0

[2026-04-12T00:35:30.287936] Starting recorder for cam221
[tls @ 0x7f7824b04940] IO error: End of file
[https @ 0x7f7824b04800] Error reading HTTP response: End of file
[tls @ 0x7f7824c0f5c0] IO error: End of file
[https @ 0x7f7824c20dc0] Error reading HTTP response: End of file
[tls @ 0x7f7824c26e40] IO error: End of file
[https @ 0x7f7824c27480] Error reading HTTP response: End of file
[tls @ 0x7f7824c2b3c0] IO error: End of file
[https @ 0x7f7824c37900] Error reading HTTP response: End of file
[tls @ 0x7f7824a4aa80] IO error: End of file
[https @ 0x7f7824a553c0] Error reading HTTP response: End of file
[tls @ 0x7f7824b5b700] IO error: End of file
[https @ 0x7f7824b6d680] Error reading HTTP response: End of file
[tls @ 0x7f7824a04a40] IO error: End of file
[https @ 0x7f7824a04980] Error reading HTTP response: End of file
[tls @ 0x7f7824a7c1c0] IO error: End of file
[https @ 0x7f7824a631c0] Error reading HTTP response: End of file
[tls @ 0x7f7824c0bb00] IO error: End of file
[https @ 0x7f7824c67180] Error reading HTTP response: End of file
[tls @ 0x7f7824c75800] IO error: End of file
[https @ 0x7f7824c27480] Error reading HTTP response: End of file
[tls @ 0x7f7824b9ccc0] IO error: End of file
[https @ 0x7f7813f0a440] Error reading HTTP response: End of file
[tls @ 0x7f7824b4e540] IO error: End of file
[https @ 0x7f7824b4e840] Error reading HTTP response: End of file
[in#0/hls @ 0x7f7823f07fc0] Failed to reload playlist 0
[tls @ 0x7f7824c2b3c0] IO error: End of file
[https @ 0x7f7824c3fa80] Error reading HTTP response: End of file
[in#0/hls @ 0x7f7823f07fc0] Failed to reload playlist 0
[tls @ 0x7f7824c2b3c0] IO error: End of file
[https @ 0x7f7824c1a1c0] Error reading HTTP response: End of file
[in#0/hls @ 0x7f7823f07fc0] Failed to reload playlist 0
[tls @ 0x7f7824c2b3c0] IO error: End of file
[https @ 0x7f7824c3fa80] Error reading HTTP response: End of file
[in#0/hls @ 0x7f7823f07fc0] Failed to reload playlist 0

[2026-04-12T00:36:40.367046] Starting recorder for cam221
[tls @ 0x7fe2bd305b00] IO error: End of file
[https @ 0x7fe2bd3059c0] Error reading HTTP response: End of file
[tls @ 0x7fe2ad007640] IO error: End of file
[https @ 0x7fe2ad007540] Error reading HTTP response: End of file
[tls @ 0x7fe2ad0083c0] IO error: End of file
[https @ 0x7fe2ad0052c0] Error reading HTTP response: End of file
[tls @ 0x7fe2ad033640] IO error: End of file
[https @ 0x7fe2ad03ac00] Error reading HTTP response: End of file
[tls @ 0x7fe2ac7134c0] IO error: End of file
[https @ 0x7fe2ac72db80] Error reading HTTP response: End of file
[tls @ 0x7fe2ad026280] IO error: End of file
[https @ 0x7fe2ad007c80] Error reading HTTP response: End of file
[tls @ 0x7fe2bd27ae40] IO error: End of file
[https @ 0x7fe2bd288540] Error reading HTTP response: End of file
[tls @ 0x7fe2bd292680] IO error: End of file
[https @ 0x7fe2bd23afc0] Error reading HTTP response: End of file
[tls @ 0x7fe2bd34e6c0] IO error: End of file
[https @ 0x7fe2bd333140] Error reading HTTP response: End of file
[tls @ 0x7fe2ac715a00] IO error: End of file
[https @ 0x7fe2ac740100] Error reading HTTP response: End of file
[in#0/hls @ 0x7fe2bd0048c0] Failed to reload playlist 0
[tls @ 0x7fe2bd27ae40] IO error: End of file
[https @ 0x7fe2bd23b140] Error reading HTTP response: End of file
[in#0/hls @ 0x7fe2bd0048c0] Failed to reload playlist 0
[tls @ 0x7fe2ad00bf40] IO error: End of file
[https @ 0x7fe2ad00ed00] Error reading HTTP response: End of file
[in#0/hls @ 0x7fe2bd0048c0] Failed to reload playlist 0
[tls @ 0x7fe2ad007d40] IO error: End of file
[https @ 0x7fe2ad007c80] Error reading HTTP response: End of file
[in#0/hls @ 0x7fe2bd0048c0] Failed to reload playlist 0

[2026-04-12T00:37:50.449417] Starting recorder for cam221
[tls @ 0x7f80d2206100] IO error: End of file
[https @ 0x7f80d2205fc0] Error reading HTTP response: End of file
[tls @ 0x7f80d22076c0] IO error: End of file
[https @ 0x7f80d22075c0] Error reading HTTP response: End of file
[tls @ 0x7f80d2328300] IO error: End of file
[https @ 0x7f80d2328840] Error reading HTTP response: End of file
[tls @ 0x7f80d2335400] IO error: End of file
[https @ 0x7f80d233c240] Error reading HTTP response: End of file
[tls @ 0x7f80d2215000] IO error: End of file
[https @ 0x7f80d2218cc0] Error reading HTTP response: End of file
[tls @ 0x7f80c17055c0] IO error: End of file
[https @ 0x7f80c1706380] Error reading HTTP response: End of file
[tls @ 0x7f80d2287500] IO error: End of file
[https @ 0x7f80d22084c0] Error reading HTTP response: End of file
[tls @ 0x7f80d22213c0] IO error: End of file
[https @ 0x7f80d2221300] Error reading HTTP response: End of file
[tls @ 0x7f80d2453880] IO error: End of file
[https @ 0x7f80d240cf00] Error reading HTTP response: End of file
[tls @ 0x7f80c1735b00] IO error: End of file
[https @ 0x7f80c1740780] Error reading HTTP response: End of file
[in#0/hls @ 0x7f80d20048c0] Failed to reload playlist 0
[tls @ 0x7f80c1735b00] IO error: End of file
[https @ 0x7f80d2342380] Error reading HTTP response: End of file
[in#0/hls @ 0x7f80d20048c0] Failed to reload playlist 0
[tls @ 0x7f80d2223280] IO error: End of file
[https @ 0x7f80d22231c0] Error reading HTTP response: End of file
[in#0/hls @ 0x7f80d20048c0] Failed to reload playlist 0
[tls @ 0x7f80d23411c0] IO error: End of file
[https @ 0x7f80c1740780] Error reading HTTP response: End of file
[in#0/hls @ 0x7f80d20048c0] Failed to reload playlist 0

[2026-04-12T00:39:00.509886] Starting recorder for cam221
[tls @ 0x7fb8ee3042c0] IO error: End of file
[https @ 0x7fb8ee405d40] Error reading HTTP response: End of file
[tls @ 0x7fb8dd71eec0] IO error: End of file
[https @ 0x7fb8dd713fc0] Error reading HTTP response: End of file
[tls @ 0x7fb8dd704080] IO error: End of file
[https @ 0x7fb8dd73d780] Error reading HTTP response: End of file
[tls @ 0x7fb8ee266e00] IO error: End of file
[https @ 0x7fb8ee263200] Error reading HTTP response: End of file
[tls @ 0x7fb8ee434f80] IO error: End of file
[https @ 0x7fb8ee42a380] Error reading HTTP response: End of file
[tls @ 0x7fb8ee38b8c0] IO error: End of file
[https @ 0x7fb8ee3947c0] Error reading HTTP response: End of file
[tls @ 0x7fb8dd708f00] IO error: End of file
[https @ 0x7fb8dd73d780] Error reading HTTP response: End of file
[tls @ 0x7fb8ee244040] IO error: End of file
[https @ 0x7fb8ee25d6c0] Error reading HTTP response: End of file
[tls @ 0x7fb8ee4229c0] IO error: End of file
[https @ 0x7fb8ee42a380] Error reading HTTP response: End of file
[tls @ 0x7fb8dd720fc0] IO error: End of file
[https @ 0x7fb8dd72a900] Error reading HTTP response: End of file
[in#0/hls @ 0x7fb8ee0048c0] Failed to reload playlist 0
[tls @ 0x7fb8ee4229c0] IO error: End of file
[https @ 0x7fb8ee42a380] Error reading HTTP response: End of file
[in#0/hls @ 0x7fb8ee0048c0] Failed to reload playlist 0
[tls @ 0x7fb8ee362c80] IO error: End of file
[https @ 0x7fb8ee364080] Error reading HTTP response: End of file
[in#0/hls @ 0x7fb8ee0048c0] Failed to reload playlist 0
[tls @ 0x7fb8ee362c80] IO error: End of file
[https @ 0x7fb8ee3767c0] Error reading HTTP response: End of file
[in#0/hls @ 0x7fb8ee0048c0] Failed to reload playlist 0

[2026-04-12T00:40:10.586573] Starting recorder for cam221
[tls @ 0x7fbdef004680] IO error: End of file
[https @ 0x7fbdef004540] Error reading HTTP response: End of file
[tls @ 0x7fbdee708d40] IO error: End of file
[https @ 0x7fbdee71ab00] Error reading HTTP response: End of file
[tls @ 0x7fbdff134e80] IO error: End of file
[https @ 0x7fbdff145740] Error reading HTTP response: End of file
[tls @ 0x7fbdff147dc0] IO error: End of file
[https @ 0x7fbdff112740] Error reading HTTP response: End of file
[tls @ 0x7fbdff134e80] IO error: End of file
[https @ 0x7fbdff118c40] Error reading HTTP response: End of file
[tls @ 0x7fbdff10bb00] IO error: End of file
[https @ 0x7fbdff107040] Error reading HTTP response: End of file
[tls @ 0x7fbdee73bf80] IO error: End of file
[https @ 0x7fbdee7409c0] Error reading HTTP response: End of file
[tls @ 0x7fbdef133d00] IO error: End of file
[https @ 0x7fbdef10e2c0] Error reading HTTP response: End of file
[tls @ 0x7fbdef046680] IO error: End of file
[https @ 0x7fbdef05f700] Error reading HTTP response: End of file
[tls @ 0x7fbdef142180] IO error: End of file
[https @ 0x7fbdef137240] Error reading HTTP response: End of file
[in#0/hls @ 0x7fbdfe707fc0] Failed to reload playlist 0
[tls @ 0x7fbdff11e580] IO error: End of file
[https @ 0x7fbdff11d380] Error reading HTTP response: End of file
[in#0/hls @ 0x7fbdfe707fc0] Failed to reload playlist 0
[tls @ 0x7fbdff11e580] IO error: End of file
[https @ 0x7fbdff11d380] Error reading HTTP response: End of file
[in#0/hls @ 0x7fbdfe707fc0] Failed to reload playlist 0
[tls @ 0x7fbdef046680] IO error: End of file
[https @ 0x7fbdef05f700] Error reading HTTP response: End of file
[in#0/hls @ 0x7fbdfe707fc0] Failed to reload playlist 0

[2026-04-12T00:41:20.667380] Starting recorder for cam221
[tls @ 0x7fe05e705780] IO error: End of file
[https @ 0x7fe05e705640] Error reading HTTP response: End of file
[tls @ 0x7fe05e7115c0] IO error: End of file
[https @ 0x7fe05e71b700] Error reading HTTP response: End of file
[tls @ 0x7fe04e722100] IO error: End of file
[https @ 0x7fe04e725a40] Error reading HTTP response: End of file
[tls @ 0x7fe05f077fc0] IO error: End of file
[https @ 0x7fe05f01da80] Error reading HTTP response: End of file
[tls @ 0x7fe04f81fa40] IO error: End of file
[https @ 0x7fe04f815e80] Error reading HTTP response: End of file
[tls @ 0x7fe05f01da80] IO error: End of file
[https @ 0x7fe05f021a00] Error reading HTTP response: End of file
[tls @ 0x7fe05f079ac0] IO error: End of file
[https @ 0x7fe05f09eac0] Error reading HTTP response: End of file
[tls @ 0x7fe04e709dc0] IO error: End of file
[https @ 0x7fe04e7238c0] Error reading HTTP response: End of file
[tls @ 0x7fe05f079ac0] IO error: End of file
[https @ 0x7fe05f04fa00] Error reading HTTP response: End of file
[tls @ 0x7fe05e730ac0] IO error: End of file
[https @ 0x7fe05e732480] Error reading HTTP response: End of file
[in#0/hls @ 0x7fe06f0048c0] Failed to reload playlist 0
[tls @ 0x7fe04e710500] IO error: End of file
[https @ 0x7fe04e719b40] Error reading HTTP response: End of file
[in#0/hls @ 0x7fe06f0048c0] Failed to reload playlist 0
[tls @ 0x7fe05e730ac0] IO error: End of file
[https @ 0x7fe05e732480] Error reading HTTP response: End of file
[in#0/hls @ 0x7fe06f0048c0] Failed to reload playlist 0
[tls @ 0x7fe05e730ac0] IO error: End of file
[https @ 0x7fe05e716e80] Error reading HTTP response: End of file
[in#0/hls @ 0x7fe06f0048c0] Failed to reload playlist 0

[2026-04-12T00:42:30.741832] Starting recorder for cam221
[tls @ 0x7f7b89704500] IO error: End of file
[https @ 0x7f7b9a405dc0] Error reading HTTP response: End of file
[tls @ 0x7f7b9a224680] IO error: End of file
[https @ 0x7f7b9a22bc40] Error reading HTTP response: End of file
[tls @ 0x7f7b8971b7c0] IO error: End of file
[https @ 0x7f7b8971b700] Error reading HTTP response: End of file
[tls @ 0x7f7b8974a980] IO error: End of file
[https @ 0x7f7b89744500] Error reading HTTP response: End of file
[tls @ 0x7f7b9a253680] IO error: End of file
[https @ 0x7f7b9a24de40] Error reading HTTP response: End of file
[tls @ 0x7f7b9a233200] IO error: End of file
[https @ 0x7f7b9a216880] Error reading HTTP response: End of file
[tls @ 0x7f7b9a253680] IO error: End of file
[https @ 0x7f7b8975ab80] Error reading HTTP response: End of file
[tls @ 0x7f7b9a457600] IO error: End of file
[https @ 0x7f7b9a430740] Error reading HTTP response: End of file
[tls @ 0x7f7b89750540] IO error: End of file
[https @ 0x7f7b8971e780] Error reading HTTP response: End of file
[tls @ 0x7f7b9a208b00] IO error: End of file
[https @ 0x7f7b9a24de40] Error reading HTTP response: End of file
[in#0/hls @ 0x7f7b9a0048c0] Failed to reload playlist 0
[tls @ 0x7f7b9a42e7c0] IO error: End of file
[https @ 0x7f7b9a41cf40] Error reading HTTP response: End of file
[in#0/hls @ 0x7f7b9a0048c0] Failed to reload playlist 0
[tls @ 0x7f7b89750a00] IO error: End of file
[https @ 0x7f7b8974be80] Error reading HTTP response: End of file
[in#0/hls @ 0x7f7b9a0048c0] Failed to reload playlist 0
[tls @ 0x7f7b9a42e7c0] IO error: End of file
[https @ 0x7f7b9a41cf40] Error reading HTTP response: End of file
[in#0/hls @ 0x7f7b9a0048c0] Failed to reload playlist 0

[2026-04-12T00:43:40.837090] Starting recorder for cam221
[tls @ 0x7f967a205d40] IO error: End of file
[https @ 0x7f967a205c40] Error reading HTTP response: End of file
[tls @ 0x7f966a0053c0] IO error: End of file
[https @ 0x7f966a005280] Error reading HTTP response: End of file
[tls @ 0x7f966970dec0] IO error: End of file
[https @ 0x7f9669729e40] Error reading HTTP response: End of file
[tls @ 0x7f967a214c40] IO error: End of file
[https @ 0x7f96697662c0] Error reading HTTP response: End of file
[tls @ 0x7f966a00c700] IO error: End of file
[https @ 0x7f966a007900] Error reading HTTP response: End of file
[tls @ 0x7f967a27f480] IO error: End of file
[https @ 0x7f967a21e980] Error reading HTTP response: End of file
[tls @ 0x7f966a025100] IO error: End of file
[https @ 0x7f966a012f80] Error reading HTTP response: End of file
[tls @ 0x7f967a27f480] IO error: End of file
[https @ 0x7f967a26a4c0] Error reading HTTP response: End of file
[tls @ 0x7f966973c7c0] IO error: End of file
[https @ 0x7f9669729a80] Error reading HTTP response: End of file
[tls @ 0x7f966a1a4780] IO error: End of file
[https @ 0x7f966a19ec00] Error reading HTTP response: End of file
[tls @ 0x7f966a10d140] IO error: End of file
[https @ 0x7f966970db80] Error reading HTTP response: End of file
[tls @ 0x7f966a03d140] IO error: End of file
[https @ 0x7f966a038b40] Error reading HTTP response: End of file
[in#0/hls @ 0x7f967a0048c0] Failed to reload playlist 0
[tls @ 0x7f967a27f480] IO error: End of file
[https @ 0x7f967a25af00] Error reading HTTP response: End of file
[in#0/hls @ 0x7f967a0048c0] Failed to reload playlist 0
[tls @ 0x7f966a03d140] IO error: End of file
[https @ 0x7f966a038b40] Error reading HTTP response: End of file
[in#0/hls @ 0x7f967a0048c0] Failed to reload playlist 0
[tls @ 0x7f966a170d00] IO error: End of file
[https @ 0x7f966a179b80] Error reading HTTP response: End of file
[in#0/hls @ 0x7f967a0048c0] Failed to reload playlist 0

[2026-04-12T00:44:50.926255] Starting recorder for cam221
[tls @ 0x7fa8c0804500] IO error: End of file
[https @ 0x7fa8c08043c0] Error reading HTTP response: End of file
[tls @ 0x7fa8b7f152c0] IO error: End of file
[https @ 0x7fa8b7f2ab40] Error reading HTTP response: End of file
[tls @ 0x7fa8c092b900] IO error: End of file
[https @ 0x7fa8c0930480] Error reading HTTP response: End of file
[tls @ 0x7fa8a7f3bac0] IO error: End of file
[https @ 0x7fa8a7f2ac80] Error reading HTTP response: End of file
[tls @ 0x7fa8c0915700] IO error: End of file
[https @ 0x7fa8c0912340] Error reading HTTP response: End of file
[tls @ 0x7fa8c09375c0] IO error: End of file
[https @ 0x7fa8c0941980] Error reading HTTP response: End of file
[tls @ 0x7fa8b7f2c440] IO error: End of file
[https @ 0x7fa8b7f4ef80] Error reading HTTP response: End of file
[tls @ 0x7fa8b7f34240] IO error: End of file
[https @ 0x7fa8b7f6c280] Error reading HTTP response: End of file
[tls @ 0x7fa8a7f44a00] IO error: End of file
[https @ 0x7fa8a7f469c0] Error reading HTTP response: End of file
[tls @ 0x7fa8c09515c0] IO error: End of file
[https @ 0x7fa8c0954840] Error reading HTTP response: End of file
[tls @ 0x7fa8a7f35c40] IO error: End of file
[https @ 0x7fa8a7f42700] Error reading HTTP response: End of file
[tls @ 0x7fa8a7f35c40] IO error: End of file
[https @ 0x7fa8a7f64800] Error reading HTTP response: End of file
[in#0/hls @ 0x7fa8c88048c0] Failed to reload playlist 0
[tls @ 0x7fa8c083a500] IO error: End of file
[https @ 0x7fa8c0839580] Error reading HTTP response: End of file
[in#0/hls @ 0x7fa8c88048c0] Failed to reload playlist 0
[tls @ 0x7fa8b7f1be00] IO error: End of file
[https @ 0x7fa8b7f31c40] Error reading HTTP response: End of file
[in#0/hls @ 0x7fa8c88048c0] Failed to reload playlist 0
[tls @ 0x7fa8c083a500] IO error: End of file
[https @ 0x7fa8c08423c0] Error reading HTTP response: End of file
[in#0/hls @ 0x7fa8c88048c0] Failed to reload playlist 0

[2026-04-12T00:46:00.994987] Starting recorder for cam221
[tls @ 0x7f95ab3042c0] IO error: End of file
[https @ 0x7f95ab4043c0] Error reading HTTP response: End of file
[tls @ 0x7f95ab510740] IO error: End of file
[https @ 0x7f95ab510680] Error reading HTTP response: End of file
[tls @ 0x7f95ab338700] IO error: End of file
[https @ 0x7f95ab311bc0] Error reading HTTP response: End of file
[tls @ 0x7f95ab42a100] IO error: End of file
[https @ 0x7f95ab404f80] Error reading HTTP response: End of file
[tls @ 0x7f95ab338700] IO error: End of file
[https @ 0x7f95ab33f0c0] Error reading HTTP response: End of file
[tls @ 0x7f95ab5565c0] IO error: End of file
[https @ 0x7f95ab504280] Error reading HTTP response: End of file
[tls @ 0x7f95ab42eac0] IO error: End of file
[https @ 0x7f95ab42d0c0] Error reading HTTP response: End of file
[tls @ 0x7f95ab62e940] IO error: End of file
[https @ 0x7f95ab604d40] Error reading HTTP response: End of file
[tls @ 0x7f95ab40e400] IO error: End of file
[https @ 0x7f95ab444fc0] Error reading HTTP response: End of file
[tls @ 0x7f95ab666840] IO error: End of file
[https @ 0x7f95ab644e00] Error reading HTTP response: End of file
[in#0/hls @ 0x7f95a9f07fc0] Failed to reload playlist 0
[tls @ 0x7f95ab545f00] IO error: End of file
[https @ 0x7f95ab551140] Error reading HTTP response: End of file
[in#0/hls @ 0x7f95a9f07fc0] Failed to reload playlist 0
[tls @ 0x7f95ab360340] IO error: End of file
[https @ 0x7f95ab361080] Error reading HTTP response: End of file
[in#0/hls @ 0x7f95a9f07fc0] Failed to reload playlist 0
[tls @ 0x7f95ab545f00] IO error: End of file
[https @ 0x7f95ab551140] Error reading HTTP response: End of file
[in#0/hls @ 0x7f95a9f07fc0] Failed to reload playlist 0

[2026-04-12T00:47:11.076208] Starting recorder for cam221
[tls @ 0x7f9da3f04140] IO error: End of file
[https @ 0x7f9dc52043c0] Error reading HTTP response: End of file
[tls @ 0x7f9dc5225480] IO error: End of file
[https @ 0x7f9da4831f40] Error reading HTTP response: End of file
[tls @ 0x7f9da484a740] IO error: End of file
[https @ 0x7f9da484f480] Error reading HTTP response: End of file
[tls @ 0x7f9dc5336100] IO error: End of file
[https @ 0x7f9dc5331700] Error reading HTTP response: End of file
[tls @ 0x7f9da3f44280] IO error: End of file
[https @ 0x7f9da3f372c0] Error reading HTTP response: End of file
[tls @ 0x7f9da4825f40] IO error: End of file
[https @ 0x7f9da4823640] Error reading HTTP response: End of file
[tls @ 0x7f9dc53096c0] IO error: End of file
[https @ 0x7f9dc530ad80] Error reading HTTP response: End of file
[tls @ 0x7f9da3f44280] IO error: End of file
[https @ 0x7f9da3f64bc0] Error reading HTTP response: End of file
[tls @ 0x7f9dc530ad80] IO error: End of file
[https @ 0x7f9dc5306cc0] Error reading HTTP response: End of file
[tls @ 0x7f9da48119c0] IO error: End of file
[https @ 0x7f9da484f480] Error reading HTTP response: End of file
[in#0/hls @ 0x7f9dc5004600] Failed to reload playlist 0
[tls @ 0x7f9da48119c0] IO error: End of file
[https @ 0x7f9da481d840] Error reading HTTP response: End of file
[in#0/hls @ 0x7f9dc5004600] Failed to reload playlist 0
[tls @ 0x7f9dc5261100] IO error: End of file
[https @ 0x7f9dc5275cc0] Error reading HTTP response: End of file
[in#0/hls @ 0x7f9dc5004600] Failed to reload playlist 0
[tls @ 0x7f9dc5306cc0] IO error: End of file
[https @ 0x7f9da3f64bc0] Error reading HTTP response: End of file
[in#0/hls @ 0x7f9dc5004600] Failed to reload playlist 0

[2026-04-12T00:48:21.165447] Starting recorder for cam221
[tls @ 0x7fa7df204640] IO error: End of file
[https @ 0x7fa7df204500] Error reading HTTP response: End of file
[tls @ 0x7fa7bdf170c0] IO error: End of file
[https @ 0x7fa7bdf21a00] Error reading HTTP response: End of file
[tls @ 0x7fa7df350b40] IO error: End of file
[https @ 0x7fa7df355100] Error reading HTTP response: End of file
[tls @ 0x7fa7bdf24fc0] IO error: End of file
[https @ 0x7fa7bdf24f00] Error reading HTTP response: End of file
[tls @ 0x7fa7be067ec0] IO error: End of file
[https @ 0x7fa7be0686c0] Error reading HTTP response: End of file
[tls @ 0x7fa7df350b40] IO error: End of file
[https @ 0x7fa7df309680] Error reading HTTP response: End of file
[tls @ 0x7fa7bdf39540] IO error: End of file
[https @ 0x7fa7bdf38e00] Error reading HTTP response: End of file
[tls @ 0x7fa7be00a780] IO error: End of file
[https @ 0x7fa7be06c600] Error reading HTTP response: End of file
[tls @ 0x7fa7df2217c0] IO error: End of file
[https @ 0x7fa7df214b80] Error reading HTTP response: End of file
[tls @ 0x7fa7df2217c0] IO error: End of file
[https @ 0x7fa7df23b900] Error reading HTTP response: End of file
[in#0/hls @ 0x7fa7ddf08040] Failed to reload playlist 0
[tls @ 0x7fa7bdf43ac0] IO error: End of file
[https @ 0x7fa7bdf39540] Error reading HTTP response: End of file
[in#0/hls @ 0x7fa7ddf08040] Failed to reload playlist 0
[tls @ 0x7fa7bdf43ac0] IO error: End of file
[https @ 0x7fa7bdf39540] Error reading HTTP response: End of file
[in#0/hls @ 0x7fa7ddf08040] Failed to reload playlist 0
[tls @ 0x7fa7bdf43ac0] IO error: End of file
[https @ 0x7fa7bdf38e00] Error reading HTTP response: End of file
[in#0/hls @ 0x7fa7ddf08040] Failed to reload playlist 0

[2026-04-12T00:49:31.244394] Starting recorder for cam221
[tls @ 0x7f8aa7804500] IO error: End of file
[https @ 0x7f8aa78043c0] Error reading HTTP response: End of file
[tls @ 0x7f8ab6710800] IO error: End of file
[https @ 0x7f8ab6722000] Error reading HTTP response: End of file
[tls @ 0x7f8aa6713680] IO error: End of file
[https @ 0x7f8aa67257c0] Error reading HTTP response: End of file
[tls @ 0x7f8aa791b740] IO error: End of file
[https @ 0x7f8aa7920dc0] Error reading HTTP response: End of file
[tls @ 0x7f8aa7824440] IO error: End of file
[https @ 0x7f8aa7828280] Error reading HTTP response: End of file
[tls @ 0x7f8aa7836700] IO error: End of file
[https @ 0x7f8aa780dd40] Error reading HTTP response: End of file
[tls @ 0x7f8ab67739c0] IO error: End of file
[https @ 0x7f8ab672c9c0] Error reading HTTP response: End of file
[tls @ 0x7f8aa673d900] IO error: End of file
[https @ 0x7f8aa673fc40] Error reading HTTP response: End of file
[tls @ 0x7f8aa7947b80] IO error: End of file
[https @ 0x7f8aa79343c0] Error reading HTTP response: End of file
[tls @ 0x7f8ab672e080] IO error: End of file
[https @ 0x7f8ab671f540] Error reading HTTP response: End of file
[in#0/hls @ 0x7f8ac79048c0] Failed to reload playlist 0
[tls @ 0x7f8aa6725240] IO error: End of file
[https @ 0x7f8aa67257c0] Error reading HTTP response: End of file
[in#0/hls @ 0x7f8ac79048c0] Failed to reload playlist 0
[tls @ 0x7f8aa6725240] IO error: End of file
[https @ 0x7f8aa67257c0] Error reading HTTP response: End of file
[in#0/hls @ 0x7f8ac79048c0] Failed to reload playlist 0
[tls @ 0x7f8aa7947b80] IO error: End of file
[https @ 0x7f8aa7905f00] Error reading HTTP response: End of file
[in#0/hls @ 0x7f8ac79048c0] Failed to reload playlist 0

[2026-04-12T00:50:41.317620] Starting recorder for cam221
[tls @ 0x7ff3fe104080] IO error: End of file
[https @ 0x7ff3fcf04540] Error reading HTTP response: End of file
[tls @ 0x7ff3fcf2ea00] IO error: End of file
[https @ 0x7ff3fcf23c00] Error reading HTTP response: End of file
[tls @ 0x7ff3fe11d580] IO error: End of file
[https @ 0x7ff3fe135d40] Error reading HTTP response: End of file
[tls @ 0x7ff3fcf190c0] IO error: End of file
[https @ 0x7ff3fcf0ac40] Error reading HTTP response: End of file
[tls @ 0x7ff3fcf378c0] IO error: End of file
[https @ 0x7ff3fcf6ac80] Error reading HTTP response: End of file
[tls @ 0x7ff3fe031400] IO error: End of file
[https @ 0x7ff3fe014180] Error reading HTTP response: End of file
[tls @ 0x7ff3fe00ecc0] IO error: End of file
[https @ 0x7ff3fe01ba00] Error reading HTTP response: End of file
[tls @ 0x7ff3fe23d780] IO error: End of file
[https @ 0x7ff3fe251580] Error reading HTTP response: End of file
[tls @ 0x7ff3fcf38c00] IO error: End of file
[https @ 0x7ff3fcf0c040] Error reading HTTP response: End of file
[tls @ 0x7ff3fcf38c00] IO error: End of file
[https @ 0x7ff3fcf4af00] Error reading HTTP response: End of file
[in#0/hls @ 0x7ff40e004600] Failed to reload playlist 0
[tls @ 0x7ff3fe029ec0] IO error: End of file
[https @ 0x7ff3fe00da00] Error reading HTTP response: End of file
[in#0/hls @ 0x7ff40e004600] Failed to reload playlist 0
[tls @ 0x7ff3fcf38c00] IO error: End of file
[https @ 0x7ff3fcf4af00] Error reading HTTP response: End of file
[in#0/hls @ 0x7ff40e004600] Failed to reload playlist 0
[tls @ 0x7ff3fe137fc0] IO error: End of file
[https @ 0x7ff3fe135d40] Error reading HTTP response: End of file
[in#0/hls @ 0x7ff40e004600] Failed to reload playlist 0

[2026-04-12T00:51:51.424617] Starting recorder for cam221
[tls @ 0x7fc15ef04680] IO error: End of file
[https @ 0x7fc15ef04540] Error reading HTTP response: End of file
[tls @ 0x7fc17f10e100] IO error: End of file
[https @ 0x7fc17f109280] Error reading HTTP response: End of file
[tls @ 0x7fc17ef17300] IO error: End of file
[https @ 0x7fc17ef3e080] Error reading HTTP response: End of file
[tls @ 0x7fc17f1394c0] IO error: End of file
[https @ 0x7fc17f0439c0] Error reading HTTP response: End of file
[tls @ 0x7fc17f1267c0] IO error: End of file
[https @ 0x7fc17f1161c0] Error reading HTTP response: End of file
[tls @ 0x7fc17f13c180] IO error: End of file
[https @ 0x7fc17f108a00] Error reading HTTP response: End of file
[tls @ 0x7fc17f039380] IO error: End of file
[https @ 0x7fc17f068bc0] Error reading HTTP response: End of file
[tls @ 0x7fc17ef5d8c0] IO error: End of file
[https @ 0x7fc17ef59280] Error reading HTTP response: End of file
[tls @ 0x7fc17f134900] IO error: End of file
[https @ 0x7fc17f12ac80] Error reading HTTP response: End of file
[tls @ 0x7fc15ef2ddc0] IO error: End of file
[https @ 0x7fc15ef23200] Error reading HTTP response: End of file
[in#0/hls @ 0x7fc190104640] Failed to reload playlist 0
[tls @ 0x7fc17f03b6c0] IO error: End of file
[https @ 0x7fc17f049180] Error reading HTTP response: End of file
[in#0/hls @ 0x7fc190104640] Failed to reload playlist 0
[tls @ 0x7fc17f12a980] IO error: End of file
[https @ 0x7fc17f131a00] Error reading HTTP response: End of file
[in#0/hls @ 0x7fc190104640] Failed to reload playlist 0
[tls @ 0x7fc17ef1dbc0] IO error: End of file
[https @ 0x7fc17ef0b380] Error reading HTTP response: End of file
[in#0/hls @ 0x7fc190104640] Failed to reload playlist 0

[2026-04-12T00:53:01.492633] Starting recorder for cam221
[tls @ 0x7fb82e804680] IO error: End of file
[https @ 0x7fb82e804540] Error reading HTTP response: End of file
[tls @ 0x7fb84eb1fd00] IO error: End of file
[https @ 0x7fb84eb34040] Error reading HTTP response: End of file
[tls @ 0x7fb82d704140] IO error: End of file
[https @ 0x7fb82d704080] Error reading HTTP response: End of file
[tls @ 0x7fb82d7321c0] IO error: End of file
[https @ 0x7fb82d707c00] Error reading HTTP response: End of file
[tls @ 0x7fb84eb31e40] IO error: End of file
[https @ 0x7fb84eb2a380] Error reading HTTP response: End of file
[tls @ 0x7fb84eb45a00] IO error: End of file
[https @ 0x7fb84eb35d00] Error reading HTTP response: End of file
[tls @ 0x7fb82d74f300] IO error: End of file
[https @ 0x7fb82d74b700] Error reading HTTP response: End of file
[tls @ 0x7fb84ea1b8c0] IO error: End of file
[https @ 0x7fb84ea584c0] Error reading HTTP response: End of file
[tls @ 0x7fb84ea1ea00] IO error: End of file
[https @ 0x7fb84ea6b780] Error reading HTTP response: End of file
[tls @ 0x7fb84eb0c7c0] IO error: End of file
[https @ 0x7fb84eb617c0] Error reading HTTP response: End of file
[tls @ 0x7fb82e82f680] IO error: End of file
[https @ 0x7fb82e847180] Error reading HTTP response: End of file
[tls @ 0x7fb82d744640] IO error: End of file
[https @ 0x7fb82d74fc80] Error reading HTTP response: End of file
[in#0/hls @ 0x7fb84d708040] Failed to reload playlist 0
[tls @ 0x7fb84ea24100] IO error: End of file
[https @ 0x7fb84ea69e40] Error reading HTTP response: End of file
[in#0/hls @ 0x7fb84d708040] Failed to reload playlist 0
[tls @ 0x7fb84eb0b400] IO error: End of file
[https @ 0x7fb84eb0f500] Error reading HTTP response: End of file
[in#0/hls @ 0x7fb84d708040] Failed to reload playlist 0
[tls @ 0x7fb82e854c40] IO error: End of file
[https @ 0x7fb82e870e40] Error reading HTTP response: End of file
[in#0/hls @ 0x7fb84d708040] Failed to reload playlist 0

[2026-04-12T00:54:11.567508] Starting recorder for cam221
[tls @ 0x7fd931b04500] IO error: End of file
[https @ 0x7fd931b043c0] Error reading HTTP response: End of file
[tls @ 0x7fd91070e040] IO error: End of file
[https @ 0x7fd91070df80] Error reading HTTP response: End of file
[tls @ 0x7fd9107306c0] IO error: End of file
[https @ 0x7fd910739000] Error reading HTTP response: End of file
[tls @ 0x7fd931a13c80] IO error: End of file
[https @ 0x7fd931a0f2c0] Error reading HTTP response: End of file
[tls @ 0x7fd931c2f7c0] IO error: End of file
[https @ 0x7fd931a3f1c0] Error reading HTTP response: End of file
[tls @ 0x7fd931b266c0] IO error: End of file
[https @ 0x7fd931b34400] Error reading HTTP response: End of file
[tls @ 0x7fd910715a80] IO error: End of file
[https @ 0x7fd910721580] Error reading HTTP response: End of file
[tls @ 0x7fd931c2f7c0] IO error: End of file
[https @ 0x7fd931c4abc0] Error reading HTTP response: End of file
[tls @ 0x7fd91071d800] IO error: End of file
[https @ 0x7fd910711f80] Error reading HTTP response: End of file
[tls @ 0x7fd931a17100] IO error: End of file
[https @ 0x7fd931a6e200] Error reading HTTP response: End of file
[tls @ 0x7fd931b63300] IO error: End of file
[https @ 0x7fd931b266c0] Error reading HTTP response: End of file
[tls @ 0x7fd931a10a00] IO error: End of file
[https @ 0x7fd931a73740] Error reading HTTP response: End of file
[in#0/hls @ 0x7fd9307082c0] Failed to reload playlist 0
[tls @ 0x7fd931c2d7c0] IO error: End of file
[https @ 0x7fd931c11800] Error reading HTTP response: End of file
[in#0/hls @ 0x7fd9307082c0] Failed to reload playlist 0
[tls @ 0x7fd931a10a00] IO error: End of file
[https @ 0x7fd931a73740] Error reading HTTP response: End of file
[in#0/hls @ 0x7fd9307082c0] Failed to reload playlist 0
[tls @ 0x7fd931b34400] IO error: End of file
[https @ 0x7fd931b266c0] Error reading HTTP response: End of file
[in#0/hls @ 0x7fd9307082c0] Failed to reload playlist 0

[2026-04-12T00:55:21.648581] Starting recorder for cam221
[tls @ 0x7fbdd9b050c0] IO error: End of file
[https @ 0x7fbdd9b04300] Error reading HTTP response: End of file
[tls @ 0x7fbdd9a2d940] IO error: End of file
[https @ 0x7fbdd9c3fb00] Error reading HTTP response: End of file
[tls @ 0x7fbdd9a12a00] IO error: End of file
[https @ 0x7fbdd9a19040] Error reading HTTP response: End of file
[tls @ 0x7fbdd9c39d00] IO error: End of file
[https @ 0x7fbdd9c49940] Error reading HTTP response: End of file
[tls @ 0x7fbdd9a43f00] IO error: End of file
[https @ 0x7fbdd9b37f80] Error reading HTTP response: End of file
[tls @ 0x7fbdd9d5ef80] IO error: End of file
[https @ 0x7fbdd9d4a7c0] Error reading HTTP response: End of file
[tls @ 0x7fbdd9c42600] IO error: End of file
[https @ 0x7fbdd9c32f00] Error reading HTTP response: End of file
[tls @ 0x7fbdd9b46cc0] IO error: End of file
[https @ 0x7fbdd9d50240] Error reading HTTP response: End of file
[tls @ 0x7fbdd9c42600] IO error: End of file
[https @ 0x7fbdd9c1b000] Error reading HTTP response: End of file
[in#0/hls @ 0x7fbdd8708040] Failed to reload playlist 0
[tls @ 0x7fbdd9d5de00] IO error: End of file
[https @ 0x7fbdd9d77ac0] Error reading HTTP response: End of file
[in#0/hls @ 0x7fbdd8708040] Failed to reload playlist 0
[tls @ 0x7fbdd9a4d300] IO error: End of file
[https @ 0x7fbdd9a4c800] Error reading HTTP response: End of file
[in#0/hls @ 0x7fbdd8708040] Failed to reload playlist 0
[tls @ 0x7fbdd9d5de00] IO error: End of file
[https @ 0x7fbdd9d77ac0] Error reading HTTP response: End of file
[in#0/hls @ 0x7fbdd8708040] Failed to reload playlist 0

[2026-04-12T00:56:31.719598] Starting recorder for cam221
[tls @ 0x7f79c2404500] IO error: End of file
[https @ 0x7f79c24043c0] Error reading HTTP response: End of file
[tls @ 0x7f79c241e300] IO error: End of file
[https @ 0x7f79c24258c0] Error reading HTTP response: End of file
[tls @ 0x7f79c2555680] IO error: End of file
[https @ 0x7f79c2523140] Error reading HTTP response: End of file
[tls @ 0x7f79c2644380] IO error: End of file
[https @ 0x7f79c2617bc0] Error reading HTTP response: End of file
[tls @ 0x7f79c2555680] IO error: End of file
[https @ 0x7f79c253b140] Error reading HTTP response: End of file
[tls @ 0x7f79c233dfc0] IO error: End of file
[https @ 0x7f79c233ad40] Error reading HTTP response: End of file
[tls @ 0x7f79c231bf80] IO error: End of file
[https @ 0x7f79c234d740] Error reading HTTP response: End of file
[tls @ 0x7f79c23604c0] IO error: End of file
[https @ 0x7f79c235c8c0] Error reading HTTP response: End of file
[tls @ 0x7f79c2422580] IO error: End of file
[https @ 0x7f79c242fc80] Error reading HTTP response: End of file
[tls @ 0x7f79c244e280] IO error: End of file
[https @ 0x7f79c244a880] Error reading HTTP response: End of file
[in#0/hls @ 0x7f79c21048c0] Failed to reload playlist 0
[tls @ 0x7f79c231dd40] IO error: End of file
[https @ 0x7f79c231dc80] Error reading HTTP response: End of file
[in#0/hls @ 0x7f79c21048c0] Failed to reload playlist 0
[tls @ 0x7f79c23386c0] IO error: End of file
[https @ 0x7f79c2338600] Error reading HTTP response: End of file
[in#0/hls @ 0x7f79c21048c0] Failed to reload playlist 0
[tls @ 0x7f79c244e280] IO error: End of file
[https @ 0x7f79c244a880] Error reading HTTP response: End of file
[in#0/hls @ 0x7f79c21048c0] Failed to reload playlist 0

[2026-04-12T00:57:41.815623] Starting recorder for cam221
[tls @ 0x7f954b204680] IO error: End of file
[https @ 0x7f954b204540] Error reading HTTP response: End of file
[tls @ 0x7f954b40e400] IO error: End of file
[https @ 0x7f954b422a00] Error reading HTTP response: End of file
[tls @ 0x7f954b513d00] IO error: End of file
[https @ 0x7f954b5240c0] Error reading HTTP response: End of file
[tls @ 0x7f954b406d40] IO error: End of file
[https @ 0x7f954b446780] Error reading HTTP response: End of file
[tls @ 0x7f954b3312c0] IO error: End of file
[https @ 0x7f954b330d00] Error reading HTTP response: End of file
[tls @ 0x7f954b537a00] IO error: End of file
[https @ 0x7f954b504f80] Error reading HTTP response: End of file
[tls @ 0x7f954b5240c0] IO error: End of file
[https @ 0x7f954b527840] Error reading HTTP response: End of file
[tls @ 0x7f954b513d00] IO error: End of file
[https @ 0x7f954b534340] Error reading HTTP response: End of file
[tls @ 0x7f954b32c000] IO error: End of file
[https @ 0x7f954b326dc0] Error reading HTTP response: End of file
[tls @ 0x7f954b513d00] IO error: End of file
[https @ 0x7f954b569100] Error reading HTTP response: End of file
[in#0/hls @ 0x7f954b0048c0] Failed to reload playlist 0
[tls @ 0x7f954b513d00] IO error: End of file
[https @ 0x7f954b55f500] Error reading HTTP response: End of file
[in#0/hls @ 0x7f954b0048c0] Failed to reload playlist 0
[tls @ 0x7f954b45fe80] IO error: End of file
[https @ 0x7f954b446780] Error reading HTTP response: End of file
[in#0/hls @ 0x7f954b0048c0] Failed to reload playlist 0
[tls @ 0x7f954b45fe80] IO error: End of file
[https @ 0x7f954b43f380] Error reading HTTP response: End of file
[in#0/hls @ 0x7f954b0048c0] Failed to reload playlist 0

[2026-04-12T00:58:51.874969] Starting recorder for cam221
[tls @ 0x7f8b6f80ee80] IO error: End of file
[https @ 0x7f8b6f81bec0] Error reading HTTP response: End of file
[tls @ 0x7f8b6f81ca00] IO error: End of file
[https @ 0x7f8b6f821c40] Error reading HTTP response: End of file
[tls @ 0x7f8b7f21d340] IO error: End of file
[https @ 0x7f8b7f24bec0] Error reading HTTP response: End of file
[tls @ 0x7f8b6f80cb80] IO error: End of file
[https @ 0x7f8b6f81bec0] Error reading HTTP response: End of file
[tls @ 0x7f8b6e72d900] IO error: End of file
[https @ 0x7f8b6e7217c0] Error reading HTTP response: End of file
[tls @ 0x7f8b6f91fe80] IO error: End of file
[https @ 0x7f8b6f91cd00] Error reading HTTP response: End of file
[tls @ 0x7f8b7f2616c0] IO error: End of file
[https @ 0x7f8b7f223300] Error reading HTTP response: End of file
[tls @ 0x7f8b6f8298c0] IO error: End of file
[https @ 0x7f8b6f8240c0] Error reading HTTP response: End of file
[tls @ 0x7f8b6f88dd00] IO error: End of file
[https @ 0x7f8b6f892380] Error reading HTTP response: End of file
[tls @ 0x7f8b6e719940] IO error: End of file
[https @ 0x7f8b6e719880] Error reading HTTP response: End of file
[in#0/hls @ 0x7f8b7f104640] Failed to reload playlist 0
[tls @ 0x7f8b7f25d180] IO error: End of file
[https @ 0x7f8b7f2049c0] Error reading HTTP response: End of file
[in#0/hls @ 0x7f8b7f104640] Failed to reload playlist 0
[tls @ 0x7f8b6e733a40] IO error: End of file
[https @ 0x7f8b6e733980] Error reading HTTP response: End of file
[in#0/hls @ 0x7f8b7f104640] Failed to reload playlist 0
[tls @ 0x7f8b6e719940] IO error: End of file
[https @ 0x7f8b6e719880] Error reading HTTP response: End of file
[in#0/hls @ 0x7f8b7f104640] Failed to reload playlist 0

[2026-04-12T01:00:02.263543] Starting recorder for cam221
[tls @ 0x7fa34ff04800] IO error: End of file
[https @ 0x7fa34ff046c0] Error reading HTTP response: End of file
[tls @ 0x7fa348807100] IO error: End of file
[https @ 0x7fa348804300] Error reading HTTP response: End of file
[tls @ 0x7fa33ffd6500] IO error: End of file
[https @ 0x7fa33fff4980] Error reading HTTP response: End of file
[tls @ 0x7fa31ff04280] IO error: End of file
[https @ 0x7fa31ff040c0] Error reading HTTP response: End of file
[in#0/hls @ 0x7fa35ff07fc0] Failed to reload playlist 0
[tls @ 0x7fa33ffd6500] IO error: End of file
[https @ 0x7fa33fff4980] Error reading HTTP response: End of file
[in#0/hls @ 0x7fa35ff07fc0] Failed to reload playlist 0
[tls @ 0x7fa358807340] IO error: End of file
[https @ 0x7fa358807bc0] Error reading HTTP response: End of file
[in#0/hls @ 0x7fa35ff07fc0] Failed to reload playlist 0
[tls @ 0x7fa358807340] IO error: End of file
[https @ 0x7fa34881a2c0] Error reading HTTP response: End of file
[in#0/hls @ 0x7fa35ff07fc0] Failed to reload playlist 0

[2026-04-12T01:15:42.257090] Starting recorder for cam221
[tls @ 0x7fcf90704680] IO error: End of file
[https @ 0x7fcf90704540] Error reading HTTP response: End of file
[tls @ 0x7fcf9180c0c0] IO error: End of file
[https @ 0x7fcf9180c000] Error reading HTTP response: End of file
[tls @ 0x7fcf91822440] IO error: End of file
[https @ 0x7fcf9180fd80] Error reading HTTP response: End of file
[tls @ 0x7fcf91869880] IO error: End of file
[https @ 0x7fcf91865c80] Error reading HTTP response: End of file
[tls @ 0x7fcf90754880] IO error: End of file
[https @ 0x7fcf90762180] Error reading HTTP response: End of file
[tls @ 0x7fcfa12444c0] IO error: End of file
[https @ 0x7fcfa1241240] Error reading HTTP response: End of file
[tls @ 0x7fcf9075a680] IO error: End of file
[https @ 0x7fcf9075c9c0] Error reading HTTP response: End of file
[tls @ 0x7fcf9193e740] IO error: End of file
[https @ 0x7fcf9193a8c0] Error reading HTTP response: End of file
[tls @ 0x7fcf9195ab00] IO error: End of file
[https @ 0x7fcf9195e9c0] Error reading HTTP response: End of file
[tls @ 0x7fcfa12444c0] IO error: End of file
[https @ 0x7fcfa1241240] Error reading HTTP response: End of file
[in#0/hls @ 0x7fcfa1104640] Failed to reload playlist 0
[tls @ 0x7fcf918077c0] IO error: End of file
[https @ 0x7fcf918083c0] Error reading HTTP response: End of file
[in#0/hls @ 0x7fcfa1104640] Failed to reload playlist 0
[tls @ 0x7fcf90748a00] IO error: End of file
[https @ 0x7fcf907524c0] Error reading HTTP response: End of file
[in#0/hls @ 0x7fcfa1104640] Failed to reload playlist 0
[tls @ 0x7fcf90748a00] IO error: End of file
[https @ 0x7fcf90733e00] Error reading HTTP response: End of file
[in#0/hls @ 0x7fcfa1104640] Failed to reload playlist 0

[2026-04-12T01:16:52.328918] Starting recorder for cam221
[tls @ 0x7f8a89f04500] IO error: End of file
[https @ 0x7f8a89f043c0] Error reading HTTP response: End of file
[tls @ 0x7f8a8b024940] IO error: End of file
[https @ 0x7f8a8b02db40] Error reading HTTP response: End of file
[tls @ 0x7f8a89f4d640] IO error: End of file
[https @ 0x7f8a89f4fc40] Error reading HTTP response: End of file
[tls @ 0x7f8a8b07cc80] IO error: End of file
[https @ 0x7f8a8b08eec0] Error reading HTTP response: End of file
[tls @ 0x7f8a9a904f40] IO error: End of file
[https @ 0x7f8a9a904980] Error reading HTTP response: End of file
[tls @ 0x7f8a8b05c840] IO error: End of file
[https @ 0x7f8a9a9357c0] Error reading HTTP response: End of file
[tls @ 0x7f8a9a904a00] IO error: End of file
[https @ 0x7f8a9a934e00] Error reading HTTP response: End of file
[tls @ 0x7f8a89f4d640] IO error: End of file
[https @ 0x7f8a89f4fc40] Error reading HTTP response: End of file
[tls @ 0x7f8a89f93540] IO error: End of file
[https @ 0x7f8a89f95880] Error reading HTTP response: End of file
[tls @ 0x7f8a89f4d640] IO error: End of file
[https @ 0x7f8a89f48c80] Error reading HTTP response: End of file
[tls @ 0x7f8a9aa150c0] IO error: End of file
[https @ 0x7f8a9aa15000] Error reading HTTP response: End of file
[tls @ 0x7f8a8b05c840] IO error: End of file
[https @ 0x7f8a8b06e240] Error reading HTTP response: End of file
[in#0/hls @ 0x7f8a99f07fc0] Failed to reload playlist 0
[tls @ 0x7f8a8b05c840] IO error: End of file
[https @ 0x7f8a8b004140] Error reading HTTP response: End of file
[in#0/hls @ 0x7f8a99f07fc0] Failed to reload playlist 0
[tls @ 0x7f8a8b06e240] IO error: End of file
[https @ 0x7f8a8b060040] Error reading HTTP response: End of file
[in#0/hls @ 0x7f8a99f07fc0] Failed to reload playlist 0
[tls @ 0x7f8a89f3dc00] IO error: End of file
[https @ 0x7f8a89f40180] Error reading HTTP response: End of file
[in#0/hls @ 0x7f8a99f07fc0] Failed to reload playlist 0

[2026-04-12T01:18:02.403963] Starting recorder for cam221
[tls @ 0x7fd77b804500] IO error: End of file
[https @ 0x7fd77b8043c0] Error reading HTTP response: End of file
[tls @ 0x7fd77a707ec0] IO error: End of file
[https @ 0x7fd77a707d80] Error reading HTTP response: End of file
[tls @ 0x7fd77a705100] IO error: End of file
[https @ 0x7fd77a704500] Error reading HTTP response: End of file
[tls @ 0x7fd77b82ae80] IO error: End of file
[https @ 0x7fd77b830140] Error reading HTTP response: End of file
[tls @ 0x7fd77b833e80] IO error: End of file
[https @ 0x7fd77b831e00] Error reading HTTP response: End of file
[tls @ 0x7fd75a704280] IO error: End of file
[https @ 0x7fd75a7040c0] Error reading HTTP response: End of file
[in#0/hls @ 0x7fd78b0048c0] Failed to reload playlist 0
[tls @ 0x7fd77b823d80] IO error: End of file
[https @ 0x7fd77b81db80] Error reading HTTP response: End of file
[in#0/hls @ 0x7fd78b0048c0] Failed to reload playlist 0
[tls @ 0x7fd77a704480] IO error: End of file
[https @ 0x7fd77a704c00] Error reading HTTP response: End of file
[in#0/hls @ 0x7fd78b0048c0] Failed to reload playlist 0
[tls @ 0x7fd77b823d80] IO error: End of file
[https @ 0x7fd77b81e0c0] Error reading HTTP response: End of file
[in#0/hls @ 0x7fd78b0048c0] Failed to reload playlist 0

[2026-04-12T01:28:56.515708] Starting recorder for cam221
[tls @ 0x7f8469704680] IO error: End of file
[https @ 0x7f8469704540] Error reading HTTP response: End of file
[tls @ 0x7f847a204cc0] IO error: End of file
[https @ 0x7f847a204b80] Error reading HTTP response: End of file
[tls @ 0x7f847a23b380] IO error: End of file
[https @ 0x7f847a238780] Error reading HTTP response: End of file
[tls @ 0x7f847a156ac0] IO error: End of file
[https @ 0x7f847a168cc0] Error reading HTTP response: End of file
[tls @ 0x7f846a05f100] IO error: End of file
[https @ 0x7f846a0625c0] Error reading HTTP response: End of file
[tls @ 0x7f847a31ff00] IO error: End of file
[https @ 0x7f847a307200] Error reading HTTP response: End of file
[tls @ 0x7f846974d440] IO error: End of file
[https @ 0x7f846974d380] Error reading HTTP response: End of file
[tls @ 0x7f847a36c3c0] IO error: End of file
[https @ 0x7f847a37e600] Error reading HTTP response: End of file
[tls @ 0x7f846a05f100] IO error: End of file
[https @ 0x7f846a05d5c0] Error reading HTTP response: End of file
[tls @ 0x7f847a213480] IO error: End of file
[https @ 0x7f847a238780] Error reading HTTP response: End of file
[in#0/hls @ 0x7f847a0048c0] Failed to reload playlist 0
[tls @ 0x7f846978c740] IO error: End of file
[https @ 0x7f846977f440] Error reading HTTP response: End of file
[in#0/hls @ 0x7f847a0048c0] Failed to reload playlist 0
[tls @ 0x7f847a31c1c0] IO error: End of file
[https @ 0x7f847a31e5c0] Error reading HTTP response: End of file
[in#0/hls @ 0x7f847a0048c0] Failed to reload playlist 0
[tls @ 0x7f847a31c1c0] IO error: End of file
[https @ 0x7f847a31a7c0] Error reading HTTP response: End of file
[in#0/hls @ 0x7f847a0048c0] Failed to reload playlist 0

[2026-04-12T01:30:06.580054] Starting recorder for cam221
[tls @ 0x7f7b24f04680] IO error: End of file
[https @ 0x7f7b24f04540] Error reading HTTP response: End of file
[tls @ 0x7f7b35a06980] IO error: End of file
[https @ 0x7f7b35a113c0] Error reading HTTP response: End of file
[tls @ 0x7f7b35a15940] IO error: End of file
[https @ 0x7f7b35a21380] Error reading HTTP response: End of file
[tls @ 0x7f7b24f39300] IO error: End of file
[https @ 0x7f7b24f52f00] Error reading HTTP response: End of file
[tls @ 0x7f7b35a15940] IO error: End of file
[https @ 0x7f7b35a92680] Error reading HTTP response: End of file
[tls @ 0x7f7b24f3f740] IO error: End of file
[https @ 0x7f7b24f42240] Error reading HTTP response: End of file
[tls @ 0x7f7b35a15940] IO error: End of file
[https @ 0x7f7b25835a40] Error reading HTTP response: End of file
[tls @ 0x7f7b35aa7a80] IO error: End of file
[https @ 0x7f7b35ab9cc0] Error reading HTTP response: End of file
[tls @ 0x7f7b35956900] IO error: End of file
[https @ 0x7f7b3595d380] Error reading HTTP response: End of file
[tls @ 0x7f7b35904980] IO error: End of file
[https @ 0x7f7b35964740] Error reading HTTP response: End of file
[in#0/hls @ 0x7f7b358048c0] Failed to reload playlist 0
[tls @ 0x7f7b35904980] IO error: End of file
[https @ 0x7f7b35904600] Error reading HTTP response: End of file
[in#0/hls @ 0x7f7b358048c0] Failed to reload playlist 0
[tls @ 0x7f7b258413c0] IO error: End of file
[https @ 0x7f7b25835a40] Error reading HTTP response: End of file
[in#0/hls @ 0x7f7b358048c0] Failed to reload playlist 0
[tls @ 0x7f7b24f3bb40] IO error: End of file
[https @ 0x7f7b24f42c80] Error reading HTTP response: End of file
[in#0/hls @ 0x7f7b358048c0] Failed to reload playlist 0

[2026-04-12T01:31:16.643263] Starting recorder for cam221
[tls @ 0x7fe744404340] IO error: End of file
[https @ 0x7fe744404200] Error reading HTTP response: End of file
[tls @ 0x7fe7444106c0] IO error: End of file
[https @ 0x7fe744413e80] Error reading HTTP response: End of file
[tls @ 0x7fe74437abc0] IO error: End of file
[https @ 0x7fe74431fe40] Error reading HTTP response: End of file
[tls @ 0x7fe73375e2c0] IO error: End of file
[https @ 0x7fe7337679c0] Error reading HTTP response: End of file
[tls @ 0x7fe7444546c0] IO error: End of file
[https @ 0x7fe74444c740] Error reading HTTP response: End of file
[tls @ 0x7fe744407a00] IO error: End of file
[https @ 0x7fe744416b80] Error reading HTTP response: End of file
[tls @ 0x7fe733743ec0] IO error: End of file
[https @ 0x7fe733742100] Error reading HTTP response: End of file
[tls @ 0x7fe744215e40] IO error: End of file
[https @ 0x7fe7442191c0] Error reading HTTP response: End of file
[tls @ 0x7fe744261200] IO error: End of file
[https @ 0x7fe74425d600] Error reading HTTP response: End of file
[tls @ 0x7fe74425d600] IO error: End of file
[https @ 0x7fe744258ec0] Error reading HTTP response: End of file
[in#0/hls @ 0x7fe744104640] Failed to reload playlist 0
[tls @ 0x7fe74431d5c0] IO error: End of file
[https @ 0x7fe744323480] Error reading HTTP response: End of file
[in#0/hls @ 0x7fe744104640] Failed to reload playlist 0
[tls @ 0x7fe74425d600] IO error: End of file
[https @ 0x7fe74425a580] Error reading HTTP response: End of file
[in#0/hls @ 0x7fe744104640] Failed to reload playlist 0
[tls @ 0x7fe733743ec0] IO error: End of file
[https @ 0x7fe733742100] Error reading HTTP response: End of file
[in#0/hls @ 0x7fe744104640] Failed to reload playlist 0

[2026-04-12T01:32:26.703435] Starting recorder for cam221
[tls @ 0x7fdb9cc04b00] IO error: End of file
[https @ 0x7fdb9cc049c0] Error reading HTTP response: End of file
[tls @ 0x7fdb9cd235c0] IO error: End of file
[https @ 0x7fdb9cd180c0] Error reading HTTP response: End of file
[tls @ 0x7fdb9cd26140] IO error: End of file
[https @ 0x7fdb9cd337c0] Error reading HTTP response: End of file
[tls @ 0x7fdb9cd21200] IO error: End of file
[https @ 0x7fdb9cd2fb00] Error reading HTTP response: End of file
[tls @ 0x7fdb9cd6fa80] IO error: End of file
[https @ 0x7fdb9cd66a80] Error reading HTTP response: End of file
[tls @ 0x7fdb9cd20b40] IO error: End of file
[https @ 0x7fdb9cd93d00] Error reading HTTP response: End of file
[tls @ 0x7fdb9ca4fc00] IO error: End of file
[https @ 0x7fdb9ca53c40] Error reading HTTP response: End of file
[tls @ 0x7fdb9cac56c0] IO error: End of file
[https @ 0x7fdb9cacb340] Error reading HTTP response: End of file
[tls @ 0x7fdb9ca86c80] IO error: End of file
[https @ 0x7fdb9ca83080] Error reading HTTP response: End of file
[tls @ 0x7fdb9cd0a740] IO error: End of file
[https @ 0x7fdb9cd8bd40] Error reading HTTP response: End of file
[tls @ 0x7fdb9ca81600] IO error: End of file
[https @ 0x7fdb9ca56080] Error reading HTTP response: End of file
[tls @ 0x7fdb9ca8ee00] IO error: End of file
[https @ 0x7fdb9ca5f780] Error reading HTTP response: End of file
[in#0/hls @ 0x7fdb9c8048c0] Failed to reload playlist 0
[tls @ 0x7fdb9ca8ee00] IO error: End of file
[https @ 0x7fdb9ca4c900] Error reading HTTP response: End of file
[in#0/hls @ 0x7fdb9c8048c0] Failed to reload playlist 0
[tls @ 0x7fdb9cd35980] IO error: End of file
[https @ 0x7fdb9cd0b5c0] Error reading HTTP response: End of file
[in#0/hls @ 0x7fdb9c8048c0] Failed to reload playlist 0
[tls @ 0x7fdb9cd35980] IO error: End of file
[https @ 0x7fdb9cd8bd40] Error reading HTTP response: End of file
[in#0/hls @ 0x7fdb9c8048c0] Failed to reload playlist 0

[2026-04-12T01:33:46.766811] Starting recorder for cam221
[tls @ 0x7fa12eb04680] IO error: End of file
[https @ 0x7fa12eb04540] Error reading HTTP response: End of file
[tls @ 0x7fa12eb0c8c0] IO error: End of file
[https @ 0x7fa12eb05a40] Error reading HTTP response: End of file
[tls @ 0x7fa12ec3ff00] IO error: End of file
[https @ 0x7fa12ec0d0c0] Error reading HTTP response: End of file
[tls @ 0x7fa11df04a40] IO error: End of file
[https @ 0x7fa11df22cc0] Error reading HTTP response: End of file
[tls @ 0x7fa12eb32640] IO error: End of file
[https @ 0x7fa12eb397c0] Error reading HTTP response: End of file
[tls @ 0x7fa12ec12c00] IO error: End of file
[https @ 0x7fa12ec4e940] Error reading HTTP response: End of file
[tls @ 0x7fa12ec283c0] IO error: End of file
[https @ 0x7fa12ec24340] Error reading HTTP response: End of file
[tls @ 0x7fa12eb48940] IO error: End of file
[https @ 0x7fa12eb04600] Error reading HTTP response: End of file
[tls @ 0x7fa12eb32e00] IO error: End of file
[https @ 0x7fa12eb080c0] Error reading HTTP response: End of file
[tls @ 0x7fa12ea18280] IO error: End of file
[https @ 0x7fa12ea16540] Error reading HTTP response: End of file
[tls @ 0x7fa12ea93500] IO error: End of file
[https @ 0x7fa12ea917c0] Error reading HTTP response: End of file
[tls @ 0x7fa12eb32e00] IO error: End of file
[https @ 0x7fa12eb080c0] Error reading HTTP response: End of file
[tls @ 0x7fa12ec3d340] IO error: End of file
[https @ 0x7fa12ec25640] Error reading HTTP response: End of file
[in#0/hls @ 0x7fa12e904640] Failed to reload playlist 0
[tls @ 0x7fa11df34c40] IO error: End of file
[https @ 0x7fa11df5a740] Error reading HTTP response: End of file
[in#0/hls @ 0x7fa12e904640] Failed to reload playlist 0
[tls @ 0x7fa12eb32e00] IO error: End of file
[https @ 0x7fa12eb080c0] Error reading HTTP response: End of file
[in#0/hls @ 0x7fa12e904640] Failed to reload playlist 0
[tls @ 0x7fa11df34c40] IO error: End of file
[https @ 0x7fa11df5a740] Error reading HTTP response: End of file
[in#0/hls @ 0x7fa12e904640] Failed to reload playlist 0

[2026-04-12T01:34:56.814935] Starting recorder for cam221
[tls @ 0x7fadd8805200] IO error: End of file
[https @ 0x7fadd8804cc0] Error reading HTTP response: End of file
[tls @ 0x7fadd880bb40] IO error: End of file
[https @ 0x7fadd880b800] Error reading HTTP response: End of file
[tls @ 0x7fadc802fd00] IO error: End of file
[https @ 0x7fadc8082f40] Error reading HTTP response: End of file
[tls @ 0x7fadd8838280] IO error: End of file
[https @ 0x7fadd8836680] Error reading HTTP response: End of file
[tls @ 0x7fadd895a180] IO error: End of file
[https @ 0x7fadd896e500] Error reading HTTP response: End of file
[tls @ 0x7fadd8917c40] IO error: End of file
[https @ 0x7fadd89165c0] Error reading HTTP response: End of file
[tls @ 0x7fadd8921d40] IO error: End of file
[https @ 0x7fadd8922b40] Error reading HTTP response: End of file
[tls @ 0x7fadbf72d8c0] IO error: End of file
[https @ 0x7fadbf729d00] Error reading HTTP response: End of file
[tls @ 0x7fadd881b440] IO error: End of file
[https @ 0x7fadd8818cc0] Error reading HTTP response: End of file
[tls @ 0x7fadbf7628c0] IO error: End of file
[https @ 0x7fadbf774ac0] Error reading HTTP response: End of file
[in#0/hls @ 0x7fade00048c0] Failed to reload playlist 0
[tls @ 0x7fadc8076380] IO error: End of file
[https @ 0x7fadc8082f40] Error reading HTTP response: End of file
[in#0/hls @ 0x7fade00048c0] Failed to reload playlist 0
[tls @ 0x7fadd882de40] IO error: End of file
[https @ 0x7fadd883d240] Error reading HTTP response: End of file
[in#0/hls @ 0x7fade00048c0] Failed to reload playlist 0
[tls @ 0x7fadbf7628c0] IO error: End of file
[https @ 0x7fadbf774ac0] Error reading HTTP response: End of file
[in#0/hls @ 0x7fade00048c0] Failed to reload playlist 0

[2026-04-12T01:36:06.856955] Starting recorder for cam221
[tls @ 0x7fcf55704b40] IO error: End of file
[https @ 0x7fcf55704a00] Error reading HTTP response: End of file
[tls @ 0x7fcf66319cc0] IO error: End of file
[https @ 0x7fcf6630b700] Error reading HTTP response: End of file
[tls @ 0x7fcf5605c180] IO error: End of file
[https @ 0x7fcf5572fc80] Error reading HTTP response: End of file
[tls @ 0x7fcf56006740] IO error: End of file
[https @ 0x7fcf56075880] Error reading HTTP response: End of file
[tls @ 0x7fcf5610a700] IO error: End of file
[https @ 0x7fcf56128100] Error reading HTTP response: End of file
[tls @ 0x7fcf55721440] IO error: End of file
[https @ 0x7fcf55711840] Error reading HTTP response: End of file
[tls @ 0x7fcf55731c80] IO error: End of file
[https @ 0x7fcf5572b180] Error reading HTTP response: End of file
[tls @ 0x7fcf56004b00] IO error: End of file
[https @ 0x7fcf56089700] Error reading HTTP response: End of file
[tls @ 0x7fcf56121300] IO error: End of file
[https @ 0x7fcf5610e9c0] Error reading HTTP response: End of file
[tls @ 0x7fcf5571ba80] IO error: End of file
[https @ 0x7fcf55715280] Error reading HTTP response: End of file
[in#0/hls @ 0x7fcf660048c0] Failed to reload playlist 0
[tls @ 0x7fcf66334ac0] IO error: End of file
[https @ 0x7fcf6634a300] Error reading HTTP response: End of file
[in#0/hls @ 0x7fcf660048c0] Failed to reload playlist 0
[tls @ 0x7fcf5603b740] IO error: End of file
[https @ 0x7fcf56037100] Error reading HTTP response: End of file
[in#0/hls @ 0x7fcf660048c0] Failed to reload playlist 0
[tls @ 0x7fcf5571ba80] IO error: End of file
[https @ 0x7fcf55715280] Error reading HTTP response: End of file
[in#0/hls @ 0x7fcf660048c0] Failed to reload playlist 0

[2026-04-12T01:37:16.917465] Starting recorder for cam221
[tls @ 0x7fcdf9104ec0] IO error: End of file
[https @ 0x7fcdf9104d00] Error reading HTTP response: End of file
[tls @ 0x7fcdf940b900] IO error: End of file
[https @ 0x7fcdf9415400] Error reading HTTP response: End of file
[tls @ 0x7fcdf943f480] IO error: End of file
[https @ 0x7fcdf9457280] Error reading HTTP response: End of file
[tls @ 0x7fcdf928db00] IO error: End of file
[https @ 0x7fcdf929e780] Error reading HTTP response: End of file
[tls @ 0x7fcdf9108040] IO error: End of file
[https @ 0x7fcdf9121b00] Error reading HTTP response: End of file
[tls @ 0x7fcdf943f480] IO error: End of file
[https @ 0x7fcdf9457280] Error reading HTTP response: End of file
[tls @ 0x7fcdf9420680] IO error: End of file
[https @ 0x7fcdf9438380] Error reading HTTP response: End of file
[tls @ 0x7fcdf9254e00] IO error: End of file
[https @ 0x7fcdf92557c0] Error reading HTTP response: End of file
[tls @ 0x7fcdf919bb00] IO error: End of file
[https @ 0x7fcdf91adb80] Error reading HTTP response: End of file
[tls @ 0x7fcdf943f480] IO error: End of file
[https @ 0x7fcdf9437e00] Error reading HTTP response: End of file
[in#0/hls @ 0x7fcdf90048c0] Failed to reload playlist 0
[tls @ 0x7fcdf9246bc0] IO error: End of file
[https @ 0x7fcdf92557c0] Error reading HTTP response: End of file
[in#0/hls @ 0x7fcdf90048c0] Failed to reload playlist 0
[tls @ 0x7fcdf9176080] IO error: End of file
[https @ 0x7fcdf91adb40] Error reading HTTP response: End of file
[in#0/hls @ 0x7fcdf90048c0] Failed to reload playlist 0
[tls @ 0x7fcdf930bb80] IO error: End of file
[https @ 0x7fcdf9330dc0] Error reading HTTP response: End of file
[in#0/hls @ 0x7fcdf90048c0] Failed to reload playlist 0

[2026-04-12T01:38:26.981035] Starting recorder for cam221
[tls @ 0x7f85a6f066c0] IO error: End of file
[https @ 0x7f85a6f06600] Error reading HTTP response: End of file
[tls @ 0x7f85a01079c0] IO error: End of file
[https @ 0x7f85a0107900] Error reading HTTP response: End of file
[tls @ 0x7f85a0048380] IO error: End of file
[https @ 0x7f8596f07d00] Error reading HTTP response: End of file
[tls @ 0x7f85a0056600] IO error: End of file
[https @ 0x7f85a0025b40] Error reading HTTP response: End of file
[tls @ 0x7f85a011d880] IO error: End of file
[https @ 0x7f85a011bb40] Error reading HTTP response: End of file
[tls @ 0x7f8596f13ec0] IO error: End of file
[https @ 0x7f8596f53040] Error reading HTTP response: End of file
[tls @ 0x7f85a006b140] IO error: End of file
[https @ 0x7f85a0120a80] Error reading HTTP response: End of file
[tls @ 0x7f85a6f55d80] IO error: End of file
[https @ 0x7f85a6f796c0] Error reading HTTP response: End of file
[tls @ 0x7f85a0119600] IO error: End of file
[https @ 0x7f85a01237c0] Error reading HTTP response: End of file
[tls @ 0x7f85a01195c0] IO error: End of file
[https @ 0x7f85a0127b80] Error reading HTTP response: End of file
[in#0/hls @ 0x7f85b78048c0] Failed to reload playlist 0
[tls @ 0x7f85a0034740] IO error: End of file
[https @ 0x7f85a0016940] Error reading HTTP response: End of file
[in#0/hls @ 0x7f85b78048c0] Failed to reload playlist 0
[tls @ 0x7f85a0034740] IO error: End of file
[https @ 0x7f85a0016940] Error reading HTTP response: End of file
[in#0/hls @ 0x7f85b78048c0] Failed to reload playlist 0
[tls @ 0x7f85a6f55d80] IO error: End of file
[https @ 0x7f85a0053dc0] Error reading HTTP response: End of file
[in#0/hls @ 0x7f85b78048c0] Failed to reload playlist 0

[2026-04-12T01:39:37.051608] Starting recorder for cam221
[tls @ 0x7f7caf004500] IO error: End of file
[https @ 0x7f7caf0043c0] Error reading HTTP response: End of file
[tls @ 0x7f7cae741100] IO error: End of file
[https @ 0x7f7cae73d900] Error reading HTTP response: End of file
[tls @ 0x7f7caf0576c0] IO error: End of file
[https @ 0x7f7caf053ac0] Error reading HTTP response: End of file
[tls @ 0x7f7caf156680] IO error: End of file
[https @ 0x7f7caf153540] Error reading HTTP response: End of file
[tls @ 0x7f7caf0576c0] IO error: End of file
[https @ 0x7f7caf017cc0] Error reading HTTP response: End of file
[tls @ 0x7f7cae73a000] IO error: End of file
[https @ 0x7f7cae73f740] Error reading HTTP response: End of file
[tls @ 0x7f7cae740dc0] IO error: End of file
[https @ 0x7f7cae704380] Error reading HTTP response: End of file
[tls @ 0x7f7caf0576c0] IO error: End of file
[https @ 0x7f7caf053ac0] Error reading HTTP response: End of file
[tls @ 0x7f7c9e73e1c0] IO error: End of file
[https @ 0x7f7c9e73fb40] Error reading HTTP response: End of file
[tls @ 0x7f7caf135cc0] IO error: End of file
[https @ 0x7f7caf158b40] Error reading HTTP response: End of file
[tls @ 0x7f7caf01c740] IO error: End of file
[https @ 0x7f7cae753fc0] Error reading HTTP response: End of file
[tls @ 0x7f7c9e72f540] IO error: End of file
[https @ 0x7f7c9e72f940] Error reading HTTP response: End of file
[tls @ 0x7f7caf184d40] IO error: End of file
[https @ 0x7f7caf1467c0] Error reading HTTP response: End of file
[in#0/hls @ 0x7f7cbf0048c0] Failed to reload playlist 0
[tls @ 0x7f7caf184d40] IO error: End of file
[https @ 0x7f7caf187fc0] Error reading HTTP response: End of file
[in#0/hls @ 0x7f7cbf0048c0] Failed to reload playlist 0
[tls @ 0x7f7c9e7283c0] IO error: End of file
[https @ 0x7f7c9e72f540] Error reading HTTP response: End of file
[in#0/hls @ 0x7f7cbf0048c0] Failed to reload playlist 0
[tls @ 0x7f7caf184d40] IO error: End of file
[https @ 0x7f7caf187fc0] Error reading HTTP response: End of file
[in#0/hls @ 0x7f7cbf0048c0] Failed to reload playlist 0

[2026-04-12T01:40:47.128735] Starting recorder for cam221
[tls @ 0x7fa946804680] IO error: End of file
[https @ 0x7fa946804540] Error reading HTTP response: End of file
[tls @ 0x7fa956904e80] IO error: End of file
[https @ 0x7fa956904d40] Error reading HTTP response: End of file
[tls @ 0x7fa9569287c0] IO error: End of file
[https @ 0x7fa95693a9c0] Error reading HTTP response: End of file
[tls @ 0x7fa945f5c240] IO error: End of file
[https @ 0x7fa945f6d840] Error reading HTTP response: End of file
[tls @ 0x7fa945f569c0] IO error: End of file
[https @ 0x7fa945f62840] Error reading HTTP response: End of file
[tls @ 0x7fa945f6c440] IO error: End of file
[https @ 0x7fa945f0f3c0] Error reading HTTP response: End of file
[tls @ 0x7fa956907380] IO error: End of file
[https @ 0x7fa9569065c0] Error reading HTTP response: End of file
[tls @ 0x7fa956a2d1c0] IO error: End of file
[https @ 0x7fa956a2e6c0] Error reading HTTP response: End of file
[tls @ 0x7fa94680a0c0] IO error: End of file
[https @ 0x7fa946807c80] Error reading HTTP response: End of file
[tls @ 0x7fa956a05d40] IO error: End of file
[https @ 0x7fa956a4ca80] Error reading HTTP response: End of file
[tls @ 0x7fa945f40f80] IO error: End of file
[https @ 0x7fa945f6a9c0] Error reading HTTP response: End of file
[in#0/hls @ 0x7fa9568048c0] Failed to reload playlist 0
[tls @ 0x7fa94682bdc0] IO error: End of file
[https @ 0x7fa94680a080] Error reading HTTP response: End of file
[in#0/hls @ 0x7fa9568048c0] Failed to reload playlist 0
[tls @ 0x7fa94682bdc0] IO error: End of file
[https @ 0x7fa94680a080] Error reading HTTP response: End of file
[in#0/hls @ 0x7fa9568048c0] Failed to reload playlist 0
[tls @ 0x7fa9569053c0] IO error: End of file
[https @ 0x7fa956908540] Error reading HTTP response: End of file
[in#0/hls @ 0x7fa9568048c0] Failed to reload playlist 0

[2026-04-12T01:41:57.190876] Starting recorder for cam221
[tls @ 0x7fc3a2d04840] IO error: End of file
[https @ 0x7fc3a2d05300] Error reading HTTP response: End of file
[tls @ 0x7fc3a2b283c0] IO error: End of file
[https @ 0x7fc3a2b580c0] Error reading HTTP response: End of file
[tls @ 0x7fc3a2c3e040] IO error: End of file
[https @ 0x7fc3a2c06300] Error reading HTTP response: End of file
[tls @ 0x7fc3a2b283c0] IO error: End of file
[https @ 0x7fc3a2b3a880] Error reading HTTP response: End of file
[tls @ 0x7fc3a2d47480] IO error: End of file
[https @ 0x7fc3a2d4a740] Error reading HTTP response: End of file
[tls @ 0x7fc3a2b7f2c0] IO error: End of file
[https @ 0x7fc3a2b78500] Error reading HTTP response: End of file
[tls @ 0x7fc3a2db5e80] IO error: End of file
[https @ 0x7fc3a2db2280] Error reading HTTP response: End of file
[tls @ 0x7fc3a2c56a40] IO error: End of file
[https @ 0x7fc3a2c3ac80] Error reading HTTP response: End of file
[tls @ 0x7fc3a2c62540] IO error: End of file
[https @ 0x7fc3a2daf480] Error reading HTTP response: End of file
[tls @ 0x7fc3a2a339c0] IO error: End of file
[https @ 0x7fc3a2a049c0] Error reading HTTP response: End of file
[tls @ 0x7fc3a2a049c0] IO error: End of file
[https @ 0x7fc3a2a1ee80] Error reading HTTP response: End of file
[in#0/hls @ 0x7fc3a28048c0] Failed to reload playlist 0
[tls @ 0x7fc3a2b118c0] IO error: End of file
[https @ 0x7fc3a2b7a880] Error reading HTTP response: End of file
[in#0/hls @ 0x7fc3a28048c0] Failed to reload playlist 0
[tls @ 0x7fc3a2a049c0] IO error: End of file
[https @ 0x7fc3a2a1ee80] Error reading HTTP response: End of file
[in#0/hls @ 0x7fc3a28048c0] Failed to reload playlist 0
[tls @ 0x7fc3a2d4f1c0] IO error: End of file
[https @ 0x7fc3a2d0ee80] Error reading HTTP response: End of file
[in#0/hls @ 0x7fc3a28048c0] Failed to reload playlist 0

[2026-04-12T01:43:07.238472] Starting recorder for cam221
[tls @ 0x7fcf2f84ae40] IO error: End of file
[https @ 0x7fcf2f847240] Error reading HTTP response: End of file
[tls @ 0x7fcf2ef30580] IO error: End of file
[https @ 0x7fcf2ef3bfc0] Error reading HTTP response: End of file
[tls @ 0x7fcf2f852580] IO error: End of file
[https @ 0x7fcf2f85bc80] Error reading HTTP response: End of file
[tls @ 0x7fcf2ef24400] IO error: End of file
[https @ 0x7fcf2ef27900] Error reading HTTP response: End of file
[tls @ 0x7fcf3f906140] IO error: End of file
[https @ 0x7fcf3f95e4c0] Error reading HTTP response: End of file
[tls @ 0x7fcf2f82a780] IO error: End of file
[https @ 0x7fcf2f869640] Error reading HTTP response: End of file
[tls @ 0x7fcf2ef474c0] IO error: End of file
[https @ 0x7fcf2ef416c0] Error reading HTTP response: End of file
[tls @ 0x7fcf2f923a40] IO error: End of file
[https @ 0x7fcf2f911ac0] Error reading HTTP response: End of file
[tls @ 0x7fcf2ef179c0] IO error: End of file
[https @ 0x7fcf2ef89cc0] Error reading HTTP response: End of file
[tls @ 0x7fcf3f950d00] IO error: End of file
[https @ 0x7fcf3f90d6c0] Error reading HTTP response: End of file
[in#0/hls @ 0x7fcf3f8048c0] Failed to reload playlist 0
[tls @ 0x7fcf2f84ae40] IO error: End of file
[https @ 0x7fcf2f897540] Error reading HTTP response: End of file
[in#0/hls @ 0x7fcf3f8048c0] Failed to reload playlist 0
[tls @ 0x7fcf2f923a40] IO error: End of file
[https @ 0x7fcf2f960440] Error reading HTTP response: End of file
[in#0/hls @ 0x7fcf3f8048c0] Failed to reload playlist 0
[tls @ 0x7fcf3f950d00] IO error: End of file
[https @ 0x7fcf3f90d6c0] Error reading HTTP response: End of file
[in#0/hls @ 0x7fcf3f8048c0] Failed to reload playlist 0

[2026-04-12T01:44:17.286955] Starting recorder for cam221
[tls @ 0x7fb7dcb05b00] IO error: End of file
[https @ 0x7fb7dcb059c0] Error reading HTTP response: End of file
[tls @ 0x7fb7dcb07e40] IO error: End of file
[https @ 0x7fb7dcb07d40] Error reading HTTP response: End of file
[tls @ 0x7fb7dcb09540] IO error: End of file
[https @ 0x7fb7dcb08200] Error reading HTTP response: End of file
[tls @ 0x7fb7dcb4a980] IO error: End of file
[https @ 0x7fb7dcb4f980] Error reading HTTP response: End of file
[tls @ 0x7fb7dcb0b380] IO error: End of file
[https @ 0x7fb7dcb474c0] Error reading HTTP response: End of file
[tls @ 0x7fb7cc85a000] IO error: End of file
[https @ 0x7fb7cc854400] Error reading HTTP response: End of file
[tls @ 0x7fb7cc82e980] IO error: End of file
[https @ 0x7fb7cc82dbc0] Error reading HTTP response: End of file
[tls @ 0x7fb7cbf06380] IO error: End of file
[https @ 0x7fb7cbf53fc0] Error reading HTTP response: End of file
[tls @ 0x7fb7cbf1a140] IO error: End of file
[https @ 0x7fb7cbf2bd00] Error reading HTTP response: End of file
[tls @ 0x7fb7dcb6b240] IO error: End of file
[https @ 0x7fb7dcb836c0] Error reading HTTP response: End of file
[tls @ 0x7fb7cbf3b700] IO error: End of file
[https @ 0x7fb7cbf3b500] Error reading HTTP response: End of file
[tls @ 0x7fb7cbf1c300] IO error: End of file
[https @ 0x7fb7cbf53100] Error reading HTTP response: End of file
[in#0/hls @ 0x7fb7dc904640] Failed to reload playlist 0
[tls @ 0x7fb7cc82e980] IO error: End of file
[https @ 0x7fb7cc82dbc0] Error reading HTTP response: End of file
[in#0/hls @ 0x7fb7dc904640] Failed to reload playlist 0
[tls @ 0x7fb7dca471c0] IO error: End of file
[https @ 0x7fb7dca5ebc0] Error reading HTTP response: End of file
[in#0/hls @ 0x7fb7dc904640] Failed to reload playlist 0
[tls @ 0x7fb7cc82e980] IO error: End of file
[https @ 0x7fb7cc82dbc0] Error reading HTTP response: End of file
[in#0/hls @ 0x7fb7dc904640] Failed to reload playlist 0

[2026-04-12T01:45:37.345415] Starting recorder for cam221
[tls @ 0x7f884bd08180] IO error: End of file
[https @ 0x7f884bd080c0] Error reading HTTP response: End of file
[tls @ 0x7f884be1b2c0] IO error: End of file
[https @ 0x7f884be33c00] Error reading HTTP response: End of file
[tls @ 0x7f884bc5ac40] IO error: End of file
[https @ 0x7f884bc57e40] Error reading HTTP response: End of file
[tls @ 0x7f884bd37800] IO error: End of file
[https @ 0x7f884bd46d00] Error reading HTTP response: End of file
[tls @ 0x7f884bc5ac40] IO error: End of file
[https @ 0x7f884bca1080] Error reading HTTP response: End of file
[tls @ 0x7f884bd37800] IO error: End of file
[https @ 0x7f884bd4e100] Error reading HTTP response: End of file
[tls @ 0x7f884bc5ac40] IO error: End of file
[https @ 0x7f884bc57e40] Error reading HTTP response: End of file
[tls @ 0x7f884be4f2c0] IO error: End of file
[https @ 0x7f884be4dcc0] Error reading HTTP response: End of file
[tls @ 0x7f884bc5ac40] IO error: End of file
[https @ 0x7f884bc43280] Error reading HTTP response: End of file
[tls @ 0x7f884be0eb00] IO error: End of file
[https @ 0x7f884be09800] Error reading HTTP response: End of file
[in#0/hls @ 0x7f884b907600] Failed to reload playlist 0
[tls @ 0x7f884bc5ac40] IO error: End of file
[https @ 0x7f884bc43280] Error reading HTTP response: End of file
[in#0/hls @ 0x7f884b907600] Failed to reload playlist 0
[tls @ 0x7f884be0eb00] IO error: End of file
[https @ 0x7f884be09800] Error reading HTTP response: End of file
[in#0/hls @ 0x7f884b907600] Failed to reload playlist 0
[tls @ 0x7f884bf3f680] IO error: End of file
[https @ 0x7f884bf185c0] Error reading HTTP response: End of file
[in#0/hls @ 0x7f884b907600] Failed to reload playlist 0

[2026-04-12T01:46:47.396706] Starting recorder for cam221
[tls @ 0x7fad53a05e00] IO error: End of file
[https @ 0x7fad53a05cc0] Error reading HTTP response: End of file
[tls @ 0x7fad539049c0] IO error: End of file
[https @ 0x7fad4380b340] Error reading HTTP response: End of file
[tls @ 0x7fad53923400] IO error: End of file
[https @ 0x7fad53934cc0] Error reading HTTP response: End of file
[tls @ 0x7fad53a0c400] IO error: End of file
[https @ 0x7fad53a15b40] Error reading HTTP response: End of file
[tls @ 0x7fad42f39f40] IO error: End of file
[https @ 0x7fad42f09a80] Error reading HTTP response: End of file
[tls @ 0x7fad42f18b00] IO error: End of file
[https @ 0x7fad42f18a40] Error reading HTTP response: End of file
[tls @ 0x7fad42f04440] IO error: End of file
[https @ 0x7fad42f04080] Error reading HTTP response: End of file
[tls @ 0x7fad53923400] IO error: End of file
[https @ 0x7fad53934cc0] Error reading HTTP response: End of file
[tls @ 0x7fad43813ec0] IO error: End of file
[https @ 0x7fad4381a240] Error reading HTTP response: End of file
[tls @ 0x7fad43873c40] IO error: End of file
[https @ 0x7fad43875d00] Error reading HTTP response: End of file
[tls @ 0x7fad42f4ef40] IO error: End of file
[https @ 0x7fad42f4bcc0] Error reading HTTP response: End of file
[in#0/hls @ 0x7fad538048c0] Failed to reload playlist 0
[tls @ 0x7fad53a4b840] IO error: End of file
[https @ 0x7fad53a4a140] Error reading HTTP response: End of file
[in#0/hls @ 0x7fad538048c0] Failed to reload playlist 0
[tls @ 0x7fad539049c0] IO error: End of file
[https @ 0x7fad53947300] Error reading HTTP response: End of file
[in#0/hls @ 0x7fad538048c0] Failed to reload playlist 0
[tls @ 0x7fad42f4ef40] IO error: End of file
[https @ 0x7fad42f4bcc0] Error reading HTTP response: End of file
[in#0/hls @ 0x7fad538048c0] Failed to reload playlist 0

[2026-04-12T01:47:57.448674] Starting recorder for cam221
[tls @ 0x7f7d54a054c0] IO error: End of file
[https @ 0x7f7d54a044c0] Error reading HTTP response: End of file
[tls @ 0x7f7d43f12e40] IO error: End of file
[https @ 0x7f7d43f25080] Error reading HTTP response: End of file
[tls @ 0x7f7d54a1fe80] IO error: End of file
[https @ 0x7f7d54a30700] Error reading HTTP response: End of file
[tls @ 0x7f7d43f5f140] IO error: End of file
[https @ 0x7f7d43f775c0] Error reading HTTP response: End of file
[tls @ 0x7f7d54b41c40] IO error: End of file
[https @ 0x7f7d54b2c4c0] Error reading HTTP response: End of file
[tls @ 0x7f7d43f2cdc0] IO error: End of file
[https @ 0x7f7d43f4c3c0] Error reading HTTP response: End of file
[tls @ 0x7f7d54b4e1c0] IO error: End of file
[https @ 0x7f7d54b55b40] Error reading HTTP response: End of file
[tls @ 0x7f7d54a1fe80] IO error: End of file
[https @ 0x7f7d54a14180] Error reading HTTP response: End of file
[tls @ 0x7f7d54a16240] IO error: End of file
[https @ 0x7f7d54a1bd80] Error reading HTTP response: End of file
[tls @ 0x7f7d54b4e1c0] IO error: End of file
[https @ 0x7f7d54b33980] Error reading HTTP response: End of file
[tls @ 0x7f7d54a27d80] IO error: End of file
[https @ 0x7f7d54a1bd40] Error reading HTTP response: End of file
[in#0/hls @ 0x7f7d548048c0] Failed to reload playlist 0
[tls @ 0x7f7d4482ff40] IO error: End of file
[https @ 0x7f7d44830600] Error reading HTTP response: End of file
[in#0/hls @ 0x7f7d548048c0] Failed to reload playlist 0
[tls @ 0x7f7d4482ff40] IO error: End of file
[https @ 0x7f7d44830600] Error reading HTTP response: End of file
[in#0/hls @ 0x7f7d548048c0] Failed to reload playlist 0
[tls @ 0x7f7d43f76dc0] IO error: End of file
[https @ 0x7f7d43f78a40] Error reading HTTP response: End of file
[in#0/hls @ 0x7f7d548048c0] Failed to reload playlist 0

[2026-04-12T01:49:07.495285] Starting recorder for cam221
[tls @ 0x7fdce2004500] IO error: End of file
[https @ 0x7fdce20043c0] Error reading HTTP response: End of file
[tls @ 0x7fdcf2f24a40] IO error: End of file
[https @ 0x7fdcf2f08b40] Error reading HTTP response: End of file
[tls @ 0x7fdcf2f81c80] IO error: End of file
[https @ 0x7fdcf2f7acc0] Error reading HTTP response: End of file
[tls @ 0x7fdcf681df80] IO error: End of file
[https @ 0x7fdcf682f740] Error reading HTTP response: End of file
[tls @ 0x7fdcf6845740] IO error: End of file
[https @ 0x7fdcf6847a80] Error reading HTTP response: End of file
[tls @ 0x7fdce2030e00] IO error: End of file
[https @ 0x7fdce2006880] Error reading HTTP response: End of file
[tls @ 0x7fdcf2f4b200] IO error: End of file
[https @ 0x7fdcf2f5dac0] Error reading HTTP response: End of file
[tls @ 0x7fdcf686af80] IO error: End of file
[https @ 0x7fdcf6838680] Error reading HTTP response: End of file
[tls @ 0x7fdcf2f56400] IO error: End of file
[https @ 0x7fdcf2f50640] Error reading HTTP response: End of file
[tls @ 0x7fdcf686af80] IO error: End of file
[https @ 0x7fdcf686d2c0] Error reading HTTP response: End of file
[tls @ 0x7fdcf2f2f600] IO error: End of file
[https @ 0x7fdce174d700] Error reading HTTP response: End of file
[tls @ 0x7fdce2062b80] IO error: End of file
[https @ 0x7fdce2041c00] Error reading HTTP response: End of file
[in#0/hls @ 0x7fdcf2a04140] Failed to reload playlist 0
[tls @ 0x7fdcf6820080] IO error: End of file
[https @ 0x7fdcf6838680] Error reading HTTP response: End of file
[in#0/hls @ 0x7fdcf2a04140] Failed to reload playlist 0
[tls @ 0x7fdce2062b80] IO error: End of file
[https @ 0x7fdce2041c00] Error reading HTTP response: End of file
[in#0/hls @ 0x7fdcf2a04140] Failed to reload playlist 0
[tls @ 0x7fdcf2f74380] IO error: End of file
[https @ 0x7fdcf2f6f7c0] Error reading HTTP response: End of file
[in#0/hls @ 0x7fdcf2a04140] Failed to reload playlist 0

[2026-04-12T01:50:27.549528] Starting recorder for cam221
[tls @ 0x7fc93ac06300] IO error: End of file
[https @ 0x7fc93aa04580] Error reading HTTP response: End of file
[tls @ 0x7fc93ac1cf40] IO error: End of file
[https @ 0x7fc93ac1d580] Error reading HTTP response: End of file
[tls @ 0x7fc929f54040] IO error: End of file
[https @ 0x7fc929f5c940] Error reading HTTP response: End of file
[tls @ 0x7fc929f10140] IO error: End of file
[https @ 0x7fc929f6b9c0] Error reading HTTP response: End of file
[tls @ 0x7fc929f22140] IO error: End of file
[https @ 0x7fc929f159c0] Error reading HTTP response: End of file
[tls @ 0x7fc93ab83500] IO error: End of file
[https @ 0x7fc93ab7f940] Error reading HTTP response: End of file
[tls @ 0x7fc929f54040] IO error: End of file
[https @ 0x7fc929f5d340] Error reading HTTP response: End of file
[tls @ 0x7fc929f05500] IO error: End of file
[https @ 0x7fc929f069c0] Error reading HTTP response: End of file
[tls @ 0x7fc93ac1c600] IO error: End of file
[https @ 0x7fc93ac284c0] Error reading HTTP response: End of file
[tls @ 0x7fc93aa24f00] IO error: End of file
[https @ 0x7fc93aa2c4c0] Error reading HTTP response: End of file
[tls @ 0x7fc929f36980] IO error: End of file
[https @ 0x7fc929f42180] Error reading HTTP response: End of file
[tls @ 0x7fc93ab83500] IO error: End of file
[https @ 0x7fc93ab8e0c0] Error reading HTTP response: End of file
[in#0/hls @ 0x7fc93a904640] Failed to reload playlist 0
[tls @ 0x7fc93aa1d240] IO error: End of file
[https @ 0x7fc93ab7f940] Error reading HTTP response: End of file
[in#0/hls @ 0x7fc93a904640] Failed to reload playlist 0
[tls @ 0x7fc929f54240] IO error: End of file
[https @ 0x7fc929f36940] Error reading HTTP response: End of file
[in#0/hls @ 0x7fc93a904640] Failed to reload playlist 0
[tls @ 0x7fc93ac2e3c0] IO error: End of file
[https @ 0x7fc93ac1d540] Error reading HTTP response: End of file
[in#0/hls @ 0x7fc93a904640] Failed to reload playlist 0

[2026-04-12T01:51:47.615496] Starting recorder for cam221
[tls @ 0x7f8b92f05100] IO error: End of file
[https @ 0x7f8b92f04b80] Error reading HTTP response: End of file
[tls @ 0x7f8ba4508cc0] IO error: End of file
[https @ 0x7f8b93815480] Error reading HTTP response: End of file
[tls @ 0x7f8b92f35ec0] IO error: End of file
[https @ 0x7f8b92f34b00] Error reading HTTP response: End of file
[tls @ 0x7f8b92f14c40] IO error: End of file
[https @ 0x7f8b92f23100] Error reading HTTP response: End of file
[tls @ 0x7f8ba4428bc0] IO error: End of file
[https @ 0x7f8ba4435c40] Error reading HTTP response: End of file
[tls @ 0x7f8b9381bc80] IO error: End of file
[https @ 0x7f8b9384e600] Error reading HTTP response: End of file
[tls @ 0x7f8b9388bd40] IO error: End of file
[https @ 0x7f8b92f1d300] Error reading HTTP response: End of file
[tls @ 0x7f8ba440c000] IO error: End of file
[https @ 0x7f8ba440f880] Error reading HTTP response: End of file
[tls @ 0x7f8ba4428bc0] IO error: End of file
[https @ 0x7f8b93848880] Error reading HTTP response: End of file
[tls @ 0x7f8b93857d80] IO error: End of file
[https @ 0x7f8b9385c280] Error reading HTTP response: End of file
[in#0/hls @ 0x7f8ba4204d00] Failed to reload playlist 0
[tls @ 0x7f8ba4534080] IO error: End of file
[https @ 0x7f8ba4516380] Error reading HTTP response: End of file
[in#0/hls @ 0x7f8ba4204d00] Failed to reload playlist 0
[tls @ 0x7f8b92f35ec0] IO error: End of file
[https @ 0x7f8b92f1e700] Error reading HTTP response: End of file
[in#0/hls @ 0x7f8ba4204d00] Failed to reload playlist 0
[tls @ 0x7f8ba4428bc0] IO error: End of file
[https @ 0x7f8ba4435c40] Error reading HTTP response: End of file
[in#0/hls @ 0x7f8ba4204d00] Failed to reload playlist 0

[2026-04-12T01:52:57.655590] Starting recorder for cam221
[tls @ 0x7fdaae905800] IO error: End of file
[https @ 0x7fdaae804640] Error reading HTTP response: End of file
[tls @ 0x7fdaae833740] IO error: End of file
[https @ 0x7fdaae833b00] Error reading HTTP response: End of file
[tls @ 0x7fdaadf4e7c0] IO error: End of file
[https @ 0x7fdaadf54ac0] Error reading HTTP response: End of file
[tls @ 0x7fdaae962680] IO error: End of file
[https @ 0x7fdaae950540] Error reading HTTP response: End of file
[tls @ 0x7fdaae914700] IO error: End of file
[https @ 0x7fdaae92f2c0] Error reading HTTP response: End of file
[tls @ 0x7fda9df14580] IO error: End of file
[https @ 0x7fda9df0f980] Error reading HTTP response: End of file
[tls @ 0x7fdaae86bcc0] IO error: End of file
[https @ 0x7fdaae868940] Error reading HTTP response: End of file
[tls @ 0x7fdaadf15c80] IO error: End of file
[https @ 0x7fda9df08300] Error reading HTTP response: End of file
[tls @ 0x7fdaae90edc0] IO error: End of file
[https @ 0x7fdaae908400] Error reading HTTP response: End of file
[tls @ 0x7fda9df59500] IO error: End of file
[https @ 0x7fda9df45540] Error reading HTTP response: End of file
[in#0/hls @ 0x7fdabe904640] Failed to reload playlist 0
[tls @ 0x7fdaae86b680] IO error: End of file
[https @ 0x7fdaae83d9c0] Error reading HTTP response: End of file
[in#0/hls @ 0x7fdabe904640] Failed to reload playlist 0
[tls @ 0x7fdaae86b680] IO error: End of file
[https @ 0x7fdaae83d9c0] Error reading HTTP response: End of file
[in#0/hls @ 0x7fdabe904640] Failed to reload playlist 0
[tls @ 0x7fdaadf58540] IO error: End of file
[https @ 0x7fdaadf59340] Error reading HTTP response: End of file
[in#0/hls @ 0x7fdabe904640] Failed to reload playlist 0

[2026-04-12T01:54:07.689399] Starting recorder for cam221
[tls @ 0x7fda25704a00] IO error: End of file
[https @ 0x7fda25704480] Error reading HTTP response: End of file
[tls @ 0x7fda26117680] IO error: End of file
[https @ 0x7fda261189c0] Error reading HTTP response: End of file
[tls @ 0x7fda25704500] IO error: End of file
[https @ 0x7fda257282c0] Error reading HTTP response: End of file
[tls @ 0x7fda2619d000] IO error: End of file
[https @ 0x7fda261af200] Error reading HTTP response: End of file
[tls @ 0x7fda25729f80] IO error: End of file
[https @ 0x7fda2571c600] Error reading HTTP response: End of file
[tls @ 0x7fda2617e4c0] IO error: End of file
[https @ 0x7fda261873c0] Error reading HTTP response: End of file
[tls @ 0x7fda36314200] IO error: End of file
[https @ 0x7fda36377680] Error reading HTTP response: End of file
[tls @ 0x7fda3636a680] IO error: End of file
[https @ 0x7fda36341540] Error reading HTTP response: End of file
[tls @ 0x7fda260102c0] IO error: End of file
[https @ 0x7fda2600f300] Error reading HTTP response: End of file
[tls @ 0x7fda260538c0] IO error: End of file
[https @ 0x7fda2605d2c0] Error reading HTTP response: End of file
[tls @ 0x7fda3635e4c0] IO error: End of file
[https @ 0x7fda2575c380] Error reading HTTP response: End of file
[in#0/hls @ 0x7fda36007380] Failed to reload playlist 0
[tls @ 0x7fda257336c0] IO error: End of file
[https @ 0x7fda2575b880] Error reading HTTP response: End of file
[in#0/hls @ 0x7fda36007380] Failed to reload playlist 0
[tls @ 0x7fda257336c0] IO error: End of file
[https @ 0x7fda2575b880] Error reading HTTP response: End of file
[in#0/hls @ 0x7fda36007380] Failed to reload playlist 0
[tls @ 0x7fda3635e4c0] IO error: End of file
[https @ 0x7fda3634ef80] Error reading HTTP response: End of file
[in#0/hls @ 0x7fda36007380] Failed to reload playlist 0

[2026-04-12T01:55:17.732289] Starting recorder for cam221
[tls @ 0x7fe9eac05c80] IO error: End of file
[https @ 0x7fe9eac05b40] Error reading HTTP response: End of file
[tls @ 0x7fe9d9f0ff80] IO error: End of file
[https @ 0x7fe9d9f18b80] Error reading HTTP response: End of file
[tls @ 0x7fe9eab0c1c0] IO error: End of file
[https @ 0x7fe9eab19d40] Error reading HTTP response: End of file
[tls @ 0x7fe9d9f0ef40] IO error: End of file
[https @ 0x7fe9d9f0d4c0] Error reading HTTP response: End of file
[tls @ 0x7fe9eaa55000] IO error: End of file
[https @ 0x7fe9eaab9480] Error reading HTTP response: End of file
[tls @ 0x7fe9eac5e980] IO error: End of file
[https @ 0x7fe9eac41f00] Error reading HTTP response: End of file
[tls @ 0x7fe9eac4ab00] IO error: End of file
[https @ 0x7fe9eac46f40] Error reading HTTP response: End of file
[tls @ 0x7fe9eaa37200] IO error: End of file
[https @ 0x7fe9eaa50080] Error reading HTTP response: End of file
[tls @ 0x7fe9eab72340] IO error: End of file
[https @ 0x7fe9eaa956c0] Error reading HTTP response: End of file
[tls @ 0x7fe9eac5d780] IO error: End of file
[https @ 0x7fe9eac61700] Error reading HTTP response: End of file
[tls @ 0x7fe9eaa44c40] IO error: End of file
[https @ 0x7fe9eaa20e00] Error reading HTTP response: End of file
[in#0/hls @ 0x7fe9ea8048c0] Failed to reload playlist 0
[tls @ 0x7fe9eac61700] IO error: End of file
[https @ 0x7fe9eac5f280] Error reading HTTP response: End of file
[in#0/hls @ 0x7fe9ea8048c0] Failed to reload playlist 0
[tls @ 0x7fe9eab36140] IO error: End of file
[https @ 0x7fe9eab4af00] Error reading HTTP response: End of file
[in#0/hls @ 0x7fe9ea8048c0] Failed to reload playlist 0
[tls @ 0x7fe9eab36140] IO error: End of file
[https @ 0x7fe9eab19d40] Error reading HTTP response: End of file
[in#0/hls @ 0x7fe9ea8048c0] Failed to reload playlist 0

[2026-04-12T01:56:27.781781] Starting recorder for cam221
[tls @ 0x7fa1cbf04680] IO error: End of file
[https @ 0x7fa1cbf04540] Error reading HTTP response: End of file
[tls @ 0x7fa1dc90b180] IO error: End of file
[https @ 0x7fa1dc90b0c0] Error reading HTTP response: End of file
[tls @ 0x7fa1dca04800] IO error: End of file
[https @ 0x7fa1dca23200] Error reading HTTP response: End of file
[tls @ 0x7fa1dcb36800] IO error: End of file
[https @ 0x7fa1dcb2f2c0] Error reading HTTP response: End of file
[tls @ 0x7fa1cbf6aac0] IO error: End of file
[https @ 0x7fa1cbf79ec0] Error reading HTTP response: End of file
[tls @ 0x7fa1dc905300] IO error: End of file
[https @ 0x7fa1dc937580] Error reading HTTP response: End of file
[tls @ 0x7fa1dcb14b40] IO error: End of file
[https @ 0x7fa1dcb26d80] Error reading HTTP response: End of file
[tls @ 0x7fa1dc925c40] IO error: End of file
[https @ 0x7fa1dc91ed00] Error reading HTTP response: End of file
[tls @ 0x7fa1dc91d7c0] IO error: End of file
[https @ 0x7fa1dc924800] Error reading HTTP response: End of file
[tls @ 0x7fa1dc925c40] IO error: End of file
[https @ 0x7fa1dc90c140] Error reading HTTP response: End of file
[tls @ 0x7fa1cbf70d00] IO error: End of file
[https @ 0x7fa1cbf66b80] Error reading HTTP response: End of file
[tls @ 0x7fa1dc90fd80] IO error: End of file
[https @ 0x7fa1dc909700] Error reading HTTP response: End of file
[in#0/hls @ 0x7fa1dc8048c0] Failed to reload playlist 0
[tls @ 0x7fa1dcb73e80] IO error: End of file
[https @ 0x7fa1dcb811c0] Error reading HTTP response: End of file
[in#0/hls @ 0x7fa1dc8048c0] Failed to reload playlist 0
[tls @ 0x7fa1cbf8c3c0] IO error: End of file
[https @ 0x7fa1cbf66b80] Error reading HTTP response: End of file
[in#0/hls @ 0x7fa1dc8048c0] Failed to reload playlist 0
[tls @ 0x7fa1dc90fd80] IO error: End of file
[https @ 0x7fa1dc909700] Error reading HTTP response: End of file
[in#0/hls @ 0x7fa1dc8048c0] Failed to reload playlist 0

[2026-04-12T01:57:47.829964] Starting recorder for cam221
[tls @ 0x7f9a08006040] IO error: End of file
[https @ 0x7f9a08005f80] Error reading HTTP response: End of file
[tls @ 0x7f99eff26880] IO error: End of file
[https @ 0x7f99eff22c80] Error reading HTTP response: End of file
[tls @ 0x7f99fff17a00] IO error: End of file
[https @ 0x7f99fff27840] Error reading HTTP response: End of file
[tls @ 0x7f99f8072600] IO error: End of file
[https @ 0x7f99f8084800] Error reading HTTP response: End of file
[tls @ 0x7f99fff0c700] IO error: End of file
[https @ 0x7f99fff0c280] Error reading HTTP response: End of file
[tls @ 0x7f99eff78280] IO error: End of file
[https @ 0x7f99eff8a480] Error reading HTTP response: End of file
[tls @ 0x7f99f800f880] IO error: End of file
[https @ 0x7f99f802aa40] Error reading HTTP response: End of file
[tls @ 0x7f99f806f8c0] IO error: End of file
[https @ 0x7f99f806b940] Error reading HTTP response: End of file
[tls @ 0x7f99eff312c0] IO error: End of file
[https @ 0x7f9a0801e8c0] Error reading HTTP response: End of file
[tls @ 0x7f99eff11100] IO error: End of file
[https @ 0x7f99effaaf40] Error reading HTTP response: End of file
[tls @ 0x7f99fff194c0] IO error: End of file
[https @ 0x7f99fff1a280] Error reading HTTP response: End of file
[tls @ 0x7f99fff1a180] IO error: End of file
[https @ 0x7f99fff1a040] Error reading HTTP response: End of file
[tls @ 0x7f99eff81000] IO error: End of file
[https @ 0x7f99eff83340] Error reading HTTP response: End of file
[in#0/hls @ 0x7f9a0ff07fc0] Failed to reload playlist 0
[tls @ 0x7f99eff81000] IO error: End of file
[https @ 0x7f99eff7c9c0] Error reading HTTP response: End of file
[in#0/hls @ 0x7f9a0ff07fc0] Failed to reload playlist 0
[tls @ 0x7f9a0802b340] IO error: End of file
[https @ 0x7f9a080218c0] Error reading HTTP response: End of file
[in#0/hls @ 0x7f9a0ff07fc0] Failed to reload playlist 0
[tls @ 0x7f9a0800e340] IO error: End of file
[https @ 0x7f9a0802b340] Error reading HTTP response: End of file
[in#0/hls @ 0x7f9a0ff07fc0] Failed to reload playlist 0

[2026-04-12T01:58:57.884316] Starting recorder for cam221
[tls @ 0x7f84a4b0d300] IO error: End of file
[https @ 0x7f84a4b0d200] Error reading HTTP response: End of file
[tls @ 0x7f84a4b0f080] IO error: End of file
[https @ 0x7f84a4b0ef80] Error reading HTTP response: End of file
[tls @ 0x7f84a49624c0] IO error: End of file
[https @ 0x7f84a496a900] Error reading HTTP response: End of file
[tls @ 0x7f84a4963d40] IO error: End of file
[https @ 0x7f84a490a180] Error reading HTTP response: End of file
[tls @ 0x7f84a4d31040] IO error: End of file
[https @ 0x7f84a4d3ddc0] Error reading HTTP response: End of file
[tls @ 0x7f84a49624c0] IO error: End of file
[https @ 0x7f84a490e0c0] Error reading HTTP response: End of file
[tls @ 0x7f84a4d23900] IO error: End of file
[https @ 0x7f84a4d6c980] Error reading HTTP response: End of file
[tls @ 0x7f84a4d8c700] IO error: End of file
[https @ 0x7f84a4d92fc0] Error reading HTTP response: End of file
[tls @ 0x7f84a49624c0] IO error: End of file
[https @ 0x7f84a4962240] Error reading HTTP response: End of file
[tls @ 0x7f84a4b11980] IO error: End of file
[https @ 0x7f84a4b137c0] Error reading HTTP response: End of file
[in#0/hls @ 0x7f84a48048c0] Failed to reload playlist 0
[tls @ 0x7f84a49624c0] IO error: End of file
[https @ 0x7f84a49176c0] Error reading HTTP response: End of file
[in#0/hls @ 0x7f84a48048c0] Failed to reload playlist 0
[tls @ 0x7f84a4a080c0] IO error: End of file
[https @ 0x7f84a4a0da80] Error reading HTTP response: End of file
[in#0/hls @ 0x7f84a48048c0] Failed to reload playlist 0
[tls @ 0x7f84a4a080c0] IO error: End of file
[https @ 0x7f84a4b137c0] Error reading HTTP response: End of file
[in#0/hls @ 0x7f84a48048c0] Failed to reload playlist 0

[2026-04-12T02:00:07.939924] Starting recorder for cam221
[tls @ 0x7fc5aac05c80] IO error: End of file
[https @ 0x7fc5aac05b40] Error reading HTTP response: End of file
[tls @ 0x7fc5aab13540] IO error: End of file
[https @ 0x7fc5aab0f940] Error reading HTTP response: End of file
[tls @ 0x7fc5aab2c400] IO error: End of file
[https @ 0x7fc5aab32d00] Error reading HTTP response: End of file
[tls @ 0x7fc5aac16f80] IO error: End of file
[https @ 0x7fc5aac19980] Error reading HTTP response: End of file
[tls @ 0x7fc5aab2c400] IO error: End of file
[https @ 0x7fc5aab54600] Error reading HTTP response: End of file
[tls @ 0x7fc599f3a500] IO error: End of file
[https @ 0x7fc599f37280] Error reading HTTP response: End of file
[tls @ 0x7fc59a83cfc0] IO error: End of file
[https @ 0x7fc59a83d6c0] Error reading HTTP response: End of file
[tls @ 0x7fc59a8549c0] IO error: End of file
[https @ 0x7fc59a850dc0] Error reading HTTP response: End of file
[tls @ 0x7fc59a83cfc0] IO error: End of file
[https @ 0x7fc59a83d840] Error reading HTTP response: End of file
[tls @ 0x7fc59a83cfc0] IO error: End of file
[https @ 0x7fc59a855500] Error reading HTTP response: End of file
[in#0/hls @ 0x7fc5aa904640] Failed to reload playlist 0
[tls @ 0x7fc59a83cfc0] IO error: End of file
[https @ 0x7fc59a83d6c0] Error reading HTTP response: End of file
[in#0/hls @ 0x7fc5aa904640] Failed to reload playlist 0
[tls @ 0x7fc599f34cc0] IO error: End of file
[https @ 0x7fc599f52140] Error reading HTTP response: End of file
[in#0/hls @ 0x7fc5aa904640] Failed to reload playlist 0
[tls @ 0x7fc5aab223c0] IO error: End of file
[https @ 0x7fc5aab32d00] Error reading HTTP response: End of file
[in#0/hls @ 0x7fc5aa904640] Failed to reload playlist 0

[2026-04-12T02:01:17.991712] Starting recorder for cam221
[tls @ 0x7ff6b4704b40] IO error: End of file
[https @ 0x7ff6b4704a00] Error reading HTTP response: End of file
[tls @ 0x7ff6c510e8c0] IO error: End of file
[https @ 0x7ff6c510e800] Error reading HTTP response: End of file
[tls @ 0x7ff6b502d4c0] IO error: End of file
[https @ 0x7ff6b502a540] Error reading HTTP response: End of file
[tls @ 0x7ff6b503d700] IO error: End of file
[https @ 0x7ff6b5039b00] Error reading HTTP response: End of file
[tls @ 0x7ff6c5119ac0] IO error: End of file
[https @ 0x7ff6c5117ec0] Error reading HTTP response: End of file
[tls @ 0x7ff6b503aa80] IO error: End of file
[https @ 0x7ff6b502a540] Error reading HTTP response: End of file
[tls @ 0x7ff6c524bec0] IO error: End of file
[https @ 0x7ff6c52525c0] Error reading HTTP response: End of file
[tls @ 0x7ff6c5235200] IO error: End of file
[https @ 0x7ff6c5235f40] Error reading HTTP response: End of file
[tls @ 0x7ff6c513f600] IO error: End of file
[https @ 0x7ff6c513ba00] Error reading HTTP response: End of file
[tls @ 0x7ff6c524bec0] IO error: End of file
[https @ 0x7ff6c5232100] Error reading HTTP response: End of file
[tls @ 0x7ff6c5251440] IO error: End of file
[https @ 0x7ff6c52440c0] Error reading HTTP response: End of file
[in#0/hls @ 0x7ff6c50048c0] Failed to reload playlist 0
[tls @ 0x7ff6b470a500] IO error: End of file
[https @ 0x7ff6b473e1c0] Error reading HTTP response: End of file
[in#0/hls @ 0x7ff6c50048c0] Failed to reload playlist 0
[tls @ 0x7ff6c517da40] IO error: End of file
[https @ 0x7ff6c512df00] Error reading HTTP response: End of file
[in#0/hls @ 0x7ff6c50048c0] Failed to reload playlist 0
[tls @ 0x7ff6c517da40] IO error: End of file
[https @ 0x7ff6c5123740] Error reading HTTP response: End of file
[in#0/hls @ 0x7ff6c50048c0] Failed to reload playlist 0

[2026-04-12T02:02:38.046729] Starting recorder for cam221
[tls @ 0x7fcc595044c0] IO error: End of file
[https @ 0x7fcc59504380] Error reading HTTP response: End of file
[tls @ 0x7fcc59512d80] IO error: End of file
[https @ 0x7fcc5952e9c0] Error reading HTTP response: End of file
[tls @ 0x7fcc595527c0] IO error: End of file
[https @ 0x7fcc59540280] Error reading HTTP response: End of file
[tls @ 0x7fcc4872c9c0] IO error: End of file
[https @ 0x7fcc48726f40] Error reading HTTP response: End of file
[tls @ 0x7fcc48739900] IO error: End of file
[https @ 0x7fcc4873e2c0] Error reading HTTP response: End of file
[tls @ 0x7fcc4872f900] IO error: End of file
[https @ 0x7fcc4871cb40] Error reading HTTP response: End of file
[tls @ 0x7fcc59506400] IO error: End of file
[https @ 0x7fcc59521080] Error reading HTTP response: End of file
[tls @ 0x7fcc59326100] IO error: End of file
[https @ 0x7fcc5936da80] Error reading HTTP response: End of file
[tls @ 0x7fcc59572080] IO error: End of file
[https @ 0x7fcc59540280] Error reading HTTP response: End of file
[tls @ 0x7fcc59326100] IO error: End of file
[https @ 0x7fcc59314c80] Error reading HTTP response: End of file
[tls @ 0x7fcc59522b00] IO error: End of file
[https @ 0x7fcc59528d80] Error reading HTTP response: End of file
[tls @ 0x7fcc594283c0] IO error: End of file
[https @ 0x7fcc59468880] Error reading HTTP response: End of file
[in#0/hls @ 0x7fcc59104640] Failed to reload playlist 0
[tls @ 0x7fcc4877cb40] IO error: End of file
[https @ 0x7fcc487893c0] Error reading HTTP response: End of file
[in#0/hls @ 0x7fcc59104640] Failed to reload playlist 0
[tls @ 0x7fcc59505f00] IO error: End of file
[https @ 0x7fcc5954dec0] Error reading HTTP response: End of file
[in#0/hls @ 0x7fcc59104640] Failed to reload playlist 0
[tls @ 0x7fcc5954dec0] IO error: End of file
[https @ 0x7fcc59505f00] Error reading HTTP response: End of file
[in#0/hls @ 0x7fcc59104640] Failed to reload playlist 0

[2026-04-12T02:03:58.097084] Starting recorder for cam221
[tls @ 0x7f7868605cc0] IO error: End of file
[https @ 0x7f7868605b80] Error reading HTTP response: End of file
[tls @ 0x7f78687081c0] IO error: End of file
[https @ 0x7f786870ad80] Error reading HTTP response: End of file
[tls @ 0x7f7868620180] IO error: End of file
[https @ 0x7f786862e100] Error reading HTTP response: End of file
[tls @ 0x7f786866e4c0] IO error: End of file
[https @ 0x7f786866da80] Error reading HTTP response: End of file
[tls @ 0x7f786863c880] IO error: End of file
[https @ 0x7f7868714180] Error reading HTTP response: End of file
[tls @ 0x7f784ef09300] IO error: End of file
[https @ 0x7f784ef33280] Error reading HTTP response: End of file
[tls @ 0x7f786c06f100] IO error: End of file
[https @ 0x7f786c057600] Error reading HTTP response: End of file
[tls @ 0x7f784ef04140] IO error: End of file
[https @ 0x7f784ef04080] Error reading HTTP response: End of file
[tls @ 0x7f786c033780] IO error: End of file
[https @ 0x7f786c05a600] Error reading HTTP response: End of file
[tls @ 0x7f786c055680] IO error: End of file
[https @ 0x7f786c057480] Error reading HTTP response: End of file
[tls @ 0x7f7868722980] IO error: End of file
[https @ 0x7f7868705080] Error reading HTTP response: End of file
[tls @ 0x7f7868722980] IO error: End of file
[https @ 0x7f7868715880] Error reading HTTP response: End of file
[in#0/hls @ 0x7f786f9048c0] Failed to reload playlist 0
[tls @ 0x7f786c0252c0] IO error: End of file
[https @ 0x7f786c050100] Error reading HTTP response: End of file
[in#0/hls @ 0x7f786f9048c0] Failed to reload playlist 0
[tls @ 0x7f7868722980] IO error: End of file
[https @ 0x7f7868715880] Error reading HTTP response: End of file
[in#0/hls @ 0x7f786f9048c0] Failed to reload playlist 0
[tls @ 0x7f7868722980] IO error: End of file
[https @ 0x7f786871f100] Error reading HTTP response: End of file
[in#0/hls @ 0x7f786f9048c0] Failed to reload playlist 0

[2026-04-12T02:05:18.139795] Starting recorder for cam221
[tls @ 0x7f86f6905c80] IO error: End of file
[https @ 0x7f86f6905b40] Error reading HTTP response: End of file
[tls @ 0x7f86e5f10480] IO error: End of file
[https @ 0x7f86e5f04480] Error reading HTTP response: End of file
[tls @ 0x7f86e68567c0] IO error: End of file
[https @ 0x7f86e687a580] Error reading HTTP response: End of file
[tls @ 0x7f86f6944100] IO error: End of file
[https @ 0x7f86f6947140] Error reading HTTP response: End of file
[tls @ 0x7f86f6941540] IO error: End of file
[https @ 0x7f86f6941a00] Error reading HTTP response: End of file
[tls @ 0x7f86e5f16180] IO error: End of file
[https @ 0x7f86e5f4ec00] Error reading HTTP response: End of file
[tls @ 0x7f86e5f0e880] IO error: End of file
[https @ 0x7f86e5f366c0] Error reading HTTP response: End of file
[tls @ 0x7f86f6a22900] IO error: End of file
[https @ 0x7f86f6a54a00] Error reading HTTP response: End of file
[tls @ 0x7f86f6a2fd80] IO error: End of file
[https @ 0x7f86f6a1ecc0] Error reading HTTP response: End of file
[tls @ 0x7f86f6a72ac0] IO error: End of file
[https @ 0x7f86f6a0f340] Error reading HTTP response: End of file
[in#0/hls @ 0x7f86f5f07fc0] Failed to reload playlist 0
[tls @ 0x7f86f6a72ac0] IO error: End of file
[https @ 0x7f86f6a18140] Error reading HTTP response: End of file
[in#0/hls @ 0x7f86f5f07fc0] Failed to reload playlist 0
[tls @ 0x7f86e5f16180] IO error: End of file
[https @ 0x7f86e5f208c0] Error reading HTTP response: End of file
[in#0/hls @ 0x7f86f5f07fc0] Failed to reload playlist 0
[tls @ 0x7f86e680a100] IO error: End of file
[https @ 0x7f86e687a580] Error reading HTTP response: End of file
[in#0/hls @ 0x7f86f5f07fc0] Failed to reload playlist 0

[2026-04-12T02:06:28.186450] Starting recorder for cam221
[tls @ 0x7f8f7780d380] IO error: End of file
[https @ 0x7f8f77805dc0] Error reading HTTP response: End of file
[tls @ 0x7f8f7670ce80] IO error: End of file
[https @ 0x7f8f7670cdc0] Error reading HTTP response: End of file
[tls @ 0x7f8f871f9a00] IO error: End of file
[https @ 0x7f8f8714e340] Error reading HTTP response: End of file
[tls @ 0x7f8f7780d380] IO error: End of file
[https @ 0x7f8f77805dc0] Error reading HTTP response: End of file
[tls @ 0x7f8f6670e000] IO error: End of file
[https @ 0x7f8f6670d700] Error reading HTTP response: End of file
[tls @ 0x7f8f7780d380] IO error: End of file
[https @ 0x7f8f7781aa40] Error reading HTTP response: End of file
[tls @ 0x7f8f76731240] IO error: End of file
[https @ 0x7f8f7670c300] Error reading HTTP response: End of file
[tls @ 0x7f8f778429c0] IO error: End of file
[https @ 0x7f8f77855340] Error reading HTTP response: End of file
[tls @ 0x7f8f7670c300] IO error: End of file
[https @ 0x7f8f7674b800] Error reading HTTP response: End of file
[tls @ 0x7f8f7783b6c0] IO error: End of file
[https @ 0x7f8f77839a00] Error reading HTTP response: End of file
[tls @ 0x7f8f6670e000] IO error: End of file
[https @ 0x7f8f6670d700] Error reading HTTP response: End of file
[tls @ 0x7f8f77846d40] IO error: End of file
[https @ 0x7f8f7784e1c0] Error reading HTTP response: End of file
[in#0/hls @ 0x7f8f86707fc0] Failed to reload playlist 0
[tls @ 0x7f8f871f9a00] IO error: End of file
[https @ 0x7f8f8714e340] Error reading HTTP response: End of file
[in#0/hls @ 0x7f8f86707fc0] Failed to reload playlist 0
[tls @ 0x7f8f7673c500] IO error: End of file
[https @ 0x7f8f7673f780] Error reading HTTP response: End of file
[in#0/hls @ 0x7f8f86707fc0] Failed to reload playlist 0
[tls @ 0x7f8f77846d40] IO error: End of file
[https @ 0x7f8f7784e1c0] Error reading HTTP response: End of file
[in#0/hls @ 0x7f8f86707fc0] Failed to reload playlist 0

[2026-04-12T02:07:38.232627] Starting recorder for cam221
[tls @ 0x7f9746f04680] IO error: End of file
[https @ 0x7f9746f04580] Error reading HTTP response: End of file
[tls @ 0x7f9756f06d80] IO error: End of file
[https @ 0x7f9756f06c40] Error reading HTTP response: End of file
[tls @ 0x7f9746f56500] IO error: End of file
[https @ 0x7f9746f37640] Error reading HTTP response: End of file
[tls @ 0x7f9746f54a40] IO error: End of file
[https @ 0x7f9746f53080] Error reading HTTP response: End of file
[tls @ 0x7f9746f56500] IO error: End of file
[https @ 0x7f9746f4ab80] Error reading HTTP response: End of file
[tls @ 0x7f9747004100] IO error: End of file
[https @ 0x7f9747039ac0] Error reading HTTP response: End of file
[tls @ 0x7f974710f600] IO error: End of file
[https @ 0x7f9747110800] Error reading HTTP response: End of file
[tls @ 0x7f974701be00] IO error: End of file
[https @ 0x7f974701e140] Error reading HTTP response: End of file
[tls @ 0x7f9746f6f640] IO error: End of file
[https @ 0x7f9746f73440] Error reading HTTP response: End of file
[tls @ 0x7f9756f31b00] IO error: End of file
[https @ 0x7f9756f976c0] Error reading HTTP response: End of file
[tls @ 0x7f974701b400] IO error: End of file
[https @ 0x7f97470322c0] Error reading HTTP response: End of file
[in#0/hls @ 0x7f9767904640] Failed to reload playlist 0
[tls @ 0x7f9747147840] IO error: End of file
[https @ 0x7f9747116f80] Error reading HTTP response: End of file
[in#0/hls @ 0x7f9767904640] Failed to reload playlist 0
[tls @ 0x7f974701b400] IO error: End of file
[https @ 0x7f97470322c0] Error reading HTTP response: End of file
[in#0/hls @ 0x7f9767904640] Failed to reload playlist 0
[tls @ 0x7f974701b400] IO error: End of file
[https @ 0x7f9747033fc0] Error reading HTTP response: End of file
[in#0/hls @ 0x7f9767904640] Failed to reload playlist 0

[2026-04-12T02:08:48.285452] Starting recorder for cam221
[tls @ 0x7fb150805b00] IO error: End of file
[https @ 0x7fb1508059c0] Error reading HTTP response: End of file
[tls @ 0x7fb15080acc0] IO error: End of file
[https @ 0x7fb15080a980] Error reading HTTP response: End of file
[tls @ 0x7fb15082f2c0] IO error: End of file
[https @ 0x7fb150832600] Error reading HTTP response: End of file
[tls @ 0x7fb150806280] IO error: End of file
[https @ 0x7fb150808880] Error reading HTTP response: End of file
[tls @ 0x7fb1408395c0] IO error: End of file
[https @ 0x7fb140875940] Error reading HTTP response: End of file
[tls @ 0x7fb137f3a200] IO error: End of file
[https @ 0x7fb137f5fe00] Error reading HTTP response: End of file
[tls @ 0x7fb150811e00] IO error: End of file
[https @ 0x7fb1508191c0] Error reading HTTP response: End of file
[tls @ 0x7fb150815280] IO error: End of file
[https @ 0x7fb1508400c0] Error reading HTTP response: End of file
[tls @ 0x7fb15086c640] IO error: End of file
[https @ 0x7fb15087dc80] Error reading HTTP response: End of file
[tls @ 0x7fb150831f00] IO error: End of file
[https @ 0x7fb150824ec0] Error reading HTTP response: End of file
[tls @ 0x7fb147f188c0] IO error: End of file
[https @ 0x7fb137f50c80] Error reading HTTP response: End of file
[in#0/hls @ 0x7fb158904640] Failed to reload playlist 0
[tls @ 0x7fb147f188c0] IO error: End of file
[https @ 0x7fb147f550c0] Error reading HTTP response: End of file
[in#0/hls @ 0x7fb158904640] Failed to reload playlist 0
[tls @ 0x7fb150897700] IO error: End of file
[https @ 0x7fb150897000] Error reading HTTP response: End of file
[in#0/hls @ 0x7fb158904640] Failed to reload playlist 0
[tls @ 0x7fb150897700] IO error: End of file
[https @ 0x7fb150825100] Error reading HTTP response: End of file
[in#0/hls @ 0x7fb158904640] Failed to reload playlist 0

[2026-04-12T02:09:58.327831] Starting recorder for cam221
[tls @ 0x7f8388204b00] IO error: End of file
[https @ 0x7f83882049c0] Error reading HTTP response: End of file
[tls @ 0x7f838830ec80] IO error: End of file
[https @ 0x7f838811ce00] Error reading HTTP response: End of file
[tls @ 0x7f838831bd40] IO error: End of file
[https @ 0x7f8388314b40] Error reading HTTP response: End of file
[tls @ 0x7f838820da80] IO error: End of file
[https @ 0x7f838820f840] Error reading HTTP response: End of file
[tls @ 0x7f8388314a80] IO error: End of file
[https @ 0x7f838831a580] Error reading HTTP response: End of file
[tls @ 0x7f836f72d580] IO error: End of file
[https @ 0x7f836f709000] Error reading HTTP response: End of file
[tls @ 0x7f838831bd40] IO error: End of file
[https @ 0x7f8388304780] Error reading HTTP response: End of file
[tls @ 0x7f836f72d580] IO error: End of file
[https @ 0x7f83881765c0] Error reading HTTP response: End of file
[tls @ 0x7f838833d8c0] IO error: End of file
[https @ 0x7f8388344440] Error reading HTTP response: End of file
[tls @ 0x7f836f72d580] IO error: End of file
[https @ 0x7f836f709000] Error reading HTTP response: End of file
[tls @ 0x7f8388237ac0] IO error: End of file
[https @ 0x7f838821e7c0] Error reading HTTP response: End of file
[tls @ 0x7f8388153b40] IO error: End of file
[https @ 0x7f83881765c0] Error reading HTTP response: End of file
[in#0/hls @ 0x7f83902042c0] Failed to reload playlist 0
[tls @ 0x7f836f767580] IO error: End of file
[https @ 0x7f836f76a880] Error reading HTTP response: End of file
[in#0/hls @ 0x7f83902042c0] Failed to reload playlist 0
[tls @ 0x7f8388316980] IO error: End of file
[https @ 0x7f838835f600] Error reading HTTP response: End of file
[in#0/hls @ 0x7f83902042c0] Failed to reload playlist 0
[tls @ 0x7f8388316980] IO error: End of file
[https @ 0x7f838835eb00] Error reading HTTP response: End of file
[in#0/hls @ 0x7f83902042c0] Failed to reload playlist 0

[2026-04-12T02:11:18.383370] Starting recorder for cam221
[tls @ 0x7f92ca304500] IO error: End of file
[https @ 0x7f92ca3043c0] Error reading HTTP response: End of file
[tls @ 0x7f92ca214bc0] IO error: End of file
[https @ 0x7f92ca2180c0] Error reading HTTP response: End of file
[tls @ 0x7f92ca33db40] IO error: End of file
[https @ 0x7f92ca339f40] Error reading HTTP response: End of file
[tls @ 0x7f92ca585500] IO error: End of file
[https @ 0x7f92ca581900] Error reading HTTP response: End of file
[tls @ 0x7f92ca226480] IO error: End of file
[https @ 0x7f92ca24eec0] Error reading HTTP response: End of file
[tls @ 0x7f92ca214b80] IO error: End of file
[https @ 0x7f92ca2677c0] Error reading HTTP response: End of file
[tls @ 0x7f92ca24f840] IO error: End of file
[https @ 0x7f92ca250600] Error reading HTTP response: End of file
[tls @ 0x7f92ca21d240] IO error: End of file
[https @ 0x7f92ca20ffc0] Error reading HTTP response: End of file
[tls @ 0x7f92ca410a80] IO error: End of file
[https @ 0x7f92ca44e3c0] Error reading HTTP response: End of file
[tls @ 0x7f92ca429c00] IO error: End of file
[https @ 0x7f92ca424400] Error reading HTTP response: End of file
[tls @ 0x7f92ca44b880] IO error: End of file
[https @ 0x7f92ca41d7c0] Error reading HTTP response: End of file
[tls @ 0x7f92ca213800] IO error: End of file
[https @ 0x7f92ca252940] Error reading HTTP response: End of file
[in#0/hls @ 0x7f92ca0048c0] Failed to reload playlist 0
[tls @ 0x7f92ca44b880] IO error: End of file
[https @ 0x7f92ca4375c0] Error reading HTTP response: End of file
[in#0/hls @ 0x7f92ca0048c0] Failed to reload playlist 0
[tls @ 0x7f92ca308e40] IO error: End of file
[https @ 0x7f92ca307340] Error reading HTTP response: End of file
[in#0/hls @ 0x7f92ca0048c0] Failed to reload playlist 0
[tls @ 0x7f92ca213800] IO error: End of file
[https @ 0x7f92ca252940] Error reading HTTP response: End of file
[in#0/hls @ 0x7f92ca0048c0] Failed to reload playlist 0

[2026-04-12T02:12:38.448912] Starting recorder for cam221
[tls @ 0x7fd24ae05a00] IO error: End of file
[https @ 0x7fd24ae10a00] Error reading HTTP response: End of file
[tls @ 0x7fd24ae1ec40] IO error: End of file
[https @ 0x7fd24ae1ff80] Error reading HTTP response: End of file
[tls @ 0x7fd24ac23d80] IO error: End of file
[https @ 0x7fd24ac62800] Error reading HTTP response: End of file
[tls @ 0x7fd24ac24b00] IO error: End of file
[https @ 0x7fd24ac27f40] Error reading HTTP response: End of file
[tls @ 0x7fd24ac23d80] IO error: End of file
[https @ 0x7fd24ac3dd80] Error reading HTTP response: End of file
[tls @ 0x7fd24ae1d4c0] IO error: End of file
[https @ 0x7fd24ae7edc0] Error reading HTTP response: End of file
[tls @ 0x7fd24ab5df80] IO error: End of file
[https @ 0x7fd24ab07fc0] Error reading HTTP response: End of file
[tls @ 0x7fd24ac23d80] IO error: End of file
[https @ 0x7fd24ac27f40] Error reading HTTP response: End of file
[tls @ 0x7fd24ad38280] IO error: End of file
[https @ 0x7fd24ad1d340] Error reading HTTP response: End of file
[tls @ 0x7fd24ae92b00] IO error: End of file
[https @ 0x7fd24aea4d00] Error reading HTTP response: End of file
[tls @ 0x7fd24ae6cd80] IO error: End of file
[https @ 0x7fd24ae7ae40] Error reading HTTP response: End of file
[in#0/hls @ 0x7fd24a9042c0] Failed to reload playlist 0
[tls @ 0x7fd24ad20f40] IO error: End of file
[https @ 0x7fd24ad3f540] Error reading HTTP response: End of file
[in#0/hls @ 0x7fd24a9042c0] Failed to reload playlist 0
[tls @ 0x7fd24abaab80] IO error: End of file
[https @ 0x7fd24abbcd80] Error reading HTTP response: End of file
[in#0/hls @ 0x7fd24a9042c0] Failed to reload playlist 0
[tls @ 0x7fd24abaab80] IO error: End of file
[https @ 0x7fd24aba6f80] Error reading HTTP response: End of file
[in#0/hls @ 0x7fd24a9042c0] Failed to reload playlist 0

[2026-04-12T02:13:48.498202] Starting recorder for cam221
[tls @ 0x7f8b911046c0] IO error: End of file
[https @ 0x7f8b81804240] Error reading HTTP response: End of file
[tls @ 0x7f8b8180df40] IO error: End of file
[https @ 0x7f8b8180d0c0] Error reading HTTP response: End of file
[tls @ 0x7f8b81827780] IO error: End of file
[https @ 0x7f8b8180e700] Error reading HTTP response: End of file
[tls @ 0x7f8b81808dc0] IO error: End of file
[https @ 0x7f8b81810bc0] Error reading HTTP response: End of file
[tls @ 0x7f8b91141500] IO error: End of file
[https @ 0x7f8b9113d900] Error reading HTTP response: End of file
[tls @ 0x7f8b91250fc0] IO error: End of file
[https @ 0x7f8b9121b980] Error reading HTTP response: End of file
[tls @ 0x7f8b80704b40] IO error: End of file
[https @ 0x7f8b80704a00] Error reading HTTP response: End of file
[tls @ 0x7f8b8070fe40] IO error: End of file
[https @ 0x7f8b8070a840] Error reading HTTP response: End of file
[tls @ 0x7f8b8071f200] IO error: End of file
[https @ 0x7f8b8071ea00] Error reading HTTP response: End of file
[tls @ 0x7f8b9124e0c0] IO error: End of file
[https @ 0x7f8b9125c880] Error reading HTTP response: End of file
[tls @ 0x7f8b81886280] IO error: End of file
[https @ 0x7f8b818984c0] Error reading HTTP response: End of file
[in#0/hls @ 0x7f8b910048c0] Failed to reload playlist 0
[tls @ 0x7f8b9113ed00] IO error: End of file
[https @ 0x7f8b91160400] Error reading HTTP response: End of file
[in#0/hls @ 0x7f8b910048c0] Failed to reload playlist 0
[tls @ 0x7f8b91160400] IO error: End of file
[https @ 0x7f8b9111c580] Error reading HTTP response: End of file
[in#0/hls @ 0x7f8b910048c0] Failed to reload playlist 0
[tls @ 0x7f8b9113ed00] IO error: End of file
[https @ 0x7f8b91160400] Error reading HTTP response: End of file
[in#0/hls @ 0x7f8b910048c0] Failed to reload playlist 0

[2026-04-12T02:14:58.562430] Starting recorder for cam221
[tls @ 0x7ff0d7f04340] IO error: End of file
[https @ 0x7ff0d7f04200] Error reading HTTP response: End of file
[tls @ 0x7ff0c7f0ec00] IO error: End of file
[https @ 0x7ff0c7f1b500] Error reading HTTP response: End of file
[tls @ 0x7ff0d0021900] IO error: End of file
[https @ 0x7ff0d000fa40] Error reading HTTP response: End of file
[tls @ 0x7ff0d0004340] IO error: End of file
[https @ 0x7ff0d0004280] Error reading HTTP response: End of file
[tls @ 0x7ff0e0859400] IO error: End of file
[https @ 0x7ff0e086b600] Error reading HTTP response: End of file
[tls @ 0x7ff0c7f5c240] IO error: End of file
[https @ 0x7ff0c7f5c140] Error reading HTTP response: End of file
[tls @ 0x7ff0d0006c00] IO error: End of file
[https @ 0x7ff0d0004780] Error reading HTTP response: End of file
[tls @ 0x7ff0e0857100] IO error: End of file
[https @ 0x7ff0e0836740] Error reading HTTP response: End of file
[tls @ 0x7ff0d0006c00] IO error: End of file
[https @ 0x7ff0d7f7d140] Error reading HTTP response: End of file
[tls @ 0x7ff0d7f99bc0] IO error: End of file
[https @ 0x7ff0d7f9d380] Error reading HTTP response: End of file
[tls @ 0x7ff0d001eac0] IO error: End of file
[https @ 0x7ff0d0022680] Error reading HTTP response: End of file
[in#0/hls @ 0x7ff0e88048c0] Failed to reload playlist 0
[tls @ 0x7ff0d001eac0] IO error: End of file
[https @ 0x7ff0d0010cc0] Error reading HTTP response: End of file
[in#0/hls @ 0x7ff0e88048c0] Failed to reload playlist 0
[tls @ 0x7ff0c7f44200] IO error: End of file
[https @ 0x7ff0c7f47f40] Error reading HTTP response: End of file
[in#0/hls @ 0x7ff0e88048c0] Failed to reload playlist 0
[tls @ 0x7ff0d7f99bc0] IO error: End of file
[https @ 0x7ff0d7f9d380] Error reading HTTP response: End of file
[in#0/hls @ 0x7ff0e88048c0] Failed to reload playlist 0

[2026-04-12T02:16:08.612900] Starting recorder for cam221
[tls @ 0x7f7c0ef04840] IO error: End of file
[https @ 0x7f7c0ef05300] Error reading HTTP response: End of file
[tls @ 0x7f7bfef0b480] IO error: End of file
[https @ 0x7f7bfef11540] Error reading HTTP response: End of file
[tls @ 0x7f7c181283c0] IO error: End of file
[https @ 0x7f7c18135500] Error reading HTTP response: End of file
[tls @ 0x7f7c1814a580] IO error: End of file
[https @ 0x7f7c1815f780] Error reading HTTP response: End of file
[tls @ 0x7f7c0ef51bc0] IO error: End of file
[https @ 0x7f7c0ef4e000] Error reading HTTP response: End of file
[tls @ 0x7f7bfef16b00] IO error: End of file
[https @ 0x7f7bfef09440] Error reading HTTP response: End of file
[tls @ 0x7f7c18051e40] IO error: End of file
[https @ 0x7f7c1804ac80] Error reading HTTP response: End of file
[tls @ 0x7f7bfef53840] IO error: End of file
[https @ 0x7f7bfef51640] Error reading HTTP response: End of file
[tls @ 0x7f7c1802d180] IO error: End of file
[https @ 0x7f7c18047f00] Error reading HTTP response: End of file
[tls @ 0x7f7bfef5f2c0] IO error: End of file
[https @ 0x7f7bfef63000] Error reading HTTP response: End of file
[tls @ 0x7f7c1812c1c0] IO error: End of file
[https @ 0x7f7c18104340] Error reading HTTP response: End of file
[in#0/hls @ 0x7f7c1f904800] Failed to reload playlist 0
[tls @ 0x7f7c1812c1c0] IO error: End of file
[https @ 0x7f7c18109100] Error reading HTTP response: End of file
[in#0/hls @ 0x7f7c1f904800] Failed to reload playlist 0
[tls @ 0x7f7c1812c1c0] IO error: End of file
[https @ 0x7f7c18109100] Error reading HTTP response: End of file
[in#0/hls @ 0x7f7c1f904800] Failed to reload playlist 0
[tls @ 0x7f7c1802d180] IO error: End of file
[https @ 0x7f7c18047f00] Error reading HTTP response: End of file
[in#0/hls @ 0x7f7c1f904800] Failed to reload playlist 0

[2026-04-12T02:17:18.669143] Starting recorder for cam221
[tls @ 0x7fb492b05980] IO error: End of file
[https @ 0x7fb492b05840] Error reading HTTP response: End of file
[tls @ 0x7fb492a27dc0] IO error: End of file
[https @ 0x7fb492a3ac40] Error reading HTTP response: End of file
[tls @ 0x7fb492a67e80] IO error: End of file
[https @ 0x7fb492a73900] Error reading HTTP response: End of file
[tls @ 0x7fb492a25440] IO error: End of file
[https @ 0x7fb48173af40] Error reading HTTP response: End of file
[tls @ 0x7fb492a57080] IO error: End of file
[https @ 0x7fb492b35180] Error reading HTTP response: End of file
[tls @ 0x7fb492a29b40] IO error: End of file
[https @ 0x7fb492a49400] Error reading HTTP response: End of file
[tls @ 0x7fb492a49500] IO error: End of file
[https @ 0x7fb492a47940] Error reading HTTP response: End of file
[tls @ 0x7fb492b1dcc0] IO error: End of file
[https @ 0x7fb492b14580] Error reading HTTP response: End of file
[tls @ 0x7fb482080440] IO error: End of file
[https @ 0x7fb48202e980] Error reading HTTP response: End of file
[tls @ 0x7fb492a30b80] IO error: End of file
[https @ 0x7fb492a5d240] Error reading HTTP response: End of file
[tls @ 0x7fb492a56d80] IO error: End of file
[https @ 0x7fb492a5bc40] Error reading HTTP response: End of file
[tls @ 0x7fb492a44500] IO error: End of file
[https @ 0x7fb492a56d40] Error reading HTTP response: End of file
[in#0/hls @ 0x7fb492804540] Failed to reload playlist 0
[tls @ 0x7fb482010900] IO error: End of file
[https @ 0x7fb482069540] Error reading HTTP response: End of file
[in#0/hls @ 0x7fb492804540] Failed to reload playlist 0
[tls @ 0x7fb492a44500] IO error: End of file
[https @ 0x7fb492b49e80] Error reading HTTP response: End of file
[in#0/hls @ 0x7fb492804540] Failed to reload playlist 0
[tls @ 0x7fb481704140] IO error: End of file
[https @ 0x7fb481704080] Error reading HTTP response: End of file
[in#0/hls @ 0x7fb492804540] Failed to reload playlist 0

[2026-04-12T02:18:38.727668] Starting recorder for cam221
[tls @ 0x7f9eb800c680] IO error: End of file
[https @ 0x7f9eb801e880] Error reading HTTP response: End of file
[tls @ 0x7f9eb8104500] IO error: End of file
[https @ 0x7f9eb81043c0] Error reading HTTP response: End of file
[tls @ 0x7f9eb800c680] IO error: End of file
[https @ 0x7f9eb8039140] Error reading HTTP response: End of file
[tls @ 0x7f9e9f73a280] IO error: End of file
[https @ 0x7f9e9f7171c0] Error reading HTTP response: End of file
[tls @ 0x7f9eaf71ef00] IO error: End of file
[https @ 0x7f9eaf73df40] Error reading HTTP response: End of file
[tls @ 0x7f9eb803cd00] IO error: End of file
[https @ 0x7f9eb8039140] Error reading HTTP response: End of file
[tls @ 0x7f9eb81356c0] IO error: End of file
[https @ 0x7f9eb8135600] Error reading HTTP response: End of file
[tls @ 0x7f9eb803cd00] IO error: End of file
[https @ 0x7f9eb8085f00] Error reading HTTP response: End of file
[tls @ 0x7f9eb813f340] IO error: End of file
[https @ 0x7f9eb80089c0] Error reading HTTP response: End of file
[tls @ 0x7f9e6f704280] IO error: End of file
[https @ 0x7f9e6f7040c0] Error reading HTTP response: End of file
[tls @ 0x7f9e9f73a280] IO error: End of file
[https @ 0x7f9e9f704a00] Error reading HTTP response: End of file
[in#0/hls @ 0x7f9ebf707fc0] Failed to reload playlist 0
[tls @ 0x7f9eb813f340] IO error: End of file
[https @ 0x7f9eb813f280] Error reading HTTP response: End of file
[in#0/hls @ 0x7f9ebf707fc0] Failed to reload playlist 0
[tls @ 0x7f9e9f73a280] IO error: End of file
[https @ 0x7f9e9f704a00] Error reading HTTP response: End of file
[in#0/hls @ 0x7f9ebf707fc0] Failed to reload playlist 0
[tls @ 0x7f9eaf734bc0] IO error: End of file
[https @ 0x7f9eaf734640] Error reading HTTP response: End of file
[in#0/hls @ 0x7f9ebf707fc0] Failed to reload playlist 0

[2026-04-12T02:19:58.781767] Starting recorder for cam221
[tls @ 0x7feeb6f04680] IO error: End of file
[https @ 0x7feeb6f04540] Error reading HTTP response: End of file
[tls @ 0x7feed0008740] IO error: End of file
[https @ 0x7feed0008680] Error reading HTTP response: End of file
[tls @ 0x7feeb782fec0] IO error: End of file
[https @ 0x7feeb7818240] Error reading HTTP response: End of file
[tls @ 0x7feec6f71200] IO error: End of file
[https @ 0x7feec6f65200] Error reading HTTP response: End of file
[tls @ 0x7feeb6f12e40] IO error: End of file
[https @ 0x7feeb6f09a80] Error reading HTTP response: End of file
[tls @ 0x7feeb7814c80] IO error: End of file
[https @ 0x7feeb784d440] Error reading HTTP response: End of file
[tls @ 0x7feed0034c80] IO error: End of file
[https @ 0x7feed0037040] Error reading HTTP response: End of file
[tls @ 0x7feec6f65980] IO error: End of file
[https @ 0x7feec6f94800] Error reading HTTP response: End of file
[tls @ 0x7feed0034d40] IO error: End of file
[https @ 0x7feed0034c80] Error reading HTTP response: End of file
[tls @ 0x7feed0007e00] IO error: End of file
[https @ 0x7feed0036680] Error reading HTTP response: End of file
[tls @ 0x7feed00a24c0] IO error: End of file
[https @ 0x7feed00b46c0] Error reading HTTP response: End of file
[in#0/hls @ 0x7feed6f07fc0] Failed to reload playlist 0
[tls @ 0x7feed00a24c0] IO error: End of file
[https @ 0x7feed009e8c0] Error reading HTTP response: End of file
[in#0/hls @ 0x7feed6f07fc0] Failed to reload playlist 0
[tls @ 0x7feec6fe7a40] IO error: End of file
[https @ 0x7feec6fd3040] Error reading HTTP response: End of file
[in#0/hls @ 0x7feed6f07fc0] Failed to reload playlist 0
[tls @ 0x7feed00a24c0] IO error: End of file
[https @ 0x7feed009e8c0] Error reading HTTP response: End of file
[in#0/hls @ 0x7feed6f07fc0] Failed to reload playlist 0

[2026-04-12T02:21:08.836208] Starting recorder for cam221
[tls @ 0x7f7ee4004680] IO error: End of file
[https @ 0x7f7ee4004540] Error reading HTTP response: End of file
[tls @ 0x7f7ef4906340] IO error: End of file
[https @ 0x7f7ef4906280] Error reading HTTP response: End of file
[tls @ 0x7f7ef4a232c0] IO error: End of file
[https @ 0x7f7ef4a6e700] Error reading HTTP response: End of file
[tls @ 0x7f7ef493c640] IO error: End of file
[https @ 0x7f7ef4943040] Error reading HTTP response: End of file
[tls @ 0x7f7ef4a232c0] IO error: End of file
[https @ 0x7f7ef4a8ae00] Error reading HTTP response: End of file
[tls @ 0x7f7ee4068b40] IO error: End of file
[https @ 0x7f7ee4060e40] Error reading HTTP response: End of file
[tls @ 0x7f7ef4906340] IO error: End of file
[https @ 0x7f7ef4906280] Error reading HTTP response: End of file
[tls @ 0x7f7ef4a232c0] IO error: End of file
[https @ 0x7f7ef4a538c0] Error reading HTTP response: End of file
[tls @ 0x7f7ef4acf740] IO error: End of file
[https @ 0x7f7ef4a98640] Error reading HTTP response: End of file
[tls @ 0x7f7ee4061b00] IO error: End of file
[https @ 0x7f7ee401c7c0] Error reading HTTP response: End of file
[in#0/hls @ 0x7f7ef48048c0] Failed to reload playlist 0
[tls @ 0x7f7ee4061b00] IO error: End of file
[https @ 0x7f7ee4015e40] Error reading HTTP response: End of file
[in#0/hls @ 0x7f7ef48048c0] Failed to reload playlist 0
[tls @ 0x7f7ee4061b00] IO error: End of file
[https @ 0x7f7ee4015e40] Error reading HTTP response: End of file
[in#0/hls @ 0x7f7ef48048c0] Failed to reload playlist 0
[tls @ 0x7f7ee4061b00] IO error: End of file
[https @ 0x7f7ee401c7c0] Error reading HTTP response: End of file
[in#0/hls @ 0x7f7ef48048c0] Failed to reload playlist 0

[2026-04-12T02:22:18.901577] Starting recorder for cam221
[tls @ 0x7ff50aa04680] IO error: End of file
[https @ 0x7ff50aa04540] Error reading HTTP response: End of file
[tls @ 0x7ff50ab06440] IO error: End of file
[https @ 0x7ff50ab06300] Error reading HTTP response: End of file
[tls @ 0x7ff50aa19140] IO error: End of file
[https @ 0x7ff50a93ae40] Error reading HTTP response: End of file
[tls @ 0x7ff50ab385c0] IO error: End of file
[https @ 0x7ff50ab3aa80] Error reading HTTP response: End of file
[tls @ 0x7ff50a925ac0] IO error: End of file
[https @ 0x7ff50a92ba00] Error reading HTTP response: End of file
[tls @ 0x7ff4f9f6d700] IO error: End of file
[https @ 0x7ff4f9f69b00] Error reading HTTP response: End of file
[tls @ 0x7ff4f9f04140] IO error: End of file
[https @ 0x7ff4f9f04080] Error reading HTTP response: End of file
[tls @ 0x7ff4f9f547c0] IO error: End of file
[https @ 0x7ff4f9f27840] Error reading HTTP response: End of file
[tls @ 0x7ff50ab4d900] IO error: End of file
[https @ 0x7ff50ab5b300] Error reading HTTP response: End of file
[tls @ 0x7ff4f9f87500] IO error: End of file
[https @ 0x7ff4f9f86b40] Error reading HTTP response: End of file
[tls @ 0x7ff4f9f23240] IO error: End of file
[https @ 0x7ff4f9f1d780] Error reading HTTP response: End of file
[in#0/hls @ 0x7ff50a8048c0] Failed to reload playlist 0
[tls @ 0x7ff4f9f23240] IO error: End of file
[https @ 0x7ff4f9f1af80] Error reading HTTP response: End of file
[in#0/hls @ 0x7ff50a8048c0] Failed to reload playlist 0
[tls @ 0x7ff50a906200] IO error: End of file
[https @ 0x7ff50a913500] Error reading HTTP response: End of file
[in#0/hls @ 0x7ff50a8048c0] Failed to reload playlist 0
[tls @ 0x7ff4f9f23240] IO error: End of file
[https @ 0x7ff4f9f1af80] Error reading HTTP response: End of file
[in#0/hls @ 0x7ff50a8048c0] Failed to reload playlist 0

[2026-04-12T02:23:28.959257] Starting recorder for cam221
[tls @ 0x7f8151804380] IO error: End of file
[https @ 0x7f8151804240] Error reading HTTP response: End of file
[tls @ 0x7f815181aa40] IO error: End of file
[https @ 0x7f815181a980] Error reading HTTP response: End of file
[tls @ 0x7f8161247580] IO error: End of file
[https @ 0x7f8161251540] Error reading HTTP response: End of file
[tls @ 0x7f8150722fc0] IO error: End of file
[https @ 0x7f815073b600] Error reading HTTP response: End of file
[tls @ 0x7f815071d1c0] IO error: End of file
[https @ 0x7f8150708a80] Error reading HTTP response: End of file
[tls @ 0x7f815073b600] IO error: End of file
[https @ 0x7f81507319c0] Error reading HTTP response: End of file
[tls @ 0x7f815186c0c0] IO error: End of file
[https @ 0x7f815187e300] Error reading HTTP response: End of file
[tls @ 0x7f815180ab00] IO error: End of file
[https @ 0x7f8151850fc0] Error reading HTTP response: End of file
[2026-04-12T13:53:55.137978] Recorder thread started
[2026-04-12T13:53:55.138615] Starting 60-second capture -> /Users/Chen/PycharmProjects/CSCI_6234_Final/recordings/cam221/clips/2026/04/12/cam221_20260412T175355Z.mp4
[tls @ 0x7fdba97052c0] IO error: End of file
[https @ 0x7fdba9704bc0] Error reading HTTP response: End of file
[tls @ 0x7fdbba3061c0] IO error: End of file
[https @ 0x7fdbba3060c0] Error reading HTTP response: End of file
[tls @ 0x7fdbba104a80] IO error: End of file
[https @ 0x7fdbba105200] Error reading HTTP response: End of file
[tls @ 0x7fdbba254980] IO error: End of file
[https @ 0x7fdbba266b80] Error reading HTTP response: End of file
[tls @ 0x7fdba9949d40] IO error: End of file
[https @ 0x7fdba9949c40] Error reading HTTP response: End of file
[tls @ 0x7fdba9707140] IO error: End of file
[https @ 0x7fdba97189c0] Error reading HTTP response: End of file
[2026-04-12T13:54:36.707901] Saved clip /Users/Chen/PycharmProjects/CSCI_6234_Final/recordings/cam221/clips/2026/04/12/cam221_20260412T175355Z.mp4 (1439044 bytes)
[2026-04-12T13:54:37.219842] Starting 60-second capture -> /Users/Chen/PycharmProjects/CSCI_6234_Final/recordings/cam221/clips/2026/04/12/cam221_20260412T175437Z.mp4
[tls @ 0x7fe8dd804680] IO error: End of file
[https @ 0x7fe8dd804540] Error reading HTTP response: End of file
[tls @ 0x7fe8dcf45440] IO error: End of file
[https @ 0x7fe8dcf57640] Error reading HTTP response: End of file
[tls @ 0x7fe8eda0d6c0] IO error: End of file
[https @ 0x7fe8eda17a00] Error reading HTTP response: End of file
[tls @ 0x7fe8dd81cfc0] IO error: End of file
[https @ 0x7fe8dd804780] Error reading HTTP response: End of file
[tls @ 0x7fe8dd91a940] IO error: End of file
[https @ 0x7fe8dd9330c0] Error reading HTTP response: End of file
[tls @ 0x7fe8ed930900] IO error: End of file
[https @ 0x7fe8ed918c80] Error reading HTTP response: End of file
[tls @ 0x7fe8eda11e40] IO error: End of file
[https @ 0x7fe8eda17a00] Error reading HTTP response: End of file
[tls @ 0x7fe8ed904e40] IO error: End of file
[https @ 0x7fe8ed904140] Error reading HTTP response: End of file
[tls @ 0x7fe8dd805a40] IO error: End of file
[https @ 0x7fe8dd805640] Error reading HTTP response: End of file
[2026-04-12T13:55:21.201045] Saved clip /Users/Chen/PycharmProjects/CSCI_6234_Final/recordings/cam221/clips/2026/04/12/cam221_20260412T175437Z.mp4 (1743067 bytes)
[2026-04-12T13:55:21.707165] Starting 60-second capture -> /Users/Chen/PycharmProjects/CSCI_6234_Final/recordings/cam221/clips/2026/04/12/cam221_20260412T175521Z.mp4
[tls @ 0x7ff3f2304e80] IO error: End of file
[https @ 0x7ff3f2304600] Error reading HTTP response: End of file
[tls @ 0x7ff3e17123c0] IO error: End of file
[https @ 0x7ff3e17245c0] Error reading HTTP response: End of file
[tls @ 0x7ff3f2455c40] IO error: End of file
[https @ 0x7ff3f2404080] Error reading HTTP response: End of file
[tls @ 0x7ff3f24164c0] IO error: End of file
[https @ 0x7ff3f2407000] Error reading HTTP response: End of file
[tls @ 0x7ff3e172bd80] IO error: End of file
[https @ 0x7ff3e1704080] Error reading HTTP response: End of file
[tls @ 0x7ff3f22471c0] IO error: End of file
[https @ 0x7ff3f2234940] Error reading HTTP response: End of file
[2026-04-12T13:56:03.519069] Saved clip /Users/Chen/PycharmProjects/CSCI_6234_Final/recordings/cam221/clips/2026/04/12/cam221_20260412T175521Z.mp4 (1647899 bytes)
[2026-04-12T13:56:04.029669] Starting 60-second capture -> /Users/Chen/PycharmProjects/CSCI_6234_Final/recordings/cam221/clips/2026/04/12/cam221_20260412T175604Z.mp4
[tls @ 0x7fb766f04d00] IO error: End of file
[https @ 0x7fb766f04c00] Error reading HTTP response: End of file
[tls @ 0x7fb76780ff00] IO error: End of file
[https @ 0x7fb767810f80] Error reading HTTP response: End of file
[tls @ 0x7fb76004aa40] IO error: End of file
[https @ 0x7fb7600718c0] Error reading HTTP response: End of file
[tls @ 0x7fb760097cc0] IO error: End of file
[https @ 0x7fb76008b300] Error reading HTTP response: End of file
[tls @ 0x7fb767812ec0] IO error: End of file
[https @ 0x7fb76782d180] Error reading HTTP response: End of file
[tls @ 0x7fb76782cfc0] IO error: End of file
[https @ 0x7fb767830640] Error reading HTTP response: End of file
[2026-04-12T13:56:45.658496] Saved clip /Users/Chen/PycharmProjects/CSCI_6234_Final/recordings/cam221/clips/2026/04/12/cam221_20260412T175604Z.mp4 (1900724 bytes)
[2026-04-12T13:56:46.166769] Starting 60-second capture -> /Users/Chen/PycharmProjects/CSCI_6234_Final/recordings/cam221/clips/2026/04/12/cam221_20260412T175646Z.mp4
[tls @ 0x7fd0c6705dc0] IO error: End of file
[https @ 0x7fd0c6705d00] Error reading HTTP response: End of file
[tls @ 0x7fd0b700c800] IO error: End of file
[https @ 0x7fd0b700c740] Error reading HTTP response: End of file
[tls @ 0x7fd0b700c3c0] IO error: End of file
[https @ 0x7fd0b700c300] Error reading HTTP response: End of file
[tls @ 0x7fd0b701ae00] IO error: End of file
[https @ 0x7fd0b700c800] Error reading HTTP response: End of file
[tls @ 0x7fd0b6743800] IO error: End of file
[https @ 0x7fd0b673fc00] Error reading HTTP response: End of file
[tls @ 0x7fd0c671ca40] IO error: End of file
[https @ 0x7fd0c6714fc0] Error reading HTTP response: End of file
[tls @ 0x7fd0d7180500] IO error: End of file
[https @ 0x7fd0d7192700] Error reading HTTP response: End of file
[2026-04-12T13:57:19.841058] Saved clip /Users/Chen/PycharmProjects/CSCI_6234_Final/recordings/cam221/clips/2026/04/12/cam221_20260412T175646Z.mp4 (1671776 bytes)
[2026-04-12T13:57:20.348213] Starting 60-second capture -> /Users/Chen/PycharmProjects/CSCI_6234_Final/recordings/cam221/clips/2026/04/12/cam221_20260412T175720Z.mp4
[tls @ 0x7fb736308880] IO error: End of file
[https @ 0x7fb736308740] Error reading HTTP response: End of file
[tls @ 0x7fb725704a00] IO error: End of file
[https @ 0x7fb725704480] Error reading HTTP response: End of file
[tls @ 0x7fb736272440] IO error: End of file
[https @ 0x7fb736266f40] Error reading HTTP response: End of file
[tls @ 0x7fb72686c640] IO error: End of file
[https @ 0x7fb726875b40] Error reading HTTP response: End of file
[tls @ 0x7fb736272440] IO error: End of file
[https @ 0x7fb736266440] Error reading HTTP response: End of file
[tls @ 0x7fb7257130c0] IO error: End of file
[https @ 0x7fb725704480] Error reading HTTP response: End of file
[tls @ 0x7fb7363116c0] IO error: End of file
[https @ 0x7fb73634cd00] Error reading HTTP response: End of file
[2026-04-12T13:58:09.864824] Saved clip /Users/Chen/PycharmProjects/CSCI_6234_Final/recordings/cam221/clips/2026/04/12/cam221_20260412T175720Z.mp4 (1411399 bytes)
[2026-04-12T13:58:10.372819] Starting 60-second capture -> /Users/Chen/PycharmProjects/CSCI_6234_Final/recordings/cam221/clips/2026/04/12/cam221_20260412T175810Z.mp4
[tls @ 0x7ff05c504140] IO error: End of file
[https @ 0x7ff05c4046c0] Error reading HTTP response: End of file
[tls @ 0x7ff05c414080] IO error: End of file
[https @ 0x7ff05c404980] Error reading HTTP response: End of file
[tls @ 0x7ff05c425400] IO error: End of file
[https @ 0x7ff05c404780] Error reading HTTP response: End of file
[tls @ 0x7ff05c76f6c0] IO error: End of file
[https @ 0x7ff05c776840] Error reading HTTP response: End of file
[tls @ 0x7ff05c439f80] IO error: End of file
[https @ 0x7ff05c441f00] Error reading HTTP response: End of file
[tls @ 0x7ff05c50fb00] IO error: End of file
[https @ 0x7ff05c784fc0] Error reading HTTP response: End of file
[2026-04-12T13:58:52.241872] Saved clip /Users/Chen/PycharmProjects/CSCI_6234_Final/recordings/cam221/clips/2026/04/12/cam221_20260412T175810Z.mp4 (1674032 bytes)
[2026-04-12T13:58:52.749169] Starting 60-second capture -> /Users/Chen/PycharmProjects/CSCI_6234_Final/recordings/cam221/clips/2026/04/12/cam221_20260412T175852Z.mp4
[tls @ 0x7fb18b004680] IO error: End of file
[https @ 0x7fb18b004540] Error reading HTTP response: End of file
[tls @ 0x7fb18af223c0] IO error: End of file
[https @ 0x7fb1abb52ec0] Error reading HTTP response: End of file
[tls @ 0x7fb1aba12a40] IO error: End of file
[https @ 0x7fb1aba12980] Error reading HTTP response: End of file
[tls @ 0x7fb18b028480] IO error: End of file
[https @ 0x7fb18b04d880] Error reading HTTP response: End of file
[tls @ 0x7fb1abb14840] IO error: End of file
[https @ 0x7fb1abb14780] Error reading HTTP response: End of file
[2026-04-12T13:59:25.943821] Saved clip /Users/Chen/PycharmProjects/CSCI_6234_Final/recordings/cam221/clips/2026/04/12/cam221_20260412T175852Z.mp4 (1265207 bytes)
[2026-04-12T13:59:26.448372] Starting 60-second capture -> /Users/Chen/PycharmProjects/CSCI_6234_Final/recordings/cam221/clips/2026/04/12/cam221_20260412T175926Z.mp4
[tls @ 0x7fc768904a80] IO error: End of file
[https @ 0x7fc768904940] Error reading HTTP response: End of file
[tls @ 0x7fc76881a540] IO error: End of file
[https @ 0x7fc76882c740] Error reading HTTP response: End of file
[tls @ 0x7fc768908100] IO error: End of file
[https @ 0x7fc76891cd40] Error reading HTTP response: End of file
[tls @ 0x7fc7689258c0] IO error: End of file
[https @ 0x7fc7689263c0] Error reading HTTP response: End of file
[tls @ 0x7fc75ff1dec0] IO error: End of file
[https @ 0x7fc75ff168c0] Error reading HTTP response: End of file
[tls @ 0x7fc76884e240] IO error: End of file
[https @ 0x7fc76882b240] Error reading HTTP response: End of file
[2026-04-12T14:00:07.958062] Saved clip /Users/Chen/PycharmProjects/CSCI_6234_Final/recordings/cam221/clips/2026/04/12/cam221_20260412T175926Z.mp4 (1394622 bytes)
[2026-04-12T14:00:08.468126] Starting 60-second capture -> /Users/Chen/PycharmProjects/CSCI_6234_Final/recordings/cam221/clips/2026/04/12/cam221_20260412T180008Z.mp4
[tls @ 0x7fc737104800] IO error: End of file
[https @ 0x7fc7371046c0] Error reading HTTP response: End of file
[tls @ 0x7fc73713ee40] IO error: End of file
[https @ 0x7fc737151040] Error reading HTTP response: End of file
[tls @ 0x7fc737105bc0] IO error: End of file
[https @ 0x7fc737105ac0] Error reading HTTP response: End of file
[tls @ 0x7fc727047400] IO error: End of file
[https @ 0x7fc727059600] Error reading HTTP response: End of file
[tls @ 0x7fc727089e80] IO error: End of file
[https @ 0x7fc727081b80] Error reading HTTP response: End of file
[2026-04-12T14:00:46.805800] Saved clip /Users/Chen/PycharmProjects/CSCI_6234_Final/recordings/cam221/clips/2026/04/12/cam221_20260412T180008Z.mp4 (1322246 bytes)
[2026-04-12T14:00:47.314693] Starting 60-second capture -> /Users/Chen/PycharmProjects/CSCI_6234_Final/recordings/cam221/clips/2026/04/12/cam221_20260412T180047Z.mp4
[tls @ 0x7f8222e05c80] IO error: End of file
[https @ 0x7f8222e05b40] Error reading HTTP response: End of file
[tls @ 0x7f8222e06d00] IO error: End of file
[https @ 0x7f8222e06c00] Error reading HTTP response: End of file
[tls @ 0x7f8222e23fc0] IO error: End of file
[https @ 0x7f8222e1d580] Error reading HTTP response: End of file
[tls @ 0x7f8222d04a00] IO error: End of file
[https @ 0x7f8222d04e80] Error reading HTTP response: End of file
[tls @ 0x7f8222d0b6c0] IO error: End of file
[https @ 0x7f8222d10280] Error reading HTTP response: End of file
[tls @ 0x7f8222e06680] IO error: End of file
[https @ 0x7f8222e063c0] Error reading HTTP response: End of file
[tls @ 0x7f8222d5ec40] IO error: End of file
[https @ 0x7f8222d0af80] Error reading HTTP response: End of file
[tls @ 0x7f8222e23fc0] IO error: End of file
[https @ 0x7f8222e3ecc0] Error reading HTTP response: End of file
[tls @ 0x7f8222b46240] IO error: End of file
[https @ 0x7f8222b58480] Error reading HTTP response: End of file
[2026-04-12T14:01:31.276332] Saved clip /Users/Chen/PycharmProjects/CSCI_6234_Final/recordings/cam221/clips/2026/04/12/cam221_20260412T180047Z.mp4 (1302144 bytes)
[2026-04-12T14:01:31.785981] Starting 60-second capture -> /Users/Chen/PycharmProjects/CSCI_6234_Final/recordings/cam221/clips/2026/04/12/cam221_20260412T180131Z.mp4
[tls @ 0x7f97ec004300] IO error: End of file
[https @ 0x7f97ec004200] Error reading HTTP response: End of file
[tls @ 0x7f97eb715700] IO error: End of file
[https @ 0x7f97eb718c40] Error reading HTTP response: End of file
[tls @ 0x7f97ec019700] IO error: End of file
[https @ 0x7f97ec03ac80] Error reading HTTP response: End of file
[tls @ 0x7f97eb704500] IO error: End of file
[https @ 0x7f97eb704440] Error reading HTTP response: End of file
[tls @ 0x7f97ec011c40] IO error: End of file
[https @ 0x7f97ec01b8c0] Error reading HTTP response: End of file
[tls @ 0x7f97fc42fcc0] IO error: End of file
[https @ 0x7f97fc42fbc0] Error reading HTTP response: End of file
[2026-04-12T14:02:13.618490] Saved clip /Users/Chen/PycharmProjects/CSCI_6234_Final/recordings/cam221/clips/2026/04/12/cam221_20260412T180131Z.mp4 (1377862 bytes)
[2026-04-12T14:02:14.133042] Starting 60-second capture -> /Users/Chen/PycharmProjects/CSCI_6234_Final/recordings/cam221/clips/2026/04/12/cam221_20260412T180214Z.mp4
[tls @ 0x7fe316f05100] IO error: End of file
[https @ 0x7fe316f04b80] Error reading HTTP response: End of file
[tls @ 0x7fe327805e80] IO error: End of file
[https @ 0x7fe327805dc0] Error reading HTTP response: End of file
[tls @ 0x7fe316f28bc0] IO error: End of file
[https @ 0x7fe316f29dc0] Error reading HTTP response: End of file
[tls @ 0x7fe326f0d1c0] IO error: End of file
[https @ 0x7fe326f08300] Error reading HTTP response: End of file
[tls @ 0x7fe326f46ec0] IO error: End of file
[https @ 0x7fe326f59100] Error reading HTTP response: End of file
[tls @ 0x7fe317804280] IO error: End of file
[https @ 0x7fe317823580] Error reading HTTP response: End of file
[2026-04-12T14:02:57.436371] Saved clip /Users/Chen/PycharmProjects/CSCI_6234_Final/recordings/cam221/clips/2026/04/12/cam221_20260412T180214Z.mp4 (1136053 bytes)
[2026-04-12T14:02:57.943802] Starting 60-second capture -> /Users/Chen/PycharmProjects/CSCI_6234_Final/recordings/cam221/clips/2026/04/12/cam221_20260412T180257Z.mp4
[tls @ 0x7f984ff04680] IO error: End of file
[https @ 0x7f984ff04540] Error reading HTTP response: End of file
[tls @ 0x7f9869041600] IO error: End of file
[https @ 0x7f986903da00] Error reading HTTP response: End of file
[tls @ 0x7f986904f940] IO error: End of file
[https @ 0x7f9869005b40] Error reading HTTP response: End of file
[tls @ 0x7f9869011c80] IO error: End of file
[https @ 0x7f9869031480] Error reading HTTP response: End of file
[tls @ 0x7f9869069b00] IO error: End of file
[https @ 0x7f9869066780] Error reading HTTP response: End of file
[tls @ 0x7f985ff0a900] IO error: End of file
[https @ 0x7f985ff0a680] Error reading HTTP response: End of file
[tls @ 0x7f985ff0f5c0] IO error: End of file
[https @ 0x7f985ff1d100] Error reading HTTP response: End of file
[2026-04-12T14:03:33.005290] Saved clip /Users/Chen/PycharmProjects/CSCI_6234_Final/recordings/cam221/clips/2026/04/12/cam221_20260412T180257Z.mp4 (1398660 bytes)
[2026-04-12T14:03:33.515152] Starting 60-second capture -> /Users/Chen/PycharmProjects/CSCI_6234_Final/recordings/cam221/clips/2026/04/12/cam221_20260412T180333Z.mp4
[tls @ 0x7f9bf2705b00] IO error: End of file
[https @ 0x7f9bf27059c0] Error reading HTTP response: End of file
[tls @ 0x7f9bf2606f40] IO error: End of file
[https @ 0x7f9bf2606e80] Error reading HTTP response: End of file
[tls @ 0x7f9be0fb7f00] IO error: End of file
[https @ 0x7f9be0faa100] Error reading HTTP response: End of file
[tls @ 0x7f9bf26280c0] IO error: End of file
[https @ 0x7f9bf262f640] Error reading HTTP response: End of file
[tls @ 0x7f9bf2640fc0] IO error: End of file
[https @ 0x7f9bf26538c0] Error reading HTTP response: End of file
[tls @ 0x7f9be0f1a480] IO error: End of file
[https @ 0x7f9be0f11300] Error reading HTTP response: End of file
[2026-04-12T14:04:15.269513] Saved clip /Users/Chen/PycharmProjects/CSCI_6234_Final/recordings/cam221/clips/2026/04/12/cam221_20260412T180333Z.mp4 (1271224 bytes)
[2026-04-12T14:04:15.781556] Starting 60-second capture -> /Users/Chen/PycharmProjects/CSCI_6234_Final/recordings/cam221/clips/2026/04/12/cam221_20260412T180415Z.mp4
[tls @ 0x7f7ed2704740] IO error: End of file
[https @ 0x7f7ed2704600] Error reading HTTP response: End of file
[tls @ 0x7f7ed391c840] IO error: End of file
[https @ 0x7f7ed391f480] Error reading HTTP response: End of file
[tls @ 0x7f7ed3a0a940] IO error: End of file
[https @ 0x7f7ed3a1d980] Error reading HTTP response: End of file
[tls @ 0x7f7ed384eb80] IO error: End of file
[https @ 0x7f7ed3805480] Error reading HTTP response: End of file
[tls @ 0x7f7ed3a04e80] IO error: End of file
[https @ 0x7f7ed3a1db80] Error reading HTTP response: End of file
[tls @ 0x7f7ed3946e00] IO error: End of file
[https @ 0x7f7ed393f180] Error reading HTTP response: End of file
[tls @ 0x7f7ed3a142c0] IO error: End of file
[https @ 0x7f7ed3a14900] Error reading HTTP response: End of file
[2026-04-12T14:04:52.954328] Saved clip /Users/Chen/PycharmProjects/CSCI_6234_Final/recordings/cam221/clips/2026/04/12/cam221_20260412T180415Z.mp4 (1412554 bytes)
[2026-04-12T14:04:53.465576] Starting 60-second capture -> /Users/Chen/PycharmProjects/CSCI_6234_Final/recordings/cam221/clips/2026/04/12/cam221_20260412T180453Z.mp4
[tls @ 0x7f77bb004680] IO error: End of file
[https @ 0x7f77bb004540] Error reading HTTP response: End of file
[tls @ 0x7f77bb01a8c0] IO error: End of file
[https @ 0x7f77bb00f3c0] Error reading HTTP response: End of file
[tls @ 0x7f77bb055cc0] IO error: End of file
[https @ 0x7f77bb046740] Error reading HTTP response: End of file
[tls @ 0x7f77bb013880] IO error: End of file
[https @ 0x7f77bb012780] Error reading HTTP response: End of file
[tls @ 0x7f77ba72f940] IO error: End of file
[https @ 0x7f77ba741a40] Error reading HTTP response: End of file
[tls @ 0x7f77cb23fa80] IO error: End of file
[https @ 0x7f77cb252a40] Error reading HTTP response: End of file
[tls @ 0x7f77cb21aac0] IO error: End of file
[https @ 0x7f77cb226580] Error reading HTTP response: End of file
[tls @ 0x7f77cb257140] IO error: End of file
[https @ 0x7f77cb248100] Error reading HTTP response: End of file
[2026-04-12T14:05:37.301884] Saved clip /Users/Chen/PycharmProjects/CSCI_6234_Final/recordings/cam221/clips/2026/04/12/cam221_20260412T180453Z.mp4 (1428642 bytes)
[2026-04-12T14:05:37.814130] Starting 60-second capture -> /Users/Chen/PycharmProjects/CSCI_6234_Final/recordings/cam221/clips/2026/04/12/cam221_20260412T180537Z.mp4
[tls @ 0x7fcd08c05ec0] IO error: End of file
[https @ 0x7fcd08c05d80] Error reading HTTP response: End of file
[tls @ 0x7fcd08b07640] IO error: End of file
[https @ 0x7fcd08b06c40] Error reading HTTP response: End of file
[tls @ 0x7fcd08c07280] IO error: End of file
[https @ 0x7fcd08c071c0] Error reading HTTP response: End of file
[tls @ 0x7fcd08c07400] IO error: End of file
[https @ 0x7fcd08c07340] Error reading HTTP response: End of file
[tls @ 0x7fcd08d5e440] IO error: End of file
[https @ 0x7fcd08d60780] Error reading HTTP response: End of file
[tls @ 0x7fcd08b06c40] IO error: End of file
[https @ 0x7fcd08b092c0] Error reading HTTP response: End of file
[2026-04-12T14:06:19.309318] Saved clip /Users/Chen/PycharmProjects/CSCI_6234_Final/recordings/cam221/clips/2026/04/12/cam221_20260412T180537Z.mp4 (1087115 bytes)
[2026-04-12T14:06:19.816339] Starting 60-second capture -> /Users/Chen/PycharmProjects/CSCI_6234_Final/recordings/cam221/clips/2026/04/12/cam221_20260412T180619Z.mp4
[tls @ 0x7fb500705100] IO error: End of file
[https @ 0x7fb500704b80] Error reading HTTP response: End of file
[tls @ 0x7fb511e16d40] IO error: End of file
[https @ 0x7fb511e13140] Error reading HTTP response: End of file
[tls @ 0x7fb511e511c0] IO error: End of file
[https @ 0x7fb511e4b5c0] Error reading HTTP response: End of file
[tls @ 0x7fb50102bcc0] IO error: End of file
[https @ 0x7fb50105e400] Error reading HTTP response: End of file
[tls @ 0x7fb50111c980] IO error: End of file
[https @ 0x7fb501143f80] Error reading HTTP response: End of file
[tls @ 0x7fb501116080] IO error: End of file
[https @ 0x7fb50112e180] Error reading HTTP response: End of file
[2026-04-12T14:07:02.480761] Saved clip /Users/Chen/PycharmProjects/CSCI_6234_Final/recordings/cam221/clips/2026/04/12/cam221_20260412T180619Z.mp4 (1268795 bytes)
[2026-04-12T14:07:02.987781] Starting 60-second capture -> /Users/Chen/PycharmProjects/CSCI_6234_Final/recordings/cam221/clips/2026/04/12/cam221_20260412T180702Z.mp4
[tls @ 0x7fba31004800] IO error: End of file
[https @ 0x7fba310046c0] Error reading HTTP response: End of file
[tls @ 0x7fba16f0a100] IO error: End of file
[https @ 0x7fba16f10c00] Error reading HTTP response: End of file
[tls @ 0x7fba16f15680] IO error: End of file
[https @ 0x7fba16f23f40] Error reading HTTP response: End of file
[tls @ 0x7fba16f54280] IO error: End of file
[https @ 0x7fba16f0b7c0] Error reading HTTP response: End of file
[tls @ 0x7fba31056700] IO error: End of file
[https @ 0x7fba3105ad00] Error reading HTTP response: End of file
[tls @ 0x7fba178c1f80] IO error: End of file
[https @ 0x7fba178d41c0] Error reading HTTP response: End of file
[tls @ 0x7fba178e1c00] IO error: End of file
[https @ 0x7fba178f3e40] Error reading HTTP response: End of file
[tls @ 0x7fba178bb240] IO error: End of file
[https @ 0x7fba17819240] Error reading HTTP response: End of file
[2026-04-12T14:07:46.873906] Saved clip /Users/Chen/PycharmProjects/CSCI_6234_Final/recordings/cam221/clips/2026/04/12/cam221_20260412T180702Z.mp4 (1185145 bytes)
[2026-04-12T14:07:47.385521] Starting 60-second capture -> /Users/Chen/PycharmProjects/CSCI_6234_Final/recordings/cam221/clips/2026/04/12/cam221_20260412T180747Z.mp4
[tls @ 0x7f78b2a04680] IO error: End of file
[https @ 0x7f78b2a04540] Error reading HTTP response: End of file
[tls @ 0x7f78b2b05200] IO error: End of file
[https @ 0x7f78b2b05100] Error reading HTTP response: End of file
[tls @ 0x7f78b2d20940] IO error: End of file
[https @ 0x7f78b2d20880] Error reading HTTP response: End of file
[tls @ 0x7f78b2b2a680] IO error: End of file
[https @ 0x7f78b2b5e400] Error reading HTTP response: End of file
[tls @ 0x7f78b2c16440] IO error: End of file
[https @ 0x7f78b2c16a40] Error reading HTTP response: End of file
[tls @ 0x7f78b2d62bc0] IO error: End of file
[https @ 0x7f78b2d62ac0] Error reading HTTP response: End of file
[2026-04-12T14:08:30.034225] Saved clip /Users/Chen/PycharmProjects/CSCI_6234_Final/recordings/cam221/clips/2026/04/12/cam221_20260412T180747Z.mp4 (1410606 bytes)
[2026-04-12T14:08:30.540530] Starting 60-second capture -> /Users/Chen/PycharmProjects/CSCI_6234_Final/recordings/cam221/clips/2026/04/12/cam221_20260412T180830Z.mp4
[tls @ 0x7fecdd604e00] IO error: End of file
[https @ 0x7fecdd604900] Error reading HTTP response: End of file
[tls @ 0x7fecea006380] IO error: End of file
[https @ 0x7fecea006280] Error reading HTTP response: End of file
[tls @ 0x7feccc76ad00] IO error: End of file
[https @ 0x7feccc784b80] Error reading HTTP response: End of file
[tls @ 0x7fecdd704940] IO error: End of file
[https @ 0x7fecdd704800] Error reading HTTP response: End of file
[tls @ 0x7fecdd7109c0] IO error: End of file
[https @ 0x7fecdd704c80] Error reading HTTP response: End of file
[tls @ 0x7feccc7683c0] IO error: End of file
[https @ 0x7feccc757700] Error reading HTTP response: End of file
[2026-04-12T14:09:12.096639] Saved clip /Users/Chen/PycharmProjects/CSCI_6234_Final/recordings/cam221/clips/2026/04/12/cam221_20260412T180830Z.mp4 (1172988 bytes)
[2026-04-12T14:09:12.606764] Starting 60-second capture -> /Users/Chen/PycharmProjects/CSCI_6234_Final/recordings/cam221/clips/2026/04/12/cam221_20260412T180912Z.mp4
[tls @ 0x7fe174f05100] IO error: End of file
[https @ 0x7fe174f04b80] Error reading HTTP response: End of file
[tls @ 0x7fe174f06200] IO error: End of file
[https @ 0x7fe174f06140] Error reading HTTP response: End of file
[tls @ 0x7fe185b2c100] IO error: End of file
[https @ 0x7fe185b042c0] Error reading HTTP response: End of file
[tls @ 0x7fe175829400] IO error: End of file
[https @ 0x7fe17580d580] Error reading HTTP response: End of file
[tls @ 0x7fe175811780] IO error: End of file
[https @ 0x7fe1758324c0] Error reading HTTP response: End of file
[tls @ 0x7fe185b2ee80] IO error: End of file
[https @ 0x7fe185b18d00] Error reading HTTP response: End of file
[2026-04-12T14:09:46.247606] Saved clip /Users/Chen/PycharmProjects/CSCI_6234_Final/recordings/cam221/clips/2026/04/12/cam221_20260412T180912Z.mp4 (1307343 bytes)
[2026-04-12T14:09:46.757965] Starting 60-second capture -> /Users/Chen/PycharmProjects/CSCI_6234_Final/recordings/cam221/clips/2026/04/12/cam221_20260412T180946Z.mp4
[tls @ 0x7f7cc6705240] IO error: End of file
[https @ 0x7f7cc6705100] Error reading HTTP response: End of file
[tls @ 0x7f7cc70061c0] IO error: End of file
[https @ 0x7f7cc7006080] Error reading HTTP response: End of file
[tls @ 0x7f7cb673d0c0] IO error: End of file
[https @ 0x7f7cb674c300] Error reading HTTP response: End of file
[tls @ 0x7f7cc6749300] IO error: End of file
[https @ 0x7f7cc6730f00] Error reading HTTP response: End of file
[tls @ 0x7f7cb67438c0] IO error: End of file
[https @ 0x7f7cb6704140] Error reading HTTP response: End of file
[tls @ 0x7f7cb7049640] IO error: End of file
[https @ 0x7f7cb7046740] Error reading HTTP response: End of file
[2026-04-12T14:10:28.194589] Saved clip /Users/Chen/PycharmProjects/CSCI_6234_Final/recordings/cam221/clips/2026/04/12/cam221_20260412T180946Z.mp4 (1656129 bytes)
[2026-04-12T14:10:28.706831] Starting 60-second capture -> /Users/Chen/PycharmProjects/CSCI_6234_Final/recordings/cam221/clips/2026/04/12/cam221_20260412T181028Z.mp4
[tls @ 0x7f8fccc04840] IO error: End of file
[https @ 0x7f8fccc05300] Error reading HTTP response: End of file
[tls @ 0x7f8fcc940280] IO error: End of file
[https @ 0x7f8fcc947800] Error reading HTTP response: End of file
[tls @ 0x7f8fccd26500] IO error: End of file
[https @ 0x7f8fccd18e80] Error reading HTTP response: End of file
[tls @ 0x7f8fccc06580] IO error: End of file
[https @ 0x7f8fccc14140] Error reading HTTP response: End of file
[tls @ 0x7f8fcc933ac0] IO error: End of file
[https @ 0x7f8fcc9285c0] Error reading HTTP response: End of file
[tls @ 0x7f8fccd5db00] IO error: End of file
[https @ 0x7f8fccd54b80] Error reading HTTP response: End of file
[2026-04-12T14:11:07.488277] Saved clip /Users/Chen/PycharmProjects/CSCI_6234_Final/recordings/cam221/clips/2026/04/12/cam221_20260412T181028Z.mp4 (1400527 bytes)
[2026-04-12T14:11:07.997324] Starting 60-second capture -> /Users/Chen/PycharmProjects/CSCI_6234_Final/recordings/cam221/clips/2026/04/12/cam221_20260412T181107Z.mp4
[tls @ 0x7f8b47104e40] IO error: End of file
[https @ 0x7f8b47104d00] Error reading HTTP response: End of file
[tls @ 0x7f8b47115300] IO error: End of file
[https @ 0x7f8b47111700] Error reading HTTP response: End of file
[tls @ 0x7f8b47358300] IO error: End of file
[https @ 0x7f8b473480c0] Error reading HTTP response: End of file
[tls @ 0x7f8b4723ba80] IO error: End of file
[https @ 0x7f8b4723b3c0] Error reading HTTP response: End of file
[tls @ 0x7f8b47233b40] IO error: End of file
[https @ 0x7f8b47218980] Error reading HTTP response: End of file
[tls @ 0x7f8b35f42a00] IO error: End of file
[https @ 0x7f8b47232c40] Error reading HTTP response: End of file
[tls @ 0x7f8b4723b3c0] IO error: End of file
[https @ 0x7f8b47232d40] Error reading HTTP response: End of file
[tls @ 0x7f8b47247600] IO error: End of file
[https @ 0x7f8b47258fc0] Error reading HTTP response: End of file
[tls @ 0x7f8b35f06580] IO error: End of file
[https @ 0x7f8b35f0d080] Error reading HTTP response: End of file
[2026-04-12T14:11:52.040272] Saved clip /Users/Chen/PycharmProjects/CSCI_6234_Final/recordings/cam221/clips/2026/04/12/cam221_20260412T181107Z.mp4 (1462903 bytes)
[2026-04-12T14:11:52.550480] Starting 60-second capture -> /Users/Chen/PycharmProjects/CSCI_6234_Final/recordings/cam221/clips/2026/04/12/cam221_20260412T181152Z.mp4
[tls @ 0x7fd019f04680] IO error: End of file
[https @ 0x7fd019f04540] Error reading HTTP response: End of file
[tls @ 0x7fd01a819140] IO error: End of file
[https @ 0x7fd01a814ec0] Error reading HTTP response: End of file
[tls @ 0x7fd01a824600] IO error: End of file
[https @ 0x7fd01a8254c0] Error reading HTTP response: End of file
[tls @ 0x7fd01a8130c0] IO error: End of file
[https @ 0x7fd01a814c00] Error reading HTTP response: End of file
[tls @ 0x7fd01a817380] IO error: End of file
[https @ 0x7fd01a82c080] Error reading HTTP response: End of file
[tls @ 0x7fd01aa05980] IO error: End of file
[https @ 0x7fd01aa6a200] Error reading HTTP response: End of file
[2026-04-12T14:12:34.060916] Saved clip /Users/Chen/PycharmProjects/CSCI_6234_Final/recordings/cam221/clips/2026/04/12/cam221_20260412T181152Z.mp4 (1530312 bytes)
[2026-04-12T14:12:34.569162] Starting 60-second capture -> /Users/Chen/PycharmProjects/CSCI_6234_Final/recordings/cam221/clips/2026/04/12/cam221_20260412T181234Z.mp4
[tls @ 0x7fb0a4106280] IO error: End of file
[https @ 0x7fb0a4106140] Error reading HTTP response: End of file
[tls @ 0x7fb093720140] IO error: End of file
[https @ 0x7fb0937255c0] Error reading HTTP response: End of file
[tls @ 0x7fb093711800] IO error: End of file
[https @ 0x7fb0937143c0] Error reading HTTP response: End of file
[tls @ 0x7fb0a422d240] IO error: End of file
[https @ 0x7fb0a4226840] Error reading HTTP response: End of file
[tls @ 0x7fb0a4148c40] IO error: End of file
[https @ 0x7fb0a4152780] Error reading HTTP response: End of file
[2026-04-12T14:13:16.417310] Saved clip /Users/Chen/PycharmProjects/CSCI_6234_Final/recordings/cam221/clips/2026/04/12/cam221_20260412T181234Z.mp4 (1253842 bytes)
[2026-04-12T14:13:16.928349] Starting 60-second capture -> /Users/Chen/PycharmProjects/CSCI_6234_Final/recordings/cam221/clips/2026/04/12/cam221_20260412T181316Z.mp4
[tls @ 0x7fadaa305e00] IO error: End of file
[https @ 0x7fadaa305cc0] Error reading HTTP response: End of file
[tls @ 0x7fad997a0c80] IO error: End of file
[https @ 0x7fad997b2e80] Error reading HTTP response: End of file
[tls @ 0x7fad9a005540] IO error: End of file
[https @ 0x7fad9a005440] Error reading HTTP response: End of file
[tls @ 0x7fad997a0c80] IO error: End of file
[https @ 0x7fad9979d080] Error reading HTTP response: End of file
[tls @ 0x7fad997f9880] IO error: End of file
[https @ 0x7fad997f5cc0] Error reading HTTP response: End of file
[tls @ 0x7fad99746e40] IO error: End of file
[https @ 0x7fad99759080] Error reading HTTP response: End of file
[2026-04-12T14:13:51.052073] Saved clip /Users/Chen/PycharmProjects/CSCI_6234_Final/recordings/cam221/clips/2026/04/12/cam221_20260412T181316Z.mp4 (1310607 bytes)
[2026-04-12T14:13:51.560278] Starting 60-second capture -> /Users/Chen/PycharmProjects/CSCI_6234_Final/recordings/cam221/clips/2026/04/12/cam221_20260412T181351Z.mp4
[tls @ 0x7f8924204800] IO error: End of file
[https @ 0x7f89242046c0] Error reading HTTP response: End of file
[tls @ 0x7f8924312100] IO error: End of file
[https @ 0x7f892432dfc0] Error reading HTTP response: End of file
[tls @ 0x7f8924208400] IO error: End of file
[https @ 0x7f892420fdc0] Error reading HTTP response: End of file
[tls @ 0x7f892451f1c0] IO error: End of file
[https @ 0x7f892450bd40] Error reading HTTP response: End of file
[tls @ 0x7f892433ca80] IO error: End of file
[https @ 0x7f892438c9c0] Error reading HTTP response: End of file
[tls @ 0x7f89245364c0] IO error: End of file
[https @ 0x7f892454b980] Error reading HTTP response: End of file
[2026-04-12T14:14:33.396804] Saved clip /Users/Chen/PycharmProjects/CSCI_6234_Final/recordings/cam221/clips/2026/04/12/cam221_20260412T181351Z.mp4 (1403674 bytes)
[2026-04-12T14:14:33.906391] Starting 60-second capture -> /Users/Chen/PycharmProjects/CSCI_6234_Final/recordings/cam221/clips/2026/04/12/cam221_20260412T181433Z.mp4
[tls @ 0x7fb9ac104380] IO error: End of file
[https @ 0x7fb9ac104240] Error reading HTTP response: End of file
[tls @ 0x7fb9ac005000] IO error: End of file
[https @ 0x7fb9ac004f40] Error reading HTTP response: End of file
[tls @ 0x7fb9bc150d00] IO error: End of file
[https @ 0x7fb9bc16d440] Error reading HTTP response: End of file
[tls @ 0x7fb9ac01c800] IO error: End of file
[https @ 0x7fb9ac0057c0] Error reading HTTP response: End of file
[tls @ 0x7fb9ac133c80] IO error: End of file
[https @ 0x7fb9ac116cc0] Error reading HTTP response: End of file
[tls @ 0x7fb9bc120fc0] IO error: End of file
[https @ 0x7fb9bc124f40] Error reading HTTP response: End of file
[2026-04-12T14:15:15.157934] Saved clip /Users/Chen/PycharmProjects/CSCI_6234_Final/recordings/cam221/clips/2026/04/12/cam221_20260412T181433Z.mp4 (1533043 bytes)
[2026-04-12T14:15:15.669234] Starting 60-second capture -> /Users/Chen/PycharmProjects/CSCI_6234_Final/recordings/cam221/clips/2026/04/12/cam221_20260412T181515Z.mp4
[tls @ 0x7f88f8004680] IO error: End of file
[https @ 0x7f88f8004540] Error reading HTTP response: End of file
[tls @ 0x7f88f811c500] IO error: End of file
[https @ 0x7f88f8118900] Error reading HTTP response: End of file
[tls @ 0x7f88f81863c0] IO error: End of file
[https @ 0x7f88f81985c0] Error reading HTTP response: End of file
[tls @ 0x7f88ef708300] IO error: End of file
[https @ 0x7f88ef71af80] Error reading HTTP response: End of file
[tls @ 0x7f88f8036380] IO error: End of file
[https @ 0x7f88f80362c0] Error reading HTTP response: End of file
[tls @ 0x7f88ff74f340] IO error: End of file
[https @ 0x7f88ef730080] Error reading HTTP response: End of file
[tls @ 0x7f88ff72cf40] IO error: End of file
[https @ 0x7f88ff71fec0] Error reading HTTP response: End of file
[tls @ 0x7f88ef70d6c0] IO error: End of file
[https @ 0x7f88ef7217c0] Error reading HTTP response: End of file
[tls @ 0x7f88ff7288c0] IO error: End of file
[https @ 0x7f88ff72fe80] Error reading HTTP response: End of file
[2026-04-12T14:15:59.913561] Saved clip /Users/Chen/PycharmProjects/CSCI_6234_Final/recordings/cam221/clips/2026/04/12/cam221_20260412T181515Z.mp4 (1518870 bytes)
[2026-04-12T14:16:00.424519] Starting 60-second capture -> /Users/Chen/PycharmProjects/CSCI_6234_Final/recordings/cam221/clips/2026/04/12/cam221_20260412T181600Z.mp4
[tls @ 0x7fc4c0f05380] IO error: End of file
[https @ 0x7fc4c0f05240] Error reading HTTP response: End of file
[tls @ 0x7fc4d1904e80] IO error: End of file
[https @ 0x7fc4d1904d40] Error reading HTTP response: End of file
[tls @ 0x7fc4d1a10080] IO error: End of file
[https @ 0x7fc4d1a20000] Error reading HTTP response: End of file
[tls @ 0x7fc4c0f05680] IO error: End of file
[https @ 0x7fc4c0f3b500] Error reading HTTP response: End of file
[tls @ 0x7fc4d1a40740] IO error: End of file
[https @ 0x7fc4d1a2e040] Error reading HTTP response: End of file
[tls @ 0x7fc4d196ac80] IO error: End of file
[https @ 0x7fc4d1913600] Error reading HTTP response: End of file
[tls @ 0x7fc4d1933200] IO error: End of file
[https @ 0x7fc4d19357c0] Error reading HTTP response: End of file
[2026-04-12T14:16:49.786478] Saved clip /Users/Chen/PycharmProjects/CSCI_6234_Final/recordings/cam221/clips/2026/04/12/cam221_20260412T181600Z.mp4 (1529346 bytes)
[2026-04-12T14:16:50.293502] Starting 60-second capture -> /Users/Chen/PycharmProjects/CSCI_6234_Final/recordings/cam221/clips/2026/04/12/cam221_20260412T181650Z.mp4
[tls @ 0x7febe9205b00] IO error: End of file
[https @ 0x7febe92059c0] Error reading HTTP response: End of file
[tls @ 0x7febe92584c0] IO error: End of file
[https @ 0x7febe925ffc0] Error reading HTTP response: End of file
[tls @ 0x7febd8706f00] IO error: End of file
[https @ 0x7febd8706e40] Error reading HTTP response: End of file
[tls @ 0x7febd8721d80] IO error: End of file
[https @ 0x7febd8733580] Error reading HTTP response: End of file
[tls @ 0x7febd8727b80] IO error: End of file
[https @ 0x7febd8730740] Error reading HTTP response: End of file
[2026-04-12T14:17:31.751137] Saved clip /Users/Chen/PycharmProjects/CSCI_6234_Final/recordings/cam221/clips/2026/04/12/cam221_20260412T181650Z.mp4 (1437114 bytes)
[2026-04-12T14:17:32.262233] Starting 60-second capture -> /Users/Chen/PycharmProjects/CSCI_6234_Final/recordings/cam221/clips/2026/04/12/cam221_20260412T181732Z.mp4
[tls @ 0x7fe786f06280] IO error: End of file
[https @ 0x7fe786f06140] Error reading HTTP response: End of file
[tls @ 0x7fe777844fc0] IO error: End of file
[https @ 0x7fe777857200] Error reading HTTP response: End of file
[tls @ 0x7fe7778f0180] IO error: End of file
[https @ 0x7fe7778ec5c0] Error reading HTTP response: End of file
[tls @ 0x7fe7778dd340] IO error: End of file
[https @ 0x7fe7778e9780] Error reading HTTP response: End of file
[tls @ 0x7fe7778f0180] IO error: End of file
[https @ 0x7fe7778af080] Error reading HTTP response: End of file
[tls @ 0x7fe7778dd340] IO error: End of file
[https @ 0x7fe777848dc0] Error reading HTTP response: End of file
[2026-04-12T14:18:13.835905] Saved clip /Users/Chen/PycharmProjects/CSCI_6234_Final/recordings/cam221/clips/2026/04/12/cam221_20260412T181732Z.mp4 (1594900 bytes)
[2026-04-12T14:18:14.346413] Starting 60-second capture -> /Users/Chen/PycharmProjects/CSCI_6234_Final/recordings/cam221/clips/2026/04/12/cam221_20260412T181814Z.mp4
[tls @ 0x7f8085a07fc0] IO error: End of file
[https @ 0x7f8085a07f00] Error reading HTTP response: End of file
[tls @ 0x7f8085a08f80] IO error: End of file
[https @ 0x7f8085a08e80] Error reading HTTP response: End of file
[tls @ 0x7f8074f04200] IO error: End of file
[https @ 0x7f8074f06e80] Error reading HTTP response: End of file
[tls @ 0x7f8085a0cf00] IO error: End of file
[https @ 0x7f8085a29740] Error reading HTTP response: End of file
[tls @ 0x7f8085a36000] IO error: End of file
[https @ 0x7f8085b7ce00] Error reading HTTP response: End of file
[tls @ 0x7f8085b33e80] IO error: End of file
[https @ 0x7f8085b32a40] Error reading HTTP response: End of file
[tls @ 0x7f8085a0cf00] IO error: End of file
[https @ 0x7f8085a29740] Error reading HTTP response: End of file
[tls @ 0x7f8085b33e80] IO error: End of file
[https @ 0x7f8085b96380] Error reading HTTP response: End of file
[2026-04-12T14:18:58.239417] Saved clip /Users/Chen/PycharmProjects/CSCI_6234_Final/recordings/cam221/clips/2026/04/12/cam221_20260412T181814Z.mp4 (1489260 bytes)
[2026-04-12T14:18:58.750566] Starting 60-second capture -> /Users/Chen/PycharmProjects/CSCI_6234_Final/recordings/cam221/clips/2026/04/12/cam221_20260412T181858Z.mp4
[tls @ 0x7f8df910f900] IO error: End of file
[https @ 0x7f8df9117180] Error reading HTTP response: End of file
[tls @ 0x7f8de8704b40] IO error: End of file
[https @ 0x7f8de8704a00] Error reading HTTP response: End of file
[tls @ 0x7f8de877adc0] IO error: End of file
[https @ 0x7f8de8782380] Error reading HTTP response: End of file
[tls @ 0x7f8de87ad800] IO error: End of file
[https @ 0x7f8de87b0880] Error reading HTTP response: End of file
[tls @ 0x7f8df9250540] IO error: End of file
[https @ 0x7f8df9256c00] Error reading HTTP response: End of file
[tls @ 0x7f8de90087c0] IO error: End of file
[https @ 0x7f8de902e840] Error reading HTTP response: End of file
[tls @ 0x7f8de873d900] IO error: End of file
[https @ 0x7f8de872ab00] Error reading HTTP response: End of file
[2026-04-12T14:19:48.138967] Saved clip /Users/Chen/PycharmProjects/CSCI_6234_Final/recordings/cam221/clips/2026/04/12/cam221_20260412T181858Z.mp4 (1121184 bytes)
[2026-04-12T14:19:48.650224] Starting 60-second capture -> /Users/Chen/PycharmProjects/CSCI_6234_Final/recordings/cam221/clips/2026/04/12/cam221_20260412T181948Z.mp4
[tls @ 0x7ff62a305cc0] IO error: End of file
[https @ 0x7ff62a304800] Error reading HTTP response: End of file
[tls @ 0x7ff62a410c40] IO error: End of file
[https @ 0x7ff62a42c900] Error reading HTTP response: End of file
[tls @ 0x7ff62a33c0c0] IO error: End of file
[https @ 0x7ff62a3578c0] Error reading HTTP response: End of file
[tls @ 0x7ff62a41bf80] IO error: End of file
[https @ 0x7ff62a41d340] Error reading HTTP response: End of file
[tls @ 0x7ff62a209f00] IO error: End of file
[https @ 0x7ff62a204e80] Error reading HTTP response: End of file
[tls @ 0x7ff62a42fe00] IO error: End of file
[https @ 0x7ff62a43af40] Error reading HTTP response: End of file
[2026-04-12T14:20:27.253256] Saved clip /Users/Chen/PycharmProjects/CSCI_6234_Final/recordings/cam221/clips/2026/04/12/cam221_20260412T181948Z.mp4 (1155945 bytes)
[2026-04-12T14:20:27.763321] Starting 60-second capture -> /Users/Chen/PycharmProjects/CSCI_6234_Final/recordings/cam221/clips/2026/04/12/cam221_20260412T182027Z.mp4
[tls @ 0x7ff02d204680] IO error: End of file
[https @ 0x7ff02d204540] Error reading HTTP response: End of file
[tls @ 0x7ff02d317e40] IO error: End of file
[https @ 0x7ff02d3157c0] Error reading HTTP response: End of file
[tls @ 0x7ff02d258f80] IO error: End of file
[https @ 0x7ff02d24e100] Error reading HTTP response: End of file
[tls @ 0x7ff02d25aac0] IO error: End of file
[https @ 0x7ff02d24d600] Error reading HTTP response: End of file
[tls @ 0x7ff02d4342c0] IO error: End of file
[https @ 0x7ff02d420b80] Error reading HTTP response: End of file
[tls @ 0x7ff02d31ebc0] IO error: End of file
[https @ 0x7ff02d30bc40] Error reading HTTP response: End of file
[tls @ 0x7ff02d25aac0] IO error: End of file
[https @ 0x7ff02d215380] Error reading HTTP response: End of file
[tls @ 0x7ff02d44c400] IO error: End of file
[https @ 0x7ff02d405b80] Error reading HTTP response: End of file
[tls @ 0x7ff02d326e80] IO error: End of file
[https @ 0x7ff02d32c000] Error reading HTTP response: End of file
[2026-04-12T14:21:11.839994] Saved clip /Users/Chen/PycharmProjects/CSCI_6234_Final/recordings/cam221/clips/2026/04/12/cam221_20260412T182027Z.mp4 (1952173 bytes)
[2026-04-12T14:21:12.348857] Starting 60-second capture -> /Users/Chen/PycharmProjects/CSCI_6234_Final/recordings/cam221/clips/2026/04/12/cam221_20260412T182112Z.mp4
[tls @ 0x7f7add204680] IO error: End of file
[https @ 0x7f7add204540] Error reading HTTP response: End of file
[tls @ 0x7f7add058e40] IO error: End of file
[https @ 0x7f7add06b040] Error reading HTTP response: End of file
[tls @ 0x7f7add504280] IO error: End of file
[https @ 0x7f7add5040c0] Error reading HTTP response: End of file
[tls @ 0x7f7add207b40] IO error: End of file
[https @ 0x7f7add2128c0] Error reading HTTP response: End of file
[tls @ 0x7f7add2166c0] IO error: End of file
[https @ 0x7f7add22ebc0] Error reading HTTP response: End of file
[tls @ 0x7f7add207b00] IO error: End of file
[https @ 0x7f7add245680] Error reading HTTP response: End of file
[2026-04-12T14:21:54.274356] Saved clip /Users/Chen/PycharmProjects/CSCI_6234_Final/recordings/cam221/clips/2026/04/12/cam221_20260412T182112Z.mp4 (1296942 bytes)
[2026-04-12T14:21:54.783412] Starting 60-second capture -> /Users/Chen/PycharmProjects/CSCI_6234_Final/recordings/cam221/clips/2026/04/12/cam221_20260412T182154Z.mp4
[tls @ 0x7fd752f04380] IO error: End of file
[https @ 0x7fd752f04240] Error reading HTTP response: End of file
[tls @ 0x7fd752f04e00] IO error: End of file
[https @ 0x7fd752f1e080] Error reading HTTP response: End of file
[tls @ 0x7fd752f45d00] IO error: End of file
[https @ 0x7fd752f48e40] Error reading HTTP response: End of file
[tls @ 0x7fd752f17a80] IO error: End of file
[https @ 0x7fd763b3ac80] Error reading HTTP response: End of file
[tls @ 0x7fd763b0bdc0] IO error: End of file
[https @ 0x7fd763b0b400] Error reading HTTP response: End of file
[tls @ 0x7fd752f45d00] IO error: End of file
[https @ 0x7fd752f48e40] Error reading HTTP response: End of file
[2026-04-12T14:22:36.521177] Saved clip /Users/Chen/PycharmProjects/CSCI_6234_Final/recordings/cam221/clips/2026/04/12/cam221_20260412T182154Z.mp4 (1281126 bytes)
[2026-04-12T14:22:37.032806] Starting 60-second capture -> /Users/Chen/PycharmProjects/CSCI_6234_Final/recordings/cam221/clips/2026/04/12/cam221_20260412T182237Z.mp4
[tls @ 0x7fc17c704b40] IO error: End of file
[https @ 0x7fc17c704a00] Error reading HTTP response: End of file
[tls @ 0x7fc17c50ec40] IO error: End of file
[https @ 0x7fc17c51bc80] Error reading HTTP response: End of file
[tls @ 0x7fc17c73cf40] IO error: End of file
[https @ 0x7fc17c721d40] Error reading HTTP response: End of file
[tls @ 0x7fc17c50ec40] IO error: End of file
[https @ 0x7fc17c5519c0] Error reading HTTP response: End of file
[tls @ 0x7fc17c438040] IO error: End of file
[https @ 0x7fc17c438500] Error reading HTTP response: End of file
[tls @ 0x7fc17c713780] IO error: End of file
[https @ 0x7fc17c751440] Error reading HTTP response: End of file
[tls @ 0x7fc17c434100] IO error: End of file
[https @ 0x7fc17c436700] Error reading HTTP response: End of file
[2026-04-12T14:23:10.613431] Saved clip /Users/Chen/PycharmProjects/CSCI_6234_Final/recordings/cam221/clips/2026/04/12/cam221_20260412T182237Z.mp4 (1069290 bytes)
[2026-04-12T14:23:11.118154] Starting 60-second capture -> /Users/Chen/PycharmProjects/CSCI_6234_Final/recordings/cam221/clips/2026/04/12/cam221_20260412T182311Z.mp4
[tls @ 0x7feeb2e0cf80] IO error: End of file
[https @ 0x7feeb2e0cec0] Error reading HTTP response: End of file
[tls @ 0x7feeb2d27f80] IO error: End of file
[https @ 0x7feeb2d29280] Error reading HTTP response: End of file
[tls @ 0x7feeb2b24580] IO error: End of file
[https @ 0x7feeb2b557c0] Error reading HTTP response: End of file
[tls @ 0x7feeb2d21d00] IO error: End of file
[https @ 0x7feeb2d0f580] Error reading HTTP response: End of file
[tls @ 0x7feeb2b24580] IO error: End of file
[https @ 0x7feeb2b55ac0] Error reading HTTP response: End of file
[tls @ 0x7feeb2c0e600] IO error: End of file
[https @ 0x7feeb2c7eb40] Error reading HTTP response: End of file
[2026-04-12T14:23:52.737594] Saved clip /Users/Chen/PycharmProjects/CSCI_6234_Final/recordings/cam221/clips/2026/04/12/cam221_20260412T182311Z.mp4 (1782426 bytes)
[2026-04-12T14:23:53.244420] Starting 60-second capture -> /Users/Chen/PycharmProjects/CSCI_6234_Final/recordings/cam221/clips/2026/04/12/cam221_20260412T182353Z.mp4
[tls @ 0x7fec2b804380] IO error: End of file
[https @ 0x7fec2b804240] Error reading HTTP response: End of file
[tls @ 0x7fec2b90dfc0] IO error: End of file
[https @ 0x7fec2b90df00] Error reading HTTP response: End of file
[tls @ 0x7fec2b9214c0] IO error: End of file
[https @ 0x7fec2b913180] Error reading HTTP response: End of file
[tls @ 0x7fec2b905440] IO error: End of file
[https @ 0x7fec2b915580] Error reading HTTP response: End of file
[tls @ 0x7fec2ba38700] IO error: End of file
[https @ 0x7fec2ba54fc0] Error reading HTTP response: End of file
[tls @ 0x7fec2b906440] IO error: End of file
[https @ 0x7fec2b93a2c0] Error reading HTTP response: End of file
[2026-04-12T14:24:35.045928] Saved clip /Users/Chen/PycharmProjects/CSCI_6234_Final/recordings/cam221/clips/2026/04/12/cam221_20260412T182353Z.mp4 (1607286 bytes)
[2026-04-12T14:24:35.555910] Starting 60-second capture -> /Users/Chen/PycharmProjects/CSCI_6234_Final/recordings/cam221/clips/2026/04/12/cam221_20260412T182435Z.mp4
[tls @ 0x7ff28cf04680] IO error: End of file
[https @ 0x7ff28cf04540] Error reading HTTP response: End of file
[tls @ 0x7ff29dc25440] IO error: End of file
[https @ 0x7ff29dc37680] Error reading HTTP response: End of file
[tls @ 0x7ff28cf21840] IO error: End of file
[https @ 0x7ff28cf16940] Error reading HTTP response: End of file
[tls @ 0x7ff28cf55000] IO error: End of file
[https @ 0x7ff28cf51400] Error reading HTTP response: End of file
[tls @ 0x7ff28d823940] IO error: End of file
[https @ 0x7ff28d83a700] Error reading HTTP response: End of file
[tls @ 0x7ff29dc47540] IO error: End of file
[https @ 0x7ff29dc0d440] Error reading HTTP response: End of file
[tls @ 0x7ff28d823940] IO error: End of file
[https @ 0x7ff28cf5d080] Error reading HTTP response: End of file
[tls @ 0x7ff29dd648c0] IO error: End of file
[https @ 0x7ff29dd3b2c0] Error reading HTTP response: End of file
[tls @ 0x7ff28d815dc0] IO error: End of file
[https @ 0x7ff29dd40a80] Error reading HTTP response: End of file
[2026-04-12T14:25:20.013536] Saved clip /Users/Chen/PycharmProjects/CSCI_6234_Final/recordings/cam221/clips/2026/04/12/cam221_20260412T182435Z.mp4 (1507014 bytes)
[2026-04-12T14:25:20.524767] Starting 60-second capture -> /Users/Chen/PycharmProjects/CSCI_6234_Final/recordings/cam221/clips/2026/04/12/cam221_20260412T182520Z.mp4
[tls @ 0x7fb9bc807500] IO error: End of file
[https @ 0x7fb9bc807440] Error reading HTTP response: End of file
[tls @ 0x7fb9bc804b00] IO error: End of file
[https @ 0x7fb9bc804a00] Error reading HTTP response: End of file
[tls @ 0x7fb9bc929140] IO error: End of file
[https @ 0x7fb9bc92a480] Error reading HTTP response: End of file
[tls @ 0x7fb9cca44b80] IO error: End of file
[https @ 0x7fb9cca43040] Error reading HTTP response: End of file
[tls @ 0x7fb9bbf7a800] IO error: End of file
[https @ 0x7fb9bbf8ca00] Error reading HTTP response: End of file
[tls @ 0x7fb9cca44b80] IO error: End of file
[https @ 0x7fb9cca78540] Error reading HTTP response: End of file
[tls @ 0x7fb9bc9176c0] IO error: End of file
[https @ 0x7fb9bc959240] Error reading HTTP response: End of file
[2026-04-12T14:26:09.738344] Saved clip /Users/Chen/PycharmProjects/CSCI_6234_Final/recordings/cam221/clips/2026/04/12/cam221_20260412T182520Z.mp4 (1251389 bytes)
[2026-04-12T14:26:10.248145] Starting 60-second capture -> /Users/Chen/PycharmProjects/CSCI_6234_Final/recordings/cam221/clips/2026/04/12/cam221_20260412T182610Z.mp4
[tls @ 0x7f7822804380] IO error: End of file
[https @ 0x7f7822804240] Error reading HTTP response: End of file
[tls @ 0x7f7842b06340] IO error: End of file
[https @ 0x7f7842b06240] Error reading HTTP response: End of file
[tls @ 0x7f7842b0a580] IO error: End of file
[https @ 0x7f7842b4eb80] Error reading HTTP response: End of file
[tls @ 0x7f7842c38800] IO error: End of file
[https @ 0x7f7842c38740] Error reading HTTP response: End of file
[tls @ 0x7f7842b52780] IO error: End of file
[https @ 0x7f7842b16040] Error reading HTTP response: End of file
[tls @ 0x7f7842b80280] IO error: End of file
[https @ 0x7f7842c32880] Error reading HTTP response: End of file
[2026-04-12T14:26:51.921190] Saved clip /Users/Chen/PycharmProjects/CSCI_6234_Final/recordings/cam221/clips/2026/04/12/cam221_20260412T182610Z.mp4 (1500142 bytes)
[2026-04-12T14:26:52.431831] Starting 60-second capture -> /Users/Chen/PycharmProjects/CSCI_6234_Final/recordings/cam221/clips/2026/04/12/cam221_20260412T182652Z.mp4
[tls @ 0x7fe3d0f05100] IO error: End of file
[https @ 0x7fe3d0f04b80] Error reading HTTP response: End of file
[tls @ 0x7fe3d2011600] IO error: End of file
[https @ 0x7fe3e1d1fd00] Error reading HTTP response: End of file
[tls @ 0x7fe3e1e39640] IO error: End of file
[https @ 0x7fe3e1e3bc40] Error reading HTTP response: End of file
[tls @ 0x7fe3d0f606c0] IO error: End of file
[https @ 0x7fe3e1e16700] Error reading HTTP response: End of file
[tls @ 0x7fe3d0f3f980] IO error: End of file
[https @ 0x7fe3d0f40dc0] Error reading HTTP response: End of file
[tls @ 0x7fe3d205b400] IO error: End of file
[https @ 0x7fe3d2058dc0] Error reading HTTP response: End of file
[2026-04-12T14:27:34.037713] Saved clip /Users/Chen/PycharmProjects/CSCI_6234_Final/recordings/cam221/clips/2026/04/12/cam221_20260412T182652Z.mp4 (1061989 bytes)
[2026-04-12T14:27:34.549273] Starting 60-second capture -> /Users/Chen/PycharmProjects/CSCI_6234_Final/recordings/cam221/clips/2026/04/12/cam221_20260412T182734Z.mp4
[tls @ 0x7fce792042c0] IO error: End of file
[https @ 0x7fce79204180] Error reading HTTP response: End of file
[tls @ 0x7fce7910c3c0] IO error: End of file
[https @ 0x7fce791062c0] Error reading HTTP response: End of file
[tls @ 0x7fce6900c0c0] IO error: End of file
[https @ 0x7fce69029540] Error reading HTTP response: End of file
[tls @ 0x7fce68729c40] IO error: End of file
[https @ 0x7fce6873b440] Error reading HTTP response: End of file
[tls @ 0x7fce792571c0] IO error: End of file
[https @ 0x7fce79252bc0] Error reading HTTP response: End of file
[tls @ 0x7fce79208380] IO error: End of file
[https @ 0x7fce79207f00] Error reading HTTP response: End of file
[tls @ 0x7fce6905a600] IO error: End of file
[https @ 0x7fce69056dc0] Error reading HTTP response: End of file
[tls @ 0x7fce79256280] IO error: End of file
[https @ 0x7fce7917db40] Error reading HTTP response: End of file
[2026-04-12T14:28:19.429394] Saved clip /Users/Chen/PycharmProjects/CSCI_6234_Final/recordings/cam221/clips/2026/04/12/cam221_20260412T182734Z.mp4 (1418186 bytes)
[2026-04-12T14:28:19.938894] Starting 60-second capture -> /Users/Chen/PycharmProjects/CSCI_6234_Final/recordings/cam221/clips/2026/04/12/cam221_20260412T182819Z.mp4
[tls @ 0x7fab81004680] IO error: End of file
[https @ 0x7fab81004540] Error reading HTTP response: End of file
[tls @ 0x7fab8071ad80] IO error: End of file
[https @ 0x7fab807204c0] Error reading HTTP response: End of file
[tls @ 0x7fab81136540] IO error: End of file
[https @ 0x7fab81136240] Error reading HTTP response: End of file
[tls @ 0x7fab81137f00] IO error: End of file
[https @ 0x7fab81156700] Error reading HTTP response: End of file
[tls @ 0x7fab91362980] IO error: End of file
[https @ 0x7fab9135ed80] Error reading HTTP response: End of file
[tls @ 0x7fab9132f500] IO error: End of file
[https @ 0x7fab9133b4c0] Error reading HTTP response: End of file
[2026-04-12T14:29:02.401490] Saved clip /Users/Chen/PycharmProjects/CSCI_6234_Final/recordings/cam221/clips/2026/04/12/cam221_20260412T182819Z.mp4 (1579999 bytes)
[2026-04-12T14:29:02.913454] Starting 60-second capture -> /Users/Chen/PycharmProjects/CSCI_6234_Final/recordings/cam221/clips/2026/04/12/cam221_20260412T182902Z.mp4
[tls @ 0x7fe9ee811c00] IO error: End of file
[https @ 0x7fe9ee90b180] Error reading HTTP response: End of file
[tls @ 0x7fe9ff416e40] IO error: End of file
[https @ 0x7fe9ff412c00] Error reading HTTP response: End of file
[tls @ 0x7fe9ee944f40] IO error: End of file
[https @ 0x7fe9ee91bc40] Error reading HTTP response: End of file
[tls @ 0x7fe9ee913000] IO error: End of file
[https @ 0x7fe9ee912f40] Error reading HTTP response: End of file
[tls @ 0x7fe9ee82a4c0] IO error: End of file
[https @ 0x7fe9ee846d40] Error reading HTTP response: End of file
[tls @ 0x7fe9ee85e840] IO error: End of file
[https @ 0x7fe9ee854000] Error reading HTTP response: End of file
[2026-04-12T14:29:45.877162] Saved clip /Users/Chen/PycharmProjects/CSCI_6234_Final/recordings/cam221/clips/2026/04/12/cam221_20260412T182902Z.mp4 (1420349 bytes)
[2026-04-12T14:29:46.386259] Starting 60-second capture -> /Users/Chen/PycharmProjects/CSCI_6234_Final/recordings/cam221/clips/2026/04/12/cam221_20260412T182946Z.mp4
[tls @ 0x7f9a3d404680] IO error: End of file
[https @ 0x7f9a3d404580] Error reading HTTP response: End of file
[tls @ 0x7f9a2c711b80] IO error: End of file
[https @ 0x7f9a2c711ac0] Error reading HTTP response: End of file
[tls @ 0x7f9a3d525080] IO error: End of file
[https @ 0x7f9a3d5251c0] Error reading HTTP response: End of file
[tls @ 0x7f9a3d385e40] IO error: End of file
[https @ 0x7f9a3d31c340] Error reading HTTP response: End of file
[tls @ 0x7f9a3d422780] IO error: End of file
[https @ 0x7f9a3d40c9c0] Error reading HTTP response: End of file
[tls @ 0x7f9a3d41a300] IO error: End of file
[https @ 0x7f9a3d40d800] Error reading HTTP response: End of file
[tls @ 0x7f9a3d50cb00] IO error: End of file
[https @ 0x7f9a3d5251c0] Error reading HTTP response: End of file
[tls @ 0x7f9a2c777cc0] IO error: End of file
[https @ 0x7f9a2c77a000] Error reading HTTP response: End of file
[tls @ 0x7f9a3d513980] IO error: End of file
[https @ 0x7f9a3d50f0c0] Error reading HTTP response: End of file
[2026-04-12T14:30:30.138554] Saved clip /Users/Chen/PycharmProjects/CSCI_6234_Final/recordings/cam221/clips/2026/04/12/cam221_20260412T182946Z.mp4 (1515060 bytes)
[2026-04-12T14:30:30.650758] Starting 60-second capture -> /Users/Chen/PycharmProjects/CSCI_6234_Final/recordings/cam221/clips/2026/04/12/cam221_20260412T183030Z.mp4
[tls @ 0x7f92f07048c0] IO error: End of file
[https @ 0x7f92f0704800] Error reading HTTP response: End of file
[tls @ 0x7f92f1125540] IO error: End of file
[https @ 0x7f92f1121940] Error reading HTTP response: End of file
[tls @ 0x7f92f10249c0] IO error: End of file
[https @ 0x7f92f102f040] Error reading HTTP response: End of file
[tls @ 0x7f92f1121940] IO error: End of file
[https @ 0x7f92f11203c0] Error reading HTTP response: End of file
[tls @ 0x7f92f070fa80] IO error: End of file
[https @ 0x7f92f0704500] Error reading HTTP response: End of file
[tls @ 0x7f92f111f900] IO error: End of file
[https @ 0x7f92f1126f80] Error reading HTTP response: End of file
[2026-04-12T14:31:12.378805] Saved clip /Users/Chen/PycharmProjects/CSCI_6234_Final/recordings/cam221/clips/2026/04/12/cam221_20260412T183030Z.mp4 (2053188 bytes)
[2026-04-12T14:31:12.888139] Starting 60-second capture -> /Users/Chen/PycharmProjects/CSCI_6234_Final/recordings/cam221/clips/2026/04/12/cam221_20260412T183112Z.mp4
[tls @ 0x7fede8704680] IO error: End of file
[https @ 0x7fede8704540] Error reading HTTP response: End of file
[tls @ 0x7fede870c380] IO error: End of file
[https @ 0x7fede8712b80] Error reading HTTP response: End of file
[tls @ 0x7fedf9655dc0] IO error: End of file
[https @ 0x7fedf966b600] Error reading HTTP response: End of file
[tls @ 0x7fedf9652200] IO error: End of file
[https @ 0x7fedf962a9c0] Error reading HTTP response: End of file
[tls @ 0x7fede872ea80] IO error: End of file
[https @ 0x7fede8735d40] Error reading HTTP response: End of file
[tls @ 0x7fedf9652200] IO error: End of file
[https @ 0x7fedf966b600] Error reading HTTP response: End of file
[2026-04-12T14:31:54.375321] Saved clip /Users/Chen/PycharmProjects/CSCI_6234_Final/recordings/cam221/clips/2026/04/12/cam221_20260412T183112Z.mp4 (1805300 bytes)
[2026-04-12T14:31:54.886922] Starting 60-second capture -> /Users/Chen/PycharmProjects/CSCI_6234_Final/recordings/cam221/clips/2026/04/12/cam221_20260412T183154Z.mp4
[tls @ 0x7fc733604a80] IO error: End of file
[https @ 0x7fc733604940] Error reading HTTP response: End of file
[tls @ 0x7fc733605ac0] IO error: End of file
[https @ 0x7fc733605a00] Error reading HTTP response: End of file
[tls @ 0x7fc71307ba80] IO error: End of file
[https @ 0x7fc713057400] Error reading HTTP response: End of file
[tls @ 0x7fc712704140] IO error: End of file
[https @ 0x7fc712704080] Error reading HTTP response: End of file
[tls @ 0x7fc733605a00] IO error: End of file
[https @ 0x7fc73363d1c0] Error reading HTTP response: End of file
[tls @ 0x7fc7336387c0] IO error: End of file
[https @ 0x7fc733615b40] Error reading HTTP response: End of file
[tls @ 0x7fc71307ba80] IO error: End of file
[https @ 0x7fc713048a00] Error reading HTTP response: End of file
[tls @ 0x7fc733772340] IO error: End of file
[https @ 0x7fc733706bc0] Error reading HTTP response: End of file
[2026-04-12T14:32:39.027495] Saved clip /Users/Chen/PycharmProjects/CSCI_6234_Final/recordings/cam221/clips/2026/04/12/cam221_20260412T183154Z.mp4 (1480045 bytes)
[2026-04-12T14:32:39.540738] Starting 60-second capture -> /Users/Chen/PycharmProjects/CSCI_6234_Final/recordings/cam221/clips/2026/04/12/cam221_20260412T183239Z.mp4
[tls @ 0x7fb821704680] IO error: End of file
[https @ 0x7fb821704540] Error reading HTTP response: End of file
[tls @ 0x7fb822823cc0] IO error: End of file
[https @ 0x7fb822835ec0] Error reading HTTP response: End of file
[tls @ 0x7fb822877300] IO error: End of file
[https @ 0x7fb822889500] Error reading HTTP response: End of file
[tls @ 0x7fb821711fc0] IO error: End of file
[https @ 0x7fb821717bc0] Error reading HTTP response: End of file
[tls @ 0x7fb83211ba40] IO error: End of file
[https @ 0x7fb832107400] Error reading HTTP response: End of file
[tls @ 0x7fb8321072c0] IO error: End of file
[https @ 0x7fb83213a680] Error reading HTTP response: End of file
[tls @ 0x7fb821711fc0] IO error: End of file
[https @ 0x7fb821717bc0] Error reading HTTP response: End of file
[tls @ 0x7fb821738740] IO error: End of file
[https @ 0x7fb821734f00] Error reading HTTP response: End of file
[2026-04-12T14:33:23.182608] Saved clip /Users/Chen/PycharmProjects/CSCI_6234_Final/recordings/cam221/clips/2026/04/12/cam221_20260412T183239Z.mp4 (1492551 bytes)
[2026-04-12T14:33:23.695789] Starting 60-second capture -> /Users/Chen/PycharmProjects/CSCI_6234_Final/recordings/cam221/clips/2026/04/12/cam221_20260412T183323Z.mp4
[tls @ 0x7fe090804500] IO error: End of file
[https @ 0x7fe0908043c0] Error reading HTTP response: End of file
[tls @ 0x7fe087f04500] IO error: End of file
[https @ 0x7fe087f04440] Error reading HTTP response: End of file
[tls @ 0x7fe09096cc00] IO error: End of file
[https @ 0x7fe090968b40] Error reading HTTP response: End of file
[tls @ 0x7fe087f1fa80] IO error: End of file
[https @ 0x7fe087f31240] Error reading HTTP response: End of file
[tls @ 0x7fe090a81a00] IO error: End of file
[https @ 0x7fe090a50400] Error reading HTTP response: End of file
[tls @ 0x7fe090a65900] IO error: End of file
[https @ 0x7fe090a836c0] Error reading HTTP response: End of file
[2026-04-12T14:34:06.581542] Saved clip /Users/Chen/PycharmProjects/CSCI_6234_Final/recordings/cam221/clips/2026/04/12/cam221_20260412T183323Z.mp4 (1360424 bytes)
[2026-04-12T14:34:07.094087] Starting 60-second capture -> /Users/Chen/PycharmProjects/CSCI_6234_Final/recordings/cam221/clips/2026/04/12/cam221_20260412T183407Z.mp4
[tls @ 0x7f7a79709400] IO error: End of file
[https @ 0x7f7a79709300] Error reading HTTP response: End of file
[tls @ 0x7f7a7a4434c0] IO error: End of file
[https @ 0x7f7a7a413840] Error reading HTTP response: End of file
[tls @ 0x7f7a7a3049c0] IO error: End of file
[https @ 0x7f7a7a3048c0] Error reading HTTP response: End of file
[tls @ 0x7f7a7a41a240] IO error: End of file
[https @ 0x7f7a7a416680] Error reading HTTP response: End of file
[tls @ 0x7f7a7a4137c0] IO error: End of file
[https @ 0x7f7a7a41c780] Error reading HTTP response: End of file
[2026-04-12T14:34:45.605594] Saved clip /Users/Chen/PycharmProjects/CSCI_6234_Final/recordings/cam221/clips/2026/04/12/cam221_20260412T183407Z.mp4 (1334606 bytes)
[2026-04-12T14:34:46.115989] Starting 60-second capture -> /Users/Chen/PycharmProjects/CSCI_6234_Final/recordings/cam221/clips/2026/04/12/cam221_20260412T183446Z.mp4
[tls @ 0x7f974f004680] IO error: End of file
[https @ 0x7f974f004540] Error reading HTTP response: End of file
[tls @ 0x7f974f117640] IO error: End of file
[https @ 0x7f974f128200] Error reading HTTP response: End of file
[tls @ 0x7f975f816340] IO error: End of file
[https @ 0x7f975f810d40] Error reading HTTP response: End of file
[tls @ 0x7f974e736280] IO error: End of file
[https @ 0x7f974e744600] Error reading HTTP response: End of file
[tls @ 0x7f975f850900] IO error: End of file
[https @ 0x7f975f809f00] Error reading HTTP response: End of file
[tls @ 0x7f974f048b40] IO error: End of file
[https @ 0x7f974f03ddc0] Error reading HTTP response: End of file
[tls @ 0x7f974f004cc0] IO error: End of file
[https @ 0x7f974f004c00] Error reading HTTP response: End of file
[2026-04-12T14:35:30.297819] Saved clip /Users/Chen/PycharmProjects/CSCI_6234_Final/recordings/cam221/clips/2026/04/12/cam221_20260412T183446Z.mp4 (1326850 bytes)
[2026-04-12T14:35:30.810408] Starting 60-second capture -> /Users/Chen/PycharmProjects/CSCI_6234_Final/recordings/cam221/clips/2026/04/12/cam221_20260412T183530Z.mp4
[tls @ 0x7fe096704800] IO error: End of file
[https @ 0x7fe0967046c0] Error reading HTTP response: End of file
[tls @ 0x7fe09670b380] IO error: End of file
[https @ 0x7fe09670b2c0] Error reading HTTP response: End of file
[tls @ 0x7fe0967191c0] IO error: End of file
[https @ 0x7fe096721c40] Error reading HTTP response: End of file
[tls @ 0x7fe0878091c0] IO error: End of file
[https @ 0x7fe08780b340] Error reading HTTP response: End of file
[tls @ 0x7fe09673d9c0] IO error: End of file
[https @ 0x7fe096740a40] Error reading HTTP response: End of file
[tls @ 0x7fe09675a000] IO error: End of file
[https @ 0x7fe09676c200] Error reading HTTP response: End of file
[2026-04-12T14:36:12.694148] Saved clip /Users/Chen/PycharmProjects/CSCI_6234_Final/recordings/cam221/clips/2026/04/12/cam221_20260412T183530Z.mp4 (1859802 bytes)
[2026-04-12T14:36:13.206087] Starting 60-second capture -> /Users/Chen/PycharmProjects/CSCI_6234_Final/recordings/cam221/clips/2026/04/12/cam221_20260412T183613Z.mp4
[tls @ 0x7fee0ea04680] IO error: End of file
[https @ 0x7fee0ea04540] Error reading HTTP response: End of file
[tls @ 0x7fee0eb7f640] IO error: End of file
[https @ 0x7fee0eb91880] Error reading HTTP response: End of file
[tls @ 0x7fee0ec07040] IO error: End of file
[https @ 0x7fee0ec06f80] Error reading HTTP response: End of file
[tls @ 0x7fee0ec1a540] IO error: End of file
[https @ 0x7fee0ec05f40] Error reading HTTP response: End of file
[tls @ 0x7fee0eb99400] IO error: End of file
[https @ 0x7fee0eb06640] Error reading HTTP response: End of file
[2026-04-12T14:36:54.711250] Saved clip /Users/Chen/PycharmProjects/CSCI_6234_Final/recordings/cam221/clips/2026/04/12/cam221_20260412T183613Z.mp4 (1097070 bytes)
[2026-04-12T14:36:55.225573] Starting 60-second capture -> /Users/Chen/PycharmProjects/CSCI_6234_Final/recordings/cam221/clips/2026/04/12/cam221_20260412T183655Z.mp4
[tls @ 0x7fe971305580] IO error: End of file
[https @ 0x7fe971305440] Error reading HTTP response: End of file
[tls @ 0x7fe971629dc0] IO error: End of file
[https @ 0x7fe97162b7c0] Error reading HTTP response: End of file
[tls @ 0x7fe971409200] IO error: End of file
[https @ 0x7fe97140df00] Error reading HTTP response: End of file
[tls @ 0x7fe971447380] IO error: End of file
[https @ 0x7fe9714593c0] Error reading HTTP response: End of file
[tls @ 0x7fe97151cac0] IO error: End of file
[https @ 0x7fe97154f6c0] Error reading HTTP response: End of file
[tls @ 0x7fe971518700] IO error: End of file
[https @ 0x7fe97150ad00] Error reading HTTP response: End of file
[tls @ 0x7fe97151cac0] IO error: End of file
[https @ 0x7fe9715398c0] Error reading HTTP response: End of file
[2026-04-12T14:37:38.720506] Saved clip /Users/Chen/PycharmProjects/CSCI_6234_Final/recordings/cam221/clips/2026/04/12/cam221_20260412T183655Z.mp4 (1591712 bytes)
[2026-04-12T14:37:39.233176] Starting 60-second capture -> /Users/Chen/PycharmProjects/CSCI_6234_Final/recordings/cam221/clips/2026/04/12/cam221_20260412T183739Z.mp4
[tls @ 0x7fce59206500] IO error: End of file
[https @ 0x7fce59214d40] Error reading HTTP response: End of file
[tls @ 0x7fce593047c0] IO error: End of file
[https @ 0x7fce59304300] Error reading HTTP response: End of file
[tls @ 0x7fce59309dc0] IO error: End of file
[https @ 0x7fce5934efc0] Error reading HTTP response: End of file
[tls @ 0x7fce5925a600] IO error: End of file
[https @ 0x7fce59222b40] Error reading HTTP response: End of file
[tls @ 0x7fce49807140] IO error: End of file
[https @ 0x7fce4980b640] Error reading HTTP response: End of file
[tls @ 0x7fce4981ed40] IO error: End of file
[https @ 0x7fce4981f180] Error reading HTTP response: End of file
[tls @ 0x7fce593080c0] IO error: End of file
[https @ 0x7fce5930a400] Error reading HTTP response: End of file
[2026-04-12T14:38:28.681299] Saved clip /Users/Chen/PycharmProjects/CSCI_6234_Final/recordings/cam221/clips/2026/04/12/cam221_20260412T183739Z.mp4 (1526652 bytes)
[2026-04-12T14:38:29.193704] Starting 60-second capture -> /Users/Chen/PycharmProjects/CSCI_6234_Final/recordings/cam221/clips/2026/04/12/cam221_20260412T183829Z.mp4
[tls @ 0x7fc742204d80] IO error: End of file
[https @ 0x7fc742205840] Error reading HTTP response: End of file
[tls @ 0x7fc742215f80] IO error: End of file
[https @ 0x7fc742219480] Error reading HTTP response: End of file
[tls @ 0x7fc742211800] IO error: End of file
[https @ 0x7fc742218980] Error reading HTTP response: End of file
[tls @ 0x7fc74241ddc0] IO error: End of file
[https @ 0x7fc7424081c0] Error reading HTTP response: End of file
[tls @ 0x7fc742243200] IO error: End of file
[https @ 0x7fc742243400] Error reading HTTP response: End of file
[tls @ 0x7fc74221eb00] IO error: End of file
[https @ 0x7fc74221ea40] Error reading HTTP response: End of file
[2026-04-12T14:39:07.733007] Saved clip /Users/Chen/PycharmProjects/CSCI_6234_Final/recordings/cam221/clips/2026/04/12/cam221_20260412T183829Z.mp4 (1363100 bytes)
[2026-04-12T14:39:08.244806] Starting 60-second capture -> /Users/Chen/PycharmProjects/CSCI_6234_Final/recordings/cam221/clips/2026/04/12/cam221_20260412T183908Z.mp4
[tls @ 0x7fae76704280] IO error: End of file
[https @ 0x7fae767040c0] Error reading HTTP response: End of file
[tls @ 0x7fae7701e500] IO error: End of file
[https @ 0x7fae7702d240] Error reading HTTP response: End of file
[tls @ 0x7fae76708e40] IO error: End of file
[https @ 0x7fae76708d00] Error reading HTTP response: End of file
[tls @ 0x7fae77249e00] IO error: End of file
[https @ 0x7fae7723f240] Error reading HTTP response: End of file
[tls @ 0x7fae77164240] IO error: End of file
[https @ 0x7fae7715b280] Error reading HTTP response: End of file
[tls @ 0x7fae77026980] IO error: End of file
[https @ 0x7fae77030080] Error reading HTTP response: End of file
[2026-04-12T14:39:42.483873] Saved clip /Users/Chen/PycharmProjects/CSCI_6234_Final/recordings/cam221/clips/2026/04/12/cam221_20260412T183908Z.mp4 (1353931 bytes)
[2026-04-12T14:39:42.995264] Starting 60-second capture -> /Users/Chen/PycharmProjects/CSCI_6234_Final/recordings/cam221/clips/2026/04/12/cam221_20260412T183942Z.mp4
[tls @ 0x7f97a6405580] IO error: End of file
[https @ 0x7f97a6405440] Error reading HTTP response: End of file
[tls @ 0x7f9795749980] IO error: End of file
[https @ 0x7f979573a240] Error reading HTTP response: End of file
[tls @ 0x7f97a620a640] IO error: End of file
[https @ 0x7f97a620bcc0] Error reading HTTP response: End of file
[tls @ 0x7f9795749980] IO error: End of file
[https @ 0x7f979573a300] Error reading HTTP response: End of file
[tls @ 0x7f97a6253300] IO error: End of file
[https @ 0x7f97a6275000] Error reading HTTP response: End of file
[2026-04-12T14:40:24.680080] Saved clip /Users/Chen/PycharmProjects/CSCI_6234_Final/recordings/cam221/clips/2026/04/12/cam221_20260412T183942Z.mp4 (2011689 bytes)
[2026-04-12T14:40:25.191965] Starting 60-second capture -> /Users/Chen/PycharmProjects/CSCI_6234_Final/recordings/cam221/clips/2026/04/12/cam221_20260412T184025Z.mp4
[tls @ 0x7f86de204680] IO error: End of file
[https @ 0x7f86de204540] Error reading HTTP response: End of file
[tls @ 0x7f86de40e080] IO error: End of file
[https @ 0x7f86de40dfc0] Error reading HTTP response: End of file
[tls @ 0x7f86de326cc0] IO error: End of file
[https @ 0x7f86de254740] Error reading HTTP response: End of file
[tls @ 0x7f86de462a00] IO error: End of file
[https @ 0x7f86de46a240] Error reading HTTP response: End of file
[tls @ 0x7f86de25a9c0] IO error: End of file
[https @ 0x7f86de277ec0] Error reading HTTP response: End of file
[tls @ 0x7f86de482940] IO error: End of file
[https @ 0x7f86de405a40] Error reading HTTP response: End of file
[2026-04-12T14:41:06.245321] Saved clip /Users/Chen/PycharmProjects/CSCI_6234_Final/recordings/cam221/clips/2026/04/12/cam221_20260412T184025Z.mp4 (1233761 bytes)
[2026-04-12T14:41:06.754899] Starting 60-second capture -> /Users/Chen/PycharmProjects/CSCI_6234_Final/recordings/cam221/clips/2026/04/12/cam221_20260412T184106Z.mp4
[tls @ 0x7fa55c204500] IO error: End of file
[https @ 0x7fa55c2043c0] Error reading HTTP response: End of file
[tls @ 0x7fa55c30b040] IO error: End of file
[https @ 0x7fa55c30acc0] Error reading HTTP response: End of file
[tls @ 0x7fa55c31ecc0] IO error: End of file
[https @ 0x7fa5590641c0] Error reading HTTP response: End of file
[tls @ 0x7fa55c266440] IO error: End of file
[https @ 0x7fa55c248280] Error reading HTTP response: End of file
[tls @ 0x7fa55902d280] IO error: End of file
[https @ 0x7fa559048bc0] Error reading HTTP response: End of file
[tls @ 0x7fa55c10cbc0] IO error: End of file
[https @ 0x7fa55c143800] Error reading HTTP response: End of file
[tls @ 0x7fa559068480] IO error: End of file
[https @ 0x7fa5590641c0] Error reading HTTP response: End of file
[tls @ 0x7fa559011100] IO error: End of file
[https @ 0x7fa55902b900] Error reading HTTP response: End of file
[tls @ 0x7fa559032ac0] IO error: End of file
[https @ 0x7fa559044d00] Error reading HTTP response: End of file
[2026-04-12T14:41:50.922074] Saved clip /Users/Chen/PycharmProjects/CSCI_6234_Final/recordings/cam221/clips/2026/04/12/cam221_20260412T184106Z.mp4 (1134617 bytes)
[2026-04-12T14:41:51.441309] Starting 60-second capture -> /Users/Chen/PycharmProjects/CSCI_6234_Final/recordings/cam221/clips/2026/04/12/cam221_20260412T184151Z.mp4
[tls @ 0x7ff046b04900] IO error: End of file
[https @ 0x7ff046b043c0] Error reading HTTP response: End of file
[tls @ 0x7ff036804b00] IO error: End of file
[https @ 0x7ff0368042c0] Error reading HTTP response: End of file
[tls @ 0x7ff046b13a80] IO error: End of file
[https @ 0x7ff046b20280] Error reading HTTP response: End of file
[tls @ 0x7ff046c15300] IO error: End of file
[https @ 0x7ff046c477c0] Error reading HTTP response: End of file
[tls @ 0x7ff035f1d100] IO error: End of file
[https @ 0x7ff035f62d80] Error reading HTTP response: End of file
[tls @ 0x7ff036855640] IO error: End of file
[https @ 0x7ff036807ec0] Error reading HTTP response: End of file
[2026-04-12T14:42:33.139390] Saved clip /Users/Chen/PycharmProjects/CSCI_6234_Final/recordings/cam221/clips/2026/04/12/cam221_20260412T184151Z.mp4 (1195657 bytes)
[2026-04-12T14:42:33.653164] Starting 60-second capture -> /Users/Chen/PycharmProjects/CSCI_6234_Final/recordings/cam221/clips/2026/04/12/cam221_20260412T184233Z.mp4
[tls @ 0x7fd176f04500] IO error: End of file
[https @ 0x7fd176f04400] Error reading HTTP response: End of file
[tls @ 0x7fd180110ac0] IO error: End of file
[https @ 0x7fd18011fe80] Error reading HTTP response: End of file
[tls @ 0x7fd180209480] IO error: End of file
[https @ 0x7fd1802093c0] Error reading HTTP response: End of file
[tls @ 0x7fd18020ad00] IO error: End of file
[https @ 0x7fd180209200] Error reading HTTP response: End of file
[tls @ 0x7fd18020adc0] IO error: End of file
[https @ 0x7fd180216f00] Error reading HTTP response: End of file
[tls @ 0x7fd176f1ca80] IO error: End of file
[https @ 0x7fd176f33a80] Error reading HTTP response: End of file
[2026-04-12T14:43:15.206887] Saved clip /Users/Chen/PycharmProjects/CSCI_6234_Final/recordings/cam221/clips/2026/04/12/cam221_20260412T184233Z.mp4 (1262682 bytes)
[2026-04-12T14:43:15.715885] Starting 60-second capture -> /Users/Chen/PycharmProjects/CSCI_6234_Final/recordings/cam221/clips/2026/04/12/cam221_20260412T184315Z.mp4
[tls @ 0x7fde07904380] IO error: End of file
[https @ 0x7fde07904240] Error reading HTTP response: End of file
[tls @ 0x7fde07807dc0] IO error: End of file
[https @ 0x7fde07807cc0] Error reading HTTP response: End of file
[tls @ 0x7fde07a7c100] IO error: End of file
[https @ 0x7fde07a8e300] Error reading HTTP response: End of file
[tls @ 0x7fde06f08b00] IO error: End of file
[https @ 0x7fde06f08a40] Error reading HTTP response: End of file
[tls @ 0x7fde07a7c100] IO error: End of file
[https @ 0x7fde07a78500] Error reading HTTP response: End of file
[tls @ 0x7fde06f266c0] IO error: End of file
[https @ 0x7fde06f428c0] Error reading HTTP response: End of file
[tls @ 0x7fde07804ec0] IO error: End of file
[https @ 0x7fde07857500] Error reading HTTP response: End of file
[tls @ 0x7fde07a1be40] IO error: End of file
[https @ 0x7fde07a44980] Error reading HTTP response: End of file
[2026-04-12T14:43:59.447282] Saved clip /Users/Chen/PycharmProjects/CSCI_6234_Final/recordings/cam221/clips/2026/04/12/cam221_20260412T184315Z.mp4 (1225792 bytes)
[2026-04-12T14:43:59.969627] Starting 60-second capture -> /Users/Chen/PycharmProjects/CSCI_6234_Final/recordings/cam221/clips/2026/04/12/cam221_20260412T184359Z.mp4
[tls @ 0x7fb41e707f40] IO error: End of file
[https @ 0x7fb41f10f8c0] Error reading HTTP response: End of file
[tls @ 0x7fb41e709500] IO error: End of file
[https @ 0x7fb41e709440] Error reading HTTP response: End of file
[tls @ 0x7fb41f129f80] IO error: End of file
[https @ 0x7fb41f124b00] Error reading HTTP response: End of file
[tls @ 0x7fb41e744dc0] IO error: End of file
[https @ 0x7fb41e740ac0] Error reading HTTP response: End of file
[tls @ 0x7fb41e713c00] IO error: End of file
[https @ 0x7fb41e70c7c0] Error reading HTTP response: End of file
[tls @ 0x7fb42f266d80] IO error: End of file
[https @ 0x7fb42f268700] Error reading HTTP response: End of file
[tls @ 0x7fb42f247e80] IO error: End of file
[https @ 0x7fb41e79b4c0] Error reading HTTP response: End of file
[tls @ 0x7fb41f116700] IO error: End of file
[https @ 0x7fb41f118600] Error reading HTTP response: End of file
[2026-04-12T14:44:44.252695] Saved clip /Users/Chen/PycharmProjects/CSCI_6234_Final/recordings/cam221/clips/2026/04/12/cam221_20260412T184359Z.mp4 (1158667 bytes)
[2026-04-12T14:44:44.767209] Starting 60-second capture -> /Users/Chen/PycharmProjects/CSCI_6234_Final/recordings/cam221/clips/2026/04/12/cam221_20260412T184444Z.mp4
[tls @ 0x7fa38b204800] IO error: End of file
[https @ 0x7fa38b204740] Error reading HTTP response: End of file
[tls @ 0x7fa38b209b00] IO error: End of file
[https @ 0x7fa38b215280] Error reading HTTP response: End of file
[tls @ 0x7fa37b8122c0] IO error: End of file
[https @ 0x7fa37b823680] Error reading HTTP response: End of file
[tls @ 0x7fa37a709a40] IO error: End of file
[https @ 0x7fa37a7242c0] Error reading HTTP response: End of file
[tls @ 0x7fa38b215280] IO error: End of file
[https @ 0x7fa38b21d9c0] Error reading HTTP response: End of file
[tls @ 0x7fa38b30af40] IO error: End of file
[https @ 0x7fa38b30ae80] Error reading HTTP response: End of file
[2026-04-12T14:45:26.513752] Saved clip /Users/Chen/PycharmProjects/CSCI_6234_Final/recordings/cam221/clips/2026/04/12/cam221_20260412T184444Z.mp4 (1099624 bytes)
[2026-04-12T14:45:27.030426] Starting 60-second capture -> /Users/Chen/PycharmProjects/CSCI_6234_Final/recordings/cam221/clips/2026/04/12/cam221_20260412T184527Z.mp4
[tls @ 0x7fc7a8805c80] IO error: End of file
[https @ 0x7fc7a8805b40] Error reading HTTP response: End of file
[tls @ 0x7fc79ff06480] IO error: End of file
[https @ 0x7fc79ff063c0] Error reading HTTP response: End of file
[tls @ 0x7fc79ff1d8c0] IO error: End of file
[https @ 0x7fc79ff055c0] Error reading HTTP response: End of file
[tls @ 0x7fc798892340] IO error: End of file
[https @ 0x7fc79888e780] Error reading HTTP response: End of file
[tls @ 0x7fc78ff2e480] IO error: End of file
[https @ 0x7fc78ff5df40] Error reading HTTP response: End of file
[tls @ 0x7fc79ff1d8c0] IO error: End of file
[https @ 0x7fc79ff06900] Error reading HTTP response: End of file
[tls @ 0x7fc7988461c0] IO error: End of file
[https @ 0x7fc798858400] Error reading HTTP response: End of file
[2026-04-12T14:46:00.308557] Saved clip /Users/Chen/PycharmProjects/CSCI_6234_Final/recordings/cam221/clips/2026/04/12/cam221_20260412T184527Z.mp4 (1257095 bytes)
[2026-04-12T14:46:00.822422] Starting 60-second capture -> /Users/Chen/PycharmProjects/CSCI_6234_Final/recordings/cam221/clips/2026/04/12/cam221_20260412T184600Z.mp4
[tls @ 0x7f7b74204680] IO error: End of file
[https @ 0x7f7b74204540] Error reading HTTP response: End of file
[tls @ 0x7f7b743042c0] IO error: End of file
[https @ 0x7f7b74304200] Error reading HTTP response: End of file
[tls @ 0x7f7b74309bc0] IO error: End of file
[https @ 0x7f7b7430cc40] Error reading HTTP response: End of file
[tls @ 0x7f7b74419000] IO error: End of file
[https @ 0x7f7b74417400] Error reading HTTP response: End of file
[tls @ 0x7f7b7423f380] IO error: End of file
[https @ 0x7f7b7423ecc0] Error reading HTTP response: End of file
[tls @ 0x7f7b74305b00] IO error: End of file
[https @ 0x7f7b74338500] Error reading HTTP response: End of file
[2026-04-12T14:46:42.816441] Saved clip /Users/Chen/PycharmProjects/CSCI_6234_Final/recordings/cam221/clips/2026/04/12/cam221_20260412T184600Z.mp4 (1237556 bytes)
[2026-04-12T14:46:43.330277] Starting 60-second capture -> /Users/Chen/PycharmProjects/CSCI_6234_Final/recordings/cam221/clips/2026/04/12/cam221_20260412T184643Z.mp4
[tls @ 0x7fafa5a04340] IO error: End of file
[https @ 0x7fafa5a04200] Error reading HTTP response: End of file
[tls @ 0x7fafa5a31100] IO error: End of file
[https @ 0x7fafa5a42940] Error reading HTTP response: End of file
[tls @ 0x7fafa5b13b00] IO error: End of file
[https @ 0x7fafa5b132c0] Error reading HTTP response: End of file
[tls @ 0x7fafa5b49440] IO error: End of file
[https @ 0x7fafa5b5b640] Error reading HTTP response: End of file
[tls @ 0x7fafa590d380] IO error: End of file
[https @ 0x7fafa59191c0] Error reading HTTP response: End of file
[tls @ 0x7fafa5a6b380] IO error: End of file
[https @ 0x7fafa5a9b800] Error reading HTTP response: End of file
[2026-04-12T14:47:25.342098] Saved clip /Users/Chen/PycharmProjects/CSCI_6234_Final/recordings/cam221/clips/2026/04/12/cam221_20260412T184643Z.mp4 (1116342 bytes)
[2026-04-12T14:47:25.857252] Starting 60-second capture -> /Users/Chen/PycharmProjects/CSCI_6234_Final/recordings/cam221/clips/2026/04/12/cam221_20260412T184725Z.mp4
[tls @ 0x7fe9fc804680] IO error: End of file
[https @ 0x7fe9fc804540] Error reading HTTP response: End of file
[tls @ 0x7fea0ca61600] IO error: End of file
[https @ 0x7fea0ca6f400] Error reading HTTP response: End of file
[tls @ 0x7fe9fbf086c0] IO error: End of file
[https @ 0x7fe9fbf08600] Error reading HTTP response: End of file
[tls @ 0x7fe9fc826f00] IO error: End of file
[https @ 0x7fe9fc853c80] Error reading HTTP response: End of file
[tls @ 0x7fe9fc841a80] IO error: End of file
[https @ 0x7fe9fc83de80] Error reading HTTP response: End of file
[tls @ 0x7fea0cb70700] IO error: End of file
[https @ 0x7fea0cb82900] Error reading HTTP response: End of file
[tls @ 0x7fe9fbf0e5c0] IO error: End of file
[https @ 0x7fe9fbf0a900] Error reading HTTP response: End of file
[2026-04-12T14:48:09.868543] Saved clip /Users/Chen/PycharmProjects/CSCI_6234_Final/recordings/cam221/clips/2026/04/12/cam221_20260412T184725Z.mp4 (1347803 bytes)
[2026-04-12T14:48:10.384772] Starting 60-second capture -> /Users/Chen/PycharmProjects/CSCI_6234_Final/recordings/cam221/clips/2026/04/12/cam221_20260412T184810Z.mp4
[tls @ 0x7fae72804680] IO error: End of file
[https @ 0x7fae72804540] Error reading HTTP response: End of file
[tls @ 0x7fae72805a00] IO error: End of file
[https @ 0x7fae72805940] Error reading HTTP response: End of file
[tls @ 0x7fae82b0a880] IO error: End of file
[https @ 0x7fae82b05680] Error reading HTTP response: End of file
[tls @ 0x7fae7280e2c0] IO error: End of file
[https @ 0x7fae7280c700] Error reading HTTP response: End of file
[tls @ 0x7fae72827580] IO error: End of file
[https @ 0x7fae728288c0] Error reading HTTP response: End of file
[tls @ 0x7fae71f64840] IO error: End of file
[https @ 0x7fae71faeac0] Error reading HTTP response: End of file
[tls @ 0x7fae82b0cbc0] IO error: End of file
[https @ 0x7fae82b08400] Error reading HTTP response: End of file
[tls @ 0x7fae71faeac0] IO error: End of file
[https @ 0x7fae71fbfa00] Error reading HTTP response: End of file
[2026-04-12T14:48:54.353634] Saved clip /Users/Chen/PycharmProjects/CSCI_6234_Final/recordings/cam221/clips/2026/04/12/cam221_20260412T184810Z.mp4 (1189116 bytes)
[2026-04-12T14:48:54.861404] Starting 60-second capture -> /Users/Chen/PycharmProjects/CSCI_6234_Final/recordings/cam221/clips/2026/04/12/cam221_20260412T184854Z.mp4
[tls @ 0x7fd7bf705e00] IO error: End of file
[https @ 0x7fd7bf705cc0] Error reading HTTP response: End of file
[tls @ 0x7fd7bf73d940] IO error: End of file
[https @ 0x7fd7bf74a180] Error reading HTTP response: End of file
[tls @ 0x7fd7b805fec0] IO error: End of file
[https @ 0x7fd7b8056ec0] Error reading HTTP response: End of file
[tls @ 0x7fd7af726180] IO error: End of file
[https @ 0x7fd7af7197c0] Error reading HTTP response: End of file
[tls @ 0x7fd7b8108b80] IO error: End of file
[https @ 0x7fd7b8108800] Error reading HTTP response: End of file
[2026-04-12T14:49:36.439705] Saved clip /Users/Chen/PycharmProjects/CSCI_6234_Final/recordings/cam221/clips/2026/04/12/cam221_20260412T184854Z.mp4 (1197011 bytes)
[2026-04-12T14:49:36.953379] Starting 60-second capture -> /Users/Chen/PycharmProjects/CSCI_6234_Final/recordings/cam221/clips/2026/04/12/cam221_20260412T184936Z.mp4
[tls @ 0x7fd1e5f04680] IO error: End of file
[https @ 0x7fd1e5f04540] Error reading HTTP response: End of file
[tls @ 0x7fd1e5f0ae00] IO error: End of file
[https @ 0x7fd1e5f1f980] Error reading HTTP response: End of file
[tls @ 0x7fd1e6918bc0] IO error: End of file
[https @ 0x7fd1e691de80] Error reading HTTP response: End of file
[tls @ 0x7fd1f6a6c6c0] IO error: End of file
[https @ 0x7fd1f6a7e900] Error reading HTTP response: End of file
[tls @ 0x7fd1e6830700] IO error: End of file
[https @ 0x7fd1e68151c0] Error reading HTTP response: End of file
[tls @ 0x7fd1e691f540] IO error: End of file
[https @ 0x7fd1e691f480] Error reading HTTP response: End of file
[2026-04-12T14:50:10.438435] Saved clip /Users/Chen/PycharmProjects/CSCI_6234_Final/recordings/cam221/clips/2026/04/12/cam221_20260412T184936Z.mp4 (1522573 bytes)
[2026-04-12T14:50:10.951930] Starting 60-second capture -> /Users/Chen/PycharmProjects/CSCI_6234_Final/recordings/cam221/clips/2026/04/12/cam221_20260412T185010Z.mp4
[tls @ 0x7f9529a04680] IO error: End of file
[https @ 0x7f9529a04540] Error reading HTTP response: End of file
[tls @ 0x7f9529c0f880] IO error: End of file
[https @ 0x7f9529c2d740] Error reading HTTP response: End of file
[tls @ 0x7f9529b32b00] IO error: End of file
[https @ 0x7f9529b44d00] Error reading HTTP response: End of file
[tls @ 0x7f9529d166c0] IO error: End of file
[https @ 0x7f9529d0d140] Error reading HTTP response: End of file
[tls @ 0x7f9529b1bcc0] IO error: End of file
[https @ 0x7f9529b3be80] Error reading HTTP response: End of file
[tls @ 0x7f9529c34b80] IO error: End of file
[https @ 0x7f9529c34ac0] Error reading HTTP response: End of file
[tls @ 0x7f9529d1b1c0] IO error: End of file
[https @ 0x7f9529d1cb00] Error reading HTTP response: End of file
[2026-04-12T14:50:54.657590] Saved clip /Users/Chen/PycharmProjects/CSCI_6234_Final/recordings/cam221/clips/2026/04/12/cam221_20260412T185010Z.mp4 (1699763 bytes)
[2026-04-12T14:50:55.169369] Starting 60-second capture -> /Users/Chen/PycharmProjects/CSCI_6234_Final/recordings/cam221/clips/2026/04/12/cam221_20260412T185055Z.mp4
[tls @ 0x7fbc63e04800] IO error: End of file
[https @ 0x7fbc63e046c0] Error reading HTTP response: End of file
[tls @ 0x7fbc63e04fc0] IO error: End of file
[https @ 0x7fbc63e04f00] Error reading HTTP response: End of file
[tls @ 0x7fbc63e0d0c0] IO error: End of file
[https @ 0x7fbc63e08ec0] Error reading HTTP response: End of file
[tls @ 0x7fbc63c29200] IO error: End of file
[https @ 0x7fbc63c049c0] Error reading HTTP response: End of file
[tls @ 0x7fbc63c6e780] IO error: End of file
[https @ 0x7fbc63c80980] Error reading HTTP response: End of file
[tls @ 0x7fbc63e14000] IO error: End of file
[https @ 0x7fbc63e3b380] Error reading HTTP response: End of file
[2026-04-12T14:51:36.997708] Saved clip /Users/Chen/PycharmProjects/CSCI_6234_Final/recordings/cam221/clips/2026/04/12/cam221_20260412T185055Z.mp4 (1909214 bytes)
[2026-04-12T14:51:37.505737] Starting 60-second capture -> /Users/Chen/PycharmProjects/CSCI_6234_Final/recordings/cam221/clips/2026/04/12/cam221_20260412T185137Z.mp4
[tls @ 0x7fc324104e00] IO error: End of file
[https @ 0x7fc324104900] Error reading HTTP response: End of file
[tls @ 0x7fc313711b80] IO error: End of file
[https @ 0x7fc324206380] Error reading HTTP response: End of file
[tls @ 0x7fc32421dd80] IO error: End of file
[https @ 0x7fc32420c840] Error reading HTTP response: End of file
[tls @ 0x7fc324122ec0] IO error: End of file
[https @ 0x7fc324117000] Error reading HTTP response: End of file
[tls @ 0x7fc31372da80] IO error: End of file
[https @ 0x7fc313743a00] Error reading HTTP response: End of file
[tls @ 0x7fc324122ec0] IO error: End of file
[https @ 0x7fc32411c500] Error reading HTTP response: End of file
[tls @ 0x7fc313733200] IO error: End of file
[https @ 0x7fc313747540] Error reading HTTP response: End of file
[2026-04-12T14:52:11.169220] Saved clip /Users/Chen/PycharmProjects/CSCI_6234_Final/recordings/cam221/clips/2026/04/12/cam221_20260412T185137Z.mp4 (1333723 bytes)
[2026-04-12T14:52:11.678560] Starting 60-second capture -> /Users/Chen/PycharmProjects/CSCI_6234_Final/recordings/cam221/clips/2026/04/12/cam221_20260412T185211Z.mp4
[tls @ 0x7fd96f704680] IO error: End of file
[https @ 0x7fd96f704540] Error reading HTTP response: End of file
[tls @ 0x7fd97f71fe80] IO error: End of file
[https @ 0x7fd97f704e80] Error reading HTTP response: End of file
[tls @ 0x7fd988914440] IO error: End of file
[https @ 0x7fd96f7a5700] Error reading HTTP response: End of file
[tls @ 0x7fd988822e00] IO error: End of file
[https @ 0x7fd988823000] Error reading HTTP response: End of file
[tls @ 0x7fd97f7bc100] IO error: End of file
[https @ 0x7fd97f7b3100] Error reading HTTP response: End of file
[tls @ 0x7fd97f71ab80] IO error: End of file
[https @ 0x7fd97f704e80] Error reading HTTP response: End of file
[2026-04-12T14:52:54.740363] Saved clip /Users/Chen/PycharmProjects/CSCI_6234_Final/recordings/cam221/clips/2026/04/12/cam221_20260412T185211Z.mp4 (1141406 bytes)
[2026-04-12T14:52:55.252897] Starting 60-second capture -> /Users/Chen/PycharmProjects/CSCI_6234_Final/recordings/cam221/clips/2026/04/12/cam221_20260412T185255Z.mp4
[tls @ 0x7f8fd2c05fc0] IO error: End of file
[https @ 0x7f8fd2c05e80] Error reading HTTP response: End of file
[tls @ 0x7f8fd2c20600] IO error: End of file
[https @ 0x7f8fd2c32800] Error reading HTTP response: End of file
[tls @ 0x7f8fd2a44780] IO error: End of file
[https @ 0x7f8fd2a55040] Error reading HTTP response: End of file
[tls @ 0x7f8fd2b0edc0] IO error: End of file
[https @ 0x7f8fd2b22780] Error reading HTTP response: End of file
[tls @ 0x7f8fd2b39d00] IO error: End of file
[https @ 0x7f8fd2b4bf40] Error reading HTTP response: End of file
[tls @ 0x7f8fd2a6a640] IO error: End of file
[https @ 0x7f8fd2a55040] Error reading HTTP response: End of file
[2026-04-12T14:53:36.739660] Saved clip /Users/Chen/PycharmProjects/CSCI_6234_Final/recordings/cam221/clips/2026/04/12/cam221_20260412T185255Z.mp4 (1374789 bytes)
[2026-04-12T14:53:37.247957] Starting 60-second capture -> /Users/Chen/PycharmProjects/CSCI_6234_Final/recordings/cam221/clips/2026/04/12/cam221_20260412T185337Z.mp4
[tls @ 0x7f7c63804380] IO error: End of file
[https @ 0x7f7c63804240] Error reading HTTP response: End of file
[tls @ 0x7f7c73105400] IO error: End of file
[https @ 0x7f7c73105300] Error reading HTTP response: End of file
[tls @ 0x7f7c62704ac0] IO error: End of file
[https @ 0x7f7c62704440] Error reading HTTP response: End of file
[tls @ 0x7f7c6383c340] IO error: End of file
[https @ 0x7f7c63838740] Error reading HTTP response: End of file
[tls @ 0x7f7c63a73380] IO error: End of file
[https @ 0x7f7c63a6f7c0] Error reading HTTP response: End of file
[tls @ 0x7f7c6383c340] IO error: End of file
[https @ 0x7f7c63835940] Error reading HTTP response: End of file
[tls @ 0x7f7c62704540] IO error: End of file
[https @ 0x7f7c63806940] Error reading HTTP response: End of file
[2026-04-12T14:54:11.595087] Saved clip /Users/Chen/PycharmProjects/CSCI_6234_Final/recordings/cam221/clips/2026/04/12/cam221_20260412T185337Z.mp4 (1281712 bytes)
[2026-04-12T14:54:12.105973] Starting 60-second capture -> /Users/Chen/PycharmProjects/CSCI_6234_Final/recordings/cam221/clips/2026/04/12/cam221_20260412T185412Z.mp4
[tls @ 0x7f93c0904500] IO error: End of file
[https @ 0x7f93c09043c0] Error reading HTTP response: End of file
[tls @ 0x7f93c0907280] IO error: End of file
[https @ 0x7f93c0907180] Error reading HTTP response: End of file
[tls @ 0x7f93c090a580] IO error: End of file
[https @ 0x7f93c0906dc0] Error reading HTTP response: End of file
[tls @ 0x7f93c0a04080] IO error: End of file
[https @ 0x7f93c0a2af80] Error reading HTTP response: End of file
[tls @ 0x7f93c0905900] IO error: End of file
[https @ 0x7f93c0905840] Error reading HTTP response: End of file
[tls @ 0x7f93c090a580] IO error: End of file
[https @ 0x7f93c0906f00] Error reading HTTP response: End of file
[2026-04-12T14:54:53.783213] Saved clip /Users/Chen/PycharmProjects/CSCI_6234_Final/recordings/cam221/clips/2026/04/12/cam221_20260412T185412Z.mp4 (1283366 bytes)
[2026-04-12T14:54:54.294886] Starting 60-second capture -> /Users/Chen/PycharmProjects/CSCI_6234_Final/recordings/cam221/clips/2026/04/12/cam221_20260412T185454Z.mp4
[tls @ 0x7f9a62204680] IO error: End of file
[https @ 0x7f9a62204540] Error reading HTTP response: End of file
[tls @ 0x7f9a62105940] IO error: End of file
[https @ 0x7f9a62105840] Error reading HTTP response: End of file
[tls @ 0x7f9a62057380] IO error: End of file
[https @ 0x7f9a620695c0] Error reading HTTP response: End of file
[tls @ 0x7f9a620cd680] IO error: End of file
[https @ 0x7f9a620c46c0] Error reading HTTP response: End of file
[tls @ 0x7f9a621095c0] IO error: End of file
[https @ 0x7f9a62105800] Error reading HTTP response: End of file
[tls @ 0x7f9a6230a380] IO error: End of file
[https @ 0x7f9a62309400] Error reading HTTP response: End of file
[2026-04-12T14:55:36.048902] Saved clip /Users/Chen/PycharmProjects/CSCI_6234_Final/recordings/cam221/clips/2026/04/12/cam221_20260412T185454Z.mp4 (1346751 bytes)
[2026-04-12T14:55:36.558116] Starting 60-second capture -> /Users/Chen/PycharmProjects/CSCI_6234_Final/recordings/cam221/clips/2026/04/12/cam221_20260412T185536Z.mp4
[tls @ 0x7f9c39058240] IO error: End of file
[https @ 0x7f9c39072480] Error reading HTTP response: End of file
[tls @ 0x7f9c390b3700] IO error: End of file
[https @ 0x7f9c390c5940] Error reading HTTP response: End of file
[tls @ 0x7f9c39104b40] IO error: End of file
[https @ 0x7f9c39105ac0] Error reading HTTP response: End of file
[tls @ 0x7f9c29104240] IO error: End of file
[https @ 0x7f9c29104140] Error reading HTTP response: End of file
[tls @ 0x7f9c390da940] IO error: End of file
[https @ 0x7f9c390ff340] Error reading HTTP response: End of file
[tls @ 0x7f9c29504980] IO error: End of file
[https @ 0x7f9c29504640] Error reading HTTP response: End of file
[tls @ 0x7f9c29104280] IO error: End of file
[https @ 0x7f9c291040c0] Error reading HTTP response: End of file
[tls @ 0x7f9c28765f80] IO error: End of file
[https @ 0x7f9c287691c0] Error reading HTTP response: End of file
[tls @ 0x7f9c39104900] IO error: End of file
[https @ 0x7f9c39104840] Error reading HTTP response: End of file
[2026-04-12T14:56:20.779796] Saved clip /Users/Chen/PycharmProjects/CSCI_6234_Final/recordings/cam221/clips/2026/04/12/cam221_20260412T185536Z.mp4 (1184432 bytes)
[2026-04-12T14:56:21.289052] Starting 60-second capture -> /Users/Chen/PycharmProjects/CSCI_6234_Final/recordings/cam221/clips/2026/04/12/cam221_20260412T185621Z.mp4
[tls @ 0x7fa45ba04680] IO error: End of file
[https @ 0x7fa45ba04540] Error reading HTTP response: End of file
[tls @ 0x7fa45ba0a4c0] IO error: End of file
[https @ 0x7fa45ba0a400] Error reading HTTP response: End of file
[tls @ 0x7fa45be04280] IO error: End of file
[https @ 0x7fa45be040c0] Error reading HTTP response: End of file
[tls @ 0x7fa45b8050c0] IO error: End of file
[https @ 0x7fa45b805000] Error reading HTTP response: End of file
[tls @ 0x7fa45bc04080] IO error: End of file
[https @ 0x7fa45bc0b300] Error reading HTTP response: End of file
[tls @ 0x7fa45bc093c0] IO error: End of file
[https @ 0x7fa45bc0b880] Error reading HTTP response: End of file
[2026-04-12T14:57:02.504051] Saved clip /Users/Chen/PycharmProjects/CSCI_6234_Final/recordings/cam221/clips/2026/04/12/cam221_20260412T185621Z.mp4 (1130151 bytes)
[2026-04-12T14:57:03.016316] Starting 60-second capture -> /Users/Chen/PycharmProjects/CSCI_6234_Final/recordings/cam221/clips/2026/04/12/cam221_20260412T185703Z.mp4
[tls @ 0x7fb856004680] IO error: End of file
[https @ 0x7fb856004540] Error reading HTTP response: End of file
[tls @ 0x7fb856014e80] IO error: End of file
[https @ 0x7fb8560270c0] Error reading HTTP response: End of file
[tls @ 0x7fb855747e00] IO error: End of file
[https @ 0x7fb855736100] Error reading HTTP response: End of file
[tls @ 0x7fb856024280] IO error: End of file
[https @ 0x7fb856007540] Error reading HTTP response: End of file
[tls @ 0x7fb856049240] IO error: End of file
[https @ 0x7fb856047740] Error reading HTTP response: End of file
[tls @ 0x7fb855764780] IO error: End of file
[https @ 0x7fb855773e40] Error reading HTTP response: End of file
[2026-04-12T14:57:44.609528] Saved clip /Users/Chen/PycharmProjects/CSCI_6234_Final/recordings/cam221/clips/2026/04/12/cam221_20260412T185703Z.mp4 (1575586 bytes)
[2026-04-12T14:57:45.121572] Starting 60-second capture -> /Users/Chen/PycharmProjects/CSCI_6234_Final/recordings/cam221/clips/2026/04/12/cam221_20260412T185745Z.mp4
[tls @ 0x7f83bb004380] IO error: End of file
[https @ 0x7f83bb004240] Error reading HTTP response: End of file
[tls @ 0x7f83cf009880] IO error: End of file
[https @ 0x7f83cf009740] Error reading HTTP response: End of file
[tls @ 0x7f83cf142d00] IO error: End of file
[https @ 0x7f83cf161c80] Error reading HTTP response: End of file
[tls @ 0x7f83bb004240] IO error: End of file
[https @ 0x7f83bb007b00] Error reading HTTP response: End of file
[tls @ 0x7f83cf053f40] IO error: End of file
[https @ 0x7f83cf04a480] Error reading HTTP response: End of file
[tls @ 0x7f83b9f53b80] IO error: End of file
[https @ 0x7f83b9f64a00] Error reading HTTP response: End of file
[tls @ 0x7f83cf142d00] IO error: End of file
[https @ 0x7f83cf161c80] Error reading HTTP response: End of file
[tls @ 0x7f83cf12c740] IO error: End of file
[https @ 0x7f83cf150f80] Error reading HTTP response: End of file
[2026-04-12T14:58:29.111213] Saved clip /Users/Chen/PycharmProjects/CSCI_6234_Final/recordings/cam221/clips/2026/04/12/cam221_20260412T185745Z.mp4 (1453556 bytes)
[2026-04-12T14:58:29.623917] Starting 60-second capture -> /Users/Chen/PycharmProjects/CSCI_6234_Final/recordings/cam221/clips/2026/04/12/cam221_20260412T185829Z.mp4
[tls @ 0x7f8604304680] IO error: End of file
[https @ 0x7f8604304540] Error reading HTTP response: End of file
[tls @ 0x7f8604604bc0] IO error: End of file
[https @ 0x7f8604604ac0] Error reading HTTP response: End of file
[tls @ 0x7f860463e740] IO error: End of file
[https @ 0x7f8604650940] Error reading HTTP response: End of file
[tls @ 0x7f86045084c0] IO error: End of file
[https @ 0x7f860450d740] Error reading HTTP response: End of file
[tls @ 0x7f8604310040] IO error: End of file
[https @ 0x7f860430b240] Error reading HTTP response: End of file
[tls @ 0x7f8604509900] IO error: End of file
[https @ 0x7f8604509840] Error reading HTTP response: End of file
[tls @ 0x7f86045099c0] IO error: End of file
[https @ 0x7f860450a040] Error reading HTTP response: End of file
[tls @ 0x7f860450df40] IO error: End of file
[https @ 0x7f860450f180] Error reading HTTP response: End of file
[2026-04-12T14:59:13.515412] Saved clip /Users/Chen/PycharmProjects/CSCI_6234_Final/recordings/cam221/clips/2026/04/12/cam221_20260412T185829Z.mp4 (1970508 bytes)
[2026-04-12T14:59:14.027427] Starting 60-second capture -> /Users/Chen/PycharmProjects/CSCI_6234_Final/recordings/cam221/clips/2026/04/12/cam221_20260412T185914Z.mp4
[tls @ 0x7fc252904380] IO error: End of file
[https @ 0x7fc252904240] Error reading HTTP response: End of file
[tls @ 0x7fc251f3ec40] IO error: End of file
[https @ 0x7fc252941a00] Error reading HTTP response: End of file
[tls @ 0x7fc251f0ff80] IO error: End of file
[https @ 0x7fc251f13880] Error reading HTTP response: End of file
[tls @ 0x7fc251f3ec40] IO error: End of file
[https @ 0x7fc251f41cc0] Error reading HTTP response: End of file
[tls @ 0x7fc252a50b00] IO error: End of file
[https @ 0x7fc252a329c0] Error reading HTTP response: End of file
[2026-04-12T14:59:57.091881] Saved clip /Users/Chen/PycharmProjects/CSCI_6234_Final/recordings/cam221/clips/2026/04/12/cam221_20260412T185914Z.mp4 (1930720 bytes)
[2026-04-12T14:59:57.606159] Starting 60-second capture -> /Users/Chen/PycharmProjects/CSCI_6234_Final/recordings/cam221/clips/2026/04/12/cam221_20260412T185957Z.mp4
[tls @ 0x7f8b78104500] IO error: End of file
[https @ 0x7f8b781043c0] Error reading HTTP response: End of file
[tls @ 0x7f8b7801d240] IO error: End of file
[https @ 0x7f8b7802f440] Error reading HTTP response: End of file
[tls @ 0x7f8b7830f600] IO error: End of file
[https @ 0x7f8b78316ec0] Error reading HTTP response: End of file
[tls @ 0x7f8b7813c680] IO error: End of file
[https @ 0x7f8b78336100] Error reading HTTP response: End of file
[tls @ 0x7f8b78238880] IO error: End of file
[https @ 0x7f8b78234800] Error reading HTTP response: End of file
[tls @ 0x7f8b78348a00] IO error: End of file
[https @ 0x7f8b7834ad40] Error reading HTTP response: End of file
[2026-04-12T15:00:36.063090] Saved clip /Users/Chen/PycharmProjects/CSCI_6234_Final/recordings/cam221/clips/2026/04/12/cam221_20260412T185957Z.mp4 (1374300 bytes)
[2026-04-12T15:00:36.574311] Starting 60-second capture -> /Users/Chen/PycharmProjects/CSCI_6234_Final/recordings/cam221/clips/2026/04/12/cam221_20260412T190036Z.mp4
[tls @ 0x7f979ef0a800] IO error: End of file
[https @ 0x7f979ef0a740] Error reading HTTP response: End of file
[tls @ 0x7f977fa06680] IO error: End of file
[https @ 0x7f977fa065c0] Error reading HTTP response: End of file
[tls @ 0x7f973ef04280] IO error: End of file
[https @ 0x7f973ef040c0] Error reading HTTP response: End of file
[tls @ 0x7f975f008c00] IO error: End of file
[https @ 0x7f975f00ccc0] Error reading HTTP response: End of file
[tls @ 0x7f977fc3da00] IO error: End of file
[https @ 0x7f977fc42d00] Error reading HTTP response: End of file
[tls @ 0x7f973ef040c0] IO error: End of file
[https @ 0x7f973ef05d00] Error reading HTTP response: End of file
[tls @ 0x7f973ef0b800] IO error: End of file
[https @ 0x7f973ef0ef80] Error reading HTTP response: End of file
[tls @ 0x7f971ef065c0] IO error: End of file
[https @ 0x7f971ef06280] Error reading HTTP response: End of file
[2026-04-12T15:01:20.389056] Saved clip /Users/Chen/PycharmProjects/CSCI_6234_Final/recordings/cam221/clips/2026/04/12/cam221_20260412T190036Z.mp4 (1229031 bytes)
[2026-04-12T15:01:20.894260] Starting 60-second capture -> /Users/Chen/PycharmProjects/CSCI_6234_Final/recordings/cam221/clips/2026/04/12/cam221_20260412T190120Z.mp4
[tls @ 0x7f8b77704680] IO error: End of file
[https @ 0x7f8b77704540] Error reading HTTP response: End of file
[tls @ 0x7f8b80016680] IO error: End of file
[https @ 0x7f8b80017980] Error reading HTTP response: End of file
[tls @ 0x7f8b8001ed80] IO error: End of file
[https @ 0x7f8b8002c900] Error reading HTTP response: End of file
[tls @ 0x7f8b77707980] IO error: End of file
[https @ 0x7f8b777061c0] Error reading HTTP response: End of file
[tls @ 0x7f8b77715780] IO error: End of file
[https @ 0x7f8b77719340] Error reading HTTP response: End of file
[tls @ 0x7f8b77755340] IO error: End of file
[https @ 0x7f8b77706d80] Error reading HTTP response: End of file
[2026-04-12T15:02:02.065522] Saved clip /Users/Chen/PycharmProjects/CSCI_6234_Final/recordings/cam221/clips/2026/04/12/cam221_20260412T190120Z.mp4 (1505000 bytes)
[2026-04-12T15:02:02.573931] Starting 60-second capture -> /Users/Chen/PycharmProjects/CSCI_6234_Final/recordings/cam221/clips/2026/04/12/cam221_20260412T190202Z.mp4
[tls @ 0x7fefead04240] IO error: End of file
[https @ 0x7fefead04180] Error reading HTTP response: End of file
[tls @ 0x7fefead0d240] IO error: End of file
[https @ 0x7fefead104c0] Error reading HTTP response: End of file
[tls @ 0x7fefd9f2fd40] IO error: End of file
[https @ 0x7fefd9f45940] Error reading HTTP response: End of file
[tls @ 0x7fefda0399c0] IO error: End of file
[https @ 0x7fefda039880] Error reading HTTP response: End of file
[tls @ 0x7fefead1e080] IO error: End of file
[https @ 0x7fefead2d2c0] Error reading HTTP response: End of file
[tls @ 0x7fefda030380] IO error: End of file
[https @ 0x7fefda038fc0] Error reading HTTP response: End of file
[2026-04-12T15:02:43.753188] Saved clip /Users/Chen/PycharmProjects/CSCI_6234_Final/recordings/cam221/clips/2026/04/12/cam221_20260412T190202Z.mp4 (1222565 bytes)
[2026-04-12T15:02:44.262202] Starting 60-second capture -> /Users/Chen/PycharmProjects/CSCI_6234_Final/recordings/cam221/clips/2026/04/12/cam221_20260412T190244Z.mp4
[tls @ 0x7ff5def048c0] IO error: End of file
[https @ 0x7ff5def04780] Error reading HTTP response: End of file
[tls @ 0x7ff5def28cc0] IO error: End of file
[https @ 0x7ff5def250c0] Error reading HTTP response: End of file
[tls @ 0x7ff5eef4a580] IO error: End of file
[https @ 0x7ff5eef54a00] Error reading HTTP response: End of file
[tls @ 0x7ff5def081c0] IO error: End of file
[https @ 0x7ff5def1cc00] Error reading HTTP response: End of file
[tls @ 0x7ff5eef4a580] IO error: End of file
[https @ 0x7ff5eef1c840] Error reading HTTP response: End of file
[tls @ 0x7ff5ef80f6c0] IO error: End of file
[https @ 0x7ff5ef811040] Error reading HTTP response: End of file
[tls @ 0x7ff5eef4a580] IO error: End of file
[https @ 0x7ff5eef25680] Error reading HTTP response: End of file
[tls @ 0x7ff5ef93aa40] IO error: End of file
[https @ 0x7ff5ef909300] Error reading HTTP response: End of file
[2026-04-12T15:03:28.387054] Saved clip /Users/Chen/PycharmProjects/CSCI_6234_Final/recordings/cam221/clips/2026/04/12/cam221_20260412T190244Z.mp4 (1173431 bytes)
[2026-04-12T15:03:28.897894] Starting 60-second capture -> /Users/Chen/PycharmProjects/CSCI_6234_Final/recordings/cam221/clips/2026/04/12/cam221_20260412T190328Z.mp4
[tls @ 0x7fd03180e680] IO error: End of file
[https @ 0x7fd031810c80] Error reading HTTP response: End of file
[tls @ 0x7fd030f04680] IO error: End of file
[https @ 0x7fd030f04540] Error reading HTTP response: End of file
[tls @ 0x7fd031a0aa80] IO error: End of file
[https @ 0x7fd031a0a9c0] Error reading HTTP response: End of file
[tls @ 0x7fd031a08f80] IO error: End of file
[https @ 0x7fd031a10540] Error reading HTTP response: End of file
[tls @ 0x7fd030f127c0] IO error: End of file
[https @ 0x7fd030f23c00] Error reading HTTP response: End of file
[tls @ 0x7fd031a074c0] IO error: End of file
[https @ 0x7fd031a08ec0] Error reading HTTP response: End of file
[tls @ 0x7fd031a0a300] IO error: End of file
[https @ 0x7fd031a10540] Error reading HTTP response: End of file
[2026-04-12T15:04:18.680599] Saved clip /Users/Chen/PycharmProjects/CSCI_6234_Final/recordings/cam221/clips/2026/04/12/cam221_20260412T190328Z.mp4 (1231518 bytes)
[2026-04-12T15:04:19.195178] Starting 60-second capture -> /Users/Chen/PycharmProjects/CSCI_6234_Final/recordings/cam221/clips/2026/04/12/cam221_20260412T190419Z.mp4
[tls @ 0x7ff27ff04680] IO error: End of file
[https @ 0x7ff27ff04540] Error reading HTTP response: End of file
[tls @ 0x7ff27ff1fe40] IO error: End of file
[https @ 0x7ff27ff32040] Error reading HTTP response: End of file
[tls @ 0x7ff288a1f200] IO error: End of file
[https @ 0x7ff28893cc40] Error reading HTTP response: End of file
[tls @ 0x7ff288a15b00] IO error: End of file
[https @ 0x7ff288a4d500] Error reading HTTP response: End of file
[tls @ 0x7ff288a34d00] IO error: End of file
[https @ 0x7ff288a36500] Error reading HTTP response: End of file
[tls @ 0x7ff27ff36540] IO error: End of file
[https @ 0x7ff27ff0a200] Error reading HTTP response: End of file
[2026-04-12T15:04:57.970498] Saved clip /Users/Chen/PycharmProjects/CSCI_6234_Final/recordings/cam221/clips/2026/04/12/cam221_20260412T190419Z.mp4 (1115580 bytes)
[2026-04-12T15:04:58.484562] Starting 60-second capture -> /Users/Chen/PycharmProjects/CSCI_6234_Final/recordings/cam221/clips/2026/04/12/cam221_20260412T190458Z.mp4
[tls @ 0x7f9b6f705100] IO error: End of file
[https @ 0x7f9b6f704b80] Error reading HTTP response: End of file
[tls @ 0x7f9b7f709880] IO error: End of file
[https @ 0x7f9b7f716900] Error reading HTTP response: End of file
[tls @ 0x7f9b78088140] IO error: End of file
[https @ 0x7f9b7809a340] Error reading HTTP response: End of file
[tls @ 0x7f9b78164d00] IO error: End of file
[https @ 0x7f9b78164b80] Error reading HTTP response: End of file
[tls @ 0x7f9b78163380] IO error: End of file
[https @ 0x7f9b7814a600] Error reading HTTP response: End of file
[tls @ 0x7f9b6f719800] IO error: End of file
[https @ 0x7f9b6f704b80] Error reading HTTP response: End of file
[tls @ 0x7f9b7803f240] IO error: End of file
[https @ 0x7f9b7802cb40] Error reading HTTP response: End of file
[2026-04-12T15:05:33.681889] Saved clip /Users/Chen/PycharmProjects/CSCI_6234_Final/recordings/cam221/clips/2026/04/12/cam221_20260412T190458Z.mp4 (1384757 bytes)
[2026-04-12T15:05:34.198938] Starting 60-second capture -> /Users/Chen/PycharmProjects/CSCI_6234_Final/recordings/cam221/clips/2026/04/12/cam221_20260412T190534Z.mp4
[tls @ 0x7fd7ed804500] IO error: End of file
[https @ 0x7fd7ed8043c0] Error reading HTTP response: End of file
[tls @ 0x7fd7ed70b680] IO error: End of file
[https @ 0x7fd7ed70b5c0] Error reading HTTP response: End of file
[tls @ 0x7fd7ed742d00] IO error: End of file
[https @ 0x7fd7ed736580] Error reading HTTP response: End of file
[tls @ 0x7fd7ed72ec00] IO error: End of file
[https @ 0x7fd7ed705540] Error reading HTTP response: End of file
[tls @ 0x7fd80ee3ba40] IO error: End of file
[https @ 0x7fd80ee0f280] Error reading HTTP response: End of file
[tls @ 0x7fd80ee1fb40] IO error: End of file
[https @ 0x7fd80ee1fa80] Error reading HTTP response: End of file
[2026-04-12T15:06:15.705194] Saved clip /Users/Chen/PycharmProjects/CSCI_6234_Final/recordings/cam221/clips/2026/04/12/cam221_20260412T190534Z.mp4 (1182018 bytes)
[2026-04-12T15:06:16.221868] Starting 60-second capture -> /Users/Chen/PycharmProjects/CSCI_6234_Final/recordings/cam221/clips/2026/04/12/cam221_20260412T190616Z.mp4
[tls @ 0x7f858d406040] IO error: End of file
[https @ 0x7f858d405f00] Error reading HTTP response: End of file
[tls @ 0x7f857c708300] IO error: End of file
[https @ 0x7f857d93b300] Error reading HTTP response: End of file
[tls @ 0x7f858d428080] IO error: End of file
[https @ 0x7f858d412a80] Error reading HTTP response: End of file
[tls @ 0x7f857c764080] IO error: End of file
[https @ 0x7f857c750a00] Error reading HTTP response: End of file
[tls @ 0x7f854c704280] IO error: End of file
[https @ 0x7f854c7040c0] Error reading HTTP response: End of file
[tls @ 0x7f857c737200] IO error: End of file
[https @ 0x7f857c743a80] Error reading HTTP response: End of file
[2026-04-12T15:06:57.700735] Saved clip /Users/Chen/PycharmProjects/CSCI_6234_Final/recordings/cam221/clips/2026/04/12/cam221_20260412T190616Z.mp4 (1203121 bytes)
[2026-04-12T15:06:58.206779] Starting 60-second capture -> /Users/Chen/PycharmProjects/CSCI_6234_Final/recordings/cam221/clips/2026/04/12/cam221_20260412T190658Z.mp4
[tls @ 0x7f80a1f05100] IO error: End of file
[https @ 0x7f80a1f04b80] Error reading HTTP response: End of file
[tls @ 0x7f80b2a05a80] IO error: End of file
[https @ 0x7f80b2a05980] Error reading HTTP response: End of file
[tls @ 0x7f80a2904280] IO error: End of file
[https @ 0x7f80a2904140] Error reading HTTP response: End of file
[tls @ 0x7f80a1f6f4c0] IO error: End of file
[https @ 0x7f80a1f81700] Error reading HTTP response: End of file
[tls @ 0x7f80a28b8900] IO error: End of file
[https @ 0x7f80a28485c0] Error reading HTTP response: End of file
[tls @ 0x7f80a28552c0] IO error: End of file
[https @ 0x7f80a2862400] Error reading HTTP response: End of file
[tls @ 0x7f8081f04280] IO error: End of file
[https @ 0x7f8081f040c0] Error reading HTTP response: End of file
[tls @ 0x7f8061f13940] IO error: End of file
[https @ 0x7f8061f25b40] Error reading HTTP response: End of file
[tls @ 0x7f80b2a08e40] IO error: End of file
[https @ 0x7f80b2a08d80] Error reading HTTP response: End of file
[2026-04-12T15:07:41.872661] Saved clip /Users/Chen/PycharmProjects/CSCI_6234_Final/recordings/cam221/clips/2026/04/12/cam221_20260412T190658Z.mp4 (1070946 bytes)
[2026-04-12T15:07:42.378778] Starting 60-second capture -> /Users/Chen/PycharmProjects/CSCI_6234_Final/recordings/cam221/clips/2026/04/12/cam221_20260412T190742Z.mp4
[tls @ 0x7fb1f3709ec0] IO error: End of file
[https @ 0x7fb1f370dc00] Error reading HTTP response: End of file
[tls @ 0x7fb1f401a480] IO error: End of file
[https @ 0x7fb1f401d800] Error reading HTTP response: End of file
[tls @ 0x7fb193704280] IO error: End of file
[https @ 0x7fb1937040c0] Error reading HTTP response: End of file
[tls @ 0x7fb194806700] IO error: End of file
[https @ 0x7fb194806600] Error reading HTTP response: End of file
[tls @ 0x7fb1b3704240] IO error: End of file
[https @ 0x7fb1b3704080] Error reading HTTP response: End of file
[tls @ 0x7fb1c3704380] IO error: End of file
[https @ 0x7fb1c3704240] Error reading HTTP response: End of file
[2026-04-12T15:08:24.209515] Saved clip /Users/Chen/PycharmProjects/CSCI_6234_Final/recordings/cam221/clips/2026/04/12/cam221_20260412T190742Z.mp4 (1509141 bytes)
[2026-04-12T15:08:24.722797] Starting 60-second capture -> /Users/Chen/PycharmProjects/CSCI_6234_Final/recordings/cam221/clips/2026/04/12/cam221_20260412T190824Z.mp4
[tls @ 0x7f98a1704500] IO error: End of file
[https @ 0x7f98a17043c0] Error reading HTTP response: End of file
[tls @ 0x7f98a1708300] IO error: End of file
[https @ 0x7f98a1707fc0] Error reading HTTP response: End of file
[tls @ 0x7f98a1721500] IO error: End of file
[https @ 0x7f98a173a300] Error reading HTTP response: End of file
[tls @ 0x7f98b234cf00] IO error: End of file
[https @ 0x7f98b2350fc0] Error reading HTTP response: End of file
[tls @ 0x7f98b2249400] IO error: End of file
[https @ 0x7f98b2247280] Error reading HTTP response: End of file
[tls @ 0x7f98b24608c0] IO error: End of file
[https @ 0x7f98b244d700] Error reading HTTP response: End of file
[2026-04-12T15:09:06.168445] Saved clip /Users/Chen/PycharmProjects/CSCI_6234_Final/recordings/cam221/clips/2026/04/12/cam221_20260412T190824Z.mp4 (1542733 bytes)
[2026-04-12T15:09:06.678295] Starting 60-second capture -> /Users/Chen/PycharmProjects/CSCI_6234_Final/recordings/cam221/clips/2026/04/12/cam221_20260412T190906Z.mp4
[tls @ 0x7ff384f04b00] IO error: End of file
[https @ 0x7ff384f049c0] Error reading HTTP response: End of file
[tls @ 0x7ff384f11700] IO error: End of file
[https @ 0x7ff384f18a80] Error reading HTTP response: End of file
[tls @ 0x7ff395e2f7c0] IO error: End of file
[https @ 0x7ff395e2f3c0] Error reading HTTP response: End of file
[tls @ 0x7ff395d1b380] IO error: End of file
[https @ 0x7ff395d19380] Error reading HTTP response: End of file
[tls @ 0x7ff395c64340] IO error: End of file
[https @ 0x7ff395c30900] Error reading HTTP response: End of file
[tls @ 0x7ff395907400] IO error: End of file
[https @ 0x7ff3959086c0] Error reading HTTP response: End of file
[tls @ 0x7ff395c2b400] IO error: End of file
[https @ 0x7ff395c27800] Error reading HTTP response: End of file
[2026-04-12T15:09:40.385755] Saved clip /Users/Chen/PycharmProjects/CSCI_6234_Final/recordings/cam221/clips/2026/04/12/cam221_20260412T190906Z.mp4 (1176488 bytes)
[2026-04-12T15:09:40.900685] Starting 60-second capture -> /Users/Chen/PycharmProjects/CSCI_6234_Final/recordings/cam221/clips/2026/04/12/cam221_20260412T190940Z.mp4
[tls @ 0x7f7a04b04500] IO error: End of file
[https @ 0x7f7a04b043c0] Error reading HTTP response: End of file
[tls @ 0x7f7a04c26240] IO error: End of file
[https @ 0x7f7a04c19880] Error reading HTTP response: End of file
[tls @ 0x7f7a04804440] IO error: End of file
[https @ 0x7f7a04805100] Error reading HTTP response: End of file
[tls @ 0x7f79f3f0d040] IO error: End of file
[https @ 0x7f79f3f0d3c0] Error reading HTTP response: End of file
[tls @ 0x7f79f3f08d40] IO error: End of file
[https @ 0x7f79f3f0da80] Error reading HTTP response: End of file
[tls @ 0x7f7a04b0e840] IO error: End of file
[https @ 0x7f7a04c55b80] Error reading HTTP response: End of file
[2026-04-12T15:10:22.761485] Saved clip /Users/Chen/PycharmProjects/CSCI_6234_Final/recordings/cam221/clips/2026/04/12/cam221_20260412T190940Z.mp4 (864466 bytes)
[2026-04-12T15:10:23.271664] Starting 60-second capture -> /Users/Chen/PycharmProjects/CSCI_6234_Final/recordings/cam221/clips/2026/04/12/cam221_20260412T191023Z.mp4
[tls @ 0x7f80e9905200] IO error: End of file
[https @ 0x7f80e9905100] Error reading HTTP response: End of file
[tls @ 0x7f80e9b049c0] IO error: End of file
[https @ 0x7f80e9b04880] Error reading HTTP response: End of file
[tls @ 0x7f80e9a57140] IO error: End of file
[https @ 0x7f80e9a69340] Error reading HTTP response: End of file
[tls @ 0x7f80e990fd80] IO error: End of file
[https @ 0x7f80e9929c00] Error reading HTTP response: End of file
[tls @ 0x7f80e8f256c0] IO error: End of file
[https @ 0x7f80e8f446c0] Error reading HTTP response: End of file
[tls @ 0x7f80e9808140] IO error: End of file
[https @ 0x7f80e9807e40] Error reading HTTP response: End of file
[2026-04-12T15:11:04.590714] Saved clip /Users/Chen/PycharmProjects/CSCI_6234_Final/recordings/cam221/clips/2026/04/12/cam221_20260412T191023Z.mp4 (1591979 bytes)
[2026-04-12T15:11:05.104065] Starting 60-second capture -> /Users/Chen/PycharmProjects/CSCI_6234_Final/recordings/cam221/clips/2026/04/12/cam221_20260412T191105Z.mp4
[tls @ 0x7f9491a052c0] IO error: End of file
[https @ 0x7f9491a05200] Error reading HTTP response: End of file
[tls @ 0x7f9491a13dc0] IO error: End of file
[https @ 0x7f9491a2a240] Error reading HTTP response: End of file
[tls @ 0x7f9491a444c0] IO error: End of file
[https @ 0x7f9491a46ec0] Error reading HTTP response: End of file
[tls @ 0x7f9470f22580] IO error: End of file
[https @ 0x7f9491c66100] Error reading HTTP response: End of file
[tls @ 0x7f9491a09480] IO error: End of file
[https @ 0x7f9491a2eb80] Error reading HTTP response: End of file
[tls @ 0x7f9491b45e80] IO error: End of file
[https @ 0x7f9491b36380] Error reading HTTP response: End of file
[tls @ 0x7f9490f07a80] IO error: End of file
[https @ 0x7f9490f07980] Error reading HTTP response: End of file
[tls @ 0x7f9451806580] IO error: End of file
[https @ 0x7f94518064c0] Error reading HTTP response: End of file
[2026-04-12T15:11:49.191863] Saved clip /Users/Chen/PycharmProjects/CSCI_6234_Final/recordings/cam221/clips/2026/04/12/cam221_20260412T191105Z.mp4 (1445223 bytes)
[2026-04-12T15:11:49.698155] Starting 60-second capture -> /Users/Chen/PycharmProjects/CSCI_6234_Final/recordings/cam221/clips/2026/04/12/cam221_20260412T191149Z.mp4
[tls @ 0x7fee39b06240] IO error: End of file
[https @ 0x7fee39b0d1c0] Error reading HTTP response: End of file
[tls @ 0x7fee39c04500] IO error: End of file
[https @ 0x7fee39c043c0] Error reading HTTP response: End of file
[tls @ 0x7fee39f19100] IO error: End of file
[https @ 0x7fee39f1b8c0] Error reading HTTP response: End of file
[tls @ 0x7fee3e030e40] IO error: End of file
[https @ 0x7fee3e033c40] Error reading HTTP response: End of file
[tls @ 0x7fee3e031d80] IO error: End of file
[https @ 0x7fee3e02a080] Error reading HTTP response: End of file
[tls @ 0x7fee39c043c0] IO error: End of file
[https @ 0x7fee39b68c80] Error reading HTTP response: End of file
[tls @ 0x7fee39b7e340] IO error: End of file
[https @ 0x7fee39b88540] Error reading HTTP response: End of file
[2026-04-12T15:12:38.551468] Saved clip /Users/Chen/PycharmProjects/CSCI_6234_Final/recordings/cam221/clips/2026/04/12/cam221_20260412T191149Z.mp4 (1709577 bytes)
[2026-04-12T15:12:39.059630] Starting 60-second capture -> /Users/Chen/PycharmProjects/CSCI_6234_Final/recordings/cam221/clips/2026/04/12/cam221_20260412T191239Z.mp4
[tls @ 0x7fe51f1044c0] IO error: End of file
[https @ 0x7fe51f1043c0] Error reading HTTP response: End of file
[tls @ 0x7fe51f111d40] IO error: End of file
[https @ 0x7fe51f135d80] Error reading HTTP response: End of file
[tls @ 0x7fe51f056a80] IO error: End of file
[https @ 0x7fe51f052a00] Error reading HTTP response: End of file
[tls @ 0x7fe52f23e3c0] IO error: End of file
[https @ 0x7fe52f228940] Error reading HTTP response: End of file
[tls @ 0x7fe51f056a80] IO error: End of file
[https @ 0x7fe51f04ba00] Error reading HTTP response: End of file
[2026-04-12T15:13:17.720933] Saved clip /Users/Chen/PycharmProjects/CSCI_6234_Final/recordings/cam221/clips/2026/04/12/cam221_20260412T191239Z.mp4 (1459364 bytes)
[2026-04-12T15:13:18.235495] Starting 60-second capture -> /Users/Chen/PycharmProjects/CSCI_6234_Final/recordings/cam221/clips/2026/04/12/cam221_20260412T191318Z.mp4
[tls @ 0x7f836f004140] IO error: End of file
[https @ 0x7f836e704540] Error reading HTTP response: End of file
[tls @ 0x7f836f204f00] IO error: End of file
[https @ 0x7f836f204dc0] Error reading HTTP response: End of file
[tls @ 0x7f836f21fec0] IO error: End of file
[https @ 0x7f836f217c00] Error reading HTTP response: End of file
[tls @ 0x7f836f241780] IO error: End of file
[https @ 0x7f836f234dc0] Error reading HTTP response: End of file
[tls @ 0x7f836f01a000] IO error: End of file
[https @ 0x7f836f04d0c0] Error reading HTTP response: End of file
[tls @ 0x7f836f12aa80] IO error: End of file
[https @ 0x7f836f11c8c0] Error reading HTTP response: End of file
[tls @ 0x7f836f150740] IO error: End of file
[https @ 0x7f836f14c6c0] Error reading HTTP response: End of file
[2026-04-12T15:13:52.731490] Saved clip /Users/Chen/PycharmProjects/CSCI_6234_Final/recordings/cam221/clips/2026/04/12/cam221_20260412T191318Z.mp4 (1459764 bytes)
[2026-04-12T15:13:53.240513] Starting 60-second capture -> /Users/Chen/PycharmProjects/CSCI_6234_Final/recordings/cam221/clips/2026/04/12/cam221_20260412T191353Z.mp4
[tls @ 0x7f8d0af04680] IO error: End of file
[https @ 0x7f8d0af04540] Error reading HTTP response: End of file
[tls @ 0x7f8d1bb25dc0] IO error: End of file
[https @ 0x7f8d1bb19400] Error reading HTTP response: End of file
[tls @ 0x7f8d1bb56180] IO error: End of file
[https @ 0x7f8d1bb79ac0] Error reading HTTP response: End of file
[tls @ 0x7f8d0b82c740] IO error: End of file
[https @ 0x7f8d1bb16e40] Error reading HTTP response: End of file
[tls @ 0x7f8d0af1f180] IO error: End of file
[https @ 0x7f8d0af1ae40] Error reading HTTP response: End of file
[tls @ 0x7f8d0b827480] IO error: End of file
[https @ 0x7f8d0b83d400] Error reading HTTP response: End of file
[2026-04-12T15:14:34.931067] Saved clip /Users/Chen/PycharmProjects/CSCI_6234_Final/recordings/cam221/clips/2026/04/12/cam221_20260412T191353Z.mp4 (1222217 bytes)
[2026-04-12T15:14:35.443797] Starting 60-second capture -> /Users/Chen/PycharmProjects/CSCI_6234_Final/recordings/cam221/clips/2026/04/12/cam221_20260412T191435Z.mp4
[tls @ 0x7fd111004f40] IO error: End of file
[https @ 0x7fd111004800] Error reading HTTP response: End of file
[tls @ 0x7fd11101c080] IO error: End of file
[https @ 0x7fd111010bc0] Error reading HTTP response: End of file
[tls @ 0x7fd11102bac0] IO error: End of file
[https @ 0x7fd11106bb00] Error reading HTTP response: End of file
[tls @ 0x7fd111097180] IO error: End of file
[https @ 0x7fd1110935c0] Error reading HTTP response: End of file
[tls @ 0x7fd107f0d080] IO error: End of file
[https @ 0x7fd107f120c0] Error reading HTTP response: End of file
[tls @ 0x7fd107f0e100] IO error: End of file
[https @ 0x7fd107f0e740] Error reading HTTP response: End of file
[2026-04-12T15:15:17.414939] Saved clip /Users/Chen/PycharmProjects/CSCI_6234_Final/recordings/cam221/clips/2026/04/12/cam221_20260412T191435Z.mp4 (1191082 bytes)
[2026-04-12T15:15:17.931437] Starting 60-second capture -> /Users/Chen/PycharmProjects/CSCI_6234_Final/recordings/cam221/clips/2026/04/12/cam221_20260412T191517Z.mp4
[tls @ 0x7f9e05f04ac0] IO error: End of file
[https @ 0x7f9e05f04980] Error reading HTTP response: End of file
[tls @ 0x7f9e0680f9c0] IO error: End of file
[https @ 0x7f9e0680f900] Error reading HTTP response: End of file
[tls @ 0x7f9e0696fa00] IO error: End of file
[https @ 0x7f9e06963000] Error reading HTTP response: End of file
[tls @ 0x7f9e05f07b80] IO error: End of file
[https @ 0x7f9e05f3f300] Error reading HTTP response: End of file
[tls @ 0x7f9e06897e00] IO error: End of file
[https @ 0x7f9e068aa000] Error reading HTTP response: End of file
[tls @ 0x7f9e0683afc0] IO error: End of file
[https @ 0x7f9e068474c0] Error reading HTTP response: End of file
[tls @ 0x7f9e0680fc00] IO error: End of file
[https @ 0x7f9e06812080] Error reading HTTP response: End of file
[2026-04-12T15:15:51.527051] Saved clip /Users/Chen/PycharmProjects/CSCI_6234_Final/recordings/cam221/clips/2026/04/12/cam221_20260412T191517Z.mp4 (1059941 bytes)
[2026-04-12T15:15:52.037411] Starting 60-second capture -> /Users/Chen/PycharmProjects/CSCI_6234_Final/recordings/cam221/clips/2026/04/12/cam221_20260412T191552Z.mp4
[tls @ 0x7fea32410b80] IO error: End of file
[https @ 0x7fea32414080] Error reading HTTP response: End of file
[tls @ 0x7fea32406500] IO error: End of file
[https @ 0x7fea32413580] Error reading HTTP response: End of file
[tls @ 0x7fea3226c400] IO error: End of file
[https @ 0x7fea322247c0] Error reading HTTP response: End of file
[tls @ 0x7fea32285700] IO error: End of file
[https @ 0x7fea3220f8c0] Error reading HTTP response: End of file
[tls @ 0x7fea3244f680] IO error: End of file
[https @ 0x7fea32456600] Error reading HTTP response: End of file
[tls @ 0x7fea3243d5c0] IO error: End of file
[https @ 0x7fea3243d140] Error reading HTTP response: End of file
[2026-04-12T15:16:33.917330] Saved clip /Users/Chen/PycharmProjects/CSCI_6234_Final/recordings/cam221/clips/2026/04/12/cam221_20260412T191552Z.mp4 (1260817 bytes)
[2026-04-12T15:16:34.428588] Starting 60-second capture -> /Users/Chen/PycharmProjects/CSCI_6234_Final/recordings/cam221/clips/2026/04/12/cam221_20260412T191634Z.mp4
[tls @ 0x7fd5d23042c0] IO error: End of file
[https @ 0x7fd5d2304180] Error reading HTTP response: End of file
[tls @ 0x7fd5c172db40] IO error: End of file
[https @ 0x7fd5c1730940] Error reading HTTP response: End of file
[tls @ 0x7fd5d2318680] IO error: End of file
[https @ 0x7fd5d231f2c0] Error reading HTTP response: End of file
[tls @ 0x7fd5c172db40] IO error: End of file
[https @ 0x7fd5c172b940] Error reading HTTP response: End of file
[tls @ 0x7fd5d239d0c0] IO error: End of file
[https @ 0x7fd5d2317ac0] Error reading HTTP response: End of file
[2026-04-12T15:17:16.982699] Saved clip /Users/Chen/PycharmProjects/CSCI_6234_Final/recordings/cam221/clips/2026/04/12/cam221_20260412T191634Z.mp4 (1169118 bytes)
[2026-04-12T15:17:17.500941] Starting 60-second capture -> /Users/Chen/PycharmProjects/CSCI_6234_Final/recordings/cam221/clips/2026/04/12/cam221_20260412T191717Z.mp4
[tls @ 0x7fe8eca20880] IO error: End of file
[https @ 0x7fe8eca32080] Error reading HTTP response: End of file
[tls @ 0x7fe8ec927580] IO error: End of file
[https @ 0x7fe8ec929b00] Error reading HTTP response: End of file
[tls @ 0x7fe8ec924340] IO error: End of file
[https @ 0x7fe8ec94e9c0] Error reading HTTP response: End of file
[tls @ 0x7fe8ec92abc0] IO error: End of file
[https @ 0x7fe8ec953f00] Error reading HTTP response: End of file
[tls @ 0x7fe8ec96e400] IO error: End of file
[https @ 0x7fe8ec980600] Error reading HTTP response: End of file
[tls @ 0x7fe8ec94e9c0] IO error: End of file
[https @ 0x7fe8ec926000] Error reading HTTP response: End of file
[tls @ 0x7fe8ec955b80] IO error: End of file
[https @ 0x7fe8ec97eec0] Error reading HTTP response: End of file
[tls @ 0x7fe8ec931e80] IO error: End of file
[https @ 0x7fe8ec94e9c0] Error reading HTTP response: End of file
[tls @ 0x7fe8ecb3c1c0] IO error: End of file
[https @ 0x7fe8ecb4e3c0] Error reading HTTP response: End of file
[2026-04-12T15:18:01.767976] Saved clip /Users/Chen/PycharmProjects/CSCI_6234_Final/recordings/cam221/clips/2026/04/12/cam221_20260412T191717Z.mp4 (1149915 bytes)
[2026-04-12T15:18:02.283215] Starting 60-second capture -> /Users/Chen/PycharmProjects/CSCI_6234_Final/recordings/cam221/clips/2026/04/12/cam221_20260412T191802Z.mp4
[tls @ 0x7fc22ef04680] IO error: End of file
[https @ 0x7fc22ef04540] Error reading HTTP response: End of file
[tls @ 0x7fc22ef39a40] IO error: End of file
[https @ 0x7fc22ef4bc40] Error reading HTTP response: End of file
[tls @ 0x7fc22ef5fb00] IO error: End of file
[https @ 0x7fc22ef64840] Error reading HTTP response: End of file
[tls @ 0x7fc23ef11b80] IO error: End of file
[https @ 0x7fc23ef0d2c0] Error reading HTTP response: End of file
[tls @ 0x7fc22f033f80] IO error: End of file
[https @ 0x7fc22f004080] Error reading HTTP response: End of file
[tls @ 0x7fc23ef11b80] IO error: End of file
[https @ 0x7fc23ef4aac0] Error reading HTTP response: End of file
[2026-04-12T15:18:44.453191] Saved clip /Users/Chen/PycharmProjects/CSCI_6234_Final/recordings/cam221/clips/2026/04/12/cam221_20260412T191802Z.mp4 (1329554 bytes)
[2026-04-12T15:18:44.967293] Starting 60-second capture -> /Users/Chen/PycharmProjects/CSCI_6234_Final/recordings/cam221/clips/2026/04/12/cam221_20260412T191844Z.mp4
[tls @ 0x7ff6e3405f40] IO error: End of file
[https @ 0x7ff6e3405e40] Error reading HTTP response: End of file
[tls @ 0x7ff6e341d040] IO error: End of file
[https @ 0x7ff6e342f240] Error reading HTTP response: End of file
[tls @ 0x7ff6e3439d00] IO error: End of file
[https @ 0x7ff6e3467300] Error reading HTTP response: End of file
[tls @ 0x7ff6e3161f80] IO error: End of file
[https @ 0x7ff6e3174180] Error reading HTTP response: End of file
[tls @ 0x7ff6e3405f00] IO error: End of file
[https @ 0x7ff6e3405e40] Error reading HTTP response: End of file
[tls @ 0x7ff6e341eac0] IO error: End of file
[https @ 0x7ff6e3406400] Error reading HTTP response: End of file
[2026-04-12T15:19:26.773923] Saved clip /Users/Chen/PycharmProjects/CSCI_6234_Final/recordings/cam221/clips/2026/04/12/cam221_20260412T191844Z.mp4 (1211670 bytes)
[2026-04-12T15:19:27.286541] Starting 60-second capture -> /Users/Chen/PycharmProjects/CSCI_6234_Final/recordings/cam221/clips/2026/04/12/cam221_20260412T191927Z.mp4
[tls @ 0x7fdc80704680] IO error: End of file
[https @ 0x7fdc80704540] Error reading HTTP response: End of file
[tls @ 0x7fdc81108a40] IO error: End of file
[https @ 0x7fdc811290c0] Error reading HTTP response: End of file
[tls @ 0x7fdc80714d00] IO error: End of file
[https @ 0x7fdc80714c40] Error reading HTTP response: End of file
[tls @ 0x7fdc80704bc0] IO error: End of file
[https @ 0x7fdc80717d80] Error reading HTTP response: End of file
[tls @ 0x7fdc81014780] IO error: End of file
[https @ 0x7fdc81033580] Error reading HTTP response: End of file
[tls @ 0x7fdc80714c40] IO error: End of file
[https @ 0x7fdc80717880] Error reading HTTP response: End of file
[tls @ 0x7fdc80707600] IO error: End of file
[https @ 0x7fdc807070c0] Error reading HTTP response: End of file
[2026-04-12T15:20:01.179149] Saved clip /Users/Chen/PycharmProjects/CSCI_6234_Final/recordings/cam221/clips/2026/04/12/cam221_20260412T191927Z.mp4 (1421152 bytes)
[2026-04-12T15:20:01.689357] Starting 60-second capture -> /Users/Chen/PycharmProjects/CSCI_6234_Final/recordings/cam221/clips/2026/04/12/cam221_20260412T192001Z.mp4
[tls @ 0x7feaef705480] IO error: End of file
[https @ 0x7feaef704f40] Error reading HTTP response: End of file
[tls @ 0x7feb0800ab80] IO error: End of file
[https @ 0x7feb0800aa40] Error reading HTTP response: End of file
[tls @ 0x7feb08011400] IO error: End of file
[https @ 0x7feb0800ac40] Error reading HTTP response: End of file
[tls @ 0x7feb0806c180] IO error: End of file
[https @ 0x7feb0807e3c0] Error reading HTTP response: End of file
[tls @ 0x7feb0807e540] IO error: End of file
[https @ 0x7feb0807e480] Error reading HTTP response: End of file
[tls @ 0x7feb0805f840] IO error: End of file
[https @ 0x7feb0807ef40] Error reading HTTP response: End of file
[2026-04-12T15:20:43.509191] Saved clip /Users/Chen/PycharmProjects/CSCI_6234_Final/recordings/cam221/clips/2026/04/12/cam221_20260412T192001Z.mp4 (1327011 bytes)
[2026-04-12T15:20:44.024930] Starting 60-second capture -> /Users/Chen/PycharmProjects/CSCI_6234_Final/recordings/cam221/clips/2026/04/12/cam221_20260412T192044Z.mp4
[tls @ 0x7fddf8804680] IO error: End of file
[https @ 0x7fddf8804540] Error reading HTTP response: End of file
[tls @ 0x7fddeff09bc0] IO error: End of file
[https @ 0x7fddeff08b00] Error reading HTTP response: End of file
[tls @ 0x7fddeff08980] IO error: End of file
[https @ 0x7fddeff088c0] Error reading HTTP response: End of file
[tls @ 0x7fddeff08b00] IO error: End of file
[https @ 0x7fddeff09bc0] Error reading HTTP response: End of file
[tls @ 0x7fddf8808e80] IO error: End of file
[https @ 0x7fddf880b1c0] Error reading HTTP response: End of file
[2026-04-12T15:21:25.757117] Saved clip /Users/Chen/PycharmProjects/CSCI_6234_Final/recordings/cam221/clips/2026/04/12/cam221_20260412T192044Z.mp4 (1142229 bytes)
[2026-04-12T15:21:26.267756] Starting 60-second capture -> /Users/Chen/PycharmProjects/CSCI_6234_Final/recordings/cam221/clips/2026/04/12/cam221_20260412T192126Z.mp4
[tls @ 0x7f9906404380] IO error: End of file
[https @ 0x7f9906404240] Error reading HTTP response: End of file
[tls @ 0x7f990632fec0] IO error: End of file
[https @ 0x7f9906318240] Error reading HTTP response: End of file
[tls @ 0x7f9906624580] IO error: End of file
[https @ 0x7f9906604080] Error reading HTTP response: End of file
[tls @ 0x7f9906419480] IO error: End of file
[https @ 0x7f9906419340] Error reading HTTP response: End of file
[tls @ 0x7f9906581300] IO error: End of file
[https @ 0x7f9906580100] Error reading HTTP response: End of file
[tls @ 0x7f9906416740] IO error: End of file
[https @ 0x7f990641fec0] Error reading HTTP response: End of file
[tls @ 0x7f9906424580] IO error: End of file
[https @ 0x7f9906619300] Error reading HTTP response: End of file
[tls @ 0x7f99065a4e80] IO error: End of file
[https @ 0x7f99065a12c0] Error reading HTTP response: End of file
[tls @ 0x7f9906608cc0] IO error: End of file
[https @ 0x7f9906619240] Error reading HTTP response: End of file
[2026-04-12T15:22:10.614343] Saved clip /Users/Chen/PycharmProjects/CSCI_6234_Final/recordings/cam221/clips/2026/04/12/cam221_20260412T192126Z.mp4 (1393936 bytes)
[2026-04-12T15:22:11.129004] Starting 60-second capture -> /Users/Chen/PycharmProjects/CSCI_6234_Final/recordings/cam221/clips/2026/04/12/cam221_20260412T192211Z.mp4
[tls @ 0x7f8d6f804680] IO error: End of file
[https @ 0x7f8d6f804540] Error reading HTTP response: End of file
[tls @ 0x7f8d7f3467c0] IO error: End of file
[https @ 0x7f8d7f339e00] Error reading HTTP response: End of file
[tls @ 0x7f8d6f982e40] IO error: End of file
[https @ 0x7f8d6f97f240] Error reading HTTP response: End of file
[tls @ 0x7f8d6e704980] IO error: End of file
[https @ 0x7f8d6e704280] Error reading HTTP response: End of file
[tls @ 0x7f8d7f31aa80] IO error: End of file
[https @ 0x7f8d7f3049c0] Error reading HTTP response: End of file
[tls @ 0x7f8d6f808040] IO error: End of file
[https @ 0x7f8d6f804500] Error reading HTTP response: End of file
[2026-04-12T15:22:52.652099] Saved clip /Users/Chen/PycharmProjects/CSCI_6234_Final/recordings/cam221/clips/2026/04/12/cam221_20260412T192211Z.mp4 (1339237 bytes)
[2026-04-12T15:22:53.168000] Starting 60-second capture -> /Users/Chen/PycharmProjects/CSCI_6234_Final/recordings/cam221/clips/2026/04/12/cam221_20260412T192253Z.mp4
[tls @ 0x7f9701a04680] IO error: End of file
[https @ 0x7f9701a04540] Error reading HTTP response: End of file
[tls @ 0x7f9701c049c0] IO error: End of file
[https @ 0x7f9701c048c0] Error reading HTTP response: End of file
[tls @ 0x7f9701b2fe00] IO error: End of file
[https @ 0x7f9701b30200] Error reading HTTP response: End of file
[tls @ 0x7f9701a9da40] IO error: End of file
[https @ 0x7f9701aa1f00] Error reading HTTP response: End of file
[tls @ 0x7f9701a5dcc0] IO error: End of file
[https @ 0x7f9701a7b740] Error reading HTTP response: End of file
[tls @ 0x7f9701b30680] IO error: End of file
[https @ 0x7f9701b30200] Error reading HTTP response: End of file
[2026-04-12T15:23:34.974054] Saved clip /Users/Chen/PycharmProjects/CSCI_6234_Final/recordings/cam221/clips/2026/04/12/cam221_20260412T192253Z.mp4 (1527376 bytes)
[2026-04-12T15:23:35.484182] Starting 60-second capture -> /Users/Chen/PycharmProjects/CSCI_6234_Final/recordings/cam221/clips/2026/04/12/cam221_20260412T192335Z.mp4
[tls @ 0x7ff445a04b00] IO error: End of file
[https @ 0x7ff445a049c0] Error reading HTTP response: End of file
[tls @ 0x7ff445c17d00] IO error: End of file
[https @ 0x7ff445c29f00] Error reading HTTP response: End of file
[tls @ 0x7ff445b5d680] IO error: End of file
[https @ 0x7ff445b74f00] Error reading HTTP response: End of file
[tls @ 0x7ff445b3cfc0] IO error: End of file
[https @ 0x7ff445b799c0] Error reading HTTP response: End of file
[tls @ 0x7ff434f40ec0] IO error: End of file
[https @ 0x7ff434f409c0] Error reading HTTP response: End of file
[tls @ 0x7ff445b3cfc0] IO error: End of file
[https @ 0x7ff445c0d080] Error reading HTTP response: End of file
[tls @ 0x7ff445c4eb80] IO error: End of file
[https @ 0x7ff445c503c0] Error reading HTTP response: End of file
[tls @ 0x7ff445c0cb00] IO error: End of file
[https @ 0x7ff445c09dc0] Error reading HTTP response: End of file
[2026-04-12T15:24:19.674065] Saved clip /Users/Chen/PycharmProjects/CSCI_6234_Final/recordings/cam221/clips/2026/04/12/cam221_20260412T192335Z.mp4 (1624332 bytes)
[2026-04-12T15:24:20.189269] Starting 60-second capture -> /Users/Chen/PycharmProjects/CSCI_6234_Final/recordings/cam221/clips/2026/04/12/cam221_20260412T192420Z.mp4
[tls @ 0x7f8527f04680] IO error: End of file
[https @ 0x7f8527f04540] Error reading HTTP response: End of file
[tls @ 0x7f8530a31e00] IO error: End of file
[https @ 0x7f8530a31d40] Error reading HTTP response: End of file
[tls @ 0x7f8530a1fa40] IO error: End of file
[https @ 0x7f8530a39800] Error reading HTTP response: End of file
[tls @ 0x7f8530a309c0] IO error: End of file
[https @ 0x7f8530a30900] Error reading HTTP response: End of file
[tls @ 0x7f853090d680] IO error: End of file
[https @ 0x7f853096fa40] Error reading HTTP response: End of file
[tls @ 0x7f853080b500] IO error: End of file
[https @ 0x7f8530824840] Error reading HTTP response: End of file
[tls @ 0x7f8527f2b0c0] IO error: End of file
[https @ 0x7f8527f5b240] Error reading HTTP response: End of file
[2026-04-12T15:25:04.037860] Saved clip /Users/Chen/PycharmProjects/CSCI_6234_Final/recordings/cam221/clips/2026/04/12/cam221_20260412T192420Z.mp4 (1494895 bytes)
[2026-04-12T15:25:04.558381] Starting 60-second capture -> /Users/Chen/PycharmProjects/CSCI_6234_Final/recordings/cam221/clips/2026/04/12/cam221_20260412T192504Z.mp4
[tls @ 0x7fa19f804500] IO error: End of file
[https @ 0x7fa19f8043c0] Error reading HTTP response: End of file
[tls @ 0x7fa19f8109c0] IO error: End of file
[https @ 0x7fa19f815c00] Error reading HTTP response: End of file
[tls @ 0x7fa19ef4ccc0] IO error: End of file
[https @ 0x7fa19ef247c0] Error reading HTTP response: End of file
[tls @ 0x7fa1aef0fec0] IO error: End of file
[https @ 0x7fa1aef88340] Error reading HTTP response: End of file
[tls @ 0x7fa1b8005680] IO error: End of file
[https @ 0x7fa1b8024400] Error reading HTTP response: End of file
[tls @ 0x7fa1b8026140] IO error: End of file
[https @ 0x7fa1b80170c0] Error reading HTTP response: End of file
[2026-04-12T15:25:46.030897] Saved clip /Users/Chen/PycharmProjects/CSCI_6234_Final/recordings/cam221/clips/2026/04/12/cam221_20260412T192504Z.mp4 (1344251 bytes)
[2026-04-12T15:25:46.550525] Starting 60-second capture -> /Users/Chen/PycharmProjects/CSCI_6234_Final/recordings/cam221/clips/2026/04/12/cam221_20260412T192546Z.mp4
[tls @ 0x7fdf8d3048c0] IO error: End of file
[https @ 0x7fdf8d304780] Error reading HTTP response: End of file
[tls @ 0x7fdf7c77dc80] IO error: End of file
[https @ 0x7fdf7c751d40] Error reading HTTP response: End of file
[tls @ 0x7fdf7c804e40] IO error: End of file
[https @ 0x7fdf7c804d40] Error reading HTTP response: End of file
[tls @ 0x7fdf7c77dc80] IO error: End of file
[https @ 0x7fdf7c738580] Error reading HTTP response: End of file
[tls @ 0x7fdf7c846480] IO error: End of file
[https @ 0x7fdf7c8487c0] Error reading HTTP response: End of file
[tls @ 0x7fdf7c80a480] IO error: End of file
[https @ 0x7fdf7c805000] Error reading HTTP response: End of file
[2026-04-12T15:26:20.250229] Saved clip /Users/Chen/PycharmProjects/CSCI_6234_Final/recordings/cam221/clips/2026/04/12/cam221_20260412T192546Z.mp4 (1194611 bytes)
[2026-04-12T15:26:20.764577] Starting 60-second capture -> /Users/Chen/PycharmProjects/CSCI_6234_Final/recordings/cam221/clips/2026/04/12/cam221_20260412T192620Z.mp4
[tls @ 0x7f90fb804500] IO error: End of file
[https @ 0x7f90fb804400] Error reading HTTP response: End of file
[tls @ 0x7f910ba27a80] IO error: End of file
[https @ 0x7f910ba2d540] Error reading HTTP response: End of file
[tls @ 0x7f90faf11080] IO error: End of file
[https @ 0x7f90faf11640] Error reading HTTP response: End of file
[tls @ 0x7f90fb81fc40] IO error: End of file
[https @ 0x7f90fb831c00] Error reading HTTP response: End of file
[tls @ 0x7f910ba12000] IO error: End of file
[https @ 0x7f910ba4cf00] Error reading HTTP response: End of file
[tls @ 0x7f90fb831c00] IO error: End of file
[https @ 0x7f90fb811080] Error reading HTTP response: End of file
[tls @ 0x7f90fb914c40] IO error: End of file
[https @ 0x7f90fb933f80] Error reading HTTP response: End of file
[2026-04-12T15:27:04.735759] Saved clip /Users/Chen/PycharmProjects/CSCI_6234_Final/recordings/cam221/clips/2026/04/12/cam221_20260412T192620Z.mp4 (1583488 bytes)
[2026-04-12T15:27:05.250609] Starting 60-second capture -> /Users/Chen/PycharmProjects/CSCI_6234_Final/recordings/cam221/clips/2026/04/12/cam221_20260412T192705Z.mp4
[tls @ 0x7f7eadc2efc0] IO error: End of file
[https @ 0x7f7eadc38140] Error reading HTTP response: End of file
[tls @ 0x7f7eadd3ca00] IO error: End of file
[https @ 0x7f7eadd3b3c0] Error reading HTTP response: End of file
[tls @ 0x7f7eadb22740] IO error: End of file
[https @ 0x7f7eadb21d00] Error reading HTTP response: End of file
[tls @ 0x7f7eadb3fe80] IO error: End of file
[https @ 0x7f7eadb43380] Error reading HTTP response: End of file
[tls @ 0x7f7eadd3ca00] IO error: End of file
[https @ 0x7f7eadd3b3c0] Error reading HTTP response: End of file
[2026-04-12T15:27:46.725543] Saved clip /Users/Chen/PycharmProjects/CSCI_6234_Final/recordings/cam221/clips/2026/04/12/cam221_20260412T192705Z.mp4 (1106463 bytes)
[2026-04-12T15:27:47.238706] Starting 60-second capture -> /Users/Chen/PycharmProjects/CSCI_6234_Final/recordings/cam221/clips/2026/04/12/cam221_20260412T192747Z.mp4
[tls @ 0x7fde13c04180] IO error: End of file
[https @ 0x7fde038043c0] Error reading HTTP response: End of file
[tls @ 0x7fde03829fc0] IO error: End of file
[https @ 0x7fde0383a700] Error reading HTTP response: End of file
[tls @ 0x7fde0383f800] IO error: End of file
[https @ 0x7fde03870000] Error reading HTTP response: End of file
[tls @ 0x7fde02f35680] IO error: End of file
[https @ 0x7fde02f30900] Error reading HTTP response: End of file
[tls @ 0x7fde02f2d3c0] IO error: End of file
[https @ 0x7fde02f2fe00] Error reading HTTP response: End of file
[tls @ 0x7fde13c04540] IO error: End of file
[https @ 0x7fde13c47480] Error reading HTTP response: End of file
[tls @ 0x7fde13c25800] IO error: End of file
[https @ 0x7fde13c35cc0] Error reading HTTP response: End of file
[2026-04-12T15:28:21.703621] Saved clip /Users/Chen/PycharmProjects/CSCI_6234_Final/recordings/cam221/clips/2026/04/12/cam221_20260412T192747Z.mp4 (1191429 bytes)
[2026-04-12T15:28:22.223783] Starting 60-second capture -> /Users/Chen/PycharmProjects/CSCI_6234_Final/recordings/cam221/clips/2026/04/12/cam221_20260412T192822Z.mp4
[tls @ 0x7f8ed7004c80] IO error: End of file
[https @ 0x7f8ed7004b40] Error reading HTTP response: End of file
[tls @ 0x7f8eb670c580] IO error: End of file
[https @ 0x7f8eb6706c40] Error reading HTTP response: End of file
[tls @ 0x7f8eb6720640] IO error: End of file
[https @ 0x7f8eb6725b40] Error reading HTTP response: End of file
[tls @ 0x7f8eb6714ac0] IO error: End of file
[https @ 0x7f8eb672a500] Error reading HTTP response: End of file
[tls @ 0x7f8ed7026100] IO error: End of file
[https @ 0x7f8ed702aa40] Error reading HTTP response: End of file
[tls @ 0x7f8ed7019b40] IO error: End of file
[https @ 0x7f8ed7036380] Error reading HTTP response: End of file
[2026-04-12T15:29:03.804066] Saved clip /Users/Chen/PycharmProjects/CSCI_6234_Final/recordings/cam221/clips/2026/04/12/cam221_20260412T192822Z.mp4 (1399062 bytes)
[2026-04-12T15:29:04.325418] Starting 60-second capture -> /Users/Chen/PycharmProjects/CSCI_6234_Final/recordings/cam221/clips/2026/04/12/cam221_20260412T192904Z.mp4
[tls @ 0x7fd069804500] IO error: End of file
[https @ 0x7fd0698043c0] Error reading HTTP response: End of file
[tls @ 0x7fd079110300] IO error: End of file
[https @ 0x7fd079111ac0] Error reading HTTP response: End of file
[tls @ 0x7fd07921d040] IO error: End of file
[https @ 0x7fd07921ef00] Error reading HTTP response: End of file
[tls @ 0x7fd068706940] IO error: End of file
[https @ 0x7fd068707c00] Error reading HTTP response: End of file
[tls @ 0x7fd07913d380] IO error: End of file
[https @ 0x7fd0791142c0] Error reading HTTP response: End of file
[tls @ 0x7fd07913a640] IO error: End of file
[https @ 0x7fd0791324c0] Error reading HTTP response: End of file
[2026-04-12T15:29:45.910367] Saved clip /Users/Chen/PycharmProjects/CSCI_6234_Final/recordings/cam221/clips/2026/04/12/cam221_20260412T192904Z.mp4 (1328784 bytes)
[2026-04-12T15:29:46.422634] Starting 60-second capture -> /Users/Chen/PycharmProjects/CSCI_6234_Final/recordings/cam221/clips/2026/04/12/cam221_20260412T192946Z.mp4
[tls @ 0x7fdb34f04680] IO error: End of file
[https @ 0x7fdb34f04540] Error reading HTTP response: End of file
[tls @ 0x7fdb3580ef40] IO error: End of file
[https @ 0x7fdb3580f500] Error reading HTTP response: End of file
[tls @ 0x7fdb35a07f00] IO error: End of file
[https @ 0x7fdb35a17600] Error reading HTTP response: End of file
[tls @ 0x7fdb35908d80] IO error: End of file
[https @ 0x7fdb35831ac0] Error reading HTTP response: End of file
[tls @ 0x7fdb34f69bc0] IO error: End of file
[https @ 0x7fdb34f18c00] Error reading HTTP response: End of file
[tls @ 0x7fdb3583cac0] IO error: End of file
[https @ 0x7fdb35806880] Error reading HTTP response: End of file
[tls @ 0x7fdb35932e80] IO error: End of file
[https @ 0x7fdb35930600] Error reading HTTP response: End of file
[2026-04-12T15:30:21.235263] Saved clip /Users/Chen/PycharmProjects/CSCI_6234_Final/recordings/cam221/clips/2026/04/12/cam221_20260412T192946Z.mp4 (1715715 bytes)
[2026-04-12T15:30:21.752487] Starting 60-second capture -> /Users/Chen/PycharmProjects/CSCI_6234_Final/recordings/cam221/clips/2026/04/12/cam221_20260412T193021Z.mp4
[tls @ 0x7ff48e505980] IO error: End of file
[https @ 0x7ff48e505840] Error reading HTTP response: End of file
[tls @ 0x7ff48e30e100] IO error: End of file
[https @ 0x7ff48e313900] Error reading HTTP response: End of file
[tls @ 0x7ff48e31fe40] IO error: End of file
[https @ 0x7ff48e330340] Error reading HTTP response: End of file
[tls @ 0x7ff47d775880] IO error: End of file
[https @ 0x7ff47d771c80] Error reading HTTP response: End of file
[tls @ 0x7ff47d741c00] IO error: End of file
[https @ 0x7ff47d744c40] Error reading HTTP response: End of file
[tls @ 0x7ff47d7491c0] IO error: End of file
[https @ 0x7ff47d71d380] Error reading HTTP response: End of file
[2026-04-12T15:31:03.544744] Saved clip /Users/Chen/PycharmProjects/CSCI_6234_Final/recordings/cam221/clips/2026/04/12/cam221_20260412T193021Z.mp4 (1566529 bytes)
[2026-04-12T15:31:04.062985] Starting 60-second capture -> /Users/Chen/PycharmProjects/CSCI_6234_Final/recordings/cam221/clips/2026/04/12/cam221_20260412T193104Z.mp4
[tls @ 0x7f7fa5304680] IO error: End of file
[https @ 0x7f7fa5304540] Error reading HTTP response: End of file
[tls @ 0x7f7fa5310780] IO error: End of file
[https @ 0x7f7fa5326a80] Error reading HTTP response: End of file
[tls @ 0x7f7fa5653140] IO error: End of file
[https @ 0x7f7fa563fd00] Error reading HTTP response: End of file
[tls @ 0x7f7fa5604280] IO error: End of file
[https @ 0x7f7fa5604e80] Error reading HTTP response: End of file
[tls @ 0x7f7fa5653140] IO error: End of file
[https @ 0x7f7fa56518c0] Error reading HTTP response: End of file
[tls @ 0x7f7fa565b340] IO error: End of file
[https @ 0x7f7fa565c9c0] Error reading HTTP response: End of file
[2026-04-12T15:31:45.534837] Saved clip /Users/Chen/PycharmProjects/CSCI_6234_Final/recordings/cam221/clips/2026/04/12/cam221_20260412T193104Z.mp4 (1511367 bytes)
[2026-04-12T15:31:46.053343] Starting 60-second capture -> /Users/Chen/PycharmProjects/CSCI_6234_Final/recordings/cam221/clips/2026/04/12/cam221_20260412T193146Z.mp4
[tls @ 0x7faf6e204680] IO error: End of file
[https @ 0x7faf6e204540] Error reading HTTP response: End of file
[tls @ 0x7faf6e231740] IO error: End of file
[https @ 0x7faf6e221080] Error reading HTTP response: End of file
[tls @ 0x7faf6e364e00] IO error: End of file
[https @ 0x7faf6e359f40] Error reading HTTP response: End of file
[tls @ 0x7faf6e223b80] IO error: End of file
[https @ 0x7faf6e232080] Error reading HTTP response: End of file
[tls @ 0x7faf6e2512c0] IO error: End of file
[https @ 0x7faf6e22e900] Error reading HTTP response: End of file
[tls @ 0x7faf6e426c40] IO error: End of file
[https @ 0x7faf6e42d180] Error reading HTTP response: End of file
[tls @ 0x7faf6e119140] IO error: End of file
[https @ 0x7faf6e151b80] Error reading HTTP response: End of file
[tls @ 0x7faf6e364e00] IO error: End of file
[https @ 0x7faf6e33d300] Error reading HTTP response: End of file
[tls @ 0x7faf6e3430c0] IO error: End of file
[https @ 0x7faf6e346140] Error reading HTTP response: End of file
[2026-04-12T15:32:30.151469] Saved clip /Users/Chen/PycharmProjects/CSCI_6234_Final/recordings/cam221/clips/2026/04/12/cam221_20260412T193146Z.mp4 (1212848 bytes)
[2026-04-12T15:32:30.669698] Starting 60-second capture -> /Users/Chen/PycharmProjects/CSCI_6234_Final/recordings/cam221/clips/2026/04/12/cam221_20260412T193230Z.mp4
[tls @ 0x7fe8bcb04f40] IO error: End of file
[https @ 0x7fe8bcb04800] Error reading HTTP response: End of file
[tls @ 0x7fe8bcc05580] IO error: End of file
[https @ 0x7fe8bcc051c0] Error reading HTTP response: End of file
[tls @ 0x7fe8bcd43180] IO error: End of file
[https @ 0x7fe8bcd19600] Error reading HTTP response: End of file
[tls @ 0x7fe8bcc5c780] IO error: End of file
[https @ 0x7fe8bcc644c0] Error reading HTTP response: End of file
[tls @ 0x7fe8bcc541c0] IO error: End of file
[https @ 0x7fe8bcc501c0] Error reading HTTP response: End of file
[tls @ 0x7fe8bcb4fb40] IO error: End of file
[https @ 0x7fe8bcb0b3c0] Error reading HTTP response: End of file
[2026-04-12T15:33:12.258600] Saved clip /Users/Chen/PycharmProjects/CSCI_6234_Final/recordings/cam221/clips/2026/04/12/cam221_20260412T193230Z.mp4 (1317263 bytes)
[2026-04-12T15:33:12.774160] Starting 60-second capture -> /Users/Chen/PycharmProjects/CSCI_6234_Final/recordings/cam221/clips/2026/04/12/cam221_20260412T193312Z.mp4
[tls @ 0x7fb039006680] IO error: End of file
[https @ 0x7fb03900e640] Error reading HTTP response: End of file
[tls @ 0x7fb03900a500] IO error: End of file
[https @ 0x7fb039137340] Error reading HTTP response: End of file
[tls @ 0x7fb0391072c0] IO error: End of file
[https @ 0x7fb039144ec0] Error reading HTTP response: End of file
[tls @ 0x7fb040161a40] IO error: End of file
[https @ 0x7fb0401049c0] Error reading HTTP response: End of file
[tls @ 0x7fb039064740] IO error: End of file
[https @ 0x7fb039050680] Error reading HTTP response: End of file
[tls @ 0x7fb02f738080] IO error: End of file
[https @ 0x7fb02f780300] Error reading HTTP response: End of file
[2026-04-12T15:33:54.931297] Saved clip /Users/Chen/PycharmProjects/CSCI_6234_Final/recordings/cam221/clips/2026/04/12/cam221_20260412T193312Z.mp4 (1635133 bytes)
[2026-04-12T15:33:55.442936] Starting 60-second capture -> /Users/Chen/PycharmProjects/CSCI_6234_Final/recordings/cam221/clips/2026/04/12/cam221_20260412T193355Z.mp4
[tls @ 0x7ff693405900] IO error: End of file
[https @ 0x7ff6934057c0] Error reading HTTP response: End of file
[tls @ 0x7ff693406b00] IO error: End of file
[https @ 0x7ff693406740] Error reading HTTP response: End of file
[tls @ 0x7ff693255bc0] IO error: End of file
[https @ 0x7ff693256780] Error reading HTTP response: End of file
[tls @ 0x7ff69323f200] IO error: End of file
[https @ 0x7ff693205280] Error reading HTTP response: End of file
[tls @ 0x7ff6827231c0] IO error: End of file
[https @ 0x7ff682755f80] Error reading HTTP response: End of file
[tls @ 0x7ff693415300] IO error: End of file
[https @ 0x7ff693435640] Error reading HTTP response: End of file
[tls @ 0x7ff682728700] IO error: End of file
[https @ 0x7ff682750c80] Error reading HTTP response: End of file
[tls @ 0x7ff682737840] IO error: End of file
[https @ 0x7ff682704600] Error reading HTTP response: End of file
[2026-04-12T15:34:39.777789] Saved clip /Users/Chen/PycharmProjects/CSCI_6234_Final/recordings/cam221/clips/2026/04/12/cam221_20260412T193355Z.mp4 (1127718 bytes)
[2026-04-12T15:34:40.297366] Starting 60-second capture -> /Users/Chen/PycharmProjects/CSCI_6234_Final/recordings/cam221/clips/2026/04/12/cam221_20260412T193440Z.mp4
[tls @ 0x7fbb5f715cc0] IO error: End of file
[https @ 0x7fbb5f719480] Error reading HTTP response: End of file
[tls @ 0x7fbb5f71c000] IO error: End of file
[https @ 0x7fbb5f722540] Error reading HTTP response: End of file
[tls @ 0x7fbb702571c0] IO error: End of file
[https @ 0x7fbb70266500] Error reading HTTP response: End of file
[tls @ 0x7fbb7022ac40] IO error: End of file
[https @ 0x7fbb70248340] Error reading HTTP response: End of file
[tls @ 0x7fbb70216380] IO error: End of file
[https @ 0x7fbb70272e80] Error reading HTTP response: End of file
[tls @ 0x7fbb680b8ec0] IO error: End of file
[https @ 0x7fbb680b52c0] Error reading HTTP response: End of file
[tls @ 0x7fbb5f733100] IO error: End of file
[https @ 0x7fbb5f75ec80] Error reading HTTP response: End of file
[tls @ 0x7fbb7026fb40] IO error: End of file
[https @ 0x7fbb70270f40] Error reading HTTP response: End of file
[2026-04-12T15:35:24.215207] Saved clip /Users/Chen/PycharmProjects/CSCI_6234_Final/recordings/cam221/clips/2026/04/12/cam221_20260412T193440Z.mp4 (1380552 bytes)
[2026-04-12T15:35:24.730033] Starting 60-second capture -> /Users/Chen/PycharmProjects/CSCI_6234_Final/recordings/cam221/clips/2026/04/12/cam221_20260412T193524Z.mp4
[tls @ 0x7fc861905c80] IO error: End of file
[https @ 0x7fc861905bc0] Error reading HTTP response: End of file
[tls @ 0x7fc851139fc0] IO error: End of file
[https @ 0x7fc85113ce40] Error reading HTTP response: End of file
[tls @ 0x7fc861910b00] IO error: End of file
[https @ 0x7fc861910a00] Error reading HTTP response: End of file
[tls @ 0x7fc85103f940] IO error: End of file
[https @ 0x7fc851051bc0] Error reading HTTP response: End of file
[tls @ 0x7fc86190c300] IO error: End of file
[https @ 0x7fc86190c8c0] Error reading HTTP response: End of file
[2026-04-12T15:36:06.244776] Saved clip /Users/Chen/PycharmProjects/CSCI_6234_Final/recordings/cam221/clips/2026/04/12/cam221_20260412T193524Z.mp4 (1558830 bytes)
[2026-04-12T15:36:06.763160] Starting 60-second capture -> /Users/Chen/PycharmProjects/CSCI_6234_Final/recordings/cam221/clips/2026/04/12/cam221_20260412T193606Z.mp4
[tls @ 0x7fec3b6043c0] IO error: End of file
[https @ 0x7fec3b604200] Error reading HTTP response: End of file
[tls @ 0x7fec3b7050c0] IO error: End of file
[https @ 0x7fec3b704fc0] Error reading HTTP response: End of file
[tls @ 0x7fec3b7539c0] IO error: End of file
[https @ 0x7fec3b75df00] Error reading HTTP response: End of file
[tls @ 0x7fec4803c280] IO error: End of file
[https @ 0x7fec480203c0] Error reading HTTP response: End of file
[tls @ 0x7fec3b7539c0] IO error: End of file
[https @ 0x7fec3b716240] Error reading HTTP response: End of file
[tls @ 0x7fec3b76bc40] IO error: End of file
[https @ 0x7fec3b75df00] Error reading HTTP response: End of file
[2026-04-12T15:36:47.947534] Saved clip /Users/Chen/PycharmProjects/CSCI_6234_Final/recordings/cam221/clips/2026/04/12/cam221_20260412T193606Z.mp4 (1270167 bytes)
[2026-04-12T15:36:48.465981] Starting 60-second capture -> /Users/Chen/PycharmProjects/CSCI_6234_Final/recordings/cam221/clips/2026/04/12/cam221_20260412T193648Z.mp4
[tls @ 0x7fb296b04680] IO error: End of file
[https @ 0x7fb296b04540] Error reading HTTP response: End of file
[tls @ 0x7fb296b0d140] IO error: End of file
[https @ 0x7fb296b0d080] Error reading HTTP response: End of file
[tls @ 0x7fb296d41180] IO error: End of file
[https @ 0x7fb296d52940] Error reading HTTP response: End of file
[tls @ 0x7fb296c082c0] IO error: End of file
[https @ 0x7fb296c17540] Error reading HTTP response: End of file
[tls @ 0x7fb296c4ff00] IO error: End of file
[https @ 0x7fb296c56800] Error reading HTTP response: End of file
[tls @ 0x7fb296e17940] IO error: End of file
[https @ 0x7fb296e180c0] Error reading HTTP response: End of file
[tls @ 0x7fb296d13100] IO error: End of file
[https @ 0x7fb296d0ef40] Error reading HTTP response: End of file
[2026-04-12T15:37:21.507222] Saved clip /Users/Chen/PycharmProjects/CSCI_6234_Final/recordings/cam221/clips/2026/04/12/cam221_20260412T193648Z.mp4 (1450972 bytes)
[2026-04-12T15:37:22.023169] Starting 60-second capture -> /Users/Chen/PycharmProjects/CSCI_6234_Final/recordings/cam221/clips/2026/04/12/cam221_20260412T193722Z.mp4
[tls @ 0x7fa7c9204500] IO error: End of file
[https @ 0x7fa7c92043c0] Error reading HTTP response: End of file
[tls @ 0x7fa7b870e040] IO error: End of file
[https @ 0x7fa7b870e500] Error reading HTTP response: End of file
[tls @ 0x7fa7b905aec0] IO error: End of file
[https @ 0x7fa7b9059380] Error reading HTTP response: End of file
[tls @ 0x7fa7c9225400] IO error: End of file
[https @ 0x7fa7c9207980] Error reading HTTP response: End of file
[tls @ 0x7fa7b905aec0] IO error: End of file
[https @ 0x7fa7b9022500] Error reading HTTP response: End of file
[tls @ 0x7fa7c934e880] IO error: End of file
[https @ 0x7fa7c935ae00] Error reading HTTP response: End of file
[2026-04-12T15:38:03.819998] Saved clip /Users/Chen/PycharmProjects/CSCI_6234_Final/recordings/cam221/clips/2026/04/12/cam221_20260412T193722Z.mp4 (885813 bytes)
[2026-04-12T15:38:04.335430] Starting 60-second capture -> /Users/Chen/PycharmProjects/CSCI_6234_Final/recordings/cam221/clips/2026/04/12/cam221_20260412T193804Z.mp4
[tls @ 0x7fe378004680] IO error: End of file
[https @ 0x7fe378004540] Error reading HTTP response: End of file
[tls @ 0x7fe378016100] IO error: End of file
[https @ 0x7fe378022080] Error reading HTTP response: End of file
[tls @ 0x7fe36f714c40] IO error: End of file
[https @ 0x7fe36f71c900] Error reading HTTP response: End of file
[tls @ 0x7fe36f75c4c0] IO error: End of file
[https @ 0x7fe36f708580] Error reading HTTP response: End of file
[tls @ 0x7fe36f724700] IO error: End of file
[https @ 0x7fe36f729180] Error reading HTTP response: End of file
[tls @ 0x7fe378047d00] IO error: End of file
[https @ 0x7fe37803ef40] Error reading HTTP response: End of file
[tls @ 0x7fe36f74ef80] IO error: End of file
[https @ 0x7fe36f755400] Error reading HTTP response: End of file
[tls @ 0x7fe378047d00] IO error: End of file
[https @ 0x7fe378041d40] Error reading HTTP response: End of file
[2026-04-12T15:38:49.270664] Saved clip /Users/Chen/PycharmProjects/CSCI_6234_Final/recordings/cam221/clips/2026/04/12/cam221_20260412T193804Z.mp4 (1319832 bytes)
[2026-04-12T15:38:49.785769] Starting 60-second capture -> /Users/Chen/PycharmProjects/CSCI_6234_Final/recordings/cam221/clips/2026/04/12/cam221_20260412T193849Z.mp4
[tls @ 0x7fc058704680] IO error: End of file
[https @ 0x7fc058704540] Error reading HTTP response: End of file
[tls @ 0x7fc069507140] IO error: End of file
[https @ 0x7fc069507080] Error reading HTTP response: End of file
[tls @ 0x7fc05995c9c0] IO error: End of file
[https @ 0x7fc05995bd40] Error reading HTTP response: End of file
[tls @ 0x7fc069542cc0] IO error: End of file
[https @ 0x7fc069540a00] Error reading HTTP response: End of file
[tls @ 0x7fc069545080] IO error: End of file
[https @ 0x7fc0695209c0] Error reading HTTP response: End of file
[tls @ 0x7fc06952cec0] IO error: End of file
[https @ 0x7fc069542c80] Error reading HTTP response: End of file
[tls @ 0x7fc06954ae40] IO error: End of file
[https @ 0x7fc069554700] Error reading HTTP response: End of file
[tls @ 0x7fc06952cec0] IO error: End of file
[https @ 0x7fc069505bc0] Error reading HTTP response: End of file
[2026-04-12T15:39:33.833269] Saved clip /Users/Chen/PycharmProjects/CSCI_6234_Final/recordings/cam221/clips/2026/04/12/cam221_20260412T193849Z.mp4 (1340418 bytes)
[2026-04-12T15:39:34.351778] Starting 60-second capture -> /Users/Chen/PycharmProjects/CSCI_6234_Final/recordings/cam221/clips/2026/04/12/cam221_20260412T193934Z.mp4
[tls @ 0x7fe396804740] IO error: End of file
[https @ 0x7fe396804600] Error reading HTTP response: End of file
[tls @ 0x7fe396916940] IO error: End of file
[https @ 0x7fe39692d180] Error reading HTTP response: End of file
[tls @ 0x7fe395f0e5c0] IO error: End of file
[https @ 0x7fe395f3c240] Error reading HTTP response: End of file
[tls @ 0x7fe396846080] IO error: End of file
[https @ 0x7fe39680c800] Error reading HTTP response: End of file
[tls @ 0x7fe395f20540] IO error: End of file
[https @ 0x7fe395f1a200] Error reading HTTP response: End of file
[tls @ 0x7fe396846080] IO error: End of file
[https @ 0x7fe39682f2c0] Error reading HTTP response: End of file
[2026-04-12T15:40:16.239300] Saved clip /Users/Chen/PycharmProjects/CSCI_6234_Final/recordings/cam221/clips/2026/04/12/cam221_20260412T193934Z.mp4 (1631070 bytes)
[2026-04-12T15:40:16.753510] Starting 60-second capture -> /Users/Chen/PycharmProjects/CSCI_6234_Final/recordings/cam221/clips/2026/04/12/cam221_20260412T194016Z.mp4
[tls @ 0x7fa93a405880] IO error: End of file
[https @ 0x7fa93a405740] Error reading HTTP response: End of file
[tls @ 0x7fa92a805a00] IO error: End of file
[https @ 0x7fa92a8058c0] Error reading HTTP response: End of file
[tls @ 0x7fa929728600] IO error: End of file
[https @ 0x7fa929729a40] Error reading HTTP response: End of file
[tls @ 0x7fa92a804680] IO error: End of file
[https @ 0x7fa92a8045c0] Error reading HTTP response: End of file
[tls @ 0x7fa93a481200] IO error: End of file
[https @ 0x7fa93a45b140] Error reading HTTP response: End of file
[tls @ 0x7fa93a304dc0] IO error: End of file
[https @ 0x7fa93a3512c0] Error reading HTTP response: End of file
[tls @ 0x7fa93a4418c0] IO error: End of file
[https @ 0x7fa93a445480] Error reading HTTP response: End of file
[2026-04-12T15:40:51.298669] Saved clip /Users/Chen/PycharmProjects/CSCI_6234_Final/recordings/cam221/clips/2026/04/12/cam221_20260412T194016Z.mp4 (1690101 bytes)
[2026-04-12T15:40:51.813847] Starting 60-second capture -> /Users/Chen/PycharmProjects/CSCI_6234_Final/recordings/cam221/clips/2026/04/12/cam221_20260412T194051Z.mp4
[tls @ 0x7f98ad206b00] IO error: End of file
[https @ 0x7f98ad206440] Error reading HTTP response: End of file
[tls @ 0x7f98ad10c800] IO error: End of file
[https @ 0x7f98ad107b00] Error reading HTTP response: End of file
[tls @ 0x7f989c70bd40] IO error: End of file
[https @ 0x7f989c70b8c0] Error reading HTTP response: End of file
[tls @ 0x7f98ad107b00] IO error: End of file
[https @ 0x7f98ad10c800] Error reading HTTP response: End of file
[tls @ 0x7f98ad214b00] IO error: End of file
[https @ 0x7f98ad206600] Error reading HTTP response: End of file
[tls @ 0x7f989c721bc0] IO error: End of file
[https @ 0x7f989c720440] Error reading HTTP response: End of file
[tls @ 0x7f98ad210c00] IO error: End of file
[https @ 0x7f98ad21c040] Error reading HTTP response: End of file
[2026-04-12T15:41:35.897481] Saved clip /Users/Chen/PycharmProjects/CSCI_6234_Final/recordings/cam221/clips/2026/04/12/cam221_20260412T194051Z.mp4 (1477545 bytes)
[2026-04-12T15:41:36.408505] Starting 60-second capture -> /Users/Chen/PycharmProjects/CSCI_6234_Final/recordings/cam221/clips/2026/04/12/cam221_20260412T194136Z.mp4
[tls @ 0x7f8eda3043c0] IO error: End of file
[https @ 0x7f8eda304c80] Error reading HTTP response: End of file
[tls @ 0x7f8eda331380] IO error: End of file
[https @ 0x7f8eda338940] Error reading HTTP response: End of file
[tls @ 0x7f8eca839c00] IO error: End of file
[https @ 0x7f8eca810240] Error reading HTTP response: End of file
[tls @ 0x7f8eda428480] IO error: End of file
[https @ 0x7f8eda442440] Error reading HTTP response: End of file
[tls @ 0x7f8ec972ff80] IO error: End of file
[https @ 0x7f8ec9740880] Error reading HTTP response: End of file
[tls @ 0x7f8eda43eb00] IO error: End of file
[https @ 0x7f8eda30c2c0] Error reading HTTP response: End of file
[2026-04-12T15:42:18.111168] Saved clip /Users/Chen/PycharmProjects/CSCI_6234_Final/recordings/cam221/clips/2026/04/12/cam221_20260412T194136Z.mp4 (1569494 bytes)
[2026-04-12T15:42:18.629971] Starting 60-second capture -> /Users/Chen/PycharmProjects/CSCI_6234_Final/recordings/cam221/clips/2026/04/12/cam221_20260412T194218Z.mp4
[tls @ 0x7f7bccd04500] IO error: End of file
[https @ 0x7f7bccd043c0] Error reading HTTP response: End of file
[tls @ 0x7f7bccc99000] IO error: End of file
[https @ 0x7f7bccf26200] Error reading HTTP response: End of file
[tls @ 0x7f7bccc3f740] IO error: End of file
[https @ 0x7f7bccc51940] Error reading HTTP response: End of file
[tls @ 0x7f7bccf0f740] IO error: End of file
[https @ 0x7f7bccf15cc0] Error reading HTTP response: End of file
[tls @ 0x7f7bccd0d640] IO error: End of file
[https @ 0x7f7bccd1d100] Error reading HTTP response: End of file
[tls @ 0x7f7bccf07a80] IO error: End of file
[https @ 0x7f7bccf09d00] Error reading HTTP response: End of file
[2026-04-12T15:42:52.080283] Saved clip /Users/Chen/PycharmProjects/CSCI_6234_Final/recordings/cam221/clips/2026/04/12/cam221_20260412T194218Z.mp4 (1282324 bytes)
[2026-04-12T15:42:52.600811] Starting 60-second capture -> /Users/Chen/PycharmProjects/CSCI_6234_Final/recordings/cam221/clips/2026/04/12/cam221_20260412T194252Z.mp4
[tls @ 0x7fb856704300] IO error: End of file
[https @ 0x7fb8567041c0] Error reading HTTP response: End of file
[tls @ 0x7fb85722ff00] IO error: End of file
[https @ 0x7fb8572374c0] Error reading HTTP response: End of file
[tls @ 0x7fb8570251c0] IO error: End of file
[https @ 0x7fb8570064c0] Error reading HTTP response: End of file
[tls @ 0x7fb857052200] IO error: End of file
[https @ 0x7fb857053640] Error reading HTTP response: End of file
[tls @ 0x7fb8570251c0] IO error: End of file
[https @ 0x7fb8570561c0] Error reading HTTP response: End of file
[tls @ 0x7fb8570521c0] IO error: End of file
[https @ 0x7fb8570502c0] Error reading HTTP response: End of file
[2026-04-12T15:43:34.634166] Saved clip /Users/Chen/PycharmProjects/CSCI_6234_Final/recordings/cam221/clips/2026/04/12/cam221_20260412T194252Z.mp4 (1333565 bytes)
[2026-04-12T15:43:35.147528] Starting 60-second capture -> /Users/Chen/PycharmProjects/CSCI_6234_Final/recordings/cam221/clips/2026/04/12/cam221_20260412T194335Z.mp4
[tls @ 0x7fd101c06280] IO error: End of file
[https @ 0x7fd101c06140] Error reading HTTP response: End of file
[tls @ 0x7fd0e102bf80] IO error: End of file
[https @ 0x7fd0e1037600] Error reading HTTP response: End of file
[tls @ 0x7fd101b22680] IO error: End of file
[https @ 0x7fd101b0ed80] Error reading HTTP response: End of file
[tls @ 0x7fd0e0f1c680] IO error: End of file
[https @ 0x7fd0e0f3a040] Error reading HTTP response: End of file
[tls @ 0x7fd0e0f35900] IO error: End of file
[https @ 0x7fd0e0f2f2c0] Error reading HTTP response: End of file
[2026-04-12T15:44:16.883072] Saved clip /Users/Chen/PycharmProjects/CSCI_6234_Final/recordings/cam221/clips/2026/04/12/cam221_20260412T194335Z.mp4 (1294430 bytes)
[2026-04-12T15:44:17.401951] Starting 60-second capture -> /Users/Chen/PycharmProjects/CSCI_6234_Final/recordings/cam221/clips/2026/04/12/cam221_20260412T194417Z.mp4
[tls @ 0x7fbc73b04500] IO error: End of file
[https @ 0x7fbc73b043c0] Error reading HTTP response: End of file
[tls @ 0x7fbc73d049c0] IO error: End of file
[https @ 0x7fbc73d04900] Error reading HTTP response: End of file
[tls @ 0x7fbc73c333c0] IO error: End of file
[https @ 0x7fbc73c40340] Error reading HTTP response: End of file
[tls @ 0x7fbc73d04240] IO error: End of file
[https @ 0x7fbc73d35840] Error reading HTTP response: End of file
[tls @ 0x7fbc73c5b7c0] IO error: End of file
[https @ 0x7fbc73c33040] Error reading HTTP response: End of file
[tls @ 0x7fbc73d4bec0] IO error: End of file
[https @ 0x7fbc73d5e200] Error reading HTTP response: End of file
[tls @ 0x7fbc73a3f900] IO error: End of file
[https @ 0x7fbc73a37080] Error reading HTTP response: End of file
[2026-04-12T15:44:50.854783] Saved clip /Users/Chen/PycharmProjects/CSCI_6234_Final/recordings/cam221/clips/2026/04/12/cam221_20260412T194417Z.mp4 (1238692 bytes)
[2026-04-12T15:44:51.376976] Starting 60-second capture -> /Users/Chen/PycharmProjects/CSCI_6234_Final/recordings/cam221/clips/2026/04/12/cam221_20260412T194451Z.mp4
[tls @ 0x7fc204004680] IO error: End of file
[https @ 0x7fc204004540] Error reading HTTP response: End of file
[tls @ 0x7fc20400aec0] IO error: End of file
[https @ 0x7fc20400b480] Error reading HTTP response: End of file
[tls @ 0x7fc224b4dd80] IO error: End of file
[https @ 0x7fc224b64340] Error reading HTTP response: End of file
[tls @ 0x7fc224a4cc80] IO error: End of file
[https @ 0x7fc224a4fc40] Error reading HTTP response: End of file
[tls @ 0x7fc224b7af80] IO error: End of file
[https @ 0x7fc224b93680] Error reading HTTP response: End of file
[tls @ 0x7fc224a4cc80] IO error: End of file
[https @ 0x7fc224a07f40] Error reading HTTP response: End of file
[2026-04-12T15:45:33.000390] Saved clip /Users/Chen/PycharmProjects/CSCI_6234_Final/recordings/cam221/clips/2026/04/12/cam221_20260412T194451Z.mp4 (1513721 bytes)
[2026-04-12T15:45:33.523889] Starting 60-second capture -> /Users/Chen/PycharmProjects/CSCI_6234_Final/recordings/cam221/clips/2026/04/12/cam221_20260412T194533Z.mp4
[tls @ 0x7fb7abf04500] IO error: End of file
[https @ 0x7fb7abf043c0] Error reading HTTP response: End of file
[tls @ 0x7fb7abf1a340] IO error: End of file
[https @ 0x7fb7abf1b640] Error reading HTTP response: End of file
[tls @ 0x7fb7bca18640] IO error: End of file
[https @ 0x7fb7bca35640] Error reading HTTP response: End of file
[tls @ 0x7fb7bcc333c0] IO error: End of file
[https @ 0x7fb7bcc3a940] Error reading HTTP response: End of file
[tls @ 0x7fb7abf21f00] IO error: End of file
[https @ 0x7fb7abf212c0] Error reading HTTP response: End of file
[tls @ 0x7fb7bcb1b300] IO error: End of file
[https @ 0x7fb7bcb1d640] Error reading HTTP response: End of file
[2026-04-12T15:46:14.939334] Saved clip /Users/Chen/PycharmProjects/CSCI_6234_Final/recordings/cam221/clips/2026/04/12/cam221_20260412T194533Z.mp4 (1146756 bytes)
[2026-04-12T15:46:15.457692] Starting 60-second capture -> /Users/Chen/PycharmProjects/CSCI_6234_Final/recordings/cam221/clips/2026/04/12/cam221_20260412T194615Z.mp4
[tls @ 0x7fee25004b00] IO error: End of file
[https @ 0x7fee250049c0] Error reading HTTP response: End of file
[tls @ 0x7fee24f12440] IO error: End of file
[https @ 0x7fee24f0e840] Error reading HTTP response: End of file
[tls @ 0x7fee25024580] IO error: End of file
[https @ 0x7fee25029dc0] Error reading HTTP response: End of file
[tls @ 0x7fee24f1b100] IO error: End of file
[https @ 0x7fee24f3a680] Error reading HTTP response: End of file
[tls @ 0x7fee35a43b80] IO error: End of file
[https @ 0x7fee35a25700] Error reading HTTP response: End of file
[tls @ 0x7fee35a28380] IO error: End of file
[https @ 0x7fee35a166c0] Error reading HTTP response: End of file
[tls @ 0x7fee35a43b80] IO error: End of file
[https @ 0x7fee35a92500] Error reading HTTP response: End of file
[tls @ 0x7fee35a064c0] IO error: End of file
[https @ 0x7fee35a4ef40] Error reading HTTP response: End of file
[2026-04-12T15:46:59.512955] Saved clip /Users/Chen/PycharmProjects/CSCI_6234_Final/recordings/cam221/clips/2026/04/12/cam221_20260412T194615Z.mp4 (1381833 bytes)
[2026-04-12T15:47:00.033817] Starting 60-second capture -> /Users/Chen/PycharmProjects/CSCI_6234_Final/recordings/cam221/clips/2026/04/12/cam221_20260412T194700Z.mp4
[tls @ 0x7fdd1b804080] IO error: End of file
[https @ 0x7fdd1af04bc0] Error reading HTTP response: End of file
[tls @ 0x7fdd2bb25440] IO error: End of file
[https @ 0x7fdd2bb21840] Error reading HTTP response: End of file
[tls @ 0x7fdd1b80e500] IO error: End of file
[https @ 0x7fdd1b81d280] Error reading HTTP response: End of file
[tls @ 0x7fdd2ba80f80] IO error: End of file
[https @ 0x7fdd2ba93180] Error reading HTTP response: End of file
[tls @ 0x7fdd1af3d4c0] IO error: End of file
[https @ 0x7fdd1af4f6c0] Error reading HTTP response: End of file
[tls @ 0x7fdd1b840d00] IO error: End of file
[https @ 0x7fdd1b83ef00] Error reading HTTP response: End of file
[tls @ 0x7fdd1b80ff80] IO error: End of file
[https @ 0x7fdd2bb2cf40] Error reading HTTP response: End of file
[tls @ 0x7fdd2ba367c0] IO error: End of file
[https @ 0x7fdd2ba318c0] Error reading HTTP response: End of file
[2026-04-12T15:47:44.202581] Saved clip /Users/Chen/PycharmProjects/CSCI_6234_Final/recordings/cam221/clips/2026/04/12/cam221_20260412T194700Z.mp4 (1051039 bytes)
[2026-04-12T15:47:44.718123] Starting 60-second capture -> /Users/Chen/PycharmProjects/CSCI_6234_Final/recordings/cam221/clips/2026/04/12/cam221_20260412T194744Z.mp4
[tls @ 0x7f93ba404340] IO error: End of file
[https @ 0x7f93ba404280] Error reading HTTP response: End of file
[tls @ 0x7f93a9705600] IO error: End of file
[https @ 0x7f93a97054c0] Error reading HTTP response: End of file
[tls @ 0x7f93ba417480] IO error: End of file
[https @ 0x7f93ba404340] Error reading HTTP response: End of file
[tls @ 0x7f93ba297cc0] IO error: End of file
[https @ 0x7f93ba21a840] Error reading HTTP response: End of file
[tls @ 0x7f93ba417480] IO error: End of file
[https @ 0x7f93ba42a2c0] Error reading HTTP response: End of file
[tls @ 0x7f93a970cc00] IO error: End of file
[https @ 0x7f93a970d900] Error reading HTTP response: End of file
[2026-04-12T15:48:26.572178] Saved clip /Users/Chen/PycharmProjects/CSCI_6234_Final/recordings/cam221/clips/2026/04/12/cam221_20260412T194744Z.mp4 (1387138 bytes)
[2026-04-12T15:48:27.087242] Starting 60-second capture -> /Users/Chen/PycharmProjects/CSCI_6234_Final/recordings/cam221/clips/2026/04/12/cam221_20260412T194827Z.mp4
[tls @ 0x7fb358105b00] IO error: End of file
[https @ 0x7fb358105a40] Error reading HTTP response: End of file
[tls @ 0x7fb35810b900] IO error: End of file
[https @ 0x7fb35811db40] Error reading HTTP response: End of file
[tls @ 0x7fb358131cc0] IO error: End of file
[https @ 0x7fb358124200] Error reading HTTP response: End of file
[tls @ 0x7fb33ef0edc0] IO error: End of file
[https @ 0x7fb33ef23c40] Error reading HTTP response: End of file
[tls @ 0x7fb34ef20380] IO error: End of file
[https @ 0x7fb34ef9e140] Error reading HTTP response: End of file
[tls @ 0x7fb34ef77080] IO error: End of file
[https @ 0x7fb34ef76440] Error reading HTTP response: End of file
[tls @ 0x7fb358012340] IO error: End of file
[https @ 0x7fb358022b40] Error reading HTTP response: End of file
[2026-04-12T15:49:00.618536] Saved clip /Users/Chen/PycharmProjects/CSCI_6234_Final/recordings/cam221/clips/2026/04/12/cam221_20260412T194827Z.mp4 (1326286 bytes)
[2026-04-12T15:49:01.131156] Starting 60-second capture -> /Users/Chen/PycharmProjects/CSCI_6234_Final/recordings/cam221/clips/2026/04/12/cam221_20260412T194901Z.mp4
[tls @ 0x7fa1cf805e00] IO error: End of file
[https @ 0x7fa1cf805cc0] Error reading HTTP response: End of file
[tls @ 0x7fa1bf8049c0] IO error: End of file
[https @ 0x7fa1bf8048c0] Error reading HTTP response: End of file
[tls @ 0x7fa1be73b640] IO error: End of file
[https @ 0x7fa1be74f3c0] Error reading HTTP response: End of file
[tls @ 0x7fa1cf82aa80] IO error: End of file
[https @ 0x7fa1cf832ec0] Error reading HTTP response: End of file
[tls @ 0x7fa1be746380] IO error: End of file
[https @ 0x7fa1be740580] Error reading HTTP response: End of file
[tls @ 0x7fa1be77aec0] IO error: End of file
[https @ 0x7fa1be771ec0] Error reading HTTP response: End of file
[2026-04-12T15:49:43.251290] Saved clip /Users/Chen/PycharmProjects/CSCI_6234_Final/recordings/cam221/clips/2026/04/12/cam221_20260412T194901Z.mp4 (1257519 bytes)
[2026-04-12T15:49:43.762797] Starting 60-second capture -> /Users/Chen/PycharmProjects/CSCI_6234_Final/recordings/cam221/clips/2026/04/12/cam221_20260412T194943Z.mp4
[tls @ 0x7fb51df04b40] IO error: End of file
[https @ 0x7fb51df04a00] Error reading HTTP response: End of file
[tls @ 0x7fb52ea52380] IO error: End of file
[https @ 0x7fb52ea75000] Error reading HTTP response: End of file
[tls @ 0x7fb51df065c0] IO error: End of file
[https @ 0x7fb51df064c0] Error reading HTTP response: End of file
[tls @ 0x7fb52ea52380] IO error: End of file
[https @ 0x7fb52ea75b00] Error reading HTTP response: End of file
[tls @ 0x7fb51df39680] IO error: End of file
[https @ 0x7fb51df606c0] Error reading HTTP response: End of file
[2026-04-12T15:50:25.454941] Saved clip /Users/Chen/PycharmProjects/CSCI_6234_Final/recordings/cam221/clips/2026/04/12/cam221_20260412T194943Z.mp4 (1321065 bytes)
[2026-04-12T15:50:25.967261] Starting 60-second capture -> /Users/Chen/PycharmProjects/CSCI_6234_Final/recordings/cam221/clips/2026/04/12/cam221_20260412T195025Z.mp4
[tls @ 0x7fd937704ac0] IO error: End of file
[https @ 0x7fd937704980] Error reading HTTP response: End of file
[tls @ 0x7fd93771b7c0] IO error: End of file
[https @ 0x7fd937704cc0] Error reading HTTP response: End of file
[tls @ 0x7fd958004400] IO error: End of file
[https @ 0x7fd958005500] Error reading HTTP response: End of file
[tls @ 0x7fd958233480] IO error: End of file
[https @ 0x7fd95824b140] Error reading HTTP response: End of file
[tls @ 0x7fd9582662c0] IO error: End of file
[https @ 0x7fd9582285c0] Error reading HTTP response: End of file
[tls @ 0x7fd937710740] IO error: End of file
[https @ 0x7fd937710680] Error reading HTTP response: End of file
[tls @ 0x7fd9577079c0] IO error: End of file
[https @ 0x7fd957707bc0] Error reading HTTP response: End of file
[tls @ 0x7fd947725a00] IO error: End of file
[https @ 0x7fd947737c00] Error reading HTTP response: End of file
[2026-04-12T15:51:09.642726] Saved clip /Users/Chen/PycharmProjects/CSCI_6234_Final/recordings/cam221/clips/2026/04/12/cam221_20260412T195025Z.mp4 (1715413 bytes)
[2026-04-12T15:51:10.151560] Starting 60-second capture -> /Users/Chen/PycharmProjects/CSCI_6234_Final/recordings/cam221/clips/2026/04/12/cam221_20260412T195110Z.mp4
[tls @ 0x7faf26f05100] IO error: End of file
[https @ 0x7faf26f04b80] Error reading HTTP response: End of file
[tls @ 0x7faf4812a840] IO error: End of file
[https @ 0x7faf48104400] Error reading HTTP response: End of file
[tls @ 0x7faf27104840] IO error: End of file
[https @ 0x7faf27104700] Error reading HTTP response: End of file
[tls @ 0x7faf27037c80] IO error: End of file
[https @ 0x7faf27049480] Error reading HTTP response: End of file
[tls @ 0x7faf27111740] IO error: End of file
[https @ 0x7faf2710aa40] Error reading HTTP response: End of file
[tls @ 0x7faf2710b2c0] IO error: End of file
[https @ 0x7faf271354c0] Error reading HTTP response: End of file
[tls @ 0x7faf2711ccc0] IO error: End of file
[https @ 0x7faf27114e00] Error reading HTTP response: End of file
[2026-04-12T15:51:54.122887] Saved clip /Users/Chen/PycharmProjects/CSCI_6234_Final/recordings/cam221/clips/2026/04/12/cam221_20260412T195110Z.mp4 (1469022 bytes)
[2026-04-12T15:51:54.637960] Starting 60-second capture -> /Users/Chen/PycharmProjects/CSCI_6234_Final/recordings/cam221/clips/2026/04/12/cam221_20260412T195154Z.mp4
[tls @ 0x7f8c09704ac0] IO error: End of file
[https @ 0x7f8c09704980] Error reading HTTP response: End of file
[tls @ 0x7f8c0a0b28c0] IO error: End of file
[https @ 0x7f8c0a0b6400] Error reading HTTP response: End of file
[tls @ 0x7f8c0a045000] IO error: End of file
[https @ 0x7f8c0a057200] Error reading HTTP response: End of file
[tls @ 0x7f8c09705400] IO error: End of file
[https @ 0x7f8c09709ac0] Error reading HTTP response: End of file
[tls @ 0x7f8c1a219380] IO error: End of file
[https @ 0x7f8c1a236800] Error reading HTTP response: End of file
[2026-04-12T15:52:36.143985] Saved clip /Users/Chen/PycharmProjects/CSCI_6234_Final/recordings/cam221/clips/2026/04/12/cam221_20260412T195154Z.mp4 (1367660 bytes)
[2026-04-12T15:52:36.657574] Starting 60-second capture -> /Users/Chen/PycharmProjects/CSCI_6234_Final/recordings/cam221/clips/2026/04/12/cam221_20260412T195236Z.mp4
[tls @ 0x7f9329205e00] IO error: End of file
[https @ 0x7f9329205cc0] Error reading HTTP response: End of file
[tls @ 0x7f9329322b80] IO error: End of file
[https @ 0x7f93293161c0] Error reading HTTP response: End of file
[tls @ 0x7f9329208dc0] IO error: End of file
[https @ 0x7f932920c700] Error reading HTTP response: End of file
[tls @ 0x7f932930a580] IO error: End of file
[https @ 0x7f932932c2c0] Error reading HTTP response: End of file
[tls @ 0x7f9329443580] IO error: End of file
[https @ 0x7f932943b4c0] Error reading HTTP response: End of file
[tls @ 0x7f9329528500] IO error: End of file
[https @ 0x7f932953d500] Error reading HTTP response: End of file
[tls @ 0x7f9329524940] IO error: End of file
[https @ 0x7f9329517f80] Error reading HTTP response: End of file
[2026-04-12T15:53:10.755010] Saved clip /Users/Chen/PycharmProjects/CSCI_6234_Final/recordings/cam221/clips/2026/04/12/cam221_20260412T195236Z.mp4 (1324932 bytes)
[2026-04-12T15:53:11.267641] Starting 60-second capture -> /Users/Chen/PycharmProjects/CSCI_6234_Final/recordings/cam221/clips/2026/04/12/cam221_20260412T195311Z.mp4
[tls @ 0x7fc7b3b1a9c0] IO error: End of file
[https @ 0x7fc7b3b1df80] Error reading HTTP response: End of file
[tls @ 0x7fc792f11e40] IO error: End of file
[https @ 0x7fc792f13140] Error reading HTTP response: End of file
[tls @ 0x7fc792f25500] IO error: End of file
[https @ 0x7fc792f50400] Error reading HTTP response: End of file
[tls @ 0x7fc7b3b1a9c0] IO error: End of file
[https @ 0x7fc7b3b58980] Error reading HTTP response: End of file
[tls @ 0x7fc7b3b4d5c0] IO error: End of file
[https @ 0x7fc7b3b04940] Error reading HTTP response: End of file
[tls @ 0x7fc7b3b1a9c0] IO error: End of file
[https @ 0x7fc7b3b58880] Error reading HTTP response: End of file
[2026-04-12T15:53:53.055772] Saved clip /Users/Chen/PycharmProjects/CSCI_6234_Final/recordings/cam221/clips/2026/04/12/cam221_20260412T195311Z.mp4 (1328809 bytes)
[2026-04-12T15:53:53.569220] Starting 60-second capture -> /Users/Chen/PycharmProjects/CSCI_6234_Final/recordings/cam221/clips/2026/04/12/cam221_20260412T195353Z.mp4
[tls @ 0x7f7a75905200] IO error: End of file
[https @ 0x7f7a759050c0] Error reading HTTP response: End of file
[tls @ 0x7f7a75a0b0c0] IO error: End of file
[https @ 0x7f7a75a21d00] Error reading HTTP response: End of file
[tls @ 0x7f7a759240c0] IO error: End of file
[https @ 0x7f7a759426c0] Error reading HTTP response: End of file
[tls @ 0x7f7a6502ed00] IO error: End of file
[https @ 0x7f7a65032a40] Error reading HTTP response: End of file
[tls @ 0x7f7a75a398c0] IO error: End of file
[https @ 0x7f7a75a05040] Error reading HTTP response: End of file
[tls @ 0x7f7a7596fe00] IO error: End of file
[https @ 0x7f7a7596a380] Error reading HTTP response: End of file
[2026-04-12T15:54:35.282093] Saved clip /Users/Chen/PycharmProjects/CSCI_6234_Final/recordings/cam221/clips/2026/04/12/cam221_20260412T195353Z.mp4 (908855 bytes)
[2026-04-12T15:54:35.799636] Starting 60-second capture -> /Users/Chen/PycharmProjects/CSCI_6234_Final/recordings/cam221/clips/2026/04/12/cam221_20260412T195435Z.mp4
[tls @ 0x7fe174704500] IO error: End of file
[https @ 0x7fe1747043c0] Error reading HTTP response: End of file
[tls @ 0x7fe1750049c0] IO error: End of file
[https @ 0x7fe175004880] Error reading HTTP response: End of file
[tls @ 0x7fe154704200] IO error: End of file
[https @ 0x7fe154704140] Error reading HTTP response: End of file
[tls @ 0x7fe155106800] IO error: End of file
[https @ 0x7fe1551061c0] Error reading HTTP response: End of file
[tls @ 0x7fe17471b040] IO error: End of file
[https @ 0x7fe17471b980] Error reading HTTP response: End of file
[tls @ 0x7fe155204540] IO error: End of file
[https @ 0x7fe155204480] Error reading HTTP response: End of file
[tls @ 0x7fe185056e00] IO error: End of file
[https @ 0x7fe185053200] Error reading HTTP response: End of file
[tls @ 0x7fe154705bc0] IO error: End of file
[https @ 0x7fe154705a80] Error reading HTTP response: End of file
[2026-04-12T15:55:19.796619] Saved clip /Users/Chen/PycharmProjects/CSCI_6234_Final/recordings/cam221/clips/2026/04/12/cam221_20260412T195435Z.mp4 (916649 bytes)
[2026-04-12T15:55:20.311638] Starting 60-second capture -> /Users/Chen/PycharmProjects/CSCI_6234_Final/recordings/cam221/clips/2026/04/12/cam221_20260412T195520Z.mp4
[tls @ 0x7f9ec2c07500] IO error: End of file
[https @ 0x7f9ec2c073c0] Error reading HTTP response: End of file
[tls @ 0x7f9ec2b23840] IO error: End of file
[https @ 0x7f9ec2b1e480] Error reading HTTP response: End of file
[tls @ 0x7f9ec2d1f7c0] IO error: End of file
[https @ 0x7f9ec2d319c0] Error reading HTTP response: End of file
[tls @ 0x7f9ec2963100] IO error: End of file
[https @ 0x7f9ec2961040] Error reading HTTP response: End of file
[tls @ 0x7f9ec2943400] IO error: End of file
[https @ 0x7f9ec2959e80] Error reading HTTP response: End of file
[tls @ 0x7f9ec2c42e40] IO error: End of file
[https @ 0x7f9ec2c653c0] Error reading HTTP response: End of file
[tls @ 0x7f9ec2a345c0] IO error: End of file
[https @ 0x7f9ec2a2a0c0] Error reading HTTP response: End of file
[tls @ 0x7f9ec2805240] IO error: End of file
[https @ 0x7f9ec2805180] Error reading HTTP response: End of file
[2026-04-12T15:56:04.432179] Saved clip /Users/Chen/PycharmProjects/CSCI_6234_Final/recordings/cam221/clips/2026/04/12/cam221_20260412T195520Z.mp4 (1514907 bytes)
[2026-04-12T15:56:04.945350] Starting 60-second capture -> /Users/Chen/PycharmProjects/CSCI_6234_Final/recordings/cam221/clips/2026/04/12/cam221_20260412T195604Z.mp4
[tls @ 0x7faf6c205a00] IO error: End of file
[https @ 0x7faf6c2058c0] Error reading HTTP response: End of file
[tls @ 0x7faf5c020e80] IO error: End of file
[https @ 0x7faf5c023480] Error reading HTTP response: End of file
[tls @ 0x7faf6c3099c0] IO error: End of file
[https @ 0x7faf6c309900] Error reading HTTP response: End of file
[tls @ 0x7faf6c322cc0] IO error: End of file
[https @ 0x7faf6c304480] Error reading HTTP response: End of file
[tls @ 0x7faf5c043440] IO error: End of file
[https @ 0x7faf5c03ca40] Error reading HTTP response: End of file
[2026-04-12T15:56:46.760298] Saved clip /Users/Chen/PycharmProjects/CSCI_6234_Final/recordings/cam221/clips/2026/04/12/cam221_20260412T195604Z.mp4 (1241722 bytes)
[2026-04-12T15:56:47.276730] Starting 60-second capture -> /Users/Chen/PycharmProjects/CSCI_6234_Final/recordings/cam221/clips/2026/04/12/cam221_20260412T195647Z.mp4
[tls @ 0x7ff0f1604680] IO error: End of file
[https @ 0x7ff0f1604540] Error reading HTTP response: End of file
[tls @ 0x7ff0f1351e80] IO error: End of file
[https @ 0x7ff0f13404c0] Error reading HTTP response: End of file
[tls @ 0x7ff0f138c0c0] IO error: End of file
[https @ 0x7ff0f1389e40] Error reading HTTP response: End of file
[tls @ 0x7ff0f132dc40] IO error: End of file
[https @ 0x7ff0f1395c40] Error reading HTTP response: End of file
[tls @ 0x7ff0f138c0c0] IO error: End of file
[https @ 0x7ff0f13404c0] Error reading HTTP response: End of file
[tls @ 0x7ff0f132dc40] IO error: End of file
[https @ 0x7ff0f1342280] Error reading HTTP response: End of file
[tls @ 0x7ff0f161da40] IO error: End of file
[https @ 0x7ff0f160d140] Error reading HTTP response: End of file
[2026-04-12T15:57:20.882576] Saved clip /Users/Chen/PycharmProjects/CSCI_6234_Final/recordings/cam221/clips/2026/04/12/cam221_20260412T195647Z.mp4 (1273279 bytes)
[2026-04-12T15:57:21.399261] Starting 60-second capture -> /Users/Chen/PycharmProjects/CSCI_6234_Final/recordings/cam221/clips/2026/04/12/cam221_20260412T195721Z.mp4
[tls @ 0x7fe5dea06cc0] IO error: End of file
[https @ 0x7fe5dea06bc0] Error reading HTTP response: End of file
[tls @ 0x7fe5dea083c0] IO error: End of file
[https @ 0x7fe5dea082c0] Error reading HTTP response: End of file
[tls @ 0x7fe5ce8c8440] IO error: End of file
[https @ 0x7fe5ce8da640] Error reading HTTP response: End of file
[tls @ 0x7fe5dea0c480] IO error: End of file
[https @ 0x7fe5dea0af00] Error reading HTTP response: End of file
[tls @ 0x7fe5dea1ca00] IO error: End of file
[https @ 0x7fe5dea07840] Error reading HTTP response: End of file
[tls @ 0x7fe5dea0be40] IO error: End of file
[https @ 0x7fe5dea0c3c0] Error reading HTTP response: End of file
[2026-04-12T15:58:03.362864] Saved clip /Users/Chen/PycharmProjects/CSCI_6234_Final/recordings/cam221/clips/2026/04/12/cam221_20260412T195721Z.mp4 (1124146 bytes)
[2026-04-12T15:58:03.875607] Starting 60-second capture -> /Users/Chen/PycharmProjects/CSCI_6234_Final/recordings/cam221/clips/2026/04/12/cam221_20260412T195803Z.mp4
[tls @ 0x7f89dd32c100] IO error: End of file
[https @ 0x7f89dd32bac0] Error reading HTTP response: End of file
[tls @ 0x7f89dd451740] IO error: Connection reset by peer
[https @ 0x7f89dd449440] Error reading HTTP response: Connection reset by peer
[in#0/hls @ 0x7f89dd106dc0] keepalive request failed for 'https://itsvideo.arlingtonva.us:8013/live/cam221.stream/media_w1548735046_117819.ts' with error: 'Connection reset by peer' when opening url, retrying with new connection
[tls @ 0x7f89dd32c100] IO error: End of file
[https @ 0x7f89dd3049c0] Error reading HTTP response: End of file
[tls @ 0x7f89dd525880] IO error: End of file
[https @ 0x7f89dd508c40] Error reading HTTP response: End of file
[tls @ 0x7f89dd32c100] IO error: End of file
[https @ 0x7f89dd373100] Error reading HTTP response: End of file
[tls @ 0x7f89dd36fb00] IO error: End of file
[https @ 0x7f89dd644d80] Error reading HTTP response: End of file
[2026-04-12T15:58:45.551249] Saved clip /Users/Chen/PycharmProjects/CSCI_6234_Final/recordings/cam221/clips/2026/04/12/cam221_20260412T195803Z.mp4 (1081389 bytes)
[2026-04-12T15:58:46.062426] Starting 60-second capture -> /Users/Chen/PycharmProjects/CSCI_6234_Final/recordings/cam221/clips/2026/04/12/cam221_20260412T195846Z.mp4
[tls @ 0x7f8f12d04980] IO error: End of file
[https @ 0x7f8f12d048c0] Error reading HTTP response: End of file
[tls @ 0x7f8f12e1aa00] IO error: End of file
[https @ 0x7f8f12e16e40] Error reading HTTP response: End of file
[tls @ 0x7f8f12c53f00] IO error: End of file
[https @ 0x7f8f12c5f400] Error reading HTTP response: End of file
[tls @ 0x7f8f12c55a40] IO error: End of file
[https @ 0x7f8f12c6f3c0] Error reading HTTP response: End of file
[tls @ 0x7f8f12c53f00] IO error: End of file
[https @ 0x7f8f12c1e8c0] Error reading HTTP response: End of file
[tls @ 0x7f8f12e2fbc0] IO error: End of file
[https @ 0x7f8f12e2fb00] Error reading HTTP response: End of file
[tls @ 0x7f8f12d18440] IO error: End of file
[https @ 0x7f8f12d69f40] Error reading HTTP response: End of file
[tls @ 0x7f8f12e1ae40] IO error: End of file
[https @ 0x7f8f12e2ae80] Error reading HTTP response: End of file
[tls @ 0x7f8f12c2a640] IO error: End of file
[https @ 0x7f8f12c35200] Error reading HTTP response: End of file
[2026-04-12T15:59:30.391297] Saved clip /Users/Chen/PycharmProjects/CSCI_6234_Final/recordings/cam221/clips/2026/04/12/cam221_20260412T195846Z.mp4 (1065906 bytes)
[2026-04-12T15:59:30.904530] Starting 60-second capture -> /Users/Chen/PycharmProjects/CSCI_6234_Final/recordings/cam221/clips/2026/04/12/cam221_20260412T195930Z.mp4
[tls @ 0x7f9a14a04800] IO error: End of file
[https @ 0x7f9a14a04740] Error reading HTTP response: End of file
[tls @ 0x7f9a14a1cac0] IO error: End of file
[https @ 0x7f9a14a1cf00] Error reading HTTP response: End of file
[tls @ 0x7f9a14a26700] IO error: End of file
[https @ 0x7f9a14a47e40] Error reading HTTP response: End of file
[tls @ 0x7f9a14f7bec0] IO error: End of file
[https @ 0x7f9a14f8d240] Error reading HTTP response: End of file
[tls @ 0x7f9a14b51a00] IO error: End of file
[https @ 0x7f9a14b58200] Error reading HTTP response: End of file
[tls @ 0x7f9a14fc9bc0] IO error: End of file
[https @ 0x7f9a14fdc540] Error reading HTTP response: End of file
[tls @ 0x7f9a14f98880] IO error: End of file
[https @ 0x7f9a14b29f00] Error reading HTTP response: End of file
[tls @ 0x7f9a14a2a8c0] IO error: End of file
[https @ 0x7f9a14a24640] Error reading HTTP response: End of file
[2026-04-12T16:00:16.073225] Saved clip /Users/Chen/PycharmProjects/CSCI_6234_Final/recordings/cam221/clips/2026/04/12/cam221_20260412T195930Z.mp4 (1711488 bytes)
[2026-04-12T16:00:16.589027] Starting 60-second capture -> /Users/Chen/PycharmProjects/CSCI_6234_Final/recordings/cam221/clips/2026/04/12/cam221_20260412T200016Z.mp4
[tls @ 0x7fe149a04440] IO error: End of file
[https @ 0x7fe13a104240] Error reading HTTP response: End of file
[tls @ 0x7fe13a027ec0] IO error: End of file
[https @ 0x7fe13a009800] Error reading HTTP response: End of file
[tls @ 0x7fe13a11a600] IO error: End of file
[https @ 0x7fe13a11ea80] Error reading HTTP response: End of file
[tls @ 0x7fe138f19080] IO error: End of file
[https @ 0x7fe138f1f0c0] Error reading HTTP response: End of file
[tls @ 0x7fe13a136680] IO error: End of file
[https @ 0x7fe13a11f100] Error reading HTTP response: End of file
[2026-04-12T16:00:58.446749] Saved clip /Users/Chen/PycharmProjects/CSCI_6234_Final/recordings/cam221/clips/2026/04/12/cam221_20260412T200016Z.mp4 (1664194 bytes)
[2026-04-12T16:00:58.961742] Starting 60-second capture -> /Users/Chen/PycharmProjects/CSCI_6234_Final/recordings/cam221/clips/2026/04/12/cam221_20260412T200058Z.mp4
[tls @ 0x7fabfe340280] IO error: End of file
[https @ 0x7fabfe351a40] Error reading HTTP response: End of file
[tls @ 0x7fabed705fc0] IO error: End of file
[https @ 0x7fabed705e80] Error reading HTTP response: End of file
[tls @ 0x7fabde069480] IO error: End of file
[https @ 0x7fabde07c880] Error reading HTTP response: End of file
[tls @ 0x7fabdd74a700] IO error: End of file
[https @ 0x7fabdd746b00] Error reading HTTP response: End of file
[tls @ 0x7fabed707040] IO error: End of file
[https @ 0x7fabed706f80] Error reading HTTP response: End of file
[tls @ 0x7fabdd71b080] IO error: End of file
[https @ 0x7fabdd75a880] Error reading HTTP response: End of file
[2026-04-12T16:01:41.886067] Saved clip /Users/Chen/PycharmProjects/CSCI_6234_Final/recordings/cam221/clips/2026/04/12/cam221_20260412T200058Z.mp4 (1395129 bytes)
[2026-04-12T16:01:42.403341] Starting 60-second capture -> /Users/Chen/PycharmProjects/CSCI_6234_Final/recordings/cam221/clips/2026/04/12/cam221_20260412T200142Z.mp4
[tls @ 0x7f7852004680] IO error: End of file
[https @ 0x7f7852004540] Error reading HTTP response: End of file
[tls @ 0x7f78623363c0] IO error: End of file
[https @ 0x7f7862344640] Error reading HTTP response: End of file
[tls @ 0x7f7852008000] IO error: End of file
[https @ 0x7f785200fbc0] Error reading HTTP response: End of file
[tls @ 0x7f785203cc40] IO error: End of file
[https @ 0x7f7852048600] Error reading HTTP response: End of file
[tls @ 0x7f785200e7c0] IO error: End of file
[https @ 0x7f785206c840] Error reading HTTP response: End of file
[tls @ 0x7f785177c980] IO error: End of file
[https @ 0x7f785178ebc0] Error reading HTTP response: End of file
[tls @ 0x7f7852064bc0] IO error: End of file
[https @ 0x7f785206bd40] Error reading HTTP response: End of file
[2026-04-12T16:02:26.344279] Saved clip /Users/Chen/PycharmProjects/CSCI_6234_Final/recordings/cam221/clips/2026/04/12/cam221_20260412T200142Z.mp4 (1533436 bytes)
[2026-04-12T16:02:26.858745] Starting 60-second capture -> /Users/Chen/PycharmProjects/CSCI_6234_Final/recordings/cam221/clips/2026/04/12/cam221_20260412T200226Z.mp4
[tls @ 0x7f8862804380] IO error: End of file
[https @ 0x7f8862804240] Error reading HTTP response: End of file
[tls @ 0x7f8872b06380] IO error: End of file
[https @ 0x7f8872b11040] Error reading HTTP response: End of file
[tls @ 0x7f886282fc00] IO error: End of file
[https @ 0x7f8862847040] Error reading HTTP response: End of file
[tls @ 0x7f8861f64640] IO error: End of file
[https @ 0x7f8861f60a80] Error reading HTTP response: End of file
[tls @ 0x7f8872b0cf00] IO error: End of file
[https @ 0x7f8872b2dc40] Error reading HTTP response: End of file
[tls @ 0x7f8872b6a2c0] IO error: End of file
[https @ 0x7f8872b7c4c0] Error reading HTTP response: End of file
[2026-04-12T16:03:08.543194] Saved clip /Users/Chen/PycharmProjects/CSCI_6234_Final/recordings/cam221/clips/2026/04/12/cam221_20260412T200226Z.mp4 (1215062 bytes)
[2026-04-12T16:03:09.057809] Starting 60-second capture -> /Users/Chen/PycharmProjects/CSCI_6234_Final/recordings/cam221/clips/2026/04/12/cam221_20260412T200309Z.mp4
[tls @ 0x7fabcdb07700] IO error: End of file
[https @ 0x7fabcdb07640] Error reading HTTP response: End of file
[tls @ 0x7fabcda495c0] IO error: End of file
[https @ 0x7fabcda45a00] Error reading HTTP response: End of file
[tls @ 0x7fabcdb23900] IO error: End of file
[https @ 0x7fabcdb24a40] Error reading HTTP response: End of file
[tls @ 0x7fabcdf41f00] IO error: End of file
[https @ 0x7fabcdf54100] Error reading HTTP response: End of file
[tls @ 0x7fabcdf7f340] IO error: End of file
[https @ 0x7fabcdf91540] Error reading HTTP response: End of file
[tls @ 0x7fabcda26480] IO error: End of file
[https @ 0x7fabcda287c0] Error reading HTTP response: End of file
[2026-04-12T16:03:51.840526] Saved clip /Users/Chen/PycharmProjects/CSCI_6234_Final/recordings/cam221/clips/2026/04/12/cam221_20260412T200309Z.mp4 (1281934 bytes)
[2026-04-12T16:03:52.356728] Starting 60-second capture -> /Users/Chen/PycharmProjects/CSCI_6234_Final/recordings/cam221/clips/2026/04/12/cam221_20260412T200352Z.mp4
[tls @ 0x7f93d5f04940] IO error: End of file
[https @ 0x7f93d5f04800] Error reading HTTP response: End of file
[tls @ 0x7f93e6805e40] IO error: End of file
[https @ 0x7f93e6805d80] Error reading HTTP response: End of file
[tls @ 0x7f93d5f5b200] IO error: End of file
[https @ 0x7f93d5f68700] Error reading HTTP response: End of file
[tls @ 0x7f93d5f0cf00] IO error: End of file
[https @ 0x7f93d5f16a00] Error reading HTTP response: End of file
[tls @ 0x7f93d5f18680] IO error: End of file
[https @ 0x7f93d5f1c440] Error reading HTTP response: End of file
[tls @ 0x7f93e6812c80] IO error: End of file
[https @ 0x7f93e6804080] Error reading HTTP response: End of file
[tls @ 0x7f93d685fac0] IO error: End of file
[https @ 0x7f93d68795c0] Error reading HTTP response: End of file
[tls @ 0x7f93e684e140] IO error: End of file
[https @ 0x7f93d6811a80] Error reading HTTP response: End of file
[2026-04-12T16:04:36.006778] Saved clip /Users/Chen/PycharmProjects/CSCI_6234_Final/recordings/cam221/clips/2026/04/12/cam221_20260412T200352Z.mp4 (1142158 bytes)
[2026-04-12T16:04:36.522216] Starting 60-second capture -> /Users/Chen/PycharmProjects/CSCI_6234_Final/recordings/cam221/clips/2026/04/12/cam221_20260412T200436Z.mp4
[tls @ 0x7f9779b05400] IO error: End of file
[https @ 0x7f9779b052c0] Error reading HTTP response: End of file
[tls @ 0x7f9779910780] IO error: End of file
[https @ 0x7f97799106c0] Error reading HTTP response: End of file
[tls @ 0x7f9779a57b80] IO error: End of file
[https @ 0x7f9779a843c0] Error reading HTTP response: End of file
[tls @ 0x7f9779a256c0] IO error: End of file
[https @ 0x7f9779a2e040] Error reading HTTP response: End of file
[tls @ 0x7f9779b1d340] IO error: End of file
[https @ 0x7f9779b1e640] Error reading HTTP response: End of file
[tls @ 0x7f9768f4ce00] IO error: End of file
[https @ 0x7f9768f4b340] Error reading HTTP response: End of file
[2026-04-12T16:05:18.375588] Saved clip /Users/Chen/PycharmProjects/CSCI_6234_Final/recordings/cam221/clips/2026/04/12/cam221_20260412T200436Z.mp4 (1613899 bytes)
[2026-04-12T16:05:18.892129] Starting 60-second capture -> /Users/Chen/PycharmProjects/CSCI_6234_Final/recordings/cam221/clips/2026/04/12/cam221_20260412T200518Z.mp4
[tls @ 0x7feebe704680] IO error: End of file
[https @ 0x7feebe704540] Error reading HTTP response: End of file
[tls @ 0x7feebf00be80] IO error: End of file
[https @ 0x7feebf00bdc0] Error reading HTTP response: End of file
[tls @ 0x7feebf220700] IO error: End of file
[https @ 0x7feebf2328c0] Error reading HTTP response: End of file
[tls @ 0x7feebf212700] IO error: End of file
[https @ 0x7feebf215f00] Error reading HTTP response: End of file
[tls @ 0x7feebf12bd80] IO error: End of file
[https @ 0x7feebf11de80] Error reading HTTP response: End of file
[tls @ 0x7feebf1057c0] IO error: End of file
[https @ 0x7feebf105d80] Error reading HTTP response: End of file
[2026-04-12T16:05:57.659416] Saved clip /Users/Chen/PycharmProjects/CSCI_6234_Final/recordings/cam221/clips/2026/04/12/cam221_20260412T200518Z.mp4 (1721089 bytes)
[2026-04-12T16:05:58.176104] Starting 60-second capture -> /Users/Chen/PycharmProjects/CSCI_6234_Final/recordings/cam221/clips/2026/04/12/cam221_20260412T200558Z.mp4
[tls @ 0x7fdfe8004680] IO error: End of file
[https @ 0x7fdfe8004540] Error reading HTTP response: End of file
[tls @ 0x7fdfdf718a80] IO error: End of file
[https @ 0x7fdfdf72acc0] Error reading HTTP response: End of file
[tls @ 0x7fdfef714440] IO error: End of file
[https @ 0x7fdfef70a300] Error reading HTTP response: End of file
[tls @ 0x7fdff801ca80] IO error: End of file
[https @ 0x7fdff800ae00] Error reading HTTP response: End of file
[tls @ 0x7fdfe80305c0] IO error: End of file
[https @ 0x7fdfe8042c80] Error reading HTTP response: End of file
[tls @ 0x7fdfe80759c0] IO error: End of file
[https @ 0x7fdfe8089a40] Error reading HTTP response: End of file
[tls @ 0x7fdff8005e80] IO error: End of file
[https @ 0x7fdff8005dc0] Error reading HTTP response: End of file
[2026-04-12T16:06:32.426501] Saved clip /Users/Chen/PycharmProjects/CSCI_6234_Final/recordings/cam221/clips/2026/04/12/cam221_20260412T200558Z.mp4 (1253963 bytes)
[2026-04-12T16:06:32.940593] Starting 60-second capture -> /Users/Chen/PycharmProjects/CSCI_6234_Final/recordings/cam221/clips/2026/04/12/cam221_20260412T200632Z.mp4
[tls @ 0x7fe3c5318200] IO error: End of file
[https @ 0x7fe3c531a2c0] Error reading HTTP response: End of file
[tls @ 0x7fe3c531e240] IO error: End of file
[https @ 0x7fe3c531e180] Error reading HTTP response: End of file
[tls @ 0x7fe3c5217400] IO error: End of file
[https @ 0x7fe3c523aa00] Error reading HTTP response: End of file
[tls @ 0x7fe3c5481040] IO error: End of file
[https @ 0x7fe3c5495380] Error reading HTTP response: End of file
[tls @ 0x7fe3c535ef40] IO error: End of file
[https @ 0x7fe3c5351c40] Error reading HTTP response: End of file
[tls @ 0x7fe3c5318200] IO error: End of file
[https @ 0x7fe3c536a3c0] Error reading HTTP response: End of file
[2026-04-12T16:07:15.317175] Saved clip /Users/Chen/PycharmProjects/CSCI_6234_Final/recordings/cam221/clips/2026/04/12/cam221_20260412T200632Z.mp4 (1192069 bytes)
[2026-04-12T16:07:15.834400] Starting 60-second capture -> /Users/Chen/PycharmProjects/CSCI_6234_Final/recordings/cam221/clips/2026/04/12/cam221_20260412T200715Z.mp4
[tls @ 0x7fac60004680] IO error: End of file
[https @ 0x7fac60004540] Error reading HTTP response: End of file
[tls @ 0x7fac6770cac0] IO error: End of file
[https @ 0x7fac6770ca00] Error reading HTTP response: End of file
[tls @ 0x7fac57707080] IO error: End of file
[https @ 0x7fac57706700] Error reading HTTP response: End of file
[tls @ 0x7fac6775a600] IO error: End of file
[https @ 0x7fac6776cd80] Error reading HTTP response: End of file
[tls @ 0x7fac6770cb80] IO error: End of file
[https @ 0x7fac67756680] Error reading HTTP response: End of file
[tls @ 0x7fac6775a600] IO error: End of file
[https @ 0x7fac67706240] Error reading HTTP response: End of file
[2026-04-12T16:07:57.174985] Saved clip /Users/Chen/PycharmProjects/CSCI_6234_Final/recordings/cam221/clips/2026/04/12/cam221_20260412T200715Z.mp4 (1217700 bytes)
[2026-04-12T16:07:57.692080] Starting 60-second capture -> /Users/Chen/PycharmProjects/CSCI_6234_Final/recordings/cam221/clips/2026/04/12/cam221_20260412T200757Z.mp4
[tls @ 0x7fdfb6704500] IO error: End of file
[https @ 0x7fdfb67043c0] Error reading HTTP response: End of file
[tls @ 0x7fdfb702e7c0] IO error: End of file
[https @ 0x7fdfb7016b40] Error reading HTTP response: End of file
[tls @ 0x7fdfc720f3c0] IO error: End of file
[https @ 0x7fdfc7217a00] Error reading HTTP response: End of file
[tls @ 0x7fdfc7342ac0] IO error: End of file
[https @ 0x7fdfc7328940] Error reading HTTP response: End of file
[tls @ 0x7fdfb6707c40] IO error: End of file
[https @ 0x7fdfb67157c0] Error reading HTTP response: End of file
[tls @ 0x7fdfc725f180] IO error: End of file
[https @ 0x7fdfc726ccc0] Error reading HTTP response: End of file
[tls @ 0x7fdfc7260b00] IO error: End of file
[https @ 0x7fdfb7033e00] Error reading HTTP response: End of file
[2026-04-12T16:08:31.803406] Saved clip /Users/Chen/PycharmProjects/CSCI_6234_Final/recordings/cam221/clips/2026/04/12/cam221_20260412T200757Z.mp4 (1190334 bytes)
[2026-04-12T16:08:32.325606] Starting 60-second capture -> /Users/Chen/PycharmProjects/CSCI_6234_Final/recordings/cam221/clips/2026/04/12/cam221_20260412T200832Z.mp4
[tls @ 0x7f8f86f04680] IO error: End of file
[https @ 0x7f8f86f04540] Error reading HTTP response: End of file
[tls @ 0x7f8f86f2f540] IO error: End of file
[https @ 0x7f8f86f2f240] Error reading HTTP response: End of file
[tls @ 0x7f8f86f22540] IO error: End of file
[https @ 0x7f8f86f0ad00] Error reading HTTP response: End of file
[tls @ 0x7f8f86f14180] IO error: End of file
[https @ 0x7f8f86f140c0] Error reading HTTP response: End of file
[tls @ 0x7f8f87824d80] IO error: End of file
[https @ 0x7f8f8786c680] Error reading HTTP response: End of file
[2026-04-12T16:09:14.521268] Saved clip /Users/Chen/PycharmProjects/CSCI_6234_Final/recordings/cam221/clips/2026/04/12/cam221_20260412T200832Z.mp4 (1067696 bytes)
[2026-04-12T16:09:15.043008] Starting 60-second capture -> /Users/Chen/PycharmProjects/CSCI_6234_Final/recordings/cam221/clips/2026/04/12/cam221_20260412T200915Z.mp4
[tls @ 0x7fc026304680] IO error: End of file
[https @ 0x7fc026304540] Error reading HTTP response: End of file
[tls @ 0x7fc0263252c0] IO error: End of file
[https @ 0x7fc0263216c0] Error reading HTTP response: End of file
[tls @ 0x7fc02664cb40] IO error: End of file
[https @ 0x7fc02665bc80] Error reading HTTP response: End of file
[tls @ 0x7fc02640e300] IO error: End of file
[https @ 0x7fc02640a380] Error reading HTTP response: End of file
[tls @ 0x7fc026424840] IO error: End of file
[https @ 0x7fc02643b780] Error reading HTTP response: End of file
[tls @ 0x7fc0265455c0] IO error: End of file
[https @ 0x7fc026662880] Error reading HTTP response: End of file
[2026-04-12T16:09:56.377821] Saved clip /Users/Chen/PycharmProjects/CSCI_6234_Final/recordings/cam221/clips/2026/04/12/cam221_20260412T200915Z.mp4 (1098627 bytes)
[2026-04-12T16:09:56.900441] Starting 60-second capture -> /Users/Chen/PycharmProjects/CSCI_6234_Final/recordings/cam221/clips/2026/04/12/cam221_20260412T200956Z.mp4
[tls @ 0x7f83e7004500] IO error: End of file
[https @ 0x7f83e70043c0] Error reading HTTP response: End of file
[tls @ 0x7f83f6b19580] IO error: End of file
[https @ 0x7f83f6b194c0] Error reading HTTP response: End of file
[tls @ 0x7f83e5f07800] IO error: End of file
[https @ 0x7f83e5f07740] Error reading HTTP response: End of file
[tls @ 0x7f83e5f17080] IO error: End of file
[https @ 0x7f83e5f24c00] Error reading HTTP response: End of file
[tls @ 0x7f83f6b72840] IO error: End of file
[https @ 0x7f83f6b049c0] Error reading HTTP response: End of file
[tls @ 0x7f83f6ba5180] IO error: End of file
[https @ 0x7f83f6bab180] Error reading HTTP response: End of file
[tls @ 0x7f83d5f2a040] IO error: End of file
[https @ 0x7f83d5f08a00] Error reading HTTP response: End of file
[tls @ 0x7f83e7079b00] IO error: End of file
[https @ 0x7f83e7047840] Error reading HTTP response: End of file
[tls @ 0x7f83f6b3a100] IO error: End of file
[https @ 0x7f83f6b4bcc0] Error reading HTTP response: End of file
[2026-04-12T16:10:41.365908] Saved clip /Users/Chen/PycharmProjects/CSCI_6234_Final/recordings/cam221/clips/2026/04/12/cam221_20260412T200956Z.mp4 (1368673 bytes)
[2026-04-12T16:10:41.887665] Starting 60-second capture -> /Users/Chen/PycharmProjects/CSCI_6234_Final/recordings/cam221/clips/2026/04/12/cam221_20260412T201041Z.mp4
[tls @ 0x7fa1cdf04680] IO error: End of file
[https @ 0x7fa1cdf04540] Error reading HTTP response: End of file
[tls @ 0x7fa1df20ac40] IO error: End of file
[https @ 0x7fa1df20ab80] Error reading HTTP response: End of file
[tls @ 0x7fa1df32bd40] IO error: End of file
[https @ 0x7fa1df30ce00] Error reading HTTP response: End of file
[tls @ 0x7fa1df3328c0] IO error: End of file
[https @ 0x7fa1ce85f000] Error reading HTTP response: End of file
[tls @ 0x7fa1df32bd40] IO error: End of file
[https @ 0x7fa1df322c00] Error reading HTTP response: End of file
[tls @ 0x7fa1cdf550c0] IO error: End of file
[https @ 0x7fa1cdf231c0] Error reading HTTP response: End of file
[2026-04-12T16:11:23.832417] Saved clip /Users/Chen/PycharmProjects/CSCI_6234_Final/recordings/cam221/clips/2026/04/12/cam221_20260412T201041Z.mp4 (1365162 bytes)
[2026-04-12T16:11:24.345681] Starting 60-second capture -> /Users/Chen/PycharmProjects/CSCI_6234_Final/recordings/cam221/clips/2026/04/12/cam221_20260412T201124Z.mp4
[tls @ 0x7fb823404500] IO error: End of file
[https @ 0x7fb8234043c0] Error reading HTTP response: End of file
[tls @ 0x7fb812710480] IO error: End of file
[https @ 0x7fb812722500] Error reading HTTP response: End of file
[tls @ 0x7fb823242280] IO error: End of file
[https @ 0x7fb823205bc0] Error reading HTTP response: End of file
[tls @ 0x7fb82332f240] IO error: End of file
[https @ 0x7fb823330640] Error reading HTTP response: End of file
[tls @ 0x7fb82341e600] IO error: End of file
[https @ 0x7fb823415e40] Error reading HTTP response: End of file
[tls @ 0x7fb823242280] IO error: End of file
[https @ 0x7fb823205bc0] Error reading HTTP response: End of file
[2026-04-12T16:12:06.138053] Saved clip /Users/Chen/PycharmProjects/CSCI_6234_Final/recordings/cam221/clips/2026/04/12/cam221_20260412T201124Z.mp4 (1208643 bytes)
[2026-04-12T16:12:06.650715] Starting 60-second capture -> /Users/Chen/PycharmProjects/CSCI_6234_Final/recordings/cam221/clips/2026/04/12/cam221_20260412T201206Z.mp4
[tls @ 0x7fd09ff04680] IO error: End of file
[https @ 0x7fd09ff04540] Error reading HTTP response: End of file
[tls @ 0x7fd0b8816a80] IO error: End of file
[https @ 0x7fd0b8812a00] Error reading HTTP response: End of file
[tls @ 0x7fd0b8820040] IO error: End of file
[https @ 0x7fd0b883a600] Error reading HTTP response: End of file
[tls @ 0x7fd0b8989a40] IO error: End of file
[https @ 0x7fd0b8904800] Error reading HTTP response: End of file
[tls @ 0x7fd0b8820040] IO error: End of file
[https @ 0x7fd0b886de80] Error reading HTTP response: End of file
[tls @ 0x7fd0b883e200] IO error: End of file
[https @ 0x7fd0b883a600] Error reading HTTP response: End of file
[tls @ 0x7fd0b8820040] IO error: End of file
[https @ 0x7fd0b8804340] Error reading HTTP response: End of file
[tls @ 0x7fd0b883e200] IO error: End of file
[https @ 0x7fd0b884b940] Error reading HTTP response: End of file
[tls @ 0x7fd0aff19980] IO error: End of file
[https @ 0x7fd0aff1f8c0] Error reading HTTP response: End of file
[2026-04-12T16:12:51.011734] Saved clip /Users/Chen/PycharmProjects/CSCI_6234_Final/recordings/cam221/clips/2026/04/12/cam221_20260412T201206Z.mp4 (1879561 bytes)
[2026-04-12T16:12:51.522839] Starting 60-second capture -> /Users/Chen/PycharmProjects/CSCI_6234_Final/recordings/cam221/clips/2026/04/12/cam221_20260412T201251Z.mp4
[tls @ 0x7fd907106b40] IO error: End of file
[https @ 0x7fd907106a40] Error reading HTTP response: End of file
[tls @ 0x7fd905f21080] IO error: End of file
[https @ 0x7fd905f1d480] Error reading HTTP response: End of file
[tls @ 0x7fd8f5f0b980] IO error: End of file
[https @ 0x7fd8f5f0b8c0] Error reading HTTP response: End of file
[tls @ 0x7fd8f6109c40] IO error: End of file
[https @ 0x7fd8f6109b80] Error reading HTTP response: End of file
[tls @ 0x7fd8e5f08800] IO error: End of file
[https @ 0x7fd8e5f04580] Error reading HTTP response: End of file
[tls @ 0x7fd8e5f4d6c0] IO error: End of file
[https @ 0x7fd8e5f55f00] Error reading HTTP response: End of file
[2026-04-12T16:13:33.004628] Saved clip /Users/Chen/PycharmProjects/CSCI_6234_Final/recordings/cam221/clips/2026/04/12/cam221_20260412T201251Z.mp4 (1429442 bytes)
[2026-04-12T16:13:33.516605] Starting 60-second capture -> /Users/Chen/PycharmProjects/CSCI_6234_Final/recordings/cam221/clips/2026/04/12/cam221_20260412T201333Z.mp4
[tls @ 0x7fac66904140] IO error: End of file
[https @ 0x7fac66804400] Error reading HTTP response: End of file
[tls @ 0x7fac66841b80] IO error: End of file
[https @ 0x7fac66853d80] Error reading HTTP response: End of file
[tls @ 0x7fac65f14580] IO error: End of file
[https @ 0x7fac65f04440] Error reading HTTP response: End of file
[tls @ 0x7fac66818840] IO error: End of file
[https @ 0x7fac6681ab80] Error reading HTTP response: End of file
[tls @ 0x7fac76d40100] IO error: End of file
[https @ 0x7fac76d2f780] Error reading HTTP response: End of file
[tls @ 0x7fac66881480] IO error: End of file
[https @ 0x7fac66992440] Error reading HTTP response: End of file
[2026-04-12T16:14:15.189285] Saved clip /Users/Chen/PycharmProjects/CSCI_6234_Final/recordings/cam221/clips/2026/04/12/cam221_20260412T201333Z.mp4 (1509760 bytes)
[2026-04-12T16:14:15.706147] Starting 60-second capture -> /Users/Chen/PycharmProjects/CSCI_6234_Final/recordings/cam221/clips/2026/04/12/cam221_20260412T201415Z.mp4
[tls @ 0x7f8338804680] IO error: End of file
[https @ 0x7f8338804540] Error reading HTTP response: End of file
[tls @ 0x7f8338845a80] IO error: End of file
[https @ 0x7f8338857c80] Error reading HTTP response: End of file
[tls @ 0x7f833891c0c0] IO error: End of file
[https @ 0x7f833891c780] Error reading HTTP response: End of file
[tls @ 0x7f832ff2e600] IO error: End of file
[https @ 0x7f832ff4b380] Error reading HTTP response: End of file
[tls @ 0x7f8338823e40] IO error: End of file
[https @ 0x7f8338807600] Error reading HTTP response: End of file
[tls @ 0x7f8338a7ff00] IO error: End of file
[https @ 0x7f8338a92100] Error reading HTTP response: End of file
[tls @ 0x7f8338a54c00] IO error: End of file
[https @ 0x7f8338a51500] Error reading HTTP response: End of file
[tls @ 0x7f8338907200] IO error: End of file
[https @ 0x7f833891c980] Error reading HTTP response: End of file
[tls @ 0x7f83388253c0] IO error: End of file
[https @ 0x7f8338841e80] Error reading HTTP response: End of file
[2026-04-12T16:15:00.448005] Saved clip /Users/Chen/PycharmProjects/CSCI_6234_Final/recordings/cam221/clips/2026/04/12/cam221_20260412T201415Z.mp4 (1525025 bytes)
[2026-04-12T16:15:00.964058] Starting 60-second capture -> /Users/Chen/PycharmProjects/CSCI_6234_Final/recordings/cam221/clips/2026/04/12/cam221_20260412T201500Z.mp4
[tls @ 0x7fcc57004500] IO error: End of file
[https @ 0x7fcc570043c0] Error reading HTTP response: End of file
[tls @ 0x7fcc678073c0] IO error: Connection reset by peer
[https @ 0x7fcc67808cc0] Error reading HTTP response: Connection reset by peer
[in#0/hls @ 0x7fcc778048c0] keepalive request failed for 'https://itsvideo.arlingtonva.us:8013/live/cam221.stream/media_w1915866408_117921.ts' with error: 'Connection reset by peer' when opening url, retrying with new connection
[tls @ 0x7fcc66f45980] IO error: End of file
[https @ 0x7fcc66f04dc0] Error reading HTTP response: End of file
[tls @ 0x7fcc56f08f40] IO error: End of file
[https @ 0x7fcc56f65e00] Error reading HTTP response: End of file
[tls @ 0x7fcc56f139c0] IO error: End of file
[https @ 0x7fcc56f22c00] Error reading HTTP response: End of file
[tls @ 0x7fcc66f45980] IO error: End of file
[https @ 0x7fcc66f04dc0] Error reading HTTP response: End of file
[tls @ 0x7fcc570482c0] IO error: End of file
[https @ 0x7fcc57058100] Error reading HTTP response: End of file
[tls @ 0x7fcc56f94d80] IO error: End of file
[https @ 0x7fcc56fb0ec0] Error reading HTTP response: End of file
[2026-04-12T16:15:44.996006] Saved clip /Users/Chen/PycharmProjects/CSCI_6234_Final/recordings/cam221/clips/2026/04/12/cam221_20260412T201500Z.mp4 (1407253 bytes)
[2026-04-12T16:15:45.513667] Starting 60-second capture -> /Users/Chen/PycharmProjects/CSCI_6234_Final/recordings/cam221/clips/2026/04/12/cam221_20260412T201545Z.mp4
[tls @ 0x7f8f6ba06a40] IO error: End of file
[https @ 0x7f8f6ba06940] Error reading HTTP response: End of file
[tls @ 0x7f8f6bb11f00] IO error: End of file
[https @ 0x7f8f6ba32340] Error reading HTTP response: End of file
[tls @ 0x7f8f6bb19780] IO error: End of file
[https @ 0x7f8f6bb196c0] Error reading HTTP response: End of file
[tls @ 0x7f8f6ba709c0] IO error: End of file
[https @ 0x7f8f6ba70900] Error reading HTTP response: End of file
[tls @ 0x7f8f6ba3e240] IO error: End of file
[https @ 0x7f8f6ba3e180] Error reading HTTP response: End of file
[tls @ 0x7f8f6b90a180] IO error: End of file
[https @ 0x7f8f6b950180] Error reading HTTP response: End of file
[2026-04-12T16:16:27.282894] Saved clip /Users/Chen/PycharmProjects/CSCI_6234_Final/recordings/cam221/clips/2026/04/12/cam221_20260412T201545Z.mp4 (1496955 bytes)
[2026-04-12T16:16:27.801782] Starting 60-second capture -> /Users/Chen/PycharmProjects/CSCI_6234_Final/recordings/cam221/clips/2026/04/12/cam221_20260412T201627Z.mp4
[tls @ 0x7fd378804500] IO error: End of file
[https @ 0x7fd3788043c0] Error reading HTTP response: End of file
[tls @ 0x7fd378908b40] IO error: End of file
[https @ 0x7fd378907fc0] Error reading HTTP response: End of file
[tls @ 0x7fd381105380] IO error: End of file
[https @ 0x7fd381104440] Error reading HTTP response: End of file
[tls @ 0x7fd378811ac0] IO error: End of file
[https @ 0x7fd378814380] Error reading HTTP response: End of file
[tls @ 0x7fd36ff34bc0] IO error: End of file
[https @ 0x7fd36ff3adc0] Error reading HTTP response: End of file
[out#0/mp4 @ 0x7fd36ff2bb00] Error writing trailer: Immediate exit requested
[out#0/mp4 @ 0x7fd36ff2bb00] Error closing file: Immediate exit requested
[2026-04-12T16:16:55.819502] Recorder thread stopped
[2026-04-12T16:17:35.056883] Recorder thread started
[2026-04-12T16:17:35.058266] Starting 60-second capture -> /Users/Chen/PycharmProjects/CSCI_6234_Final/recordings/cam221/clips/2026/04/12/cam221_20260412T201735Z.mp4
[tls @ 0x7fc3d8f08200] IO error: End of file
[https @ 0x7fc3d8f08140] Error reading HTTP response: End of file
[tls @ 0x7fc3c9a05100] IO error: End of file
[https @ 0x7fc3c9a04b80] Error reading HTTP response: End of file
[tls @ 0x7fc3c8f0c180] IO error: End of file
[https @ 0x7fc3c8f0c0c0] Error reading HTTP response: End of file
[tls @ 0x7fc3c8f12f80] IO error: End of file
[https @ 0x7fc3c8f12ec0] Error reading HTTP response: End of file
[tls @ 0x7fc3da229cc0] IO error: End of file
[https @ 0x7fc3da2438c0] Error reading HTTP response: End of file
[2026-04-12T16:18:16.966689] Saved clip /Users/Chen/PycharmProjects/CSCI_6234_Final/recordings/cam221/clips/2026/04/12/cam221_20260412T201735Z.mp4 (1294599 bytes)
[2026-04-12T16:18:17.480391] Starting 60-second capture -> /Users/Chen/PycharmProjects/CSCI_6234_Final/recordings/cam221/clips/2026/04/12/cam221_20260412T201817Z.mp4
[tls @ 0x7f8a3ab04680] IO error: End of file
[https @ 0x7f8a3ab04540] Error reading HTTP response: End of file
[tls @ 0x7f8a39f08f40] IO error: End of file
[https @ 0x7f8a39f08e00] Error reading HTTP response: End of file
[tls @ 0x7f8a3ab046c0] IO error: End of file
[https @ 0x7f8a3ab04600] Error reading HTTP response: End of file
[tls @ 0x7f8a3ad4ce40] IO error: End of file
[https @ 0x7f8a3ae0bec0] Error reading HTTP response: End of file
[tls @ 0x7f8a3ab2d940] IO error: End of file
[https @ 0x7f8a3ab3e700] Error reading HTTP response: End of file
[tls @ 0x7f8a3ae0bec0] IO error: End of file
[https @ 0x7f8a3ae0cc40] Error reading HTTP response: End of file
[tls @ 0x7f8a3ad4d2c0] IO error: End of file
[https @ 0x7f8a3ad55fc0] Error reading HTTP response: End of file
[tls @ 0x7f8a3ae3d740] IO error: End of file
[https @ 0x7f8a3ae59880] Error reading HTTP response: End of file
[tls @ 0x7f8a3ac0c000] IO error: End of file
[https @ 0x7f8a3ac10ec0] Error reading HTTP response: End of file
[2026-04-12T16:19:01.944515] Saved clip /Users/Chen/PycharmProjects/CSCI_6234_Final/recordings/cam221/clips/2026/04/12/cam221_20260412T201817Z.mp4 (1722256 bytes)
[2026-04-12T16:19:02.456478] Starting 60-second capture -> /Users/Chen/PycharmProjects/CSCI_6234_Final/recordings/cam221/clips/2026/04/12/cam221_20260412T201902Z.mp4
[tls @ 0x7fb981304500] IO error: End of file
[https @ 0x7fb9813043c0] Error reading HTTP response: End of file
[tls @ 0x7fb981406880] IO error: End of file
[https @ 0x7fb981410200] Error reading HTTP response: End of file
[tls @ 0x7fb981227500] IO error: End of file
[https @ 0x7fb9812398c0] Error reading HTTP response: End of file
[tls @ 0x7fb98144c280] IO error: End of file
[https @ 0x7fb981448680] Error reading HTTP response: End of file
[tls @ 0x7fb981327700] IO error: End of file
[https @ 0x7fb98131eb80] Error reading HTTP response: End of file
[tls @ 0x7fb9814131c0] IO error: End of file
[https @ 0x7fb9814055c0] Error reading HTTP response: End of file
[2026-04-12T16:19:44.142424] Saved clip /Users/Chen/PycharmProjects/CSCI_6234_Final/recordings/cam221/clips/2026/04/12/cam221_20260412T201902Z.mp4 (1300042 bytes)
[2026-04-12T16:19:44.655632] Starting 60-second capture -> /Users/Chen/PycharmProjects/CSCI_6234_Final/recordings/cam221/clips/2026/04/12/cam221_20260412T201944Z.mp4
[tls @ 0x7fcf86804680] IO error: End of file
[https @ 0x7fcf86804540] Error reading HTTP response: End of file
[tls @ 0x7fcf95f16940] IO error: End of file
[https @ 0x7fcf95f16180] Error reading HTTP response: End of file
[tls @ 0x7fcf97055300] IO error: End of file
[https @ 0x7fcf9705a680] Error reading HTTP response: End of file
[tls @ 0x7fcf95f0b080] IO error: End of file
[https @ 0x7fcf95f13b40] Error reading HTTP response: End of file
[tls @ 0x7fcf85f04140] IO error: End of file
[https @ 0x7fcf85f04080] Error reading HTTP response: End of file
[tls @ 0x7fcf9705f4c0] IO error: End of file
[https @ 0x7fcf970221c0] Error reading HTTP response: End of file
[2026-04-12T16:20:26.405514] Saved clip /Users/Chen/PycharmProjects/CSCI_6234_Final/recordings/cam221/clips/2026/04/12/cam221_20260412T201944Z.mp4 (1232113 bytes)
[2026-04-12T16:20:26.918616] Starting 60-second capture -> /Users/Chen/PycharmProjects/CSCI_6234_Final/recordings/cam221/clips/2026/04/12/cam221_20260412T202026Z.mp4
[tls @ 0x7fcc0aa04500] IO error: End of file
[https @ 0x7fcc0aa043c0] Error reading HTTP response: End of file
[tls @ 0x7fcbfa81f140] IO error: End of file
[https @ 0x7fcbfa81f740] Error reading HTTP response: End of file
[tls @ 0x7fcc0ab064c0] IO error: End of file
[https @ 0x7fcc0ab179c0] Error reading HTTP response: End of file
[tls @ 0x7fcc0aa12700] IO error: End of file
[https @ 0x7fcc0aa2cd00] Error reading HTTP response: End of file
[tls @ 0x7fcc0aa42f40] IO error: End of file
[https @ 0x7fcc0aa42280] Error reading HTTP response: End of file
[2026-04-12T16:21:01.600411] Saved clip /Users/Chen/PycharmProjects/CSCI_6234_Final/recordings/cam221/clips/2026/04/12/cam221_20260412T202026Z.mp4 (1750074 bytes)
[2026-04-12T16:21:02.116146] Starting 60-second capture -> /Users/Chen/PycharmProjects/CSCI_6234_Final/recordings/cam221/clips/2026/04/12/cam221_20260412T202102Z.mp4
[tls @ 0x7fc4900043c0] IO error: End of file
[https @ 0x7fc490004280] Error reading HTTP response: End of file
[tls @ 0x7fc48771b840] IO error: End of file
[https @ 0x7fc48772c2c0] Error reading HTTP response: End of file
[tls @ 0x7fc4877318c0] IO error: End of file
[https @ 0x7fc487746b00] Error reading HTTP response: End of file
[tls @ 0x7fc4b001cb00] IO error: End of file
[https @ 0x7fc4b001c940] Error reading HTTP response: End of file
[tls @ 0x7fc4b000a040] IO error: End of file
[https @ 0x7fc4b0027700] Error reading HTTP response: End of file
[tls @ 0x7fc49000ce80] IO error: End of file
[https @ 0x7fc490012bc0] Error reading HTTP response: End of file
[2026-04-12T16:21:44.162930] Saved clip /Users/Chen/PycharmProjects/CSCI_6234_Final/recordings/cam221/clips/2026/04/12/cam221_20260412T202102Z.mp4 (1251764 bytes)
[2026-04-12T16:21:44.682976] Starting 60-second capture -> /Users/Chen/PycharmProjects/CSCI_6234_Final/recordings/cam221/clips/2026/04/12/cam221_20260412T202144Z.mp4
[tls @ 0x7ff76db04bc0] IO error: End of file
[https @ 0x7ff76db04a80] Error reading HTTP response: End of file
[tls @ 0x7ff76dc04a00] IO error: End of file
[https @ 0x7ff76dc044c0] Error reading HTTP response: End of file
[tls @ 0x7ff76da43e40] IO error: End of file
[https @ 0x7ff76da39d00] Error reading HTTP response: End of file
[tls @ 0x7ff76db60640] IO error: End of file
[https @ 0x7ff76db0a500] Error reading HTTP response: End of file
[tls @ 0x7ff76dc044c0] IO error: End of file
[https @ 0x7ff76dc04a40] Error reading HTTP response: End of file
[tls @ 0x7ff76dd488c0] IO error: End of file
[https @ 0x7ff76dd9be00] Error reading HTTP response: End of file
[2026-04-12T16:22:26.520986] Saved clip /Users/Chen/PycharmProjects/CSCI_6234_Final/recordings/cam221/clips/2026/04/12/cam221_20260412T202144Z.mp4 (1213995 bytes)
[2026-04-12T16:22:27.031753] Starting 60-second capture -> /Users/Chen/PycharmProjects/CSCI_6234_Final/recordings/cam221/clips/2026/04/12/cam221_20260412T202227Z.mp4
[tls @ 0x7fe8171055c0] IO error: End of file
[https @ 0x7fe817105480] Error reading HTTP response: End of file
[tls @ 0x7fe802f10700] IO error: End of file
[https @ 0x7fe802f13c00] Error reading HTTP response: End of file
[tls @ 0x7fe802f4b380] IO error: End of file
[https @ 0x7fe802f3b4c0] Error reading HTTP response: End of file
[tls @ 0x7fe813e57680] IO error: End of file
[https @ 0x7fe813e5e4c0] Error reading HTTP response: End of file
[tls @ 0x7fe802f88640] IO error: End of file
[https @ 0x7fe802f84a40] Error reading HTTP response: End of file
[tls @ 0x7fe802f42a40] IO error: End of file
[https @ 0x7fe802f3b4c0] Error reading HTTP response: End of file
[tls @ 0x7fe802f4fa00] IO error: End of file
[https @ 0x7fe802f5ec40] Error reading HTTP response: End of file
[tls @ 0x7fe813e1aa80] IO error: End of file
[https @ 0x7fe813e049c0] Error reading HTTP response: End of file
[tls @ 0x7fe813e2d480] IO error: End of file
[https @ 0x7fe813e32100] Error reading HTTP response: End of file
[2026-04-12T16:23:11.724525] Saved clip /Users/Chen/PycharmProjects/CSCI_6234_Final/recordings/cam221/clips/2026/04/12/cam221_20260412T202227Z.mp4 (1565118 bytes)
[2026-04-12T16:23:12.241142] Starting 60-second capture -> /Users/Chen/PycharmProjects/CSCI_6234_Final/recordings/cam221/clips/2026/04/12/cam221_20260412T202312Z.mp4
[tls @ 0x7fe2c7705e00] IO error: End of file
[https @ 0x7fe2c7705cc0] Error reading HTTP response: End of file
[tls @ 0x7fe2c7747100] IO error: End of file
[https @ 0x7fe2c7759340] Error reading HTTP response: End of file
[tls @ 0x7fe2b7705400] IO error: End of file
[https @ 0x7fe2b77129c0] Error reading HTTP response: End of file
[tls @ 0x7fe2b7709680] IO error: End of file
[https @ 0x7fe2b7706a40] Error reading HTTP response: End of file
[tls @ 0x7fe2c7790d00] IO error: End of file
[https @ 0x7fe2c778ec80] Error reading HTTP response: End of file
[tls @ 0x7fe2c77299c0] IO error: End of file
[https @ 0x7fe2c77241c0] Error reading HTTP response: End of file
[2026-04-12T16:23:54.028842] Saved clip /Users/Chen/PycharmProjects/CSCI_6234_Final/recordings/cam221/clips/2026/04/12/cam221_20260412T202312Z.mp4 (1265702 bytes)
[2026-04-12T16:23:54.540961] Starting 60-second capture -> /Users/Chen/PycharmProjects/CSCI_6234_Final/recordings/cam221/clips/2026/04/12/cam221_20260412T202354Z.mp4
[tls @ 0x7fbf19704680] IO error: End of file
[https @ 0x7fbf19704540] Error reading HTTP response: End of file
[tls @ 0x7fbf197162c0] IO error: End of file
[https @ 0x7fbf197284c0] Error reading HTTP response: End of file
[tls @ 0x7fbf2a006700] IO error: End of file
[https @ 0x7fbf2a004440] Error reading HTTP response: End of file
[tls @ 0x7fbf1a267140] IO error: End of file
[https @ 0x7fbf1a2672c0] Error reading HTTP response: End of file
[tls @ 0x7fbf1a014d80] IO error: End of file
[https @ 0x7fbf1a016000] Error reading HTTP response: End of file
[tls @ 0x7fbf1a178ac0] IO error: End of file
[https @ 0x7fbf1a16a180] Error reading HTTP response: End of file
[2026-04-12T16:24:36.491210] Saved clip /Users/Chen/PycharmProjects/CSCI_6234_Final/recordings/cam221/clips/2026/04/12/cam221_20260412T202354Z.mp4 (1169369 bytes)
[2026-04-12T16:24:37.011000] Starting 60-second capture -> /Users/Chen/PycharmProjects/CSCI_6234_Final/recordings/cam221/clips/2026/04/12/cam221_20260412T202437Z.mp4
[tls @ 0x7fbd69a04940] IO error: End of file
[https @ 0x7fbd69a04800] Error reading HTTP response: End of file
[tls @ 0x7fbd58f0d640] IO error: End of file
[https @ 0x7fbd58f0c740] Error reading HTTP response: End of file
[tls @ 0x7fbd69b54c40] IO error: End of file
[https @ 0x7fbd69b5bcc0] Error reading HTTP response: End of file
[tls @ 0x7fbd5982fc00] IO error: End of file
[https @ 0x7fbd59857680] Error reading HTTP response: End of file
[tls @ 0x7fbd59836840] IO error: End of file
[https @ 0x7fbd59815600] Error reading HTTP response: End of file
[tls @ 0x7fbd69a3a300] IO error: End of file
[https @ 0x7fbd69b337c0] Error reading HTTP response: End of file
[tls @ 0x7fbd59810fc0] IO error: End of file
[https @ 0x7fbd5982a280] Error reading HTTP response: End of file
[2026-04-12T16:25:11.105781] Saved clip /Users/Chen/PycharmProjects/CSCI_6234_Final/recordings/cam221/clips/2026/04/12/cam221_20260412T202437Z.mp4 (1683679 bytes)
[2026-04-12T16:25:11.618519] Starting 60-second capture -> /Users/Chen/PycharmProjects/CSCI_6234_Final/recordings/cam221/clips/2026/04/12/cam221_20260412T202511Z.mp4
[tls @ 0x7ff711705100] IO error: End of file
[https @ 0x7ff711704b80] Error reading HTTP response: End of file
[tls @ 0x7ff722309e80] IO error: End of file
[https @ 0x7ff722309dc0] Error reading HTTP response: End of file
[tls @ 0x7ff72230bb00] IO error: End of file
[https @ 0x7ff722304200] Error reading HTTP response: End of file
[tls @ 0x7ff71171d280] IO error: End of file
[https @ 0x7ff71171d1c0] Error reading HTTP response: End of file
[tls @ 0x7ff712159c40] IO error: End of file
[https @ 0x7ff71215dd40] Error reading HTTP response: End of file
[tls @ 0x7ff712111000] IO error: End of file
[https @ 0x7ff712104b00] Error reading HTTP response: End of file
[2026-04-12T16:25:53.696652] Saved clip /Users/Chen/PycharmProjects/CSCI_6234_Final/recordings/cam221/clips/2026/04/12/cam221_20260412T202511Z.mp4 (1498044 bytes)
[2026-04-12T16:25:54.214370] Starting 60-second capture -> /Users/Chen/PycharmProjects/CSCI_6234_Final/recordings/cam221/clips/2026/04/12/cam221_20260412T202554Z.mp4
[tls @ 0x7fce51704500] IO error: End of file
[https @ 0x7fce51704400] Error reading HTTP response: End of file
[tls @ 0x7fce6242c300] IO error: End of file
[https @ 0x7fce624180c0] Error reading HTTP response: End of file
[tls @ 0x7fce5172d940] IO error: End of file
[https @ 0x7fce5172d880] Error reading HTTP response: End of file
[tls @ 0x7fce62584880] IO error: End of file
[https @ 0x7fce62557f40] Error reading HTTP response: End of file
[tls @ 0x7fce62424a80] IO error: End of file
[https @ 0x7fce6246d200] Error reading HTTP response: End of file
[tls @ 0x7fce5171df40] IO error: End of file
[https @ 0x7fce5173dbc0] Error reading HTTP response: End of file
[2026-04-12T16:26:36.129090] Saved clip /Users/Chen/PycharmProjects/CSCI_6234_Final/recordings/cam221/clips/2026/04/12/cam221_20260412T202554Z.mp4 (1551568 bytes)
[2026-04-12T16:26:36.654199] Starting 60-second capture -> /Users/Chen/PycharmProjects/CSCI_6234_Final/recordings/cam221/clips/2026/04/12/cam221_20260412T202636Z.mp4
[tls @ 0x7f9f73804540] IO error: End of file
[https @ 0x7f9f73804440] Error reading HTTP response: End of file
[tls @ 0x7f9f72f89340] IO error: End of file
[https @ 0x7f9f72f8c3c0] Error reading HTTP response: End of file
[tls @ 0x7f9f73810640] IO error: End of file
[https @ 0x7f9f73818dc0] Error reading HTTP response: End of file
[tls @ 0x7f9f72f89340] IO error: End of file
[https @ 0x7f9f72f88ec0] Error reading HTTP response: End of file
[tls @ 0x7f9f83c119c0] IO error: End of file
[https @ 0x7f9f83c40600] Error reading HTTP response: End of file
[tls @ 0x7f9f72f36f80] IO error: End of file
[https @ 0x7f9f72f49180] Error reading HTTP response: End of file
[2026-04-12T16:27:11.024317] Saved clip /Users/Chen/PycharmProjects/CSCI_6234_Final/recordings/cam221/clips/2026/04/12/cam221_20260412T202636Z.mp4 (1651415 bytes)
[2026-04-12T16:27:11.536467] Starting 60-second capture -> /Users/Chen/PycharmProjects/CSCI_6234_Final/recordings/cam221/clips/2026/04/12/cam221_20260412T202711Z.mp4
[tls @ 0x7f989e3054c0] IO error: End of file
[https @ 0x7f989e3044c0] Error reading HTTP response: End of file
[tls @ 0x7f989e325780] IO error: End of file
[https @ 0x7f989e31ab80] Error reading HTTP response: End of file
[tls @ 0x7f989e1570c0] IO error: End of file
[https @ 0x7f989e1692c0] Error reading HTTP response: End of file
[tls @ 0x7f989e227cc0] IO error: End of file
[https @ 0x7f989e227c00] Error reading HTTP response: End of file
[tls @ 0x7f989e412bc0] IO error: End of file
[https @ 0x7f989e437cc0] Error reading HTTP response: End of file
[tls @ 0x7f989e226e80] IO error: End of file
[https @ 0x7f989e227a00] Error reading HTTP response: End of file
[2026-04-12T16:27:53.194620] Saved clip /Users/Chen/PycharmProjects/CSCI_6234_Final/recordings/cam221/clips/2026/04/12/cam221_20260412T202711Z.mp4 (1318700 bytes)
[2026-04-12T16:27:53.706169] Starting 60-second capture -> /Users/Chen/PycharmProjects/CSCI_6234_Final/recordings/cam221/clips/2026/04/12/cam221_20260412T202753Z.mp4
[tls @ 0x7fea59404480] IO error: End of file
[https @ 0x7fea59404340] Error reading HTTP response: End of file
[tls @ 0x7fea4900a240] IO error: End of file
[https @ 0x7fea4902adc0] Error reading HTTP response: End of file
[tls @ 0x7fea4870a2c0] IO error: End of file
[https @ 0x7fea4870eac0] Error reading HTTP response: End of file
[tls @ 0x7fea48726480] IO error: End of file
[https @ 0x7fea4870ba40] Error reading HTTP response: End of file
[tls @ 0x7fea49060380] IO error: End of file
[https @ 0x7fea49047e40] Error reading HTTP response: End of file
[2026-04-12T16:28:34.972543] Saved clip /Users/Chen/PycharmProjects/CSCI_6234_Final/recordings/cam221/clips/2026/04/12/cam221_20260412T202753Z.mp4 (1477342 bytes)
[2026-04-12T16:28:35.499697] Starting 60-second capture -> /Users/Chen/PycharmProjects/CSCI_6234_Final/recordings/cam221/clips/2026/04/12/cam221_20260412T202835Z.mp4
[tls @ 0x7fc2b5a04500] IO error: End of file
[https @ 0x7fc2b5a043c0] Error reading HTTP response: End of file
[tls @ 0x7fc2b5c07f00] IO error: End of file
[https @ 0x7fc2b5c07940] Error reading HTTP response: End of file
[tls @ 0x7fc2a4f286c0] IO error: End of file
[https @ 0x7fc2a4f3fa00] Error reading HTTP response: End of file
[tls @ 0x7fc2a4f12500] IO error: End of file
[https @ 0x7fc2a4f0cd00] Error reading HTTP response: End of file
[tls @ 0x7fc2b5c56000] IO error: End of file
[https @ 0x7fc2b5c4e440] Error reading HTTP response: End of file
[tls @ 0x7fc2b5c30bc0] IO error: End of file
[https @ 0x7fc2b5c14180] Error reading HTTP response: End of file
[tls @ 0x7fc2b5c55fc0] IO error: End of file
[https @ 0x7fc2b5c15240] Error reading HTTP response: End of file
[tls @ 0x7fc2a4f6a540] IO error: End of file
[https @ 0x7fc2a4f51900] Error reading HTTP response: End of file
[2026-04-12T16:29:19.747593] Saved clip /Users/Chen/PycharmProjects/CSCI_6234_Final/recordings/cam221/clips/2026/04/12/cam221_20260412T202835Z.mp4 (1386795 bytes)
[2026-04-12T16:29:20.269011] Starting 60-second capture -> /Users/Chen/PycharmProjects/CSCI_6234_Final/recordings/cam221/clips/2026/04/12/cam221_20260412T202920Z.mp4
[tls @ 0x7fed31a08580] IO error: End of file
[https @ 0x7fed31a084c0] Error reading HTTP response: End of file
[tls @ 0x7fed31d0c8c0] IO error: End of file
[https @ 0x7fed31d0c0c0] Error reading HTTP response: End of file
[tls @ 0x7fed31a35040] IO error: End of file
[https @ 0x7fed31a4a040] Error reading HTTP response: End of file
[tls @ 0x7fed31a43740] IO error: End of file
[https @ 0x7fed31a5d780] Error reading HTTP response: End of file
[tls @ 0x7fed31d1c240] IO error: End of file
[https @ 0x7fed31d20a40] Error reading HTTP response: End of file
[tls @ 0x7fed31a5d780] IO error: End of file
[https @ 0x7fed31a4a040] Error reading HTTP response: End of file
[2026-04-12T16:30:01.953177] Saved clip /Users/Chen/PycharmProjects/CSCI_6234_Final/recordings/cam221/clips/2026/04/12/cam221_20260412T202920Z.mp4 (1371653 bytes)
[2026-04-12T16:30:02.467605] Starting 60-second capture -> /Users/Chen/PycharmProjects/CSCI_6234_Final/recordings/cam221/clips/2026/04/12/cam221_20260412T203002Z.mp4
[tls @ 0x7f7a38104c80] IO error: End of file
[https @ 0x7f7a38104b40] Error reading HTTP response: End of file
[tls @ 0x7f7a40314d80] IO error: End of file
[https @ 0x7f7a403049c0] Error reading HTTP response: End of file
[tls @ 0x7f7a2f71e5c0] IO error: End of file
[https @ 0x7f7a380c2440] Error reading HTTP response: End of file
[tls @ 0x7f7a403049c0] IO error: End of file
[https @ 0x7f7a40317640] Error reading HTTP response: End of file
[tls @ 0x7f7a2f71e5c0] IO error: End of file
[https @ 0x7f7a2f725940] Error reading HTTP response: End of file
[tls @ 0x7f7a38147ac0] IO error: End of file
[https @ 0x7f7a3814ab00] Error reading HTTP response: End of file
[2026-04-12T16:30:44.568192] Saved clip /Users/Chen/PycharmProjects/CSCI_6234_Final/recordings/cam221/clips/2026/04/12/cam221_20260412T203002Z.mp4 (1703984 bytes)
[2026-04-12T16:30:45.088392] Starting 60-second capture -> /Users/Chen/PycharmProjects/CSCI_6234_Final/recordings/cam221/clips/2026/04/12/cam221_20260412T203045Z.mp4
[tls @ 0x7f80e10053c0] IO error: End of file
[https @ 0x7f80e1004e80] Error reading HTTP response: End of file
[tls @ 0x7f80d7f06c40] IO error: End of file
[https @ 0x7f80d7f06b00] Error reading HTTP response: End of file
[tls @ 0x7f80e123a080] IO error: End of file
[https @ 0x7f80e124acc0] Error reading HTTP response: End of file
[tls @ 0x7f80e11257c0] IO error: End of file
[https @ 0x7f80e1046740] Error reading HTTP response: End of file
[tls @ 0x7f80d7f24740] IO error: End of file
[https @ 0x7f80d7f06500] Error reading HTTP response: End of file
[tls @ 0x7f80e1058200] IO error: End of file
[https @ 0x7f80e1047a80] Error reading HTTP response: End of file
[tls @ 0x7f80e104ba40] IO error: End of file
[https @ 0x7f80e1046740] Error reading HTTP response: End of file
[tls @ 0x7f80e126a400] IO error: End of file
[https @ 0x7f80e12296c0] Error reading HTTP response: End of file
[2026-04-12T16:31:29.091092] Saved clip /Users/Chen/PycharmProjects/CSCI_6234_Final/recordings/cam221/clips/2026/04/12/cam221_20260412T203045Z.mp4 (1362897 bytes)
[2026-04-12T16:31:29.613982] Starting 60-second capture -> /Users/Chen/PycharmProjects/CSCI_6234_Final/recordings/cam221/clips/2026/04/12/cam221_20260412T203129Z.mp4
[tls @ 0x7fd429804500] IO error: End of file
[https @ 0x7fd4298043c0] Error reading HTTP response: End of file
[tls @ 0x7fd439c10b40] IO error: End of file
[https @ 0x7fd439c11180] Error reading HTTP response: End of file
[tls @ 0x7fd439c303c0] IO error: End of file
[https @ 0x7fd439b732c0] Error reading HTTP response: End of file
[tls @ 0x7fd439c08100] IO error: End of file
[https @ 0x7fd439c59700] Error reading HTTP response: End of file
[tls @ 0x7fd429844e00] IO error: End of file
[https @ 0x7fd429849c80] Error reading HTTP response: End of file
[tls @ 0x7fd439b2d100] IO error: End of file
[https @ 0x7fd439b732c0] Error reading HTTP response: End of file
[tls @ 0x7fd429844e00] IO error: End of file
[https @ 0x7fd4298106c0] Error reading HTTP response: End of file
[tls @ 0x7fd439c25b00] IO error: End of file
[https @ 0x7fd439c08740] Error reading HTTP response: End of file
[2026-04-12T16:32:13.861588] Saved clip /Users/Chen/PycharmProjects/CSCI_6234_Final/recordings/cam221/clips/2026/04/12/cam221_20260412T203129Z.mp4 (1672157 bytes)
[2026-04-12T16:32:14.382361] Starting 60-second capture -> /Users/Chen/PycharmProjects/CSCI_6234_Final/recordings/cam221/clips/2026/04/12/cam221_20260412T203214Z.mp4
[tls @ 0x7f9adaa10c40] IO error: End of file
[https @ 0x7f9adaa10b00] Error reading HTTP response: End of file
[tls @ 0x7f9adaa19300] IO error: End of file
[https @ 0x7f9adaa20ac0] Error reading HTTP response: End of file
[tls @ 0x7f9ab9f2ed00] IO error: End of file
[https @ 0x7f9ab9f38ac0] Error reading HTTP response: End of file
[tls @ 0x7f9adac60740] IO error: End of file
[https @ 0x7f9adac72940] Error reading HTTP response: End of file
[tls @ 0x7f9ab9f1b100] IO error: End of file
[https @ 0x7f9ab9f1f240] Error reading HTTP response: End of file
[2026-04-12T16:32:55.744397] Saved clip /Users/Chen/PycharmProjects/CSCI_6234_Final/recordings/cam221/clips/2026/04/12/cam221_20260412T203214Z.mp4 (1556853 bytes)
[2026-04-12T16:32:56.259540] Starting 60-second capture -> /Users/Chen/PycharmProjects/CSCI_6234_Final/recordings/cam221/clips/2026/04/12/cam221_20260412T203256Z.mp4
[tls @ 0x7faf8390e700] IO error: End of file
[https @ 0x7faf83915cc0] Error reading HTTP response: End of file
[tls @ 0x7faf83c18b40] IO error: End of file
[https @ 0x7faf83c18100] Error reading HTTP response: End of file
[tls @ 0x7faf83c18a00] IO error: End of file
[https @ 0x7faf83c18940] Error reading HTTP response: End of file
[tls @ 0x7faf8399f5c0] IO error: End of file
[https @ 0x7faf83915cc0] Error reading HTTP response: End of file
[tls @ 0x7faf839c3cc0] IO error: End of file
[https @ 0x7faf839d5f00] Error reading HTTP response: End of file
[tls @ 0x7faf83b2a240] IO error: End of file
[https @ 0x7faf83b1f3c0] Error reading HTTP response: End of file
[2026-04-12T16:33:29.760279] Saved clip /Users/Chen/PycharmProjects/CSCI_6234_Final/recordings/cam221/clips/2026/04/12/cam221_20260412T203256Z.mp4 (1687271 bytes)
[2026-04-12T16:33:30.278453] Starting 60-second capture -> /Users/Chen/PycharmProjects/CSCI_6234_Final/recordings/cam221/clips/2026/04/12/cam221_20260412T203330Z.mp4
[tls @ 0x7fa922105200] IO error: End of file
[https @ 0x7fa922105140] Error reading HTTP response: End of file
[tls @ 0x7fa922104480] IO error: End of file
[https @ 0x7fa922104380] Error reading HTTP response: End of file
[tls @ 0x7fa922004b40] IO error: End of file
[https @ 0x7fa92203aac0] Error reading HTTP response: End of file
[tls @ 0x7fa92174e140] IO error: End of file
[https @ 0x7fa921757f80] Error reading HTTP response: End of file
[tls @ 0x7fa93211b4c0] IO error: End of file
[https @ 0x7fa93213d6c0] Error reading HTTP response: End of file
[tls @ 0x7fa921743c40] IO error: End of file
[https @ 0x7fa92170f7c0] Error reading HTTP response: End of file
[tls @ 0x7fa92205c700] IO error: End of file
[https @ 0x7fa9220600c0] Error reading HTTP response: End of file
[2026-04-12T16:34:19.380245] Saved clip /Users/Chen/PycharmProjects/CSCI_6234_Final/recordings/cam221/clips/2026/04/12/cam221_20260412T203330Z.mp4 (1607835 bytes)
[2026-04-12T16:34:19.902573] Starting 60-second capture -> /Users/Chen/PycharmProjects/CSCI_6234_Final/recordings/cam221/clips/2026/04/12/cam221_20260412T203419Z.mp4
[tls @ 0x7f77e6804680] IO error: End of file
[https @ 0x7f77e6804580] Error reading HTTP response: End of file
[tls @ 0x7f77d703ce80] IO error: End of file
[https @ 0x7f77d7039280] Error reading HTTP response: End of file
[tls @ 0x7f77d5f0f6c0] IO error: End of file
[https @ 0x7f77d5f0d800] Error reading HTTP response: End of file
[tls @ 0x7f77e6918a00] IO error: End of file
[https @ 0x7f77e6918940] Error reading HTTP response: End of file
[tls @ 0x7f77e6906940] IO error: End of file
[https @ 0x7f77e6906880] Error reading HTTP response: End of file
[tls @ 0x7f77d5f040c0] IO error: End of file
[https @ 0x7f77d5f0f880] Error reading HTTP response: End of file
[2026-04-12T16:34:58.175252] Saved clip /Users/Chen/PycharmProjects/CSCI_6234_Final/recordings/cam221/clips/2026/04/12/cam221_20260412T203419Z.mp4 (1876782 bytes)
[2026-04-12T16:34:58.693754] Starting 60-second capture -> /Users/Chen/PycharmProjects/CSCI_6234_Final/recordings/cam221/clips/2026/04/12/cam221_20260412T203458Z.mp4
[tls @ 0x7fe7d0704740] IO error: End of file
[https @ 0x7fe7d0704600] Error reading HTTP response: End of file
[tls @ 0x7fe7e1119d80] IO error: End of file
[https @ 0x7fe7e1121640] Error reading HTTP response: End of file
[tls @ 0x7fe7e1235640] IO error: End of file
[https @ 0x7fe7e1235400] Error reading HTTP response: End of file
[tls @ 0x7fe7d0804800] IO error: End of file
[https @ 0x7fe7d083ffc0] Error reading HTTP response: End of file
[tls @ 0x7fe7d0737640] IO error: End of file
[https @ 0x7fe7d071a740] Error reading HTTP response: End of file
[tls @ 0x7fe7d074b880] IO error: End of file
[https @ 0x7fe7d07472c0] Error reading HTTP response: End of file
[2026-04-12T16:35:32.046552] Saved clip /Users/Chen/PycharmProjects/CSCI_6234_Final/recordings/cam221/clips/2026/04/12/cam221_20260412T203458Z.mp4 (1466876 bytes)
[2026-04-12T16:35:32.564635] Starting 60-second capture -> /Users/Chen/PycharmProjects/CSCI_6234_Final/recordings/cam221/clips/2026/04/12/cam221_20260412T203532Z.mp4
[tls @ 0x7fad66904480] IO error: End of file
[https @ 0x7fad66904340] Error reading HTTP response: End of file
[tls @ 0x7fad56806b40] IO error: End of file
[https @ 0x7fad568316c0] Error reading HTTP response: End of file
[tls @ 0x7fad569144c0] IO error: End of file
[https @ 0x7fad56914400] Error reading HTTP response: End of file
[tls @ 0x7fad66919b00] IO error: End of file
[https @ 0x7fad66904300] Error reading HTTP response: End of file
[tls @ 0x7fad56824840] IO error: End of file
[https @ 0x7fad568569c0] Error reading HTTP response: End of file
[tls @ 0x7fad5690fbc0] IO error: End of file
[https @ 0x7fad569088c0] Error reading HTTP response: End of file
[2026-04-12T16:36:14.321823] Saved clip /Users/Chen/PycharmProjects/CSCI_6234_Final/recordings/cam221/clips/2026/04/12/cam221_20260412T203532Z.mp4 (1540889 bytes)
[2026-04-12T16:36:14.835204] Starting 60-second capture -> /Users/Chen/PycharmProjects/CSCI_6234_Final/recordings/cam221/clips/2026/04/12/cam221_20260412T203614Z.mp4
[tls @ 0x7fbbd4904800] IO error: End of file
[https @ 0x7fbbd49046c0] Error reading HTTP response: End of file
[tls @ 0x7fbbc3f08d40] IO error: End of file
[https @ 0x7fbbc3f08c00] Error reading HTTP response: End of file
[tls @ 0x7fbbc4845340] IO error: End of file
[https @ 0x7fbbc4824240] Error reading HTTP response: End of file
[tls @ 0x7fbbc3f2cac0] IO error: End of file
[https @ 0x7fbbc3f36940] Error reading HTTP response: End of file
[tls @ 0x7fbbd4a26880] IO error: End of file
[https @ 0x7fbbd4a12580] Error reading HTTP response: End of file
[tls @ 0x7fbbd4a2ad00] IO error: End of file
[https @ 0x7fbbd4a2ab00] Error reading HTTP response: End of file
[2026-04-12T16:36:56.680379] Saved clip /Users/Chen/PycharmProjects/CSCI_6234_Final/recordings/cam221/clips/2026/04/12/cam221_20260412T203614Z.mp4 (1498992 bytes)
[2026-04-12T16:36:57.199495] Starting 60-second capture -> /Users/Chen/PycharmProjects/CSCI_6234_Final/recordings/cam221/clips/2026/04/12/cam221_20260412T203657Z.mp4
[tls @ 0x7f7838004500] IO error: End of file
[https @ 0x7f78380043c0] Error reading HTTP response: End of file
[tls @ 0x7f783811bd80] IO error: End of file
[https @ 0x7f783812df80] Error reading HTTP response: End of file
[tls @ 0x7f781f7243c0] IO error: End of file
[https @ 0x7f781f728b40] Error reading HTTP response: End of file
[tls @ 0x7f782f7431c0] IO error: End of file
[https @ 0x7f782f705200] Error reading HTTP response: End of file
[tls @ 0x7f781f72ea40] IO error: End of file
[https @ 0x7f781f72e980] Error reading HTTP response: End of file
[tls @ 0x7f7838074880] IO error: End of file
[https @ 0x7f783800e480] Error reading HTTP response: End of file
[tls @ 0x7f782f71e040] IO error: End of file
[https @ 0x7f782f71a440] Error reading HTTP response: End of file
[2026-04-12T16:37:31.376423] Saved clip /Users/Chen/PycharmProjects/CSCI_6234_Final/recordings/cam221/clips/2026/04/12/cam221_20260412T203657Z.mp4 (1046060 bytes)
[2026-04-12T16:37:31.890102] Starting 60-second capture -> /Users/Chen/PycharmProjects/CSCI_6234_Final/recordings/cam221/clips/2026/04/12/cam221_20260412T203731Z.mp4
[tls @ 0x7f82e0904680] IO error: End of file
[https @ 0x7f82e0904540] Error reading HTTP response: End of file
[tls @ 0x7f82e070c180] IO error: End of file
[https @ 0x7f82e070df80] Error reading HTTP response: End of file
[tls @ 0x7f82e08315c0] IO error: End of file
[https @ 0x7f82e0858f40] Error reading HTTP response: End of file
[tls @ 0x7f82e0862680] IO error: End of file
[https @ 0x7f82e081e680] Error reading HTTP response: End of file
[tls @ 0x7f82e0a20840] IO error: End of file
[https @ 0x7f82e0a2d080] Error reading HTTP response: End of file
[tls @ 0x7f82e074f680] IO error: End of file
[https @ 0x7f82e0704200] Error reading HTTP response: End of file
[2026-04-12T16:38:13.360065] Saved clip /Users/Chen/PycharmProjects/CSCI_6234_Final/recordings/cam221/clips/2026/04/12/cam221_20260412T203731Z.mp4 (1247169 bytes)
[2026-04-12T16:38:13.880022] Starting 60-second capture -> /Users/Chen/PycharmProjects/CSCI_6234_Final/recordings/cam221/clips/2026/04/12/cam221_20260412T203813Z.mp4
[tls @ 0x7f7e0b404500] IO error: End of file
[https @ 0x7f7e0b4043c0] Error reading HTTP response: End of file
[tls @ 0x7f7e0b606580] IO error: End of file
[https @ 0x7f7e0b30a580] Error reading HTTP response: End of file
[tls @ 0x7f7e0b6085c0] IO error: End of file
[https @ 0x7f7e0b554400] Error reading HTTP response: End of file
[tls @ 0x7f7e0b55de80] IO error: End of file
[https @ 0x7f7e0b548940] Error reading HTTP response: End of file
[tls @ 0x7f7e0b575e40] IO error: End of file
[https @ 0x7f7e0b557840] Error reading HTTP response: End of file
[tls @ 0x7f7e0b46da00] IO error: End of file
[https @ 0x7f7e0b47c880] Error reading HTTP response: End of file
[2026-04-12T16:38:55.185546] Saved clip /Users/Chen/PycharmProjects/CSCI_6234_Final/recordings/cam221/clips/2026/04/12/cam221_20260412T203813Z.mp4 (1580727 bytes)
[2026-04-12T16:38:55.708596] Starting 60-second capture -> /Users/Chen/PycharmProjects/CSCI_6234_Final/recordings/cam221/clips/2026/04/12/cam221_20260412T203855Z.mp4
[tls @ 0x7fdb60004680] IO error: End of file
[https @ 0x7fdb60004540] Error reading HTTP response: End of file
[tls @ 0x7fdb5770c240] IO error: End of file
[https @ 0x7fdb5770c180] Error reading HTTP response: End of file
[tls @ 0x7fdb57719140] IO error: End of file
[https @ 0x7fdb5770eac0] Error reading HTTP response: End of file
[tls @ 0x7fdb6002b100] IO error: End of file
[https @ 0x7fdb60020d00] Error reading HTTP response: End of file
[tls @ 0x7fdb60067780] IO error: End of file
[https @ 0x7fdb6003f900] Error reading HTTP response: End of file
[tls @ 0x7fdb70076640] IO error: End of file
[https @ 0x7fdb7001b8c0] Error reading HTTP response: End of file
[tls @ 0x7fdb6770f700] IO error: End of file
[https @ 0x7fdb677170c0] Error reading HTTP response: End of file
[tls @ 0x7fdb70076640] IO error: End of file
[https @ 0x7fdb70072c00] Error reading HTTP response: End of file
[tls @ 0x7fdb6771c8c0] IO error: End of file
[https @ 0x7fdb67715bc0] Error reading HTTP response: End of file
[2026-04-12T16:39:40.292216] Saved clip /Users/Chen/PycharmProjects/CSCI_6234_Final/recordings/cam221/clips/2026/04/12/cam221_20260412T203855Z.mp4 (1356165 bytes)
[2026-04-12T16:39:40.815914] Starting 60-second capture -> /Users/Chen/PycharmProjects/CSCI_6234_Final/recordings/cam221/clips/2026/04/12/cam221_20260412T203940Z.mp4
[tls @ 0x7fac69f04680] IO error: End of file
[https @ 0x7fac69f04540] Error reading HTTP response: End of file
[tls @ 0x7fac7ab0edc0] IO error: End of file
[https @ 0x7fac7ab08300] Error reading HTTP response: End of file
[tls @ 0x7fac69f29400] IO error: End of file
[https @ 0x7fac69f20800] Error reading HTTP response: End of file
[tls @ 0x7fac6a823f40] IO error: End of file
[https @ 0x7fac6a88fe40] Error reading HTTP response: End of file
[tls @ 0x7fac69f29400] IO error: End of file
[https @ 0x7fac69f0ff00] Error reading HTTP response: End of file
[tls @ 0x7fac7ac0b700] IO error: End of file
[https @ 0x7fac7ac4bb80] Error reading HTTP response: End of file
[2026-04-12T16:40:22.495881] Saved clip /Users/Chen/PycharmProjects/CSCI_6234_Final/recordings/cam221/clips/2026/04/12/cam221_20260412T203940Z.mp4 (1686456 bytes)
[2026-04-12T16:40:23.010415] Starting 60-second capture -> /Users/Chen/PycharmProjects/CSCI_6234_Final/recordings/cam221/clips/2026/04/12/cam221_20260412T204023Z.mp4
[tls @ 0x7fd86ca05a40] IO error: End of file
[https @ 0x7fd86ca054c0] Error reading HTTP response: End of file
[tls @ 0x7fd86ca069c0] IO error: End of file
[https @ 0x7fd86ca068c0] Error reading HTTP response: End of file
[tls @ 0x7fd86ca1bf40] IO error: End of file
[https @ 0x7fd86ca06c80] Error reading HTTP response: End of file
[tls @ 0x7fd86cc7c300] IO error: End of file
[https @ 0x7fd86cc7ea40] Error reading HTTP response: End of file
[tls @ 0x7fd86cd66c80] IO error: End of file
[https @ 0x7fd86cd99c40] Error reading HTTP response: End of file
[tls @ 0x7fd86ca46f80] IO error: End of file
[https @ 0x7fd86ca2b600] Error reading HTTP response: End of file
[2026-04-12T16:41:04.815199] Saved clip /Users/Chen/PycharmProjects/CSCI_6234_Final/recordings/cam221/clips/2026/04/12/cam221_20260412T204023Z.mp4 (1673958 bytes)
[2026-04-12T16:41:05.333208] Starting 60-second capture -> /Users/Chen/PycharmProjects/CSCI_6234_Final/recordings/cam221/clips/2026/04/12/cam221_20260412T204105Z.mp4
[tls @ 0x7fb414705100] IO error: End of file
[https @ 0x7fb414704b80] Error reading HTTP response: End of file
[tls @ 0x7fb425210e40] IO error: End of file
[https @ 0x7fb425210d80] Error reading HTTP response: End of file
[tls @ 0x7fb42521ac40] IO error: End of file
[https @ 0x7fb425221540] Error reading HTTP response: End of file
[tls @ 0x7fb425446c40] IO error: End of file
[https @ 0x7fb425409ec0] Error reading HTTP response: End of file
[tls @ 0x7fb414747580] IO error: End of file
[https @ 0x7fb414749f80] Error reading HTTP response: End of file
[tls @ 0x7fb42521ac40] IO error: End of file
[https @ 0x7fb425221540] Error reading HTTP response: End of file
[tls @ 0x7fb41476ce40] IO error: End of file
[https @ 0x7fb41474d500] Error reading HTTP response: End of file
[tls @ 0x7fb414709940] IO error: End of file
[https @ 0x7fb414713580] Error reading HTTP response: End of file
[2026-04-12T16:41:49.394222] Saved clip /Users/Chen/PycharmProjects/CSCI_6234_Final/recordings/cam221/clips/2026/04/12/cam221_20260412T204105Z.mp4 (1846214 bytes)
[2026-04-12T16:41:49.909996] Starting 60-second capture -> /Users/Chen/PycharmProjects/CSCI_6234_Final/recordings/cam221/clips/2026/04/12/cam221_20260412T204149Z.mp4
[tls @ 0x7fbc58904bc0] IO error: End of file
[https @ 0x7fbc58904300] Error reading HTTP response: End of file
[tls @ 0x7fbc3f707d80] IO error: End of file
[https @ 0x7fbc3f70c000] Error reading HTTP response: End of file
[tls @ 0x7fbc58a3a480] IO error: End of file
[https @ 0x7fbc58a35100] Error reading HTTP response: End of file
[tls @ 0x7fbc58969080] IO error: End of file
[https @ 0x7fbc58986780] Error reading HTTP response: End of file
[tls @ 0x7fbc5894c6c0] IO error: End of file
[https @ 0x7fbc5894ea00] Error reading HTTP response: End of file
[tls @ 0x7fbc58969080] IO error: End of file
[https @ 0x7fbc5896d400] Error reading HTTP response: End of file
[tls @ 0x7fbc58a38e40] IO error: End of file
[https @ 0x7fbc58a50a40] Error reading HTTP response: End of file
[tls @ 0x7fbc3f7288c0] IO error: End of file
[https @ 0x7fbc3f72d780] Error reading HTTP response: End of file
[2026-04-12T16:42:33.622271] Saved clip /Users/Chen/PycharmProjects/CSCI_6234_Final/recordings/cam221/clips/2026/04/12/cam221_20260412T204149Z.mp4 (1723366 bytes)
[2026-04-12T16:42:34.144575] Starting 60-second capture -> /Users/Chen/PycharmProjects/CSCI_6234_Final/recordings/cam221/clips/2026/04/12/cam221_20260412T204234Z.mp4
[tls @ 0x7f96d0328240] IO error: End of file
[https @ 0x7f96d0324640] Error reading HTTP response: End of file
[tls @ 0x7f96c8043480] IO error: End of file
[https @ 0x7f96c8062740] Error reading HTTP response: End of file
[tls @ 0x7f96d0328240] IO error: End of file
[https @ 0x7f96d035d780] Error reading HTTP response: End of file
[tls @ 0x7f96c804f7c0] IO error: End of file
[https @ 0x7f96c8062300] Error reading HTTP response: End of file
[tls @ 0x7f96c8116980] IO error: End of file
[https @ 0x7f96c8126040] Error reading HTTP response: End of file
[tls @ 0x7f96c801fe80] IO error: End of file
[https @ 0x7f96c803d940] Error reading HTTP response: End of file
[2026-04-12T16:43:15.865452] Saved clip /Users/Chen/PycharmProjects/CSCI_6234_Final/recordings/cam221/clips/2026/04/12/cam221_20260412T204234Z.mp4 (1840836 bytes)
[2026-04-12T16:43:16.388359] Starting 60-second capture -> /Users/Chen/PycharmProjects/CSCI_6234_Final/recordings/cam221/clips/2026/04/12/cam221_20260412T204316Z.mp4
[tls @ 0x7f819b804680] IO error: End of file
[https @ 0x7f819b804540] Error reading HTTP response: End of file
[tls @ 0x7f819b813140] IO error: End of file
[https @ 0x7f819b813f40] Error reading HTTP response: End of file
[tls @ 0x7f819af2b1c0] IO error: End of file
[https @ 0x7f819af34d80] Error reading HTTP response: End of file
[tls @ 0x7f819b86d380] IO error: End of file
[https @ 0x7f819b869780] Error reading HTTP response: End of file
[tls @ 0x7f819b81afc0] IO error: End of file
[https @ 0x7f819b83e800] Error reading HTTP response: End of file
[tls @ 0x7f81aba60f80] IO error: End of file
[https @ 0x7f81aba7c6c0] Error reading HTTP response: End of file
[tls @ 0x7f81aba477c0] IO error: End of file
[https @ 0x7f81aba43740] Error reading HTTP response: End of file
[2026-04-12T16:43:49.995637] Saved clip /Users/Chen/PycharmProjects/CSCI_6234_Final/recordings/cam221/clips/2026/04/12/cam221_20260412T204316Z.mp4 (1328789 bytes)
[2026-04-12T16:43:50.516814] Starting 60-second capture -> /Users/Chen/PycharmProjects/CSCI_6234_Final/recordings/cam221/clips/2026/04/12/cam221_20260412T204350Z.mp4
[tls @ 0x7fb3f0f1e000] IO error: End of file
[https @ 0x7fb3f0f217c0] Error reading HTTP response: End of file
[tls @ 0x7fb401d05b00] IO error: End of file
[https @ 0x7fb401d04300] Error reading HTTP response: End of file
[tls @ 0x7fb3f0f1e000] IO error: End of file
[https @ 0x7fb3f0f17380] Error reading HTTP response: End of file
[tls @ 0x7fb401b32080] IO error: End of file
[https @ 0x7fb401b3d4c0] Error reading HTTP response: End of file
[tls @ 0x7fb401b46300] IO error: End of file
[https @ 0x7fb401b2a240] Error reading HTTP response: End of file
[tls @ 0x7fb401d462c0] IO error: End of file
[https @ 0x7fb401d04300] Error reading HTTP response: End of file
[tls @ 0x7fb401d36840] IO error: End of file
[https @ 0x7fb401d34440] Error reading HTTP response: End of file
[2026-04-12T16:44:39.783253] Saved clip /Users/Chen/PycharmProjects/CSCI_6234_Final/recordings/cam221/clips/2026/04/12/cam221_20260412T204350Z.mp4 (1359873 bytes)
[2026-04-12T16:44:40.306588] Starting 60-second capture -> /Users/Chen/PycharmProjects/CSCI_6234_Final/recordings/cam221/clips/2026/04/12/cam221_20260412T204440Z.mp4
[tls @ 0x7f9a2e705c80] IO error: End of file
[https @ 0x7f9a2e705b40] Error reading HTTP response: End of file
[tls @ 0x7f9a1f1348c0] IO error: End of file
[https @ 0x7f9a1f13fd40] Error reading HTTP response: End of file
[tls @ 0x7f9a2e760940] IO error: End of file
[https @ 0x7f9a2e7549c0] Error reading HTTP response: End of file
[tls @ 0x7f9a2e708dc0] IO error: End of file
[https @ 0x7f9a2e71a480] Error reading HTTP response: End of file
[2026-04-12T16:45:11.191767] Saved clip /Users/Chen/PycharmProjects/CSCI_6234_Final/recordings/cam221/clips/2026/04/12/cam221_20260412T204440Z.mp4 (1694795 bytes)
[2026-04-12T16:45:11.708960] Starting 60-second capture -> /Users/Chen/PycharmProjects/CSCI_6234_Final/recordings/cam221/clips/2026/04/12/cam221_20260412T204511Z.mp4
[tls @ 0x7fd3a7004380] IO error: End of file
[https @ 0x7fd3a7004240] Error reading HTTP response: End of file
[tls @ 0x7fd3a7057ac0] IO error: End of file
[https @ 0x7fd3a7072600] Error reading HTTP response: End of file
[tls @ 0x7fd3a6712300] IO error: End of file
[https @ 0x7fd3a6712240] Error reading HTTP response: End of file
[tls @ 0x7fd3b7335680] IO error: End of file
[https @ 0x7fd3b731f900] Error reading HTTP response: End of file
[tls @ 0x7fd3a7018ac0] IO error: End of file
[https @ 0x7fd3a7015200] Error reading HTTP response: End of file
[tls @ 0x7fd3a701ed40] IO error: End of file
[https @ 0x7fd3a7072600] Error reading HTTP response: End of file
[tls @ 0x7fd3b7347ac0] IO error: End of file
[https @ 0x7fd3b7307840] Error reading HTTP response: End of file
[2026-04-12T16:45:55.863531] Saved clip /Users/Chen/PycharmProjects/CSCI_6234_Final/recordings/cam221/clips/2026/04/12/cam221_20260412T204511Z.mp4 (1528802 bytes)
[2026-04-12T16:45:56.377149] Starting 60-second capture -> /Users/Chen/PycharmProjects/CSCI_6234_Final/recordings/cam221/clips/2026/04/12/cam221_20260412T204556Z.mp4
[tls @ 0x7f930c704c80] IO error: End of file
[https @ 0x7f930c704b40] Error reading HTTP response: End of file
[tls @ 0x7f930d00c840] IO error: End of file
[https @ 0x7f931d23eb80] Error reading HTTP response: End of file
[tls @ 0x7f930d04dd80] IO error: End of file
[https @ 0x7f930d029040] Error reading HTTP response: End of file
[tls @ 0x7f930d068800] IO error: End of file
[https @ 0x7f930d07aa00] Error reading HTTP response: End of file
[tls @ 0x7f930c70c480] IO error: End of file
[https @ 0x7f930c70c3c0] Error reading HTTP response: End of file
[tls @ 0x7f930d061a80] IO error: End of file
[https @ 0x7f930d05fc00] Error reading HTTP response: End of file
[2026-04-12T16:46:38.317871] Saved clip /Users/Chen/PycharmProjects/CSCI_6234_Final/recordings/cam221/clips/2026/04/12/cam221_20260412T204556Z.mp4 (1260497 bytes)
[2026-04-12T16:46:38.833344] Starting 60-second capture -> /Users/Chen/PycharmProjects/CSCI_6234_Final/recordings/cam221/clips/2026/04/12/cam221_20260412T204638Z.mp4
[tls @ 0x7ff0d2305a80] IO error: End of file
[https @ 0x7ff0d2305940] Error reading HTTP response: End of file
[tls @ 0x7ff0d2413f00] IO error: End of file
[https @ 0x7ff0d241cf40] Error reading HTTP response: End of file
[tls @ 0x7ff0d23160c0] IO error: End of file
[https @ 0x7ff0d2316880] Error reading HTTP response: End of file
[tls @ 0x7ff0a22043c0] IO error: End of file
[https @ 0x7ff0a2204300] Error reading HTTP response: End of file
[tls @ 0x7ff0c1724fc0] IO error: End of file
[https @ 0x7ff0c173d380] Error reading HTTP response: End of file
[tls @ 0x7ff0d2449040] IO error: End of file
[https @ 0x7ff0d240c440] Error reading HTTP response: End of file
[2026-04-12T16:47:17.787151] Saved clip /Users/Chen/PycharmProjects/CSCI_6234_Final/recordings/cam221/clips/2026/04/12/cam221_20260412T204638Z.mp4 (1105516 bytes)
[2026-04-12T16:47:18.305458] Starting 60-second capture -> /Users/Chen/PycharmProjects/CSCI_6234_Final/recordings/cam221/clips/2026/04/12/cam221_20260412T204718Z.mp4
[tls @ 0x7f8abb205e00] IO error: End of file
[https @ 0x7f8abb205cc0] Error reading HTTP response: End of file
[tls @ 0x7f8abb216040] IO error: End of file
[https @ 0x7f8abb228240] Error reading HTTP response: End of file
[tls @ 0x7f8aab032140] IO error: End of file
[https @ 0x7f8aab027340] Error reading HTTP response: End of file
[tls @ 0x7f8aab140100] IO error: End of file
[https @ 0x7f8aab147f00] Error reading HTTP response: End of file
[tls @ 0x7f8aab104940] IO error: End of file
[https @ 0x7f8aab104840] Error reading HTTP response: End of file
[tls @ 0x7f8aaa704140] IO error: End of file
[https @ 0x7f8aaa704080] Error reading HTTP response: End of file
[tls @ 0x7f8aab11c800] IO error: End of file
[https @ 0x7f8aab12d640] Error reading HTTP response: End of file
[2026-04-12T16:47:52.245926] Saved clip /Users/Chen/PycharmProjects/CSCI_6234_Final/recordings/cam221/clips/2026/04/12/cam221_20260412T204718Z.mp4 (1077959 bytes)
[2026-04-12T16:47:52.761370] Starting 60-second capture -> /Users/Chen/PycharmProjects/CSCI_6234_Final/recordings/cam221/clips/2026/04/12/cam221_20260412T204752Z.mp4
[tls @ 0x7f89e8804a40] IO error: End of file
[https @ 0x7f89e8804900] Error reading HTTP response: End of file
[tls @ 0x7f89df704140] IO error: End of file
[https @ 0x7f89df70f880] Error reading HTTP response: End of file
[tls @ 0x7f89e883b940] IO error: End of file
[https @ 0x7f89e8846600] Error reading HTTP response: End of file
[tls @ 0x7f89ef73ba00] IO error: End of file
[https @ 0x7f89ef710340] Error reading HTTP response: End of file
[tls @ 0x7f89ef725bc0] IO error: End of file
[https @ 0x7f89ef72bd80] Error reading HTTP response: End of file
[tls @ 0x7f89ef73ba00] IO error: End of file
[https @ 0x7f89ef74f640] Error reading HTTP response: End of file
[2026-04-12T16:48:34.396718] Saved clip /Users/Chen/PycharmProjects/CSCI_6234_Final/recordings/cam221/clips/2026/04/12/cam221_20260412T204752Z.mp4 (1286878 bytes)
[2026-04-12T16:48:34.913835] Starting 60-second capture -> /Users/Chen/PycharmProjects/CSCI_6234_Final/recordings/cam221/clips/2026/04/12/cam221_20260412T204834Z.mp4
[tls @ 0x7f9153304680] IO error: End of file
[https @ 0x7f9153304540] Error reading HTTP response: End of file
[tls @ 0x7f9153605380] IO error: End of file
[https @ 0x7f9153605280] Error reading HTTP response: End of file
[tls @ 0x7f9153426f40] IO error: End of file
[https @ 0x7f915343ba00] Error reading HTTP response: End of file
[tls @ 0x7f9153628800] IO error: End of file
[https @ 0x7f9153639740] Error reading HTTP response: End of file
[tls @ 0x7f9153426f40] IO error: End of file
[https @ 0x7f915340c600] Error reading HTTP response: End of file
[tls @ 0x7f91534604c0] IO error: End of file
[https @ 0x7f9153450580] Error reading HTTP response: End of file
[2026-04-12T16:49:16.518409] Saved clip /Users/Chen/PycharmProjects/CSCI_6234_Final/recordings/cam221/clips/2026/04/12/cam221_20260412T204834Z.mp4 (1010282 bytes)
[2026-04-12T16:49:17.043137] Starting 60-second capture -> /Users/Chen/PycharmProjects/CSCI_6234_Final/recordings/cam221/clips/2026/04/12/cam221_20260412T204917Z.mp4
[tls @ 0x7fd4867048c0] IO error: End of file
[https @ 0x7fd486704780] Error reading HTTP response: End of file
[tls @ 0x7fd497208880] IO error: End of file
[https @ 0x7fd4972087c0] Error reading HTTP response: End of file
[tls @ 0x7fd48674da40] IO error: End of file
[https @ 0x7fd48674b4c0] Error reading HTTP response: End of file
[tls @ 0x7fd497229e40] IO error: End of file
[https @ 0x7fd49721ef80] Error reading HTTP response: End of file
[tls @ 0x7fd4867478c0] IO error: End of file
[https @ 0x7fd486747800] Error reading HTTP response: End of file
[tls @ 0x7fd49737ca00] IO error: End of file
[https @ 0x7fd49735f400] Error reading HTTP response: End of file
[tls @ 0x7fd466704440] IO error: End of file
[https @ 0x7fd466704300] Error reading HTTP response: End of file
[tls @ 0x7fd446744fc0] IO error: End of file
[https @ 0x7fd446757200] Error reading HTTP response: End of file
[tls @ 0x7fd497349280] IO error: End of file
[https @ 0x7fd49735b4c0] Error reading HTTP response: End of file
[2026-04-12T16:50:01.187985] Saved clip /Users/Chen/PycharmProjects/CSCI_6234_Final/recordings/cam221/clips/2026/04/12/cam221_20260412T204917Z.mp4 (1284371 bytes)
[2026-04-12T16:50:01.695113] Starting 60-second capture -> /Users/Chen/PycharmProjects/CSCI_6234_Final/recordings/cam221/clips/2026/04/12/cam221_20260412T205001Z.mp4
[tls @ 0x7fd28f104680] IO error: End of file
[https @ 0x7fd28f104540] Error reading HTTP response: End of file
[tls @ 0x7fd28f008400] IO error: End of file
[https @ 0x7fd28f008300] Error reading HTTP response: End of file
[tls @ 0x7fd28f00eb40] IO error: End of file
[https @ 0x7fd28f01bb80] Error reading HTTP response: End of file
[tls @ 0x7fd28f126c80] IO error: End of file
[https @ 0x7fd28f145280] Error reading HTTP response: End of file
[tls @ 0x7fd1ee704b40] IO error: End of file
[https @ 0x7fd1ee704440] Error reading HTTP response: End of file
[tls @ 0x7fd24e725800] IO error: End of file
[https @ 0x7fd24e7256c0] Error reading HTTP response: End of file
[2026-04-12T16:50:43.251577] Saved clip /Users/Chen/PycharmProjects/CSCI_6234_Final/recordings/cam221/clips/2026/04/12/cam221_20260412T205001Z.mp4 (1165848 bytes)
[2026-04-12T16:50:43.760967] Starting 60-second capture -> /Users/Chen/PycharmProjects/CSCI_6234_Final/recordings/cam221/clips/2026/04/12/cam221_20260412T205043Z.mp4
[tls @ 0x7fc435305c80] IO error: End of file
[https @ 0x7fc435305b40] Error reading HTTP response: End of file
[tls @ 0x7fc423f04840] IO error: End of file
[https @ 0x7fc423f04700] Error reading HTTP response: End of file
[tls @ 0x7fc3f3f04200] IO error: End of file
[https @ 0x7fc3f3f04100] Error reading HTTP response: End of file
[tls @ 0x7fc4249263c0] IO error: End of file
[https @ 0x7fc424922800] Error reading HTTP response: End of file
[tls @ 0x7fc424930d00] IO error: End of file
[https @ 0x7fc424932100] Error reading HTTP response: End of file
[tls @ 0x7fc42494a400] IO error: End of file
[https @ 0x7fc42495c600] Error reading HTTP response: End of file
[2026-04-12T16:51:25.939184] Saved clip /Users/Chen/PycharmProjects/CSCI_6234_Final/recordings/cam221/clips/2026/04/12/cam221_20260412T205043Z.mp4 (1132838 bytes)
[2026-04-12T16:51:26.458569] Starting 60-second capture -> /Users/Chen/PycharmProjects/CSCI_6234_Final/recordings/cam221/clips/2026/04/12/cam221_20260412T205126Z.mp4
[tls @ 0x7fd68f004500] IO error: End of file
[https @ 0x7fd68f0043c0] Error reading HTTP response: End of file
[tls @ 0x7fd68e712680] IO error: End of file
[https @ 0x7fd68e724880] Error reading HTTP response: End of file
[tls @ 0x7fd68f0043c0] IO error: End of file
[https @ 0x7fd68f004480] Error reading HTTP response: End of file
[tls @ 0x7fd69f005e00] IO error: End of file
[https @ 0x7fd69f006b00] Error reading HTTP response: End of file
[tls @ 0x7fd68e714dc0] IO error: End of file
[https @ 0x7fd68e714a40] Error reading HTTP response: End of file
[tls @ 0x7fd69e704540] IO error: End of file
[https @ 0x7fd69e704480] Error reading HTTP response: End of file
[tls @ 0x7fd6af2564c0] IO error: End of file
[https @ 0x7fd6af268700] Error reading HTTP response: End of file
[2026-04-12T16:52:00.436070] Saved clip /Users/Chen/PycharmProjects/CSCI_6234_Final/recordings/cam221/clips/2026/04/12/cam221_20260412T205126Z.mp4 (1218506 bytes)
[2026-04-12T16:52:00.951856] Starting 60-second capture -> /Users/Chen/PycharmProjects/CSCI_6234_Final/recordings/cam221/clips/2026/04/12/cam221_20260412T205200Z.mp4
[tls @ 0x7fad67304200] IO error: End of file
[https @ 0x7fad675059c0] Error reading HTTP response: End of file
[tls @ 0x7fad55f253c0] IO error: End of file
[https @ 0x7fad55f15ec0] Error reading HTTP response: End of file
[tls @ 0x7fad6731dfc0] IO error: End of file
[https @ 0x7fad673100c0] Error reading HTTP response: End of file
[tls @ 0x7fad6745a280] IO error: End of file
[https @ 0x7fad6741bac0] Error reading HTTP response: End of file
[tls @ 0x7fad65f07b00] IO error: End of file
[https @ 0x7fad65f07a40] Error reading HTTP response: End of file
[tls @ 0x7fad65f181c0] IO error: End of file
[https @ 0x7fad65f19500] Error reading HTTP response: End of file
[2026-04-12T16:52:42.466671] Saved clip /Users/Chen/PycharmProjects/CSCI_6234_Final/recordings/cam221/clips/2026/04/12/cam221_20260412T205200Z.mp4 (1085981 bytes)
[2026-04-12T16:52:42.980825] Starting 60-second capture -> /Users/Chen/PycharmProjects/CSCI_6234_Final/recordings/cam221/clips/2026/04/12/cam221_20260412T205242Z.mp4
[tls @ 0x7faa9a004500] IO error: End of file
[https @ 0x7faa9a0043c0] Error reading HTTP response: End of file
[tls @ 0x7faa98f08f00] IO error: End of file
[https @ 0x7faa98f0afc0] Error reading HTTP response: End of file
[tls @ 0x7faaa99110c0] IO error: End of file
[https @ 0x7faaa9919180] Error reading HTTP response: End of file
[tls @ 0x7faa9a11a340] IO error: End of file
[https @ 0x7faa9a11a280] Error reading HTTP response: End of file
[tls @ 0x7faa98f11a40] IO error: End of file
[https @ 0x7faa98f0f640] Error reading HTTP response: End of file
[tls @ 0x7faa9a26cf80] IO error: End of file
[https @ 0x7faa9a216cc0] Error reading HTTP response: End of file
[2026-04-12T16:53:24.702416] Saved clip /Users/Chen/PycharmProjects/CSCI_6234_Final/recordings/cam221/clips/2026/04/12/cam221_20260412T205242Z.mp4 (1266569 bytes)
[2026-04-12T16:53:25.212816] Starting 60-second capture -> /Users/Chen/PycharmProjects/CSCI_6234_Final/recordings/cam221/clips/2026/04/12/cam221_20260412T205325Z.mp4
[tls @ 0x7feb94d46040] IO error: End of file
[https @ 0x7feb94d58240] Error reading HTTP response: End of file
[tls @ 0x7feb85131dc0] IO error: End of file
[https @ 0x7feb85139340] Error reading HTTP response: End of file
[tls @ 0x7feb94d25980] IO error: End of file
[https @ 0x7feb94d42440] Error reading HTTP response: End of file
[tls @ 0x7feb83f14d00] IO error: End of file
[https @ 0x7feb83f1fa00] Error reading HTTP response: End of file
[tls @ 0x7feb94c04c80] IO error: End of file
[https @ 0x7feb94c04bc0] Error reading HTTP response: End of file
[tls @ 0x7feb83f1fa00] IO error: End of file
[https @ 0x7feb83f1fac0] Error reading HTTP response: End of file
[tls @ 0x7feb85208300] IO error: End of file
[https @ 0x7feb85205640] Error reading HTTP response: End of file
[2026-04-12T16:54:09.639713] Saved clip /Users/Chen/PycharmProjects/CSCI_6234_Final/recordings/cam221/clips/2026/04/12/cam221_20260412T205325Z.mp4 (1275611 bytes)
[2026-04-12T16:54:10.155563] Starting 60-second capture -> /Users/Chen/PycharmProjects/CSCI_6234_Final/recordings/cam221/clips/2026/04/12/cam221_20260412T205410Z.mp4
[tls @ 0x7fd503f09c40] IO error: End of file
[https @ 0x7fd503f09b00] Error reading HTTP response: End of file
[tls @ 0x7fd514b042c0] IO error: End of file
[https @ 0x7fd514b04180] Error reading HTTP response: End of file
[tls @ 0x7fd514b445c0] IO error: End of file
[https @ 0x7fd514b12840] Error reading HTTP response: End of file
[tls @ 0x7fd514a34640] IO error: End of file
[https @ 0x7fd514a3d040] Error reading HTTP response: End of file
[tls @ 0x7fd514b445c0] IO error: End of file
[https @ 0x7fd514b6aac0] Error reading HTTP response: End of file
[tls @ 0x7fd514b64e80] IO error: End of file
[https @ 0x7fd514b35100] Error reading HTTP response: End of file
[tls @ 0x7fd514b445c0] IO error: End of file
[https @ 0x7fd514b16a00] Error reading HTTP response: End of file
[2026-04-12T16:54:59.482017] Saved clip /Users/Chen/PycharmProjects/CSCI_6234_Final/recordings/cam221/clips/2026/04/12/cam221_20260412T205410Z.mp4 (1062154 bytes)
[2026-04-12T16:55:00.002184] Starting 60-second capture -> /Users/Chen/PycharmProjects/CSCI_6234_Final/recordings/cam221/clips/2026/04/12/cam221_20260412T205459Z.mp4
[tls @ 0x7faae0704680] IO error: End of file
[https @ 0x7faae0704540] Error reading HTTP response: End of file
[tls @ 0x7faae1a048c0] IO error: End of file
[https @ 0x7faae1a04780] Error reading HTTP response: End of file
[tls @ 0x7faae1a2a1c0] IO error: End of file
[https @ 0x7faae1a271c0] Error reading HTTP response: End of file
[tls @ 0x7faae185a680] IO error: End of file
[https @ 0x7faae185fec0] Error reading HTTP response: End of file
[tls @ 0x7faae1a04780] IO error: End of file
[https @ 0x7faae1a4f900] Error reading HTTP response: End of file
[2026-04-12T16:55:30.961930] Saved clip /Users/Chen/PycharmProjects/CSCI_6234_Final/recordings/cam221/clips/2026/04/12/cam221_20260412T205459Z.mp4 (1395123 bytes)
[2026-04-12T16:55:31.480084] Starting 60-second capture -> /Users/Chen/PycharmProjects/CSCI_6234_Final/recordings/cam221/clips/2026/04/12/cam221_20260412T205531Z.mp4
[tls @ 0x7fe896704140] IO error: End of file
[https @ 0x7fe8a7005d40] Error reading HTTP response: End of file
[tls @ 0x7fe8a7061100] IO error: End of file
[https @ 0x7fe8a7053300] Error reading HTTP response: End of file
[tls @ 0x7fe8a671ff80] IO error: End of file
[https @ 0x7fe8a671f540] Error reading HTTP response: End of file
[tls @ 0x7fe89671a740] IO error: End of file
[https @ 0x7fe896704100] Error reading HTTP response: End of file
[tls @ 0x7fe89674fe80] IO error: End of file
[https @ 0x7fe896761740] Error reading HTTP response: End of file
[tls @ 0x7fe8a673d3c0] IO error: End of file
[https @ 0x7fe8a67646c0] Error reading HTTP response: End of file
[tls @ 0x7fe896738380] IO error: End of file
[https @ 0x7fe89672d4c0] Error reading HTTP response: End of file
[2026-04-12T16:56:15.555362] Saved clip /Users/Chen/PycharmProjects/CSCI_6234_Final/recordings/cam221/clips/2026/04/12/cam221_20260412T205531Z.mp4 (1200294 bytes)
[2026-04-12T16:56:16.075436] Starting 60-second capture -> /Users/Chen/PycharmProjects/CSCI_6234_Final/recordings/cam221/clips/2026/04/12/cam221_20260412T205616Z.mp4
[tls @ 0x7f8aaf704800] IO error: End of file
[https @ 0x7f8aaf7046c0] Error reading HTTP response: End of file
[tls @ 0x7f8a9f80de40] IO error: End of file
[https @ 0x7f8a9f80fb00] Error reading HTTP response: End of file
[tls @ 0x7f8aaf736800] IO error: End of file
[https @ 0x7f8aaf739600] Error reading HTTP response: End of file
[tls @ 0x7f8aaf71fb40] IO error: End of file
[https @ 0x7f8aaf731bc0] Error reading HTTP response: End of file
[tls @ 0x7f8a9f744ac0] IO error: End of file
[https @ 0x7f8a9f712100] Error reading HTTP response: End of file
[tls @ 0x7f8a9f8450c0] IO error: End of file
[https @ 0x7f8a9f843980] Error reading HTTP response: End of file
[2026-04-12T16:56:58.018960] Saved clip /Users/Chen/PycharmProjects/CSCI_6234_Final/recordings/cam221/clips/2026/04/12/cam221_20260412T205616Z.mp4 (1476318 bytes)
[2026-04-12T16:56:58.529829] Starting 60-second capture -> /Users/Chen/PycharmProjects/CSCI_6234_Final/recordings/cam221/clips/2026/04/12/cam221_20260412T205658Z.mp4
[tls @ 0x7ff04a105080] IO error: End of file
[https @ 0x7ff04a104fc0] Error reading HTTP response: End of file
[tls @ 0x7ff04a248000] IO error: End of file
[https @ 0x7ff04a244440] Error reading HTTP response: End of file
[tls @ 0x7ff04a12edc0] IO error: End of file
[https @ 0x7ff04a127f80] Error reading HTTP response: End of file
[tls @ 0x7ff039704240] IO error: End of file
[https @ 0x7ff039704080] Error reading HTTP response: End of file
[tls @ 0x7ff04a12edc0] IO error: End of file
[https @ 0x7ff04a1284c0] Error reading HTTP response: End of file
[2026-04-12T16:57:37.226999] Saved clip /Users/Chen/PycharmProjects/CSCI_6234_Final/recordings/cam221/clips/2026/04/12/cam221_20260412T205658Z.mp4 (2094946 bytes)
[2026-04-12T16:57:37.744365] Starting 60-second capture -> /Users/Chen/PycharmProjects/CSCI_6234_Final/recordings/cam221/clips/2026/04/12/cam221_20260412T205737Z.mp4
[tls @ 0x7f8534304680] IO error: End of file
[https @ 0x7f8534304540] Error reading HTTP response: End of file
[tls @ 0x7f85344413c0] IO error: End of file
[https @ 0x7f853444acc0] Error reading HTTP response: End of file
[tls @ 0x7f85344251c0] IO error: End of file
[https @ 0x7f85344264c0] Error reading HTTP response: End of file
[tls @ 0x7f85344413c0] IO error: End of file
[https @ 0x7f853444ad80] Error reading HTTP response: End of file
[tls @ 0x7f8534437900] IO error: End of file
[https @ 0x7f8534437840] Error reading HTTP response: End of file
[tls @ 0x7f8534433cc0] IO error: End of file
[https @ 0x7f8534418b80] Error reading HTTP response: End of file
[2026-04-12T16:58:11.447464] Saved clip /Users/Chen/PycharmProjects/CSCI_6234_Final/recordings/cam221/clips/2026/04/12/cam221_20260412T205737Z.mp4 (2152800 bytes)
[2026-04-12T16:58:11.966955] Starting 60-second capture -> /Users/Chen/PycharmProjects/CSCI_6234_Final/recordings/cam221/clips/2026/04/12/cam221_20260412T205811Z.mp4
[tls @ 0x7f9641205d00] IO error: End of file
[https @ 0x7f96412055c0] Error reading HTTP response: End of file
[tls @ 0x7f9641206740] IO error: End of file
[https @ 0x7f9641206380] Error reading HTTP response: End of file
[tls @ 0x7f96413b0100] IO error: End of file
[https @ 0x7f96413a3380] Error reading HTTP response: End of file
[tls @ 0x7f9641423140] IO error: End of file
[https @ 0x7f9641424fc0] Error reading HTTP response: End of file
[tls @ 0x7f96412976c0] IO error: End of file
[https @ 0x7f964128a3c0] Error reading HTTP response: End of file
[tls @ 0x7f9641421240] IO error: End of file
[https @ 0x7f964118c900] Error reading HTTP response: End of file
[2026-04-12T16:58:53.980368] Saved clip /Users/Chen/PycharmProjects/CSCI_6234_Final/recordings/cam221/clips/2026/04/12/cam221_20260412T205811Z.mp4 (1814790 bytes)
[2026-04-12T16:58:54.500531] Starting 60-second capture -> /Users/Chen/PycharmProjects/CSCI_6234_Final/recordings/cam221/clips/2026/04/12/cam221_20260412T205854Z.mp4
[tls @ 0x7fc01cc04980] IO error: End of file
[https @ 0x7fc01cc04840] Error reading HTTP response: End of file
[tls @ 0x7fc00bf1e780] IO error: End of file
[https @ 0x7fc00bf2ff40] Error reading HTTP response: End of file
[tls @ 0x7fc00bf05fc0] IO error: End of file
[https @ 0x7fc00bf05ec0] Error reading HTTP response: End of file
[tls @ 0x7fc01cb13fc0] IO error: End of file
[https @ 0x7fc01cb13f00] Error reading HTTP response: End of file
[tls @ 0x7fbfec804240] IO error: End of file
[https @ 0x7fbfec804080] Error reading HTTP response: End of file
[2026-04-12T16:59:37.076439] Saved clip /Users/Chen/PycharmProjects/CSCI_6234_Final/recordings/cam221/clips/2026/04/12/cam221_20260412T205854Z.mp4 (1780674 bytes)
[2026-04-12T16:59:37.590630] Starting 60-second capture -> /Users/Chen/PycharmProjects/CSCI_6234_Final/recordings/cam221/clips/2026/04/12/cam221_20260412T205937Z.mp4
[tls @ 0x7fdb3a804680] IO error: End of file
[https @ 0x7fdb3a804540] Error reading HTTP response: End of file
[tls @ 0x7fdb3a808640] IO error: End of file
[https @ 0x7fdb3a808580] Error reading HTTP response: End of file
[tls @ 0x7fdb3a80b5c0] IO error: End of file
[https @ 0x7fdb3a83fa00] Error reading HTTP response: End of file
[tls @ 0x7fdb3ab684c0] IO error: End of file
[https @ 0x7fdb3ab61a80] Error reading HTTP response: End of file
[tls @ 0x7fdb4b104580] IO error: End of file
[https @ 0x7fdb4b104480] Error reading HTTP response: End of file
[tls @ 0x7fdb3a824400] IO error: End of file
[https @ 0x7fdb3a824340] Error reading HTTP response: End of file
[tls @ 0x7fdb3a847040] IO error: End of file
[https @ 0x7fdb3a846f80] Error reading HTTP response: End of file
[tls @ 0x7fdb3a9414c0] IO error: End of file
[https @ 0x7fdb3a94f4c0] Error reading HTTP response: End of file
[tls @ 0x7fdb3aa14440] IO error: End of file
[https @ 0x7fdb3aa0ec40] Error reading HTTP response: End of file
[2026-04-12T17:00:22.356658] Saved clip /Users/Chen/PycharmProjects/CSCI_6234_Final/recordings/cam221/clips/2026/04/12/cam221_20260412T205937Z.mp4 (1481704 bytes)
[2026-04-12T17:00:22.876406] Starting 60-second capture -> /Users/Chen/PycharmProjects/CSCI_6234_Final/recordings/cam221/clips/2026/04/12/cam221_20260412T210022Z.mp4
[tls @ 0x7fce47704340] IO error: End of file
[https @ 0x7fce47704200] Error reading HTTP response: End of file
[tls @ 0x7fce37744fc0] IO error: End of file
[https @ 0x7fce37757200] Error reading HTTP response: End of file
[tls @ 0x7fce5001ef40] IO error: End of file
[https @ 0x7fce5001f100] Error reading HTTP response: End of file
[tls @ 0x7fce377518c0] IO error: End of file
[https @ 0x7fce37755b80] Error reading HTTP response: End of file
[tls @ 0x7fce4084d000] IO error: End of file
[https @ 0x7fce40881e80] Error reading HTTP response: End of file
[tls @ 0x7fce3776a940] IO error: End of file
[https @ 0x7fce3776bc80] Error reading HTTP response: End of file
[2026-04-12T17:01:05.276095] Saved clip /Users/Chen/PycharmProjects/CSCI_6234_Final/recordings/cam221/clips/2026/04/12/cam221_20260412T210022Z.mp4 (1350262 bytes)
[2026-04-12T17:01:05.792409] Starting 60-second capture -> /Users/Chen/PycharmProjects/CSCI_6234_Final/recordings/cam221/clips/2026/04/12/cam221_20260412T210105Z.mp4
[tls @ 0x7f9372204500] IO error: End of file
[https @ 0x7f93722043c0] Error reading HTTP response: End of file
[tls @ 0x7f9372314a80] IO error: End of file
[https @ 0x7f9372328380] Error reading HTTP response: End of file
[tls @ 0x7f937240e5c0] IO error: End of file
[https @ 0x7f9372419040] Error reading HTTP response: End of file
[tls @ 0x7f9372417c80] IO error: End of file
[https @ 0x7f93724196c0] Error reading HTTP response: End of file
[tls @ 0x7f937224ef80] IO error: End of file
[https @ 0x7f937224e200] Error reading HTTP response: End of file
[tls @ 0x7f937218a840] IO error: End of file
[https @ 0x7f9372190d80] Error reading HTTP response: End of file
[2026-04-12T17:01:47.762820] Saved clip /Users/Chen/PycharmProjects/CSCI_6234_Final/recordings/cam221/clips/2026/04/12/cam221_20260412T210105Z.mp4 (1485102 bytes)
[2026-04-12T17:01:48.282189] Starting 60-second capture -> /Users/Chen/PycharmProjects/CSCI_6234_Final/recordings/cam221/clips/2026/04/12/cam221_20260412T210148Z.mp4
[tls @ 0x7f943ca04680] IO error: End of file
[https @ 0x7f943ca04540] Error reading HTTP response: End of file
[tls @ 0x7f943ca08dc0] IO error: End of file
[https @ 0x7f943ca07a80] Error reading HTTP response: End of file
[tls @ 0x7f943cd3e180] IO error: End of file
[https @ 0x7f943cd6b180] Error reading HTTP response: End of file
[tls @ 0x7f943cc40d80] IO error: End of file
[https @ 0x7f943cc52580] Error reading HTTP response: End of file
[tls @ 0x7f943cb5a040] IO error: End of file
[https @ 0x7f943cb59f00] Error reading HTTP response: End of file
[tls @ 0x7f943cb1e740] IO error: End of file
[https @ 0x7f943cb116c0] Error reading HTTP response: End of file
[tls @ 0x7f943ca1a380] IO error: End of file
[https @ 0x7f943ca1e100] Error reading HTTP response: End of file
[2026-04-12T17:02:22.699930] Saved clip /Users/Chen/PycharmProjects/CSCI_6234_Final/recordings/cam221/clips/2026/04/12/cam221_20260412T210148Z.mp4 (1237214 bytes)
[2026-04-12T17:02:23.213812] Starting 60-second capture -> /Users/Chen/PycharmProjects/CSCI_6234_Final/recordings/cam221/clips/2026/04/12/cam221_20260412T210223Z.mp4
[tls @ 0x7fa80ef04500] IO error: End of file
[https @ 0x7fa80ef043c0] Error reading HTTP response: End of file
[tls @ 0x7fa80ef06680] IO error: End of file
[https @ 0x7fa80ef065c0] Error reading HTTP response: End of file
[tls @ 0x7fa81ef8e240] IO error: End of file
[https @ 0x7fa81efa0440] Error reading HTTP response: End of file
[tls @ 0x7fa80ef27a80] IO error: End of file
[https @ 0x7fa80ef1bac0] Error reading HTTP response: End of file
[tls @ 0x7fa81ef8e240] IO error: End of file
[https @ 0x7fa81ef5e280] Error reading HTTP response: End of file
[tls @ 0x7fa81f825340] IO error: End of file
[https @ 0x7fa81f825280] Error reading HTTP response: End of file
[2026-04-12T17:03:05.039087] Saved clip /Users/Chen/PycharmProjects/CSCI_6234_Final/recordings/cam221/clips/2026/04/12/cam221_20260412T210223Z.mp4 (1200677 bytes)
[2026-04-12T17:03:05.559786] Starting 60-second capture -> /Users/Chen/PycharmProjects/CSCI_6234_Final/recordings/cam221/clips/2026/04/12/cam221_20260412T210305Z.mp4
[tls @ 0x7fb3e8905b00] IO error: End of file
[https @ 0x7fb3e89059c0] Error reading HTTP response: End of file
[tls @ 0x7fb3cff1af00] IO error: End of file
[https @ 0x7fb3e8955300] Error reading HTTP response: End of file
[tls @ 0x7fb3e8931200] IO error: End of file
[https @ 0x7fb3e8938780] Error reading HTTP response: End of file
[tls @ 0x7fb3e8953040] IO error: End of file
[https @ 0x7fb3e8955980] Error reading HTTP response: End of file
[tls @ 0x7fb3cff092c0] IO error: End of file
[https @ 0x7fb3cff2a980] Error reading HTTP response: End of file
[2026-04-12T17:03:47.313321] Saved clip /Users/Chen/PycharmProjects/CSCI_6234_Final/recordings/cam221/clips/2026/04/12/cam221_20260412T210305Z.mp4 (1253993 bytes)
[2026-04-12T17:03:47.836655] Starting 60-second capture -> /Users/Chen/PycharmProjects/CSCI_6234_Final/recordings/cam221/clips/2026/04/12/cam221_20260412T210347Z.mp4
[tls @ 0x7fec9dc05b00] IO error: End of file
[https @ 0x7fec9dc059c0] Error reading HTTP response: End of file
[tls @ 0x7fec9dc1cec0] IO error: End of file
[https @ 0x7fec9dc1e1c0] Error reading HTTP response: End of file
[tls @ 0x7fec8cf3e280] IO error: End of file
[https @ 0x7fec8cf39500] Error reading HTTP response: End of file
[tls @ 0x7fec9dc66700] IO error: End of file
[https @ 0x7fec9dc62b00] Error reading HTTP response: End of file
[tls @ 0x7fec9da11500] IO error: End of file
[https @ 0x7fec9da12900] Error reading HTTP response: End of file
[tls @ 0x7fec9d855900] IO error: End of file
[https @ 0x7fec9d867b00] Error reading HTTP response: End of file
[tls @ 0x7fec8cf17c80] IO error: End of file
[https @ 0x7fec8cf26540] Error reading HTTP response: End of file
[2026-04-12T17:04:22.101900] Saved clip /Users/Chen/PycharmProjects/CSCI_6234_Final/recordings/cam221/clips/2026/04/12/cam221_20260412T210347Z.mp4 (1049573 bytes)
[2026-04-12T17:04:22.616285] Starting 60-second capture -> /Users/Chen/PycharmProjects/CSCI_6234_Final/recordings/cam221/clips/2026/04/12/cam221_20260412T210422Z.mp4
[tls @ 0x7f8ae6704800] IO error: End of file
[https @ 0x7f8ae67046c0] Error reading HTTP response: End of file
[tls @ 0x7f8ae71085c0] IO error: End of file
[https @ 0x7f8ae7112c80] Error reading HTTP response: End of file
[tls @ 0x7f8ae67238c0] IO error: End of file
[https @ 0x7f8ae6731f00] Error reading HTTP response: End of file
[tls @ 0x7f8ae7248b00] IO error: End of file
[https @ 0x7f8ae7111a40] Error reading HTTP response: End of file
[tls @ 0x7f8ae7033180] IO error: End of file
[https @ 0x7f8ae7035280] Error reading HTTP response: End of file
[tls @ 0x7f8ab6904540] IO error: End of file
[https @ 0x7f8ab6904480] Error reading HTTP response: End of file
[2026-04-12T17:05:04.407579] Saved clip /Users/Chen/PycharmProjects/CSCI_6234_Final/recordings/cam221/clips/2026/04/12/cam221_20260412T210422Z.mp4 (1168509 bytes)
[2026-04-12T17:05:04.929058] Starting 60-second capture -> /Users/Chen/PycharmProjects/CSCI_6234_Final/recordings/cam221/clips/2026/04/12/cam221_20260412T210504Z.mp4
[tls @ 0x7fd429f04140] IO error: End of file
[https @ 0x7fd43ab059c0] Error reading HTTP response: End of file
[tls @ 0x7fd429f0fd00] IO error: End of file
[https @ 0x7fd429f0f6c0] Error reading HTTP response: End of file
[tls @ 0x7fd429f1bec0] IO error: End of file
[https @ 0x7fd429f37300] Error reading HTTP response: End of file
[tls @ 0x7fd43a91b500] IO error: End of file
[https @ 0x7fd43a91a9c0] Error reading HTTP response: End of file
[tls @ 0x7fd43a973000] IO error: End of file
[https @ 0x7fd43a969440] Error reading HTTP response: End of file
[tls @ 0x7fd43aa0a940] IO error: End of file
[https @ 0x7fd43aa43f00] Error reading HTTP response: End of file
[2026-04-12T17:05:46.050901] Saved clip /Users/Chen/PycharmProjects/CSCI_6234_Final/recordings/cam221/clips/2026/04/12/cam221_20260412T210504Z.mp4 (917920 bytes)
[2026-04-12T17:05:46.566866] Starting 60-second capture -> /Users/Chen/PycharmProjects/CSCI_6234_Final/recordings/cam221/clips/2026/04/12/cam221_20260412T210546Z.mp4
[tls @ 0x7fe082204980] IO error: End of file
[https @ 0x7fe082204840] Error reading HTTP response: End of file
[tls @ 0x7fe051804280] IO error: End of file
[https @ 0x7fe0518040c0] Error reading HTTP response: End of file
[tls @ 0x7fe08230c000] IO error: End of file
[https @ 0x7fe08230bf00] Error reading HTTP response: End of file
[tls @ 0x7fe07171dc40] IO error: End of file
[https @ 0x7fe07171d3c0] Error reading HTTP response: End of file
[tls @ 0x7fe082242740] IO error: End of file
[https @ 0x7fe08210f4c0] Error reading HTTP response: End of file
[tls @ 0x7fe0823432c0] IO error: End of file
[https @ 0x7fe082344ac0] Error reading HTTP response: End of file
[tls @ 0x7fe082219000] IO error: End of file
[https @ 0x7fe082217900] Error reading HTTP response: End of file
[tls @ 0x7fe082205dc0] IO error: End of file
[https @ 0x7fe082205800] Error reading HTTP response: End of file
[2026-04-12T17:06:30.707104] Saved clip /Users/Chen/PycharmProjects/CSCI_6234_Final/recordings/cam221/clips/2026/04/12/cam221_20260412T210546Z.mp4 (1402645 bytes)
[2026-04-12T17:06:31.231047] Starting 60-second capture -> /Users/Chen/PycharmProjects/CSCI_6234_Final/recordings/cam221/clips/2026/04/12/cam221_20260412T210631Z.mp4
[tls @ 0x7fb360f04ec0] IO error: End of file
[https @ 0x7fb360f04480] Error reading HTTP response: End of file
[tls @ 0x7fb36100a540] IO error: End of file
[https @ 0x7fb36100a480] Error reading HTTP response: End of file
[tls @ 0x7fb361023c00] IO error: End of file
[https @ 0x7fb361013880] Error reading HTTP response: End of file
[tls @ 0x7fb3611128c0] IO error: End of file
[https @ 0x7fb361113600] Error reading HTTP response: End of file
[tls @ 0x7fb360f39e80] IO error: End of file
[https @ 0x7fb360f3d800] Error reading HTTP response: End of file
[tls @ 0x7fb361151b80] IO error: End of file
[https @ 0x7fb36115cb00] Error reading HTTP response: End of file
[2026-04-12T17:07:12.870423] Saved clip /Users/Chen/PycharmProjects/CSCI_6234_Final/recordings/cam221/clips/2026/04/12/cam221_20260412T210631Z.mp4 (1091809 bytes)
[2026-04-12T17:07:13.393242] Starting 60-second capture -> /Users/Chen/PycharmProjects/CSCI_6234_Final/recordings/cam221/clips/2026/04/12/cam221_20260412T210713Z.mp4
[tls @ 0x7fd9c1a04380] IO error: End of file
[https @ 0x7fd9c1a04240] Error reading HTTP response: End of file
[tls @ 0x7fd9c1809840] IO error: End of file
[https @ 0x7fd9c1809780] Error reading HTTP response: End of file
[tls @ 0x7fd9c175d040] IO error: End of file
[https @ 0x7fd9c176b1c0] Error reading HTTP response: End of file
[tls @ 0x7fd9c1aa8000] IO error: End of file
[https @ 0x7fd9c1aba240] Error reading HTTP response: End of file
[tls @ 0x7fd9c175d040] IO error: End of file
[https @ 0x7fd9c1741300] Error reading HTTP response: End of file
[tls @ 0x7fd9c174b880] IO error: End of file
[https @ 0x7fd9c1779780] Error reading HTTP response: End of file
[2026-04-12T17:07:55.263635] Saved clip /Users/Chen/PycharmProjects/CSCI_6234_Final/recordings/cam221/clips/2026/04/12/cam221_20260412T210713Z.mp4 (1054453 bytes)
[2026-04-12T17:07:55.778654] Starting 60-second capture -> /Users/Chen/PycharmProjects/CSCI_6234_Final/recordings/cam221/clips/2026/04/12/cam221_20260412T210755Z.mp4
[tls @ 0x7f9fc0f04cc0] IO error: End of file
[https @ 0x7f9fc0f04b80] Error reading HTTP response: End of file
[tls @ 0x7f9fc0f1f240] IO error: End of file
[https @ 0x7f9fc0f19040] Error reading HTTP response: End of file
[tls @ 0x7f9fc0f275c0] IO error: End of file
[https @ 0x7f9fc0f218c0] Error reading HTTP response: End of file
[tls @ 0x7f9fd1d10240] IO error: End of file
[https @ 0x7f9fd1d2f040] Error reading HTTP response: End of file
[tls @ 0x7f9fd1d06400] IO error: End of file
[https @ 0x7f9fd1d4c480] Error reading HTTP response: End of file
[tls @ 0x7f9fd1c24300] IO error: End of file
[https @ 0x7f9fd1c8c040] Error reading HTTP response: End of file
[tls @ 0x7f9fd1d36d40] IO error: End of file
[https @ 0x7f9fd1d25340] Error reading HTTP response: End of file
[tls @ 0x7f9fd1c703c0] IO error: End of file
[https @ 0x7f9fd1c2edc0] Error reading HTTP response: End of file
[2026-04-12T17:08:39.483668] Saved clip /Users/Chen/PycharmProjects/CSCI_6234_Final/recordings/cam221/clips/2026/04/12/cam221_20260412T210755Z.mp4 (1186232 bytes)
[2026-04-12T17:08:40.008669] Starting 60-second capture -> /Users/Chen/PycharmProjects/CSCI_6234_Final/recordings/cam221/clips/2026/04/12/cam221_20260412T210840Z.mp4
[tls @ 0x7f970f004540] IO error: End of file
[https @ 0x7f970f004440] Error reading HTTP response: End of file
[tls @ 0x7f971f20b000] IO error: End of file
[https @ 0x7f971f20a180] Error reading HTTP response: End of file
[tls @ 0x7f970f04e980] IO error: End of file
[https @ 0x7f970f06a740] Error reading HTTP response: End of file
[tls @ 0x7f970e7790c0] IO error: End of file
[https @ 0x7f970e788440] Error reading HTTP response: End of file
[tls @ 0x7f971f10cd00] IO error: End of file
[https @ 0x7f971f13c140] Error reading HTTP response: End of file
[tls @ 0x7f971f22ab40] IO error: End of file
[https @ 0x7f971f22a640] Error reading HTTP response: End of file
[tls @ 0x7f971f119c00] IO error: End of file
[https @ 0x7f971f123cc0] Error reading HTTP response: End of file
[tls @ 0x7f970e707cc0] IO error: End of file
[https @ 0x7f970e745280] Error reading HTTP response: End of file
[2026-04-12T17:09:23.945336] Saved clip /Users/Chen/PycharmProjects/CSCI_6234_Final/recordings/cam221/clips/2026/04/12/cam221_20260412T210840Z.mp4 (1126719 bytes)
[2026-04-12T17:09:24.469355] Starting 60-second capture -> /Users/Chen/PycharmProjects/CSCI_6234_Final/recordings/cam221/clips/2026/04/12/cam221_20260412T210924Z.mp4
[tls @ 0x7fbd94004140] IO error: End of file
[https @ 0x7fbd92f04540] Error reading HTTP response: End of file
[tls @ 0x7fbd9400eb00] IO error: End of file
[https @ 0x7fbd9400ea40] Error reading HTTP response: End of file
[tls @ 0x7fbd9403d6c0] IO error: End of file
[https @ 0x7fbd9401f9c0] Error reading HTTP response: End of file
[tls @ 0x7fbd92f0cf00] IO error: End of file
[https @ 0x7fbd9415c840] Error reading HTTP response: End of file
[tls @ 0x7fbd9403d6c0] IO error: End of file
[https @ 0x7fbd94023480] Error reading HTTP response: End of file
[tls @ 0x7fbd94046b40] IO error: End of file
[https @ 0x7fbd9400da80] Error reading HTTP response: End of file
[2026-04-12T17:10:06.024073] Saved clip /Users/Chen/PycharmProjects/CSCI_6234_Final/recordings/cam221/clips/2026/04/12/cam221_20260412T210924Z.mp4 (1209455 bytes)
[2026-04-12T17:10:06.545954] Starting 60-second capture -> /Users/Chen/PycharmProjects/CSCI_6234_Final/recordings/cam221/clips/2026/04/12/cam221_20260412T211006Z.mp4
[tls @ 0x7fa0d5c047c0] IO error: End of file
[https @ 0x7fa0d5c04680] Error reading HTTP response: End of file
[tls @ 0x7fa0d5a47040] IO error: End of file
[https @ 0x7fa0d5a42b00] Error reading HTTP response: End of file
[tls @ 0x7fa0d5b09440] IO error: End of file
[https @ 0x7fa0d5b0a780] Error reading HTTP response: End of file
[tls @ 0x7fa0d5b2b200] IO error: End of file
[https @ 0x7fa0d5b247c0] Error reading HTTP response: End of file
[tls @ 0x7fa0d5c4a780] IO error: End of file
[https @ 0x7fa0d5c49d80] Error reading HTTP response: End of file
[tls @ 0x7fa0d5b13bc0] IO error: End of file
[https @ 0x7fa0d5b12d40] Error reading HTTP response: End of file
[2026-04-12T17:10:40.452436] Saved clip /Users/Chen/PycharmProjects/CSCI_6234_Final/recordings/cam221/clips/2026/04/12/cam221_20260412T211006Z.mp4 (1250567 bytes)
[2026-04-12T17:10:40.975283] Starting 60-second capture -> /Users/Chen/PycharmProjects/CSCI_6234_Final/recordings/cam221/clips/2026/04/12/cam221_20260412T211040Z.mp4
[tls @ 0x7f822bc04e00] IO error: End of file
[https @ 0x7f822bc04cc0] Error reading HTTP response: End of file
[tls @ 0x7f822bb29e40] IO error: End of file
[https @ 0x7f822bb26240] Error reading HTTP response: End of file
[tls @ 0x7f822ba39dc0] IO error: End of file
[https @ 0x7f822ba3f600] Error reading HTTP response: End of file
[tls @ 0x7f822bb21780] IO error: End of file
[https @ 0x7f822bb50800] Error reading HTTP response: End of file
[tls @ 0x7f822bb0fb00] IO error: End of file
[https @ 0x7f822bb479c0] Error reading HTTP response: End of file
[tls @ 0x7f821af58080] IO error: End of file
[https @ 0x7f821af5a3c0] Error reading HTTP response: End of file
[2026-04-12T17:11:22.153609] Saved clip /Users/Chen/PycharmProjects/CSCI_6234_Final/recordings/cam221/clips/2026/04/12/cam221_20260412T211040Z.mp4 (1222286 bytes)
[2026-04-12T17:11:22.674880] Starting 60-second capture -> /Users/Chen/PycharmProjects/CSCI_6234_Final/recordings/cam221/clips/2026/04/12/cam221_20260412T211122Z.mp4
[tls @ 0x7ff7a5505c80] IO error: End of file
[https @ 0x7ff7a5505b40] Error reading HTTP response: End of file
[tls @ 0x7ff794711ec0] IO error: End of file
[https @ 0x7ff794717600] Error reading HTTP response: End of file
[tls @ 0x7ff7a5554900] IO error: End of file
[https @ 0x7ff7a5541e00] Error reading HTTP response: End of file
[tls @ 0x7ff7a5438800] IO error: End of file
[https @ 0x7ff7a542dbc0] Error reading HTTP response: End of file
[tls @ 0x7ff7a5554900] IO error: End of file
[https @ 0x7ff7a551a200] Error reading HTTP response: End of file
[tls @ 0x7ff7a5372740] IO error: End of file
[https @ 0x7ff7a53757c0] Error reading HTTP response: End of file
[2026-04-12T17:12:04.341072] Saved clip /Users/Chen/PycharmProjects/CSCI_6234_Final/recordings/cam221/clips/2026/04/12/cam221_20260412T211122Z.mp4 (1250585 bytes)
[2026-04-12T17:12:04.856054] Starting 60-second capture -> /Users/Chen/PycharmProjects/CSCI_6234_Final/recordings/cam221/clips/2026/04/12/cam221_20260412T211204Z.mp4
[tls @ 0x7fa885c04800] IO error: End of file
[https @ 0x7fa885c046c0] Error reading HTTP response: End of file
[tls @ 0x7fa874f05240] IO error: End of file
[https @ 0x7fa874f05180] Error reading HTTP response: End of file
[tls @ 0x7fa874f5bb40] IO error: End of file
[https @ 0x7fa874f0ae40] Error reading HTTP response: End of file
[tls @ 0x7fa874f39080] IO error: End of file
[https @ 0x7fa874f06840] Error reading HTTP response: End of file
[tls @ 0x7fa885b33e40] IO error: End of file
[https @ 0x7fa885b31840] Error reading HTTP response: End of file
[tls @ 0x7fa885b23280] IO error: End of file
[https @ 0x7fa885b39fc0] Error reading HTTP response: End of file
[tls @ 0x7fa885b1da80] IO error: End of file
[https @ 0x7fa885b1d9c0] Error reading HTTP response: End of file
[tls @ 0x7fa885b2ae00] IO error: End of file
[https @ 0x7fa885b22680] Error reading HTTP response: End of file
[2026-04-12T17:12:49.173952] Saved clip /Users/Chen/PycharmProjects/CSCI_6234_Final/recordings/cam221/clips/2026/04/12/cam221_20260412T211204Z.mp4 (1152430 bytes)
[2026-04-12T17:12:49.695786] Starting 60-second capture -> /Users/Chen/PycharmProjects/CSCI_6234_Final/recordings/cam221/clips/2026/04/12/cam221_20260412T211249Z.mp4
[tls @ 0x7ff479b04600] IO error: End of file
[https @ 0x7ff479b04540] Error reading HTTP response: End of file
[tls @ 0x7ff479926a00] IO error: End of file
[https @ 0x7ff4799305c0] Error reading HTTP response: End of file
[tls @ 0x7ff479955700] IO error: End of file
[https @ 0x7ff4799378c0] Error reading HTTP response: End of file
[tls @ 0x7ff479909700] IO error: End of file
[https @ 0x7ff47990d540] Error reading HTTP response: End of file
[tls @ 0x7ff479955700] IO error: End of file
[https @ 0x7ff47993fd40] Error reading HTTP response: End of file
[tls @ 0x7ff479d3f1c0] IO error: End of file
[https @ 0x7ff479d04600] Error reading HTTP response: End of file
[tls @ 0x7ff479941bc0] IO error: End of file
[https @ 0x7ff479915940] Error reading HTTP response: End of file
[tls @ 0x7ff479966340] IO error: End of file
[https @ 0x7ff479909f40] Error reading HTTP response: End of file
[2026-04-12T17:13:34.657044] Saved clip /Users/Chen/PycharmProjects/CSCI_6234_Final/recordings/cam221/clips/2026/04/12/cam221_20260412T211249Z.mp4 (1205274 bytes)
[2026-04-12T17:13:35.178930] Starting 60-second capture -> /Users/Chen/PycharmProjects/CSCI_6234_Final/recordings/cam221/clips/2026/04/12/cam221_20260412T211335Z.mp4
[tls @ 0x7fe52f804500] IO error: End of file
[https @ 0x7fe52f8043c0] Error reading HTTP response: End of file
[tls @ 0x7fe52fa0b180] IO error: End of file
[https @ 0x7fe52f80aa40] Error reading HTTP response: End of file
[tls @ 0x7fe52f9215c0] IO error: End of file
[https @ 0x7fe52f91d8c0] Error reading HTTP response: End of file
[tls @ 0x7fe52f829b00] IO error: End of file
[https @ 0x7fe52f809f80] Error reading HTTP response: End of file
[tls @ 0x7fe52f840940] IO error: End of file
[https @ 0x7fe52f852b40] Error reading HTTP response: End of file
[tls @ 0x7fe52f92ee40] IO error: End of file
[https @ 0x7fe52f931e80] Error reading HTTP response: End of file
[2026-04-12T17:14:17.067677] Saved clip /Users/Chen/PycharmProjects/CSCI_6234_Final/recordings/cam221/clips/2026/04/12/cam221_20260412T211335Z.mp4 (949319 bytes)
[2026-04-12T17:14:17.586079] Starting 60-second capture -> /Users/Chen/PycharmProjects/CSCI_6234_Final/recordings/cam221/clips/2026/04/12/cam221_20260412T211417Z.mp4
[tls @ 0x7fb0b0804380] IO error: End of file
[https @ 0x7fb0b0804240] Error reading HTTP response: End of file
[tls @ 0x7fb0b0808b00] IO error: End of file
[https @ 0x7fb0b08174c0] Error reading HTTP response: End of file
[tls @ 0x7fb0b083be40] IO error: End of file
[https @ 0x7fb0b08207c0] Error reading HTTP response: End of file
[tls @ 0x7fb0b0921d80] IO error: End of file
[https @ 0x7fb0b09312c0] Error reading HTTP response: End of file
[tls @ 0x7fb0b0a1de40] IO error: End of file
[https @ 0x7fb0b083ce40] Error reading HTTP response: End of file
[tls @ 0x7fb0b0818bc0] IO error: End of file
[https @ 0x7fb0b0817700] Error reading HTTP response: End of file
[tls @ 0x7fb0b08201c0] IO error: End of file
[https @ 0x7fb0b082dfc0] Error reading HTTP response: End of file
[2026-04-12T17:14:51.230866] Saved clip /Users/Chen/PycharmProjects/CSCI_6234_Final/recordings/cam221/clips/2026/04/12/cam221_20260412T211417Z.mp4 (1037504 bytes)
[2026-04-12T17:14:51.747898] Starting 60-second capture -> /Users/Chen/PycharmProjects/CSCI_6234_Final/recordings/cam221/clips/2026/04/12/cam221_20260412T211451Z.mp4
[tls @ 0x7f7966005280] IO error: End of file
[https @ 0x7f7966004d40] Error reading HTTP response: End of file
[tls @ 0x7f7965708780] IO error: End of file
[https @ 0x7f796570aa40] Error reading HTTP response: End of file
[tls @ 0x7f797621b000] IO error: End of file
[https @ 0x7f7976236680] Error reading HTTP response: End of file
[tls @ 0x7f79762433c0] IO error: End of file
[https @ 0x7f7976239600] Error reading HTTP response: End of file
[tls @ 0x7f797634d180] IO error: End of file
[https @ 0x7f7976357ac0] Error reading HTTP response: End of file
[tls @ 0x7f796572b880] IO error: End of file
[https @ 0x7f796572d600] Error reading HTTP response: End of file
[2026-04-12T17:15:33.547826] Saved clip /Users/Chen/PycharmProjects/CSCI_6234_Final/recordings/cam221/clips/2026/04/12/cam221_20260412T211451Z.mp4 (973080 bytes)
[2026-04-12T17:15:34.071705] Starting 60-second capture -> /Users/Chen/PycharmProjects/CSCI_6234_Final/recordings/cam221/clips/2026/04/12/cam221_20260412T211534Z.mp4
[tls @ 0x7fb5a4805280] IO error: End of file
[https @ 0x7fb5a4804d40] Error reading HTTP response: End of file
[tls @ 0x7fb5a48191c0] IO error: End of file
[https @ 0x7fb5a481a4c0] Error reading HTTP response: End of file
[tls @ 0x7fb5a4938300] IO error: End of file
[https @ 0x7fb5a490b080] Error reading HTTP response: End of file
[tls @ 0x7fb5a4969cc0] IO error: End of file
[https @ 0x7fb5a49660c0] Error reading HTTP response: End of file
[tls @ 0x7fb5a482a240] IO error: End of file
[https @ 0x7fb5a480eac0] Error reading HTTP response: End of file
[tls @ 0x7fb5a3f16bc0] IO error: End of file
[https @ 0x7fb5a3f24340] Error reading HTTP response: End of file
[2026-04-12T17:16:15.696121] Saved clip /Users/Chen/PycharmProjects/CSCI_6234_Final/recordings/cam221/clips/2026/04/12/cam221_20260412T211534Z.mp4 (1108165 bytes)
[2026-04-12T17:16:16.220384] Starting 60-second capture -> /Users/Chen/PycharmProjects/CSCI_6234_Final/recordings/cam221/clips/2026/04/12/cam221_20260412T211616Z.mp4
[tls @ 0x7f8ce0a06ac0] IO error: End of file
[https @ 0x7f8ce0a06580] Error reading HTTP response: End of file
[tls @ 0x7f8cd7f13c80] IO error: End of file
[https @ 0x7f8cd7f1de00] Error reading HTTP response: End of file
[tls @ 0x7f8ce0a31800] IO error: End of file
[https @ 0x7f8ce0a34d40] Error reading HTTP response: End of file
[tls @ 0x7f8ce096cc40] IO error: End of file
[https @ 0x7f8ce09061c0] Error reading HTTP response: End of file
[tls @ 0x7f8ce0a31800] IO error: End of file
[https @ 0x7f8ce0a6b9c0] Error reading HTTP response: End of file
[tls @ 0x7f8ce0815440] IO error: End of file
[https @ 0x7f8ce08533c0] Error reading HTTP response: End of file
[tls @ 0x7f8ce0814c00] IO error: End of file
[https @ 0x7f8ce0817600] Error reading HTTP response: End of file
[2026-04-12T17:16:50.304519] Saved clip /Users/Chen/PycharmProjects/CSCI_6234_Final/recordings/cam221/clips/2026/04/12/cam221_20260412T211616Z.mp4 (1373228 bytes)
[2026-04-12T17:16:50.820645] Starting 60-second capture -> /Users/Chen/PycharmProjects/CSCI_6234_Final/recordings/cam221/clips/2026/04/12/cam221_20260412T211650Z.mp4
[tls @ 0x7fdd3ea04980] IO error: End of file
[https @ 0x7fdd3ea048c0] Error reading HTTP response: End of file
[tls @ 0x7fdd3ea04e40] IO error: End of file
[https @ 0x7fdd3ea0a580] Error reading HTTP response: End of file
[tls @ 0x7fdd3eb1e800] IO error: End of file
[https @ 0x7fdd3eb31d40] Error reading HTTP response: End of file
[tls @ 0x7fdd3ea34280] IO error: End of file
[https @ 0x7fdd3ea341c0] Error reading HTTP response: End of file
[tls @ 0x7fdd3eb29040] IO error: End of file
[https @ 0x7fdd3eb4fe80] Error reading HTTP response: End of file
[tls @ 0x7fdd2df43900] IO error: End of file
[https @ 0x7fdd2df40300] Error reading HTTP response: End of file
[2026-04-12T17:17:33.701304] Saved clip /Users/Chen/PycharmProjects/CSCI_6234_Final/recordings/cam221/clips/2026/04/12/cam221_20260412T211650Z.mp4 (1119512 bytes)
[2026-04-12T17:17:34.223795] Starting 60-second capture -> /Users/Chen/PycharmProjects/CSCI_6234_Final/recordings/cam221/clips/2026/04/12/cam221_20260412T211734Z.mp4
[tls @ 0x7fd80ca06300] IO error: End of file
[https @ 0x7fd80ca061c0] Error reading HTTP response: End of file
[tls @ 0x7fd80c908880] IO error: End of file
[https @ 0x7fd80c905a40] Error reading HTTP response: End of file
[tls @ 0x7fd80c9181c0] IO error: End of file
[https @ 0x7fd80c9130c0] Error reading HTTP response: End of file
[tls @ 0x7fd7fc729200] IO error: End of file
[https @ 0x7fd7fc711f40] Error reading HTTP response: End of file
[tls @ 0x7fd80ca32840] IO error: End of file
[https @ 0x7fd80ca24940] Error reading HTTP response: End of file
[tls @ 0x7fd80ca0e280] IO error: End of file
[https @ 0x7fd80ca29300] Error reading HTTP response: End of file
[2026-04-12T17:18:15.905514] Saved clip /Users/Chen/PycharmProjects/CSCI_6234_Final/recordings/cam221/clips/2026/04/12/cam221_20260412T211734Z.mp4 (1089622 bytes)
[2026-04-12T17:18:16.429183] Starting 60-second capture -> /Users/Chen/PycharmProjects/CSCI_6234_Final/recordings/cam221/clips/2026/04/12/cam221_20260412T211816Z.mp4
[tls @ 0x7f971ea04700] IO error: End of file
[https @ 0x7f970f004240] Error reading HTTP response: End of file
[tls @ 0x7f971ea0d740] IO error: End of file
[https @ 0x7f971ea0dd40] Error reading HTTP response: End of file
[tls @ 0x7f970f011a80] IO error: End of file
[https @ 0x7f970f066a80] Error reading HTTP response: End of file
[tls @ 0x7f970f005440] IO error: End of file
[https @ 0x7f970f00af00] Error reading HTTP response: End of file
[tls @ 0x7f971eb38140] IO error: End of file
[https @ 0x7f971eb3b8c0] Error reading HTTP response: End of file
[tls @ 0x7f970f007900] IO error: End of file
[https @ 0x7f970f00ae00] Error reading HTTP response: End of file
[tls @ 0x7f971eb5a8c0] IO error: End of file
[https @ 0x7f971eb4fb00] Error reading HTTP response: End of file
[2026-04-12T17:18:50.008595] Saved clip /Users/Chen/PycharmProjects/CSCI_6234_Final/recordings/cam221/clips/2026/04/12/cam221_20260412T211816Z.mp4 (1152749 bytes)
[2026-04-12T17:18:50.530994] Starting 60-second capture -> /Users/Chen/PycharmProjects/CSCI_6234_Final/recordings/cam221/clips/2026/04/12/cam221_20260412T211850Z.mp4
[tls @ 0x7f8d78904240] IO error: End of file
[https @ 0x7f8d78904080] Error reading HTTP response: End of file
[tls @ 0x7f8d5f716400] IO error: End of file
[https @ 0x7f8d5f7182c0] Error reading HTTP response: End of file
[tls @ 0x7f8d78a041c0] IO error: End of file
[https @ 0x7f8d78a13280] Error reading HTTP response: End of file
[tls @ 0x7f8d78a2b800] IO error: End of file
[https @ 0x7f8d78a3da00] Error reading HTTP response: End of file
[tls @ 0x7f8d78a46980] IO error: End of file
[https @ 0x7f8d78a58fc0] Error reading HTTP response: End of file
[tls @ 0x7f8d78a13040] IO error: End of file
[https @ 0x7f8d78a07dc0] Error reading HTTP response: End of file
[2026-04-12T17:19:32.156680] Saved clip /Users/Chen/PycharmProjects/CSCI_6234_Final/recordings/cam221/clips/2026/04/12/cam221_20260412T211850Z.mp4 (1037763 bytes)
[2026-04-12T17:19:32.672810] Starting 60-second capture -> /Users/Chen/PycharmProjects/CSCI_6234_Final/recordings/cam221/clips/2026/04/12/cam221_20260412T211932Z.mp4
[tls @ 0x7febcda04d40] IO error: End of file
[https @ 0x7febcda04c00] Error reading HTTP response: End of file
[tls @ 0x7febcda0fc40] IO error: End of file
[https @ 0x7febcda11300] Error reading HTTP response: End of file
[tls @ 0x7febbd82b740] IO error: End of file
[https @ 0x7febbd82b680] Error reading HTTP response: End of file
[tls @ 0x7febcda55280] IO error: End of file
[https @ 0x7febcda0e280] Error reading HTTP response: End of file
[tls @ 0x7febcdb05b40] IO error: End of file
[https @ 0x7febcdb05a40] Error reading HTTP response: End of file
[tls @ 0x7febbcf5b180] IO error: End of file
[https @ 0x7febbcf6c440] Error reading HTTP response: End of file
[2026-04-12T17:20:14.260197] Saved clip /Users/Chen/PycharmProjects/CSCI_6234_Final/recordings/cam221/clips/2026/04/12/cam221_20260412T211932Z.mp4 (1340918 bytes)
[2026-04-12T17:20:14.783652] Starting 60-second capture -> /Users/Chen/PycharmProjects/CSCI_6234_Final/recordings/cam221/clips/2026/04/12/cam221_20260412T212014Z.mp4
[tls @ 0x7fc7bdd05b00] IO error: End of file
[https @ 0x7fc7bdd059c0] Error reading HTTP response: End of file
[tls @ 0x7fc7bdd25d40] IO error: End of file
[https @ 0x7fc7bdd19380] Error reading HTTP response: End of file
[tls @ 0x7fc7bdd42a40] IO error: End of file
[https @ 0x7fc7bdd69580] Error reading HTTP response: End of file
[tls @ 0x7fc7bdb10bc0] IO error: End of file
[https @ 0x7fc7bdb0f880] Error reading HTTP response: End of file
[tls @ 0x7fc7bdb33100] IO error: End of file
[https @ 0x7fc7bdb340c0] Error reading HTTP response: End of file
[tls @ 0x7fc7bdda3bc0] IO error: End of file
[https @ 0x7fc7bdd122c0] Error reading HTTP response: End of file
[tls @ 0x7fc7acf44980] IO error: End of file
[https @ 0x7fc7acf61600] Error reading HTTP response: End of file
[tls @ 0x7fc7bdb33100] IO error: End of file
[https @ 0x7fc7bdb340c0] Error reading HTTP response: End of file
[2026-04-12T17:20:58.952204] Saved clip /Users/Chen/PycharmProjects/CSCI_6234_Final/recordings/cam221/clips/2026/04/12/cam221_20260412T212014Z.mp4 (1115093 bytes)
[2026-04-12T17:20:59.476336] Starting 60-second capture -> /Users/Chen/PycharmProjects/CSCI_6234_Final/recordings/cam221/clips/2026/04/12/cam221_20260412T212059Z.mp4
[tls @ 0x7fcde9607540] IO error: End of file
[https @ 0x7fcde9604b40] Error reading HTTP response: End of file
[tls @ 0x7fcde9604400] IO error: End of file
[https @ 0x7fcded805580] Error reading HTTP response: End of file
[tls @ 0x7fcdd8729d00] IO error: End of file
[https @ 0x7fcdd87047c0] Error reading HTTP response: End of file
[tls @ 0x7fcded87ff40] IO error: End of file
[https @ 0x7fcded882540] Error reading HTTP response: End of file
[tls @ 0x7fcde963df80] IO error: End of file
[https @ 0x7fcde963f300] Error reading HTTP response: End of file
[tls @ 0x7fcde96270c0] IO error: End of file
[https @ 0x7fcde9628480] Error reading HTTP response: End of file
[tls @ 0x7fcded8299c0] IO error: End of file
[https @ 0x7fcded827dc0] Error reading HTTP response: End of file
[2026-04-12T17:21:48.628758] Saved clip /Users/Chen/PycharmProjects/CSCI_6234_Final/recordings/cam221/clips/2026/04/12/cam221_20260412T212059Z.mp4 (1124745 bytes)
[2026-04-12T17:21:49.151044] Starting 60-second capture -> /Users/Chen/PycharmProjects/CSCI_6234_Final/recordings/cam221/clips/2026/04/12/cam221_20260412T212149Z.mp4
[tls @ 0x7fe889204940] IO error: End of file
[https @ 0x7fe889205200] Error reading HTTP response: End of file
[tls @ 0x7fe88932b780] IO error: End of file
[https @ 0x7fe889340bc0] Error reading HTTP response: End of file
[tls @ 0x7fe88944dd80] IO error: End of file
[https @ 0x7fe889413b40] Error reading HTTP response: End of file
[tls @ 0x7fe8893412c0] IO error: End of file
[https @ 0x7fe88933fe00] Error reading HTTP response: End of file
[tls @ 0x7fe88944dd80] IO error: End of file
[https @ 0x7fe88931a200] Error reading HTTP response: End of file
[2026-04-12T17:22:27.436513] Saved clip /Users/Chen/PycharmProjects/CSCI_6234_Final/recordings/cam221/clips/2026/04/12/cam221_20260412T212149Z.mp4 (1182134 bytes)
[2026-04-12T17:22:27.958450] Starting 60-second capture -> /Users/Chen/PycharmProjects/CSCI_6234_Final/recordings/cam221/clips/2026/04/12/cam221_20260412T212227Z.mp4
[tls @ 0x7ff67e305d00] IO error: End of file
[https @ 0x7ff67e305740] Error reading HTTP response: End of file
[tls @ 0x7ff67e508ec0] IO error: End of file
[https @ 0x7ff67e50b480] Error reading HTTP response: End of file
[tls @ 0x7ff67e234e80] IO error: End of file
[https @ 0x7ff67e2049c0] Error reading HTTP response: End of file
[tls @ 0x7ff67e505a80] IO error: End of file
[https @ 0x7ff67e50a0c0] Error reading HTTP response: End of file
[tls @ 0x7ff67e44ee40] IO error: End of file
[https @ 0x7ff67e434c80] Error reading HTTP response: End of file
[tls @ 0x7ff67e30b880] IO error: End of file
[https @ 0x7ff67e30e3c0] Error reading HTTP response: End of file
[tls @ 0x7ff67e349f40] IO error: End of file
[https @ 0x7ff67e339380] Error reading HTTP response: End of file
[2026-04-12T17:23:01.450108] Saved clip /Users/Chen/PycharmProjects/CSCI_6234_Final/recordings/cam221/clips/2026/04/12/cam221_20260412T212227Z.mp4 (1014040 bytes)
[2026-04-12T17:23:01.974020] Starting 60-second capture -> /Users/Chen/PycharmProjects/CSCI_6234_Final/recordings/cam221/clips/2026/04/12/cam221_20260412T212301Z.mp4
[tls @ 0x7fbf893064c0] IO error: End of file
[https @ 0x7fbf89306380] Error reading HTTP response: End of file
[tls @ 0x7fbf8932c600] IO error: End of file
[https @ 0x7fbf89320340] Error reading HTTP response: End of file
[tls @ 0x7fbf8920af80] IO error: End of file
[https @ 0x7fbf89206ac0] Error reading HTTP response: End of file
[tls @ 0x7fbf8930c340] IO error: End of file
[https @ 0x7fbf89310c40] Error reading HTTP response: End of file
[tls @ 0x7fbf892134c0] IO error: End of file
[https @ 0x7fbf8921a440] Error reading HTTP response: End of file
[tls @ 0x7fbf79023f40] IO error: End of file
[https @ 0x7fbf79049fc0] Error reading HTTP response: End of file
[2026-04-12T17:23:44.758192] Saved clip /Users/Chen/PycharmProjects/CSCI_6234_Final/recordings/cam221/clips/2026/04/12/cam221_20260412T212301Z.mp4 (1319685 bytes)
[2026-04-12T17:23:45.277760] Starting 60-second capture -> /Users/Chen/PycharmProjects/CSCI_6234_Final/recordings/cam221/clips/2026/04/12/cam221_20260412T212345Z.mp4
[tls @ 0x7fbd6a904680] IO error: End of file
[https @ 0x7fbd6a904540] Error reading HTTP response: End of file
[tls @ 0x7fbd6ab1bd40] IO error: End of file
[https @ 0x7fbd6ab18140] Error reading HTTP response: End of file
[tls @ 0x7fbd6ab36600] IO error: End of file
[https @ 0x7fbd6aa39980] Error reading HTTP response: End of file
[tls @ 0x7fbd6ac37580] IO error: End of file
[https @ 0x7fbd6ac06580] Error reading HTTP response: End of file
[tls @ 0x7fbd6ac3e840] IO error: End of file
[https @ 0x7fbd6ac47f80] Error reading HTTP response: End of file
[tls @ 0x7fbd6aa2d9c0] IO error: End of file
[https @ 0x7fbd6aa057c0] Error reading HTTP response: End of file
[2026-04-12T17:24:26.801478] Saved clip /Users/Chen/PycharmProjects/CSCI_6234_Final/recordings/cam221/clips/2026/04/12/cam221_20260412T212345Z.mp4 (1144010 bytes)
[2026-04-12T17:24:27.316196] Starting 60-second capture -> /Users/Chen/PycharmProjects/CSCI_6234_Final/recordings/cam221/clips/2026/04/12/cam221_20260412T212427Z.mp4
[tls @ 0x7fd667f044c0] IO error: End of file
[https @ 0x7fd667f040c0] Error reading HTTP response: End of file
[tls @ 0x7fd670808c40] IO error: End of file
[https @ 0x7fd667f06000] Error reading HTTP response: End of file
[tls @ 0x7fd670913f00] IO error: End of file
[https @ 0x7fd670921cc0] Error reading HTTP response: End of file
[tls @ 0x7fd67093f080] IO error: End of file
[https @ 0x7fd6709420c0] Error reading HTTP response: End of file
[tls @ 0x7fd67083d6c0] IO error: End of file
[https @ 0x7fd670828400] Error reading HTTP response: End of file
[tls @ 0x7fd67084f580] IO error: End of file
[https @ 0x7fd6708509c0] Error reading HTTP response: End of file
[tls @ 0x7fd677f748c0] IO error: End of file
[https @ 0x7fd677f3fe80] Error reading HTTP response: End of file
[tls @ 0x7fd667f27d00] IO error: End of file
[https @ 0x7fd667f06b40] Error reading HTTP response: End of file
[tls @ 0x7fd677f55400] IO error: End of file
[https @ 0x7fd677f48d40] Error reading HTTP response: End of file
[2026-04-12T17:25:11.673055] Saved clip /Users/Chen/PycharmProjects/CSCI_6234_Final/recordings/cam221/clips/2026/04/12/cam221_20260412T212427Z.mp4 (1171898 bytes)
[2026-04-12T17:25:12.199341] Starting 60-second capture -> /Users/Chen/PycharmProjects/CSCI_6234_Final/recordings/cam221/clips/2026/04/12/cam221_20260412T212512Z.mp4
[tls @ 0x7f9834804680] IO error: End of file
[https @ 0x7f9834804540] Error reading HTTP response: End of file
[tls @ 0x7f9833f39bc0] IO error: End of file
[https @ 0x7f9833f2bd80] Error reading HTTP response: End of file
[tls @ 0x7f9844c16180] IO error: End of file
[https @ 0x7f9844c0c840] Error reading HTTP response: End of file
[tls @ 0x7f9834832e00] IO error: End of file
[https @ 0x7f983483d000] Error reading HTTP response: End of file
[tls @ 0x7f983494d640] IO error: End of file
[https @ 0x7f983493a980] Error reading HTTP response: End of file
[tls @ 0x7f9833f062c0] IO error: End of file
[https @ 0x7f9834834500] Error reading HTTP response: End of file
[2026-04-12T17:25:53.950603] Saved clip /Users/Chen/PycharmProjects/CSCI_6234_Final/recordings/cam221/clips/2026/04/12/cam221_20260412T212512Z.mp4 (1028748 bytes)
[2026-04-12T17:25:54.475823] Starting 60-second capture -> /Users/Chen/PycharmProjects/CSCI_6234_Final/recordings/cam221/clips/2026/04/12/cam221_20260412T212554Z.mp4
[tls @ 0x7fdb02b04180] IO error: End of file
[https @ 0x7fdb02b04080] Error reading HTTP response: End of file
[tls @ 0x7fdaf280da00] IO error: End of file
[https @ 0x7fdaf2815080] Error reading HTTP response: End of file
[tls @ 0x7fdb02a0d480] IO error: End of file
[https @ 0x7fdb02a42980] Error reading HTTP response: End of file
[tls @ 0x7fdb02a39700] IO error: End of file
[https @ 0x7fdb02a48c80] Error reading HTTP response: End of file
[tls @ 0x7fdaf28263c0] IO error: End of file
[https @ 0x7fdaf2848fc0] Error reading HTTP response: End of file
[tls @ 0x7fdb02b6f900] IO error: End of file
[https @ 0x7fdb02b0a680] Error reading HTTP response: End of file
[2026-04-12T17:26:36.263469] Saved clip /Users/Chen/PycharmProjects/CSCI_6234_Final/recordings/cam221/clips/2026/04/12/cam221_20260412T212554Z.mp4 (854008 bytes)
[2026-04-12T17:26:36.787697] Starting 60-second capture -> /Users/Chen/PycharmProjects/CSCI_6234_Final/recordings/cam221/clips/2026/04/12/cam221_20260412T212636Z.mp4
[tls @ 0x7fe647704680] IO error: End of file
[https @ 0x7fe647704540] Error reading HTTP response: End of file
[tls @ 0x7fe65020a740] IO error: End of file
[https @ 0x7fe65020a680] Error reading HTTP response: End of file
[tls @ 0x7fe647733a80] IO error: End of file
[https @ 0x7fe6477339c0] Error reading HTTP response: End of file
[tls @ 0x7fe650138f00] IO error: End of file
[https @ 0x7fe65011b100] Error reading HTTP response: End of file
[tls @ 0x7fe64772d240] IO error: End of file
[https @ 0x7fe647743200] Error reading HTTP response: End of file
[tls @ 0x7fe650010b80] IO error: End of file
[https @ 0x7fe650022ec0] Error reading HTTP response: End of file
[tls @ 0x7fe650118e00] IO error: End of file
[https @ 0x7fe65011a200] Error reading HTTP response: End of file
[2026-04-12T17:27:12.367657] Saved clip /Users/Chen/PycharmProjects/CSCI_6234_Final/recordings/cam221/clips/2026/04/12/cam221_20260412T212636Z.mp4 (1081801 bytes)
[2026-04-12T17:27:12.889731] Starting 60-second capture -> /Users/Chen/PycharmProjects/CSCI_6234_Final/recordings/cam221/clips/2026/04/12/cam221_20260412T212712Z.mp4
[tls @ 0x7fcecff043c0] IO error: End of file
[https @ 0x7fcecff04300] Error reading HTTP response: End of file
[tls @ 0x7fcecff24900] IO error: End of file
[https @ 0x7fcec8917d40] Error reading HTTP response: End of file
[tls @ 0x7fcec882ce00] IO error: End of file
[https @ 0x7fcec880b500] Error reading HTTP response: End of file
[tls @ 0x7fcec8927100] IO error: End of file
[https @ 0x7fcec892a640] Error reading HTTP response: End of file
[tls @ 0x7fcec8915c00] IO error: End of file
[https @ 0x7fcec8921140] Error reading HTTP response: End of file
[tls @ 0x7fcebff095c0] IO error: End of file
[https @ 0x7fcebff28280] Error reading HTTP response: End of file
[2026-04-12T17:27:55.000692] Saved clip /Users/Chen/PycharmProjects/CSCI_6234_Final/recordings/cam221/clips/2026/04/12/cam221_20260412T212712Z.mp4 (1074702 bytes)
[2026-04-12T17:27:55.520521] Starting 60-second capture -> /Users/Chen/PycharmProjects/CSCI_6234_Final/recordings/cam221/clips/2026/04/12/cam221_20260412T212755Z.mp4
[tls @ 0x7f960a204800] IO error: End of file
[https @ 0x7f960a2046c0] Error reading HTTP response: End of file
[tls @ 0x7f95f975ddc0] IO error: End of file
[https @ 0x7f95f976ffc0] Error reading HTTP response: End of file
[tls @ 0x7f960a205580] IO error: End of file
[https @ 0x7f960a2054c0] Error reading HTTP response: End of file
[tls @ 0x7f960a156a40] IO error: End of file
[https @ 0x7f960a168c40] Error reading HTTP response: End of file
[tls @ 0x7f95f9704ac0] IO error: End of file
[https @ 0x7f95f9704a00] Error reading HTTP response: End of file
[2026-04-12T17:28:37.914809] Saved clip /Users/Chen/PycharmProjects/CSCI_6234_Final/recordings/cam221/clips/2026/04/12/cam221_20260412T212755Z.mp4 (1058985 bytes)
[2026-04-12T17:28:38.432354] Starting 60-second capture -> /Users/Chen/PycharmProjects/CSCI_6234_Final/recordings/cam221/clips/2026/04/12/cam221_20260412T212838Z.mp4
[tls @ 0x7f7ea6405900] IO error: End of file
[https @ 0x7f7ea6405240] Error reading HTTP response: End of file
[tls @ 0x7f7e95707f00] IO error: End of file
[https @ 0x7f7e95714e80] Error reading HTTP response: End of file
[tls @ 0x7f7ea6405240] IO error: End of file
[https @ 0x7f7ea6405300] Error reading HTTP response: End of file
[tls @ 0x7f7e95756f00] IO error: End of file
[https @ 0x7f7e95769100] Error reading HTTP response: End of file
[tls @ 0x7f7ea628d340] IO error: End of file
[https @ 0x7f7ea6289780] Error reading HTTP response: End of file
[tls @ 0x7f7e9572ce00] IO error: End of file
[https @ 0x7f7e95717180] Error reading HTTP response: End of file
[tls @ 0x7f7ea635dc40] IO error: End of file
[https @ 0x7f7ea635f9c0] Error reading HTTP response: End of file
[2026-04-12T17:29:12.494420] Saved clip /Users/Chen/PycharmProjects/CSCI_6234_Final/recordings/cam221/clips/2026/04/12/cam221_20260412T212838Z.mp4 (1314543 bytes)
[2026-04-12T17:29:13.013277] Starting 60-second capture -> /Users/Chen/PycharmProjects/CSCI_6234_Final/recordings/cam221/clips/2026/04/12/cam221_20260412T212913Z.mp4
[tls @ 0x7fe329005980] IO error: End of file
[https @ 0x7fe329005840] Error reading HTTP response: End of file
[tls @ 0x7fe329006080] IO error: End of file
[https @ 0x7fe329019d00] Error reading HTTP response: End of file
[tls @ 0x7fe30ff23100] IO error: End of file
[https @ 0x7fe30ff04440] Error reading HTTP response: End of file
[tls @ 0x7fe318028f80] IO error: End of file
[https @ 0x7fe31800cc40] Error reading HTTP response: End of file
[tls @ 0x7fe31ff067c0] IO error: End of file
[https @ 0x7fe31ff2bbc0] Error reading HTTP response: End of file
[tls @ 0x7fe31ff33480] IO error: End of file
[https @ 0x7fe31ff15940] Error reading HTTP response: End of file
[2026-04-12T17:29:54.835014] Saved clip /Users/Chen/PycharmProjects/CSCI_6234_Final/recordings/cam221/clips/2026/04/12/cam221_20260412T212913Z.mp4 (1201547 bytes)
[2026-04-12T17:29:55.354206] Starting 60-second capture -> /Users/Chen/PycharmProjects/CSCI_6234_Final/recordings/cam221/clips/2026/04/12/cam221_20260412T212955Z.mp4
[tls @ 0x7f8893f04680] IO error: End of file
[https @ 0x7f8893f04540] Error reading HTTP response: End of file
[tls @ 0x7f88a4b0c0c0] IO error: End of file
[https @ 0x7f88a4b1b180] Error reading HTTP response: End of file
[tls @ 0x7f88a4b1ee80] IO error: End of file
[https @ 0x7f88a4b1f900] Error reading HTTP response: End of file
[tls @ 0x7f8894919540] IO error: End of file
[https @ 0x7f889492b780] Error reading HTTP response: End of file
[tls @ 0x7f88a4b1ee80] IO error: End of file
[https @ 0x7f88a4b454c0] Error reading HTTP response: End of file
[tls @ 0x7f889488d580] IO error: End of file
[https @ 0x7f88948aaf40] Error reading HTTP response: End of file
[2026-04-12T17:30:37.811429] Saved clip /Users/Chen/PycharmProjects/CSCI_6234_Final/recordings/cam221/clips/2026/04/12/cam221_20260412T212955Z.mp4 (1247016 bytes)
[2026-04-12T17:30:38.331636] Starting 60-second capture -> /Users/Chen/PycharmProjects/CSCI_6234_Final/recordings/cam221/clips/2026/04/12/cam221_20260412T213038Z.mp4
[tls @ 0x7f9859004680] IO error: End of file
[https @ 0x7f9859004540] Error reading HTTP response: End of file
[tls @ 0x7f9859007f80] IO error: End of file
[https @ 0x7f98590072c0] Error reading HTTP response: End of file
[tls @ 0x7f9869319240] IO error: End of file
[https @ 0x7f9869310fc0] Error reading HTTP response: End of file
[tls @ 0x7f98587740c0] IO error: End of file
[https @ 0x7f9858770500] Error reading HTTP response: End of file
[tls @ 0x7f9869222900] IO error: End of file
[https @ 0x7f9869212500] Error reading HTTP response: End of file
[tls @ 0x7f9869319240] IO error: End of file
[https @ 0x7f986931b7c0] Error reading HTTP response: End of file
[tls @ 0x7f98590367c0] IO error: End of file
[https @ 0x7f985902f1c0] Error reading HTTP response: End of file
[2026-04-12T17:31:12.103079] Saved clip /Users/Chen/PycharmProjects/CSCI_6234_Final/recordings/cam221/clips/2026/04/12/cam221_20260412T213038Z.mp4 (1158119 bytes)
[2026-04-12T17:31:12.619024] Starting 60-second capture -> /Users/Chen/PycharmProjects/CSCI_6234_Final/recordings/cam221/clips/2026/04/12/cam221_20260412T213112Z.mp4
[tls @ 0x7fb45a7042c0] IO error: End of file
[https @ 0x7fb46b204bc0] Error reading HTTP response: End of file
[tls @ 0x7fb46b1060c0] IO error: End of file
[https @ 0x7fb45b024480] Error reading HTTP response: End of file
[tls @ 0x7fb46b226c00] IO error: End of file
[https @ 0x7fb46b233c40] Error reading HTTP response: End of file
[tls @ 0x7fb46b211680] IO error: End of file
[https @ 0x7fb46b2139c0] Error reading HTTP response: End of file
[tls @ 0x7fb45a7289c0] IO error: End of file
[https @ 0x7fb45a724940] Error reading HTTP response: End of file
[tls @ 0x7fb45a72f040] IO error: End of file
[https @ 0x7fb45a7324c0] Error reading HTTP response: End of file
[2026-04-12T17:31:54.498074] Saved clip /Users/Chen/PycharmProjects/CSCI_6234_Final/recordings/cam221/clips/2026/04/12/cam221_20260412T213112Z.mp4 (1396518 bytes)
[2026-04-12T17:31:55.019270] Starting 60-second capture -> /Users/Chen/PycharmProjects/CSCI_6234_Final/recordings/cam221/clips/2026/04/12/cam221_20260412T213155Z.mp4
[tls @ 0x7fde7c304080] IO error: End of file
[https @ 0x7fde7c204d00] Error reading HTTP response: End of file
[tls @ 0x7fde6b705d80] IO error: End of file
[https @ 0x7fde6b705c40] Error reading HTTP response: End of file
[tls @ 0x7fde7c20d740] IO error: End of file
[https @ 0x7fde7c20e1c0] Error reading HTTP response: End of file
[tls @ 0x7fde6b72a3c0] IO error: End of file
[https @ 0x7fde6b73bbc0] Error reading HTTP response: End of file
[tls @ 0x7fde6b740600] IO error: End of file
[https @ 0x7fde6b704bc0] Error reading HTTP response: End of file
[tls @ 0x7fde7c34eb40] IO error: End of file
[https @ 0x7fde7c35c640] Error reading HTTP response: End of file
[2026-04-12T17:32:37.895070] Saved clip /Users/Chen/PycharmProjects/CSCI_6234_Final/recordings/cam221/clips/2026/04/12/cam221_20260412T213155Z.mp4 (1636933 bytes)
[2026-04-12T17:32:38.415929] Starting 60-second capture -> /Users/Chen/PycharmProjects/CSCI_6234_Final/recordings/cam221/clips/2026/04/12/cam221_20260412T213238Z.mp4
[tls @ 0x7f77f3c05e00] IO error: End of file
[https @ 0x7f77f3c05cc0] Error reading HTTP response: End of file
[tls @ 0x7f77f3c0aec0] IO error: End of file
[https @ 0x7f77f3c26840] Error reading HTTP response: End of file
[tls @ 0x7f77e380db40] IO error: End of file
[https @ 0x7f77e3814ec0] Error reading HTTP response: End of file
[tls @ 0x7f77e2f22140] IO error: End of file
[https @ 0x7f77e2f1fcc0] Error reading HTTP response: End of file
[tls @ 0x7f77f3c0aec0] IO error: End of file
[https @ 0x7f77f3c45a80] Error reading HTTP response: End of file
[tls @ 0x7f77f3b4c0c0] IO error: End of file
[https @ 0x7f77f3b17440] Error reading HTTP response: End of file
[2026-04-12T17:33:12.166684] Saved clip /Users/Chen/PycharmProjects/CSCI_6234_Final/recordings/cam221/clips/2026/04/12/cam221_20260412T213238Z.mp4 (1443223 bytes)
[2026-04-12T17:33:12.685963] Starting 60-second capture -> /Users/Chen/PycharmProjects/CSCI_6234_Final/recordings/cam221/clips/2026/04/12/cam221_20260412T213312Z.mp4
[tls @ 0x7f7858704980] IO error: End of file
[https @ 0x7f7858704840] Error reading HTTP response: End of file
[tls @ 0x7f786920abc0] IO error: End of file
[https @ 0x7f786932e900] Error reading HTTP response: End of file
[tls @ 0x7f78692114c0] IO error: End of file
[https @ 0x7f786920dc00] Error reading HTTP response: End of file
[tls @ 0x7f78694574c0] IO error: End of file
[https @ 0x7f7869441e80] Error reading HTTP response: End of file
[tls @ 0x7f7869225880] IO error: End of file
[https @ 0x7f7869258fc0] Error reading HTTP response: End of file
[tls @ 0x7f7869320700] IO error: End of file
[https @ 0x7f786935d7c0] Error reading HTTP response: End of file
[2026-04-12T17:33:54.717676] Saved clip /Users/Chen/PycharmProjects/CSCI_6234_Final/recordings/cam221/clips/2026/04/12/cam221_20260412T213312Z.mp4 (1324410 bytes)
[2026-04-12T17:33:55.242659] Starting 60-second capture -> /Users/Chen/PycharmProjects/CSCI_6234_Final/recordings/cam221/clips/2026/04/12/cam221_20260412T213355Z.mp4
[tls @ 0x7fe496204800] IO error: End of file
[https @ 0x7fe4962046c0] Error reading HTTP response: End of file
[tls @ 0x7fe485714080] IO error: End of file
[https @ 0x7fe485741ec0] Error reading HTTP response: End of file
[tls @ 0x7fe496223e00] IO error: End of file
[https @ 0x7fe496224240] Error reading HTTP response: End of file
[tls @ 0x7fe485714080] IO error: End of file
[https @ 0x7fe48572c0c0] Error reading HTTP response: End of file
[tls @ 0x7fe4858ab8c0] IO error: End of file
[https @ 0x7fe4858bdac0] Error reading HTTP response: End of file
[2026-04-12T17:34:36.874163] Saved clip /Users/Chen/PycharmProjects/CSCI_6234_Final/recordings/cam221/clips/2026/04/12/cam221_20260412T213355Z.mp4 (1104207 bytes)
[2026-04-12T17:34:37.392358] Starting 60-second capture -> /Users/Chen/PycharmProjects/CSCI_6234_Final/recordings/cam221/clips/2026/04/12/cam221_20260412T213437Z.mp4
[tls @ 0x7fd1e1b05ec0] IO error: End of file
[https @ 0x7fd1e1b04300] Error reading HTTP response: End of file
[tls @ 0x7fd1d101a6c0] IO error: End of file
[https @ 0x7fd1d101fb40] Error reading HTTP response: End of file
[tls @ 0x7fd1d0f3ba80] IO error: End of file
[https @ 0x7fd1d0f472c0] Error reading HTTP response: End of file
[tls @ 0x7fd1e1a71540] IO error: End of file
[https @ 0x7fd1e1a0d940] Error reading HTTP response: End of file
[tls @ 0x7fd1d0f3b400] IO error: End of file
[https @ 0x7fd1d0f32580] Error reading HTTP response: End of file
[tls @ 0x7fd1d104aa80] IO error: End of file
[https @ 0x7fd1d10574c0] Error reading HTTP response: End of file
[tls @ 0x7fd1d101fec0] IO error: End of file
[https @ 0x7fd1e1a47f00] Error reading HTTP response: End of file
[tls @ 0x7fd1d0f25080] IO error: End of file
[https @ 0x7fd1d0f09ec0] Error reading HTTP response: End of file
[tls @ 0x7fd1d1012d40] IO error: End of file
[https @ 0x7fd1d1022d00] Error reading HTTP response: End of file
[2026-04-12T17:35:21.781644] Saved clip /Users/Chen/PycharmProjects/CSCI_6234_Final/recordings/cam221/clips/2026/04/12/cam221_20260412T213437Z.mp4 (1488725 bytes)
[2026-04-12T17:35:22.301728] Starting 60-second capture -> /Users/Chen/PycharmProjects/CSCI_6234_Final/recordings/cam221/clips/2026/04/12/cam221_20260412T213522Z.mp4
[tls @ 0x7fa6ae805280] IO error: End of file
[https @ 0x7fa6ae805140] Error reading HTTP response: End of file
[tls @ 0x7fa6ae824680] IO error: End of file
[https @ 0x7fa6ae84e640] Error reading HTTP response: End of file
[tls @ 0x7fa6beb24980] IO error: End of file
[https @ 0x7fa6beb396c0] Error reading HTTP response: End of file
[tls @ 0x7fa6be93c4c0] IO error: End of file
[https @ 0x7fa6be94e6c0] Error reading HTTP response: End of file
[tls @ 0x7fa68df063c0] IO error: End of file
[https @ 0x7fa68df06000] Error reading HTTP response: End of file
[2026-04-12T17:36:03.895625] Saved clip /Users/Chen/PycharmProjects/CSCI_6234_Final/recordings/cam221/clips/2026/04/12/cam221_20260412T213522Z.mp4 (1194880 bytes)
[2026-04-12T17:36:04.413611] Starting 60-second capture -> /Users/Chen/PycharmProjects/CSCI_6234_Final/recordings/cam221/clips/2026/04/12/cam221_20260412T213604Z.mp4
[tls @ 0x7f8ad4406b40] IO error: End of file
[https @ 0x7f8ad4409740] Error reading HTTP response: End of file
[tls @ 0x7f8ad4528880] IO error: End of file
[https @ 0x7f8ad4528d40] Error reading HTTP response: End of file
[tls @ 0x7f8ad440d240] IO error: End of file
[https @ 0x7f8ad440d140] Error reading HTTP response: End of file
[tls @ 0x7f8ad4528880] IO error: End of file
[https @ 0x7f8ad4528f40] Error reading HTTP response: End of file
[tls @ 0x7f8ad433e080] IO error: End of file
[https @ 0x7f8ad4343d00] Error reading HTTP response: End of file
[2026-04-12T17:36:46.751528] Saved clip /Users/Chen/PycharmProjects/CSCI_6234_Final/recordings/cam221/clips/2026/04/12/cam221_20260412T213604Z.mp4 (1346109 bytes)
[2026-04-12T17:36:47.269263] Starting 60-second capture -> /Users/Chen/PycharmProjects/CSCI_6234_Final/recordings/cam221/clips/2026/04/12/cam221_20260412T213647Z.mp4
[tls @ 0x7fee9d304680] IO error: End of file
[https @ 0x7fee9d304540] Error reading HTTP response: End of file
[tls @ 0x7fee9d205fc0] IO error: End of file
[https @ 0x7fee9d205e80] Error reading HTTP response: End of file
[tls @ 0x7fee9d14e180] IO error: End of file
[https @ 0x7fee9d104200] Error reading HTTP response: End of file
[tls @ 0x7fee9d104880] IO error: End of file
[https @ 0x7fee9d12d440] Error reading HTTP response: End of file
[tls @ 0x7fee9d14e180] IO error: End of file
[https @ 0x7fee9d104740] Error reading HTTP response: End of file
[tls @ 0x7fee9d105100] IO error: End of file
[https @ 0x7fee9d104f40] Error reading HTTP response: End of file
[tls @ 0x7fee8c73efc0] IO error: End of file
[https @ 0x7fee8c7148c0] Error reading HTTP response: End of file
[tls @ 0x7fee9d372200] IO error: End of file
[https @ 0x7fee9d36bf40] Error reading HTTP response: End of file
[tls @ 0x7fee9d125f40] IO error: End of file
[https @ 0x7fee9d11cbc0] Error reading HTTP response: End of file
[2026-04-12T17:37:32.010074] Saved clip /Users/Chen/PycharmProjects/CSCI_6234_Final/recordings/cam221/clips/2026/04/12/cam221_20260412T213647Z.mp4 (1261141 bytes)
[2026-04-12T17:37:32.525768] Starting 60-second capture -> /Users/Chen/PycharmProjects/CSCI_6234_Final/recordings/cam221/clips/2026/04/12/cam221_20260412T213732Z.mp4
[tls @ 0x7f9522804680] IO error: End of file
[https @ 0x7f9522804540] Error reading HTTP response: End of file
[tls @ 0x7f9533106f80] IO error: End of file
[https @ 0x7f9533106680] Error reading HTTP response: End of file
[tls @ 0x7f9533127bc0] IO error: End of file
[https @ 0x7f953311a700] Error reading HTTP response: End of file
[tls @ 0x7f9522807480] IO error: End of file
[https @ 0x7f9522811f80] Error reading HTTP response: End of file
[tls @ 0x7f952271e280] IO error: End of file
[https @ 0x7f9522720800] Error reading HTTP response: End of file
[tls @ 0x7f9522807480] IO error: End of file
[https @ 0x7f9522812040] Error reading HTTP response: End of file
[2026-04-12T17:38:14.674837] Saved clip /Users/Chen/PycharmProjects/CSCI_6234_Final/recordings/cam221/clips/2026/04/12/cam221_20260412T213732Z.mp4 (1226010 bytes)
[2026-04-12T17:38:15.190999] Starting 60-second capture -> /Users/Chen/PycharmProjects/CSCI_6234_Final/recordings/cam221/clips/2026/04/12/cam221_20260412T213815Z.mp4
[tls @ 0x7f8815704680] IO error: End of file
[https @ 0x7f8815704540] Error reading HTTP response: End of file
[tls @ 0x7f8815746e00] IO error: End of file
[https @ 0x7f8815743200] Error reading HTTP response: End of file
[tls @ 0x7f8815705600] IO error: End of file
[https @ 0x7f8815705e80] Error reading HTTP response: End of file
[2026-04-12T17:38:46.296229] Recorder thread stopped
[2026-04-12T17:39:02.736277] Recorder thread started
[2026-04-12T17:39:02.737385] Starting 60-second capture -> /Users/Chen/PycharmProjects/CSCI_6234_Final/recordings/cam221/clips/2026/04/12/cam221_20260412T213902Z.mp4
[tls @ 0x7f7989f56980] IO error: End of file
[https @ 0x7f7989f70bc0] Error reading HTTP response: End of file
[tls @ 0x7f797b004bc0] IO error: End of file
[https @ 0x7f797b004ac0] Error reading HTTP response: End of file
[tls @ 0x7f7979f04800] IO error: End of file
[https @ 0x7f7979f04740] Error reading HTTP response: End of file
[tls @ 0x7f797b13ea80] IO error: End of file
[https @ 0x7f797b143ec0] Error reading HTTP response: End of file
[tls @ 0x7f797b00dbc0] IO error: End of file
[https @ 0x7f797b020d00] Error reading HTTP response: End of file
[tls @ 0x7f797b14a2c0] IO error: End of file
[https @ 0x7f797b147200] Error reading HTTP response: End of file
[2026-04-12T17:39:45.227930] Saved clip /Users/Chen/PycharmProjects/CSCI_6234_Final/recordings/cam221/clips/2026/04/12/cam221_20260412T213902Z.mp4 (1268063 bytes)
[2026-04-12T17:39:45.747577] Starting 60-second capture -> /Users/Chen/PycharmProjects/CSCI_6234_Final/recordings/cam221/clips/2026/04/12/cam221_20260412T213945Z.mp4
[tls @ 0x7ff249204680] IO error: End of file
[https @ 0x7ff249204540] Error reading HTTP response: End of file
[tls @ 0x7ff2495063c0] IO error: End of file
[https @ 0x7ff249516140] Error reading HTTP response: End of file
[tls @ 0x7ff24954a180] IO error: End of file
[https @ 0x7ff249535780] Error reading HTTP response: End of file
[tls @ 0x7ff249307000] IO error: End of file
[https @ 0x7ff249340b40] Error reading HTTP response: End of file
[tls @ 0x7ff24930d300] IO error: End of file
[https @ 0x7ff24934a940] Error reading HTTP response: End of file
[tls @ 0x7ff248738500] IO error: End of file
[https @ 0x7ff248754fc0] Error reading HTTP response: End of file
[tls @ 0x7ff2494379c0] IO error: End of file
[https @ 0x7ff249449000] Error reading HTTP response: End of file
[tls @ 0x7ff24933e140] IO error: End of file
[https @ 0x7ff249340b40] Error reading HTTP response: End of file
[2026-04-12T17:40:29.420236] Saved clip /Users/Chen/PycharmProjects/CSCI_6234_Final/recordings/cam221/clips/2026/04/12/cam221_20260412T213945Z.mp4 (1399804 bytes)
[2026-04-12T17:40:29.932014] Starting 60-second capture -> /Users/Chen/PycharmProjects/CSCI_6234_Final/recordings/cam221/clips/2026/04/12/cam221_20260412T214029Z.mp4
[tls @ 0x7fac4e804840] IO error: End of file
[https @ 0x7fac4e804700] Error reading HTTP response: End of file
[tls @ 0x7fac4e806f80] IO error: End of file
[https @ 0x7fac4e806900] Error reading HTTP response: End of file
[tls @ 0x7fac2ea04a80] IO error: End of file
[https @ 0x7fac2ea04980] Error reading HTTP response: End of file
[tls @ 0x7fac2ea05540] IO error: End of file
[https @ 0x7fac2ea05480] Error reading HTTP response: End of file
[2026-04-12T17:41:00.759534] Saved clip /Users/Chen/PycharmProjects/CSCI_6234_Final/recordings/cam221/clips/2026/04/12/cam221_20260412T214029Z.mp4 (1226669 bytes)
[2026-04-12T17:41:01.278040] Starting 60-second capture -> /Users/Chen/PycharmProjects/CSCI_6234_Final/recordings/cam221/clips/2026/04/12/cam221_20260412T214101Z.mp4
[tls @ 0x7fdbba305740] IO error: End of file
[https @ 0x7fdbaa904400] Error reading HTTP response: End of file
[tls @ 0x7fdbaa905840] IO error: End of file
[https @ 0x7fdbaa905700] Error reading HTTP response: End of file
[tls @ 0x7fdbba2564c0] IO error: End of file
[https @ 0x7fdbba268700] Error reading HTTP response: End of file
[tls @ 0x7fdbba2b0ec0] IO error: End of file
[https @ 0x7fdbba2c30c0] Error reading HTTP response: End of file
[tls @ 0x7fdbaa853880] IO error: End of file
[https @ 0x7fdbaa86be80] Error reading HTTP response: End of file
[tls @ 0x7fdbba341880] IO error: End of file
[https @ 0x7fdbba35be00] Error reading HTTP response: End of file
[tls @ 0x7fdbaa853880] IO error: End of file
[https @ 0x7fdbaa86df40] Error reading HTTP response: End of file
[tls @ 0x7fdbba2900c0] IO error: End of file
[https @ 0x7fdbba292400] Error reading HTTP response: End of file
[2026-04-12T17:41:45.072315] Saved clip /Users/Chen/PycharmProjects/CSCI_6234_Final/recordings/cam221/clips/2026/04/12/cam221_20260412T214101Z.mp4 (1179896 bytes)
[2026-04-12T17:41:45.584663] Starting 60-second capture -> /Users/Chen/PycharmProjects/CSCI_6234_Final/recordings/cam221/clips/2026/04/12/cam221_20260412T214145Z.mp4
[tls @ 0x7fa3c1b04140] IO error: End of file
[https @ 0x7fa3c1a04540] Error reading HTTP response: End of file
[tls @ 0x7fa3c1a10400] IO error: End of file
[https @ 0x7fa3c1a21c00] Error reading HTTP response: End of file
[tls @ 0x7fa3c0f2e880] IO error: End of file
[https @ 0x7fa3c0f2ed40] Error reading HTTP response: End of file
[tls @ 0x7fa3c18b1e80] IO error: End of file
[https @ 0x7fa3c18c4080] Error reading HTTP response: End of file
[tls @ 0x7fa3c1a28340] IO error: End of file
[https @ 0x7fa3c1a258c0] Error reading HTTP response: End of file
[tls @ 0x7fa3c1d07240] IO error: End of file
[https @ 0x7fa3c1d06e40] Error reading HTTP response: End of file
[2026-04-12T17:42:28.279379] Saved clip /Users/Chen/PycharmProjects/CSCI_6234_Final/recordings/cam221/clips/2026/04/12/cam221_20260412T214145Z.mp4 (1240583 bytes)
[2026-04-12T17:42:28.796732] Starting 60-second capture -> /Users/Chen/PycharmProjects/CSCI_6234_Final/recordings/cam221/clips/2026/04/12/cam221_20260412T214228Z.mp4
[tls @ 0x7ff38a705100] IO error: End of file
[https @ 0x7ff38a704b80] Error reading HTTP response: End of file
[tls @ 0x7ff39b204a40] IO error: End of file
[https @ 0x7ff39b204900] Error reading HTTP response: End of file
[tls @ 0x7ff38a708080] IO error: End of file
[https @ 0x7ff38a707fc0] Error reading HTTP response: End of file
[tls @ 0x7ff39b1564c0] IO error: End of file
[https @ 0x7ff39b168700] Error reading HTTP response: End of file
[tls @ 0x7ff39b2051c0] IO error: End of file
[https @ 0x7ff39b2071c0] Error reading HTTP response: End of file
[tls @ 0x7ff38b02a1c0] IO error: End of file
[https @ 0x7ff38b02c1c0] Error reading HTTP response: End of file
[2026-04-12T17:43:07.379092] Saved clip /Users/Chen/PycharmProjects/CSCI_6234_Final/recordings/cam221/clips/2026/04/12/cam221_20260412T214228Z.mp4 (1167494 bytes)
[2026-04-12T17:43:07.894461] Starting 60-second capture -> /Users/Chen/PycharmProjects/CSCI_6234_Final/recordings/cam221/clips/2026/04/12/cam221_20260412T214307Z.mp4
[tls @ 0x7feb0db04680] IO error: End of file
[https @ 0x7feb0db04540] Error reading HTTP response: End of file
[tls @ 0x7feafcf0e100] IO error: End of file
[https @ 0x7feafcf0dfc0] Error reading HTTP response: End of file
[tls @ 0x7feafcf178c0] IO error: End of file
[https @ 0x7feafcf44900] Error reading HTTP response: End of file
[tls @ 0x7feb0d955340] IO error: End of file
[https @ 0x7feb0d967540] Error reading HTTP response: End of file
[tls @ 0x7feafe027d80] IO error: End of file
[https @ 0x7feafe01c840] Error reading HTTP response: End of file
[tls @ 0x7feafe034380] IO error: End of file
[https @ 0x7feafe02d940] Error reading HTTP response: End of file
[tls @ 0x7feafcf25640] IO error: End of file
[https @ 0x7feafcf0f740] Error reading HTTP response: End of file
[2026-04-12T17:43:41.265481] Saved clip /Users/Chen/PycharmProjects/CSCI_6234_Final/recordings/cam221/clips/2026/04/12/cam221_20260412T214307Z.mp4 (1148087 bytes)
[2026-04-12T17:43:41.783892] Starting 60-second capture -> /Users/Chen/PycharmProjects/CSCI_6234_Final/recordings/cam221/clips/2026/04/12/cam221_20260412T214341Z.mp4
[tls @ 0x7fc6b99564c0] IO error: End of file
[https @ 0x7fc6b9970700] Error reading HTTP response: End of file
[tls @ 0x7fc6a98049c0] IO error: End of file
[https @ 0x7fc6a9804880] Error reading HTTP response: End of file
[tls @ 0x7fc6a8f595c0] IO error: End of file
[https @ 0x7fc6a8f76080] Error reading HTTP response: End of file
[tls @ 0x7fc6a8f56000] IO error: End of file
[https @ 0x7fc6a8f76140] Error reading HTTP response: End of file
[tls @ 0x7fc6a8f33b40] IO error: End of file
[https @ 0x7fc6a8f31b40] Error reading HTTP response: End of file
[tls @ 0x7fc6a9a2cb40] IO error: End of file
[https @ 0x7fc6a9a58bc0] Error reading HTTP response: End of file
[2026-04-12T17:44:23.207799] Saved clip /Users/Chen/PycharmProjects/CSCI_6234_Final/recordings/cam221/clips/2026/04/12/cam221_20260412T214341Z.mp4 (1475087 bytes)
[2026-04-12T17:44:23.728222] Starting 60-second capture -> /Users/Chen/PycharmProjects/CSCI_6234_Final/recordings/cam221/clips/2026/04/12/cam221_20260412T214423Z.mp4
[tls @ 0x7fbf9b004680] IO error: End of file
[https @ 0x7fbf99f04a00] Error reading HTTP response: End of file
[tls @ 0x7fbfaa9061c0] IO error: End of file
[https @ 0x7fbfaa9060c0] Error reading HTTP response: End of file
[tls @ 0x7fbf9b1b9b00] IO error: End of file
[https @ 0x7fbf9b164d80] Error reading HTTP response: End of file
[tls @ 0x7fbf9b020b40] IO error: End of file
[https @ 0x7fbf99f1b8c0] Error reading HTTP response: End of file
[tls @ 0x7fbfaa929c80] IO error: End of file
[https @ 0x7fbfaa928bc0] Error reading HTTP response: End of file
[tls @ 0x7fbfaa934640] IO error: End of file
[https @ 0x7fbfaa934ac0] Error reading HTTP response: End of file
[2026-04-12T17:45:05.362171] Saved clip /Users/Chen/PycharmProjects/CSCI_6234_Final/recordings/cam221/clips/2026/04/12/cam221_20260412T214423Z.mp4 (1384641 bytes)
[2026-04-12T17:45:05.886727] Starting 60-second capture -> /Users/Chen/PycharmProjects/CSCI_6234_Final/recordings/cam221/clips/2026/04/12/cam221_20260412T214505Z.mp4
[tls @ 0x7f7f0af04500] IO error: End of file
[https @ 0x7f7f0af043c0] Error reading HTTP response: End of file
[tls @ 0x7f7f1bb05240] IO error: End of file
[https @ 0x7f7f1bc0e880] Error reading HTTP response: End of file
[tls @ 0x7f7f1b804440] IO error: End of file
[https @ 0x7f7f1b804f40] Error reading HTTP response: End of file
[tls @ 0x7f7f0b82b180] IO error: End of file
[https @ 0x7f7f0b8324c0] Error reading HTTP response: End of file
[tls @ 0x7f7f1bc04340] IO error: End of file
[https @ 0x7f7f1bc041c0] Error reading HTTP response: End of file
[tls @ 0x7f7f1b804f80] IO error: End of file
[https @ 0x7f7f1b804400] Error reading HTTP response: End of file
[tls @ 0x7f7f1bc04200] IO error: End of file
[https @ 0x7f7f1bc042c0] Error reading HTTP response: End of file
[tls @ 0x7f7eeb806580] IO error: End of file
[https @ 0x7f7eeb8064c0] Error reading HTTP response: End of file
[tls @ 0x7f7f0af40d40] IO error: End of file
[https @ 0x7f7f0af3f140] Error reading HTTP response: End of file
[2026-04-12T17:45:49.935529] Saved clip /Users/Chen/PycharmProjects/CSCI_6234_Final/recordings/cam221/clips/2026/04/12/cam221_20260412T214505Z.mp4 (1105160 bytes)
[2026-04-12T17:45:50.452738] Starting 60-second capture -> /Users/Chen/PycharmProjects/CSCI_6234_Final/recordings/cam221/clips/2026/04/12/cam221_20260412T214550Z.mp4
[tls @ 0x7fd011104680] IO error: End of file
[https @ 0x7fd011104540] Error reading HTTP response: End of file
[tls @ 0x7fd0111079c0] IO error: End of file
[https @ 0x7fd0111078c0] Error reading HTTP response: End of file
[tls @ 0x7fd01141b200] IO error: End of file
[https @ 0x7fd011404080] Error reading HTTP response: End of file
[tls @ 0x7fd01140ea00] IO error: End of file
[https @ 0x7fd011411ac0] Error reading HTTP response: End of file
[tls @ 0x7fd011286fc0] IO error: End of file
[https @ 0x7fd011228000] Error reading HTTP response: End of file
[tls @ 0x7fd011206180] IO error: End of file
[https @ 0x7fd011283400] Error reading HTTP response: End of file
[2026-04-12T17:46:32.019813] Saved clip /Users/Chen/PycharmProjects/CSCI_6234_Final/recordings/cam221/clips/2026/04/12/cam221_20260412T214550Z.mp4 (1076489 bytes)
[2026-04-12T17:46:32.533768] Starting 60-second capture -> /Users/Chen/PycharmProjects/CSCI_6234_Final/recordings/cam221/clips/2026/04/12/cam221_20260412T214632Z.mp4
[tls @ 0x7ff19c105a00] IO error: End of file
[https @ 0x7ff19c105940] Error reading HTTP response: End of file
[tls @ 0x7ff18b745000] IO error: End of file
[https @ 0x7ff18b757200] Error reading HTTP response: End of file
[tls @ 0x7ff14b704200] IO error: End of file
[https @ 0x7ff14b704140] Error reading HTTP response: End of file
[tls @ 0x7ff16c214380] IO error: End of file
[https @ 0x7ff16c21b940] Error reading HTTP response: End of file
[tls @ 0x7ff16c004100] IO error: End of file
[https @ 0x7ff16c005a40] Error reading HTTP response: End of file
[tls @ 0x7ff16c12b080] IO error: End of file
[https @ 0x7ff16c11f700] Error reading HTTP response: End of file
[2026-04-12T17:47:14.127529] Saved clip /Users/Chen/PycharmProjects/CSCI_6234_Final/recordings/cam221/clips/2026/04/12/cam221_20260412T214632Z.mp4 (1207008 bytes)
[2026-04-12T17:47:14.648791] Starting 60-second capture -> /Users/Chen/PycharmProjects/CSCI_6234_Final/recordings/cam221/clips/2026/04/12/cam221_20260412T214714Z.mp4
[tls @ 0x7fd3aa204800] IO error: End of file
[https @ 0x7fd3aa2046c0] Error reading HTTP response: End of file
[tls @ 0x7fd3aa31dfc0] IO error: End of file
[https @ 0x7fd3aa318d40] Error reading HTTP response: End of file
[tls @ 0x7fd3aa32cd40] IO error: End of file
[https @ 0x7fd3aa32c240] Error reading HTTP response: End of file
[tls @ 0x7fd3aa325540] IO error: End of file
[https @ 0x7fd3aa325480] Error reading HTTP response: End of file
[tls @ 0x7fd3aa205fc0] IO error: End of file
[https @ 0x7fd3aa254140] Error reading HTTP response: End of file
[tls @ 0x7fd399759700] IO error: End of file
[https @ 0x7fd399717e80] Error reading HTTP response: End of file
[tls @ 0x7fd39972cb40] IO error: End of file
[https @ 0x7fd39976bb80] Error reading HTTP response: End of file
[tls @ 0x7fd3aa4519c0] IO error: End of file
[https @ 0x7fd3aa4582c0] Error reading HTTP response: End of file
[2026-04-12T17:47:59.847981] Saved clip /Users/Chen/PycharmProjects/CSCI_6234_Final/recordings/cam221/clips/2026/04/12/cam221_20260412T214714Z.mp4 (846211 bytes)
[2026-04-12T17:48:00.367151] Starting 60-second capture -> /Users/Chen/PycharmProjects/CSCI_6234_Final/recordings/cam221/clips/2026/04/12/cam221_20260412T214800Z.mp4
[tls @ 0x7f85e57048c0] IO error: End of file
[https @ 0x7f85e5704780] Error reading HTTP response: End of file
[tls @ 0x7f85f6807f00] IO error: End of file
[https @ 0x7f85f6807e00] Error reading HTTP response: End of file
[tls @ 0x7f8606350680] IO error: End of file
[https @ 0x7f8606345180] Error reading HTTP response: End of file
[tls @ 0x7f86063250c0] IO error: End of file
[https @ 0x7f860631d640] Error reading HTTP response: End of file
[tls @ 0x7f8606350680] IO error: End of file
[https @ 0x7f8606344680] Error reading HTTP response: End of file
[tls @ 0x7f8606351b40] IO error: End of file
[https @ 0x7f860631c580] Error reading HTTP response: End of file
[tls @ 0x7f85e5780b40] IO error: End of file
[https @ 0x7f85e5780880] Error reading HTTP response: End of file
[tls @ 0x7f85e5762540] IO error: End of file
[https @ 0x7f85e5780940] Error reading HTTP response: End of file
[2026-04-12T17:48:44.481155] Saved clip /Users/Chen/PycharmProjects/CSCI_6234_Final/recordings/cam221/clips/2026/04/12/cam221_20260412T214800Z.mp4 (1000740 bytes)
[2026-04-12T17:48:45.000336] Starting 60-second capture -> /Users/Chen/PycharmProjects/CSCI_6234_Final/recordings/cam221/clips/2026/04/12/cam221_20260412T214844Z.mp4
[tls @ 0x7f7bbef04680] IO error: End of file
[https @ 0x7f7bbef04540] Error reading HTTP response: End of file
[tls @ 0x7f7bcef0b4c0] IO error: End of file
[https @ 0x7f7bcef0c840] Error reading HTTP response: End of file
[tls @ 0x7f7bbef284c0] IO error: End of file
[https @ 0x7f7bbef13040] Error reading HTTP response: End of file
[tls @ 0x7f7bcef0c840] IO error: End of file
[https @ 0x7f7bcef63700] Error reading HTTP response: End of file
[tls @ 0x7f7bcf839600] IO error: End of file
[https @ 0x7f7bcf823e40] Error reading HTTP response: End of file
[tls @ 0x7f7bbef44640] IO error: End of file
[https @ 0x7f7bbef13040] Error reading HTTP response: End of file
[2026-04-12T17:49:26.289819] Saved clip /Users/Chen/PycharmProjects/CSCI_6234_Final/recordings/cam221/clips/2026/04/12/cam221_20260412T214844Z.mp4 (1118681 bytes)
[2026-04-12T17:49:26.806772] Starting 60-second capture -> /Users/Chen/PycharmProjects/CSCI_6234_Final/recordings/cam221/clips/2026/04/12/cam221_20260412T214926Z.mp4
[tls @ 0x7fb3e2804680] IO error: End of file
[https @ 0x7fb3e2804540] Error reading HTTP response: End of file
[tls @ 0x7fb3e1f25600] IO error: End of file
[https @ 0x7fb3e1f18c40] Error reading HTTP response: End of file
[tls @ 0x7fb3e2844480] IO error: End of file
[https @ 0x7fb3e2807c00] Error reading HTTP response: End of file
[tls @ 0x7fb3e28280c0] IO error: End of file
[https @ 0x7fb3e1f1da40] Error reading HTTP response: End of file
[tls @ 0x7fb3f68319c0] IO error: End of file
[https @ 0x7fb3f6824780] Error reading HTTP response: End of file
[tls @ 0x7fb3f2f53c40] IO error: End of file
[https @ 0x7fb3f2f84280] Error reading HTTP response: End of file
[tls @ 0x7fb3e281f740] IO error: End of file
[https @ 0x7fb3f6828100] Error reading HTTP response: End of file
[2026-04-12T17:50:00.480396] Saved clip /Users/Chen/PycharmProjects/CSCI_6234_Final/recordings/cam221/clips/2026/04/12/cam221_20260412T214926Z.mp4 (1153719 bytes)
[2026-04-12T17:50:00.997104] Starting 60-second capture -> /Users/Chen/PycharmProjects/CSCI_6234_Final/recordings/cam221/clips/2026/04/12/cam221_20260412T215000Z.mp4
[tls @ 0x7fa6e2704b40] IO error: End of file
[https @ 0x7fa6e2704a00] Error reading HTTP response: End of file
[tls @ 0x7fa6f341bb00] IO error: End of file
[https @ 0x7fa6f342dd00] Error reading HTTP response: End of file
[tls @ 0x7fa6e2721b80] IO error: End of file
[https @ 0x7fa6e272e300] Error reading HTTP response: End of file
[tls @ 0x7fa6f341bb00] IO error: End of file
[https @ 0x7fa6f3417f00] Error reading HTTP response: End of file
[tls @ 0x7fa6e2721b80] IO error: End of file
[https @ 0x7fa6e276a6c0] Error reading HTTP response: End of file
[tls @ 0x7fa6f341bb00] IO error: End of file
[https @ 0x7fa6f3445e40] Error reading HTTP response: End of file
[tls @ 0x7fa6f3322500] IO error: End of file
[https @ 0x7fa6f3360d80] Error reading HTTP response: End of file
[tls @ 0x7fa6f3347a40] IO error: End of file
[https @ 0x7fa6f3379b40] Error reading HTTP response: End of file
[2026-04-12T17:50:45.455330] Saved clip /Users/Chen/PycharmProjects/CSCI_6234_Final/recordings/cam221/clips/2026/04/12/cam221_20260412T215000Z.mp4 (1008277 bytes)
[2026-04-12T17:50:45.970227] Starting 60-second capture -> /Users/Chen/PycharmProjects/CSCI_6234_Final/recordings/cam221/clips/2026/04/12/cam221_20260412T215045Z.mp4
[tls @ 0x7fcd03705100] IO error: End of file
[https @ 0x7fcd03704b80] Error reading HTTP response: End of file
[tls @ 0x7fcd14217300] IO error: End of file
[https @ 0x7fcd14218600] Error reading HTTP response: End of file
[tls @ 0x7fcd142393c0] IO error: End of file
[https @ 0x7fcd14238f40] Error reading HTTP response: End of file
[tls @ 0x7fcd14306800] IO error: End of file
[https @ 0x7fcd14394f40] Error reading HTTP response: End of file
[tls @ 0x7fcd142201c0] IO error: End of file
[https @ 0x7fcd1423ee80] Error reading HTTP response: End of file
[tls @ 0x7fcd1437e140] IO error: End of file
[https @ 0x7fcd1437f480] Error reading HTTP response: End of file
[2026-04-12T17:51:27.412310] Saved clip /Users/Chen/PycharmProjects/CSCI_6234_Final/recordings/cam221/clips/2026/04/12/cam221_20260412T215045Z.mp4 (985731 bytes)
[2026-04-12T17:51:27.931314] Starting 60-second capture -> /Users/Chen/PycharmProjects/CSCI_6234_Final/recordings/cam221/clips/2026/04/12/cam221_20260412T215127Z.mp4
[tls @ 0x7ff3df704680] IO error: End of file
[https @ 0x7ff3df704540] Error reading HTTP response: End of file
[tls @ 0x7ff3ff707140] IO error: End of file
[https @ 0x7ff3ff707080] Error reading HTTP response: End of file
[tls @ 0x7ff3df75d0c0] IO error: End of file
[https @ 0x7ff3df76f2c0] Error reading HTTP response: End of file
[tls @ 0x7ff3ff74bfc0] IO error: End of file
[https @ 0x7ff3ff7556c0] Error reading HTTP response: End of file
[tls @ 0x7ff3ff711240] IO error: End of file
[https @ 0x7ff3ff713480] Error reading HTTP response: End of file
[tls @ 0x7ff3df75d0c0] IO error: End of file
[https @ 0x7ff3df76f2c0] Error reading HTTP response: End of file
[tls @ 0x7ff3df71e680] IO error: End of file
[https @ 0x7ff3df730880] Error reading HTTP response: End of file
[2026-04-12T17:52:03.377263] Saved clip /Users/Chen/PycharmProjects/CSCI_6234_Final/recordings/cam221/clips/2026/04/12/cam221_20260412T215127Z.mp4 (1176704 bytes)
[2026-04-12T17:52:03.903967] Starting 60-second capture -> /Users/Chen/PycharmProjects/CSCI_6234_Final/recordings/cam221/clips/2026/04/12/cam221_20260412T215203Z.mp4
[tls @ 0x7f86a2405c80] IO error: End of file
[https @ 0x7f86a2405b40] Error reading HTTP response: End of file
[tls @ 0x7f86a2436e80] IO error: End of file
[https @ 0x7f86a2433280] Error reading HTTP response: End of file
[tls @ 0x7f86a245a540] IO error: End of file
[https @ 0x7f86a2455e40] Error reading HTTP response: End of file
[tls @ 0x7f86a2304300] IO error: End of file
[https @ 0x7f86a2304200] Error reading HTTP response: End of file
[tls @ 0x7f86a230bb00] IO error: End of file
[https @ 0x7f86a2306980] Error reading HTTP response: End of file
[tls @ 0x7f869171e240] IO error: End of file
[https @ 0x7f8691705fc0] Error reading HTTP response: End of file
[2026-04-12T17:52:45.866731] Saved clip /Users/Chen/PycharmProjects/CSCI_6234_Final/recordings/cam221/clips/2026/04/12/cam221_20260412T215203Z.mp4 (950796 bytes)
[2026-04-12T17:52:46.392440] Starting 60-second capture -> /Users/Chen/PycharmProjects/CSCI_6234_Final/recordings/cam221/clips/2026/04/12/cam221_20260412T215246Z.mp4
[tls @ 0x7ff55d205c80] IO error: End of file
[https @ 0x7ff55d205b40] Error reading HTTP response: End of file
[tls @ 0x7ff54c715fc0] IO error: End of file
[https @ 0x7ff54c728600] Error reading HTTP response: End of file
[tls @ 0x7ff55d13f9c0] IO error: End of file
[https @ 0x7ff55d11cdc0] Error reading HTTP response: End of file
[tls @ 0x7ff55d184ac0] IO error: End of file
[https @ 0x7ff55d196cc0] Error reading HTTP response: End of file
[tls @ 0x7ff55d328500] IO error: End of file
[https @ 0x7ff55d328440] Error reading HTTP response: End of file
[tls @ 0x7ff54c7a6840] IO error: End of file
[https @ 0x7ff54c7b8a80] Error reading HTTP response: End of file
[2026-04-12T17:53:28.011433] Saved clip /Users/Chen/PycharmProjects/CSCI_6234_Final/recordings/cam221/clips/2026/04/12/cam221_20260412T215246Z.mp4 (1035224 bytes)
[2026-04-12T17:53:28.530950] Starting 60-second capture -> /Users/Chen/PycharmProjects/CSCI_6234_Final/recordings/cam221/clips/2026/04/12/cam221_20260412T215328Z.mp4
[tls @ 0x7fc99a304680] IO error: End of file
[https @ 0x7fc99a304540] Error reading HTTP response: End of file
[tls @ 0x7fc99a307240] IO error: End of file
[https @ 0x7fc99a307140] Error reading HTTP response: End of file
[tls @ 0x7fc99a304500] IO error: End of file
[https @ 0x7fc99a304600] Error reading HTTP response: End of file
[tls @ 0x7fc99a3068c0] IO error: End of file
[https @ 0x7fc99a317080] Error reading HTTP response: End of file
[tls @ 0x7fc99a40ef40] IO error: End of file
[https @ 0x7fc99a419180] Error reading HTTP response: End of file
[tls @ 0x7fc99a425780] IO error: End of file
[https @ 0x7fc99a432fc0] Error reading HTTP response: End of file
[tls @ 0x7fc99a367800] IO error: End of file
[https @ 0x7fc99a309c40] Error reading HTTP response: End of file
[2026-04-12T17:54:02.170978] Saved clip /Users/Chen/PycharmProjects/CSCI_6234_Final/recordings/cam221/clips/2026/04/12/cam221_20260412T215328Z.mp4 (941872 bytes)
[2026-04-12T17:54:02.698799] Starting 60-second capture -> /Users/Chen/PycharmProjects/CSCI_6234_Final/recordings/cam221/clips/2026/04/12/cam221_20260412T215402Z.mp4
[tls @ 0x7fbb300042c0] IO error: End of file
[https @ 0x7fbb30004180] Error reading HTTP response: End of file
[tls @ 0x7fbb30020080] IO error: End of file
[https @ 0x7fbb300136c0] Error reading HTTP response: End of file
[tls @ 0x7fbb1770a700] IO error: End of file
[https @ 0x7fbb1770a640] Error reading HTTP response: End of file
[tls @ 0x7fbb1776cb80] IO error: End of file
[https @ 0x7fbb17768f80] Error reading HTTP response: End of file
[tls @ 0x7fbb2775c600] IO error: End of file
[https @ 0x7fbb27754b40] Error reading HTTP response: End of file
[tls @ 0x7fbb2775aac0] IO error: End of file
[https @ 0x7fbb27704200] Error reading HTTP response: End of file
[2026-04-12T17:54:44.614868] Saved clip /Users/Chen/PycharmProjects/CSCI_6234_Final/recordings/cam221/clips/2026/04/12/cam221_20260412T215402Z.mp4 (937126 bytes)
[2026-04-12T17:54:45.132667] Starting 60-second capture -> /Users/Chen/PycharmProjects/CSCI_6234_Final/recordings/cam221/clips/2026/04/12/cam221_20260412T215445Z.mp4
[tls @ 0x7f87ce804500] IO error: End of file
[https @ 0x7f87ce8043c0] Error reading HTTP response: End of file
[tls @ 0x7f87ce812780] IO error: End of file
[https @ 0x7f87ce8126c0] Error reading HTTP response: End of file
[tls @ 0x7f87cdf35f40] IO error: End of file
[https @ 0x7f87cdf3f2c0] Error reading HTTP response: End of file
[tls @ 0x7f87dea6bf80] IO error: End of file
[https @ 0x7f87dea7e180] Error reading HTTP response: End of file
[tls @ 0x7f87de92db40] IO error: End of file
[https @ 0x7f87de92eec0] Error reading HTTP response: End of file
[tls @ 0x7f87ce87b9c0] IO error: End of file
[https @ 0x7f87ce87c080] Error reading HTTP response: End of file
[2026-04-12T17:55:26.931158] Saved clip /Users/Chen/PycharmProjects/CSCI_6234_Final/recordings/cam221/clips/2026/04/12/cam221_20260412T215445Z.mp4 (1277874 bytes)
[2026-04-12T17:55:27.450307] Starting 60-second capture -> /Users/Chen/PycharmProjects/CSCI_6234_Final/recordings/cam221/clips/2026/04/12/cam221_20260412T215527Z.mp4
[tls @ 0x7fc16cb04500] IO error: End of file
[https @ 0x7fc16cb043c0] Error reading HTTP response: End of file
[tls @ 0x7fc16ca1bc80] IO error: End of file
[https @ 0x7fc16ca1be80] Error reading HTTP response: End of file
[tls @ 0x7fc16ca07740] IO error: End of file
[https @ 0x7fc16ca16a80] Error reading HTTP response: End of file
[tls @ 0x7fc16ca1bc80] IO error: End of file
[https @ 0x7fc16ca1cb40] Error reading HTTP response: End of file
[tls @ 0x7fc16cd6dd40] IO error: End of file
[https @ 0x7fc16cd6dc40] Error reading HTTP response: End of file
[tls @ 0x7fc16cd6e2c0] IO error: End of file
[https @ 0x7fc16cd6e200] Error reading HTTP response: End of file
[tls @ 0x7fc16cc7b740] IO error: End of file
[https @ 0x7fc16cca6980] Error reading HTTP response: End of file
[tls @ 0x7fc16cb04e00] IO error: End of file
[https @ 0x7fc16cb04d40] Error reading HTTP response: End of file
[2026-04-12T17:56:12.097854] Saved clip /Users/Chen/PycharmProjects/CSCI_6234_Final/recordings/cam221/clips/2026/04/12/cam221_20260412T215527Z.mp4 (1031865 bytes)
[2026-04-12T17:56:12.620638] Starting 60-second capture -> /Users/Chen/PycharmProjects/CSCI_6234_Final/recordings/cam221/clips/2026/04/12/cam221_20260412T215612Z.mp4
[tls @ 0x7fd294704500] IO error: End of file
[https @ 0x7fd2947043c0] Error reading HTTP response: End of file
[tls @ 0x7fd2a521c240] IO error: End of file
[https @ 0x7fd2a5223dc0] Error reading HTTP response: End of file
[tls @ 0x7fd2a5228f00] IO error: End of file
[https @ 0x7fd2a52379c0] Error reading HTTP response: End of file
[tls @ 0x7fd2a5239c40] IO error: End of file
[https @ 0x7fd2a521d880] Error reading HTTP response: End of file
[tls @ 0x7fd2a5338580] IO error: End of file
[https @ 0x7fd2a5339e80] Error reading HTTP response: End of file
[tls @ 0x7fd264706580] IO error: End of file
[https @ 0x7fd2647064c0] Error reading HTTP response: End of file
[2026-04-12T17:56:54.956660] Saved clip /Users/Chen/PycharmProjects/CSCI_6234_Final/recordings/cam221/clips/2026/04/12/cam221_20260412T215612Z.mp4 (1020891 bytes)
[2026-04-12T17:56:55.476716] Starting 60-second capture -> /Users/Chen/PycharmProjects/CSCI_6234_Final/recordings/cam221/clips/2026/04/12/cam221_20260412T215655Z.mp4
[tls @ 0x7f8cc0a05b00] IO error: End of file
[https @ 0x7f8cc0a059c0] Error reading HTTP response: End of file
[tls @ 0x7f8cc08417c0] IO error: End of file
[https @ 0x7f8cc08539c0] Error reading HTTP response: End of file
[tls @ 0x7f8cc093fc80] IO error: End of file
[https @ 0x7f8cc09093c0] Error reading HTTP response: End of file
[tls @ 0x7f8cc08ba1c0] IO error: End of file
[https @ 0x7f8cc08ab240] Error reading HTTP response: End of file
[tls @ 0x7f8cc093fc80] IO error: End of file
[https @ 0x7f8cc09090c0] Error reading HTTP response: End of file
[tls @ 0x7f8cc0a08200] IO error: End of file
[https @ 0x7f8cc0a15f80] Error reading HTTP response: End of file
[2026-04-12T17:57:37.654399] Saved clip /Users/Chen/PycharmProjects/CSCI_6234_Final/recordings/cam221/clips/2026/04/12/cam221_20260412T215655Z.mp4 (781852 bytes)
[2026-04-12T17:57:38.174453] Starting 60-second capture -> /Users/Chen/PycharmProjects/CSCI_6234_Final/recordings/cam221/clips/2026/04/12/cam221_20260412T215738Z.mp4
[tls @ 0x7f9eaba04680] IO error: End of file
[https @ 0x7f9eaba04540] Error reading HTTP response: End of file
[tls @ 0x7f9e9af110c0] IO error: End of file
[https @ 0x7f9e9af25640] Error reading HTTP response: End of file
[tls @ 0x7f9eabb0d180] IO error: End of file
[https @ 0x7f9eabb1bf00] Error reading HTTP response: End of file
[tls @ 0x7f9e7af45c80] IO error: End of file
[https @ 0x7f9e7af57ec0] Error reading HTTP response: End of file
[tls @ 0x7f9eaba3af40] IO error: End of file
[https @ 0x7f9eaba3d540] Error reading HTTP response: End of file
[tls @ 0x7f9eaba17b40] IO error: End of file
[https @ 0x7f9eaba64540] Error reading HTTP response: End of file
[tls @ 0x7f9e9af31d40] IO error: End of file
[https @ 0x7f9eaba0a1c0] Error reading HTTP response: End of file
[2026-04-12T17:58:12.288464] Saved clip /Users/Chen/PycharmProjects/CSCI_6234_Final/recordings/cam221/clips/2026/04/12/cam221_20260412T215738Z.mp4 (911170 bytes)
[2026-04-12T17:58:12.808577] Starting 60-second capture -> /Users/Chen/PycharmProjects/CSCI_6234_Final/recordings/cam221/clips/2026/04/12/cam221_20260412T215812Z.mp4
[tls @ 0x7fa1d2704680] IO error: End of file
[https @ 0x7fa1d2704540] Error reading HTTP response: End of file
[tls @ 0x7fa1d2745980] IO error: End of file
[https @ 0x7fa1d2757b80] Error reading HTTP response: End of file
[tls @ 0x7fa1d3132d40] IO error: End of file
[https @ 0x7fa1d3120140] Error reading HTTP response: End of file
[tls @ 0x7fa1d3131a80] IO error: End of file
[https @ 0x7fa1d311f240] Error reading HTTP response: End of file
[tls @ 0x7fa1d32587c0] IO error: End of file
[https @ 0x7fa1d326a9c0] Error reading HTTP response: End of file
[tls @ 0x7fa1d27326c0] IO error: End of file
[https @ 0x7fa1d273b280] Error reading HTTP response: End of file
[2026-04-12T17:58:54.923328] Saved clip /Users/Chen/PycharmProjects/CSCI_6234_Final/recordings/cam221/clips/2026/04/12/cam221_20260412T215812Z.mp4 (1092488 bytes)
[2026-04-12T17:58:55.440691] Starting 60-second capture -> /Users/Chen/PycharmProjects/CSCI_6234_Final/recordings/cam221/clips/2026/04/12/cam221_20260412T215855Z.mp4
[tls @ 0x7f77d0904500] IO error: End of file
[https @ 0x7f77d09043c0] Error reading HTTP response: End of file
[tls @ 0x7f77d08243c0] IO error: End of file
[https @ 0x7f77d0836600] Error reading HTTP response: End of file
[tls @ 0x7f77d0836780] IO error: End of file
[https @ 0x7f77d08366c0] Error reading HTTP response: End of file
[tls @ 0x7f77d0987bc0] IO error: End of file
[https @ 0x7f77d0905600] Error reading HTTP response: End of file
[tls @ 0x7f77d085dd40] IO error: End of file
[https @ 0x7f77d0865e00] Error reading HTTP response: End of file
[tls @ 0x7f77d0b04200] IO error: End of file
[https @ 0x7f77d0b04140] Error reading HTTP response: End of file
[2026-04-12T17:59:37.033386] Saved clip /Users/Chen/PycharmProjects/CSCI_6234_Final/recordings/cam221/clips/2026/04/12/cam221_20260412T215855Z.mp4 (1236625 bytes)
[2026-04-12T17:59:37.550704] Starting 60-second capture -> /Users/Chen/PycharmProjects/CSCI_6234_Final/recordings/cam221/clips/2026/04/12/cam221_20260412T215937Z.mp4
[tls @ 0x7fc737704680] IO error: End of file
[https @ 0x7fc737704540] Error reading HTTP response: End of file
[tls @ 0x7fc737705480] IO error: End of file
[https @ 0x7fc7377053c0] Error reading HTTP response: End of file
[tls @ 0x7fc74774b5c0] IO error: End of file
[https @ 0x7fc747704e80] Error reading HTTP response: End of file
[tls @ 0x7fc75087c200] IO error: End of file
[https @ 0x7fc75086d980] Error reading HTTP response: End of file
[tls @ 0x7fc74774b5c0] IO error: End of file
[https @ 0x7fc747706880] Error reading HTTP response: End of file
[tls @ 0x7fc740081b00] IO error: End of file
[https @ 0x7fc74008d0c0] Error reading HTTP response: End of file
[tls @ 0x7fc750861040] IO error: End of file
[https @ 0x7fc750857200] Error reading HTTP response: End of file
[2026-04-12T18:00:11.287864] Saved clip /Users/Chen/PycharmProjects/CSCI_6234_Final/recordings/cam221/clips/2026/04/12/cam221_20260412T215937Z.mp4 (1000364 bytes)
[2026-04-12T18:00:11.806082] Starting 60-second capture -> /Users/Chen/PycharmProjects/CSCI_6234_Final/recordings/cam221/clips/2026/04/12/cam221_20260412T220011Z.mp4
[tls @ 0x7fc6a3004680] IO error: End of file
[https @ 0x7fc6a3004540] Error reading HTTP response: End of file
[tls @ 0x7fc6b31268c0] IO error: End of file
[https @ 0x7fc6b3122cc0] Error reading HTTP response: End of file
[tls @ 0x7fc6b314b400] IO error: End of file
[https @ 0x7fc6b31042c0] Error reading HTTP response: End of file
[tls @ 0x7fc6b312aa00] IO error: End of file
[https @ 0x7fc6b313e940] Error reading HTTP response: End of file
[tls @ 0x7fc6a3084940] IO error: End of file
[https @ 0x7fc6a3080d80] Error reading HTTP response: End of file
[tls @ 0x7fc6a3154180] IO error: End of file
[https @ 0x7fc6a3166380] Error reading HTTP response: End of file
[2026-04-12T18:00:53.633221] Saved clip /Users/Chen/PycharmProjects/CSCI_6234_Final/recordings/cam221/clips/2026/04/12/cam221_20260412T220011Z.mp4 (913788 bytes)
[2026-04-12T18:00:54.152892] Starting 60-second capture -> /Users/Chen/PycharmProjects/CSCI_6234_Final/recordings/cam221/clips/2026/04/12/cam221_20260412T220054Z.mp4
[tls @ 0x7f819cb04680] IO error: End of file
[https @ 0x7f819cb04580] Error reading HTTP response: End of file
[tls @ 0x7f819ca06b80] IO error: End of file
[https @ 0x7f819ca06ac0] Error reading HTTP response: End of file
[tls @ 0x7f819cc09740] IO error: End of file
[https @ 0x7f819cc44940] Error reading HTTP response: End of file
[tls @ 0x7f819ca1fd80] IO error: End of file
[https @ 0x7f819ca31d40] Error reading HTTP response: End of file
[tls @ 0x7f818bf18080] IO error: End of file
[https @ 0x7f818bf1bd00] Error reading HTTP response: End of file
[tls @ 0x7f819cb56cc0] IO error: End of file
[https @ 0x7f819cb92600] Error reading HTTP response: End of file
[2026-04-12T18:01:36.243813] Saved clip /Users/Chen/PycharmProjects/CSCI_6234_Final/recordings/cam221/clips/2026/04/12/cam221_20260412T220054Z.mp4 (1222841 bytes)
[2026-04-12T18:01:36.760518] Starting 60-second capture -> /Users/Chen/PycharmProjects/CSCI_6234_Final/recordings/cam221/clips/2026/04/12/cam221_20260412T220136Z.mp4
[tls @ 0x7fa3ff805340] IO error: End of file
[https @ 0x7fa3ff805200] Error reading HTTP response: End of file
[tls @ 0x7fa3e800f8c0] IO error: End of file
[https @ 0x7fa3e804cd00] Error reading HTTP response: End of file
[tls @ 0x7fa3e8004840] IO error: End of file
[https @ 0x7fa3e8004700] Error reading HTTP response: End of file
[tls @ 0x7fa3def2a0c0] IO error: End of file
[https @ 0x7fa3def2a880] Error reading HTTP response: End of file
[tls @ 0x7fa3def4b180] IO error: End of file
[https @ 0x7fa3def47580] Error reading HTTP response: End of file
[tls @ 0x7fa3e8207140] IO error: End of file
[https @ 0x7fa3e8207080] Error reading HTTP response: End of file
[tls @ 0x7fa3e8225780] IO error: End of file
[https @ 0x7fa3e8226ac0] Error reading HTTP response: End of file
[tls @ 0x7fa3e8114900] IO error: End of file
[https @ 0x7fa3e8117e00] Error reading HTTP response: End of file
[2026-04-12T18:02:21.281101] Saved clip /Users/Chen/PycharmProjects/CSCI_6234_Final/recordings/cam221/clips/2026/04/12/cam221_20260412T220136Z.mp4 (1039435 bytes)
[2026-04-12T18:02:21.801614] Starting 60-second capture -> /Users/Chen/PycharmProjects/CSCI_6234_Final/recordings/cam221/clips/2026/04/12/cam221_20260412T220221Z.mp4
[tls @ 0x7fd613217180] IO error: End of file
[https @ 0x7fd6132049c0] Error reading HTTP response: End of file
[tls @ 0x7fd61333b980] IO error: End of file
[https @ 0x7fd613347380] Error reading HTTP response: End of file
[tls @ 0x7fd5d2704280] IO error: End of file
[https @ 0x7fd5d27040c0] Error reading HTTP response: End of file
[tls @ 0x7fd5d3004540] IO error: End of file
[https @ 0x7fd5d3004480] Error reading HTTP response: End of file
[tls @ 0x7fd613568400] IO error: End of file
[https @ 0x7fd61357a600] Error reading HTTP response: End of file
[tls @ 0x7fd613552a80] IO error: End of file
[https @ 0x7fd6135596c0] Error reading HTTP response: End of file
[2026-04-12T18:03:03.708172] Saved clip /Users/Chen/PycharmProjects/CSCI_6234_Final/recordings/cam221/clips/2026/04/12/cam221_20260412T220221Z.mp4 (1064724 bytes)
[2026-04-12T18:03:04.220748] Starting 60-second capture -> /Users/Chen/PycharmProjects/CSCI_6234_Final/recordings/cam221/clips/2026/04/12/cam221_20260412T220304Z.mp4
[tls @ 0x7f8cbdc05240] IO error: End of file
[https @ 0x7f8cbdc05100] Error reading HTTP response: End of file
[tls @ 0x7f8cbdc31580] IO error: End of file
[https @ 0x7f8cbdc19900] Error reading HTTP response: End of file
[tls @ 0x7f8cbdc48540] IO error: End of file
[https @ 0x7f8cbdc593c0] Error reading HTTP response: End of file
[tls @ 0x7f8cbdb38780] IO error: End of file
[https @ 0x7f8cbdb2ee80] Error reading HTTP response: End of file
[tls @ 0x7f8cbdd11ec0] IO error: End of file
[https @ 0x7f8cbdd1aa80] Error reading HTTP response: End of file
[tls @ 0x7f8cbdd1e380] IO error: End of file
[https @ 0x7f8cbdd24000] Error reading HTTP response: End of file
[2026-04-12T18:03:46.230408] Saved clip /Users/Chen/PycharmProjects/CSCI_6234_Final/recordings/cam221/clips/2026/04/12/cam221_20260412T220304Z.mp4 (1068494 bytes)
[2026-04-12T18:03:46.752132] Starting 60-second capture -> /Users/Chen/PycharmProjects/CSCI_6234_Final/recordings/cam221/clips/2026/04/12/cam221_20260412T220346Z.mp4
[tls @ 0x7f7941c05c80] IO error: End of file
[https @ 0x7f7941c05b40] Error reading HTTP response: End of file
[tls @ 0x7f7941a04940] IO error: End of file
[https @ 0x7f7941a04800] Error reading HTTP response: End of file
[tls @ 0x7f7941b12480] IO error: End of file
[https @ 0x7f7941b28700] Error reading HTTP response: End of file
[tls @ 0x7f7930f2e7c0] IO error: End of file
[https @ 0x7f7930f22540] Error reading HTTP response: End of file
[tls @ 0x7f7941a460c0] IO error: End of file
[https @ 0x7f7941a05540] Error reading HTTP response: End of file
[tls @ 0x7f7941a4fe40] IO error: End of file
[https @ 0x7f7941a62040] Error reading HTTP response: End of file
[tls @ 0x7f7930f1f240] IO error: End of file
[https @ 0x7f7930f26100] Error reading HTTP response: End of file
[2026-04-12T18:04:20.313833] Saved clip /Users/Chen/PycharmProjects/CSCI_6234_Final/recordings/cam221/clips/2026/04/12/cam221_20260412T220346Z.mp4 (856263 bytes)
[2026-04-12T18:04:20.831274] Starting 60-second capture -> /Users/Chen/PycharmProjects/CSCI_6234_Final/recordings/cam221/clips/2026/04/12/cam221_20260412T220420Z.mp4
[tls @ 0x7fddcc504800] IO error: End of file
[https @ 0x7fddcc5046c0] Error reading HTTP response: End of file
[tls @ 0x7fddcc422800] IO error: End of file
[https @ 0x7fddcc434a00] Error reading HTTP response: End of file
[tls @ 0x7fddcc546600] IO error: End of file
[https @ 0x7fddcc532d00] Error reading HTTP response: End of file
[tls @ 0x7fddcb715c80] IO error: End of file
[https @ 0x7fddcb727e80] Error reading HTTP response: End of file
[tls @ 0x7fddcc312f40] IO error: End of file
[https @ 0x7fddcc32ce40] Error reading HTTP response: End of file
[tls @ 0x7fddcc42fa00] IO error: End of file
[https @ 0x7fddcc429780] Error reading HTTP response: End of file
[2026-04-12T18:05:03.108305] Saved clip /Users/Chen/PycharmProjects/CSCI_6234_Final/recordings/cam221/clips/2026/04/12/cam221_20260412T220420Z.mp4 (931872 bytes)
[2026-04-12T18:05:03.628077] Starting 60-second capture -> /Users/Chen/PycharmProjects/CSCI_6234_Final/recordings/cam221/clips/2026/04/12/cam221_20260412T220503Z.mp4
[tls @ 0x7fe9c8804500] IO error: End of file
[https @ 0x7fe9c8804400] Error reading HTTP response: End of file
[tls @ 0x7fe9c8845900] IO error: End of file
[https @ 0x7fe9dff05f40] Error reading HTTP response: End of file
[tls @ 0x7fe9bff1bf80] IO error: End of file
[https @ 0x7fe9bff1d240] Error reading HTTP response: End of file
[tls @ 0x7fe9c8921f00] IO error: End of file
[https @ 0x7fe9c894acc0] Error reading HTTP response: End of file
[tls @ 0x7fe9c8947400] IO error: End of file
[https @ 0x7fe9c8946ec0] Error reading HTTP response: End of file
[tls @ 0x7fe9bff6a400] IO error: End of file
[https @ 0x7fe9bff7c600] Error reading HTTP response: End of file
[2026-04-12T18:05:47.036148] Saved clip /Users/Chen/PycharmProjects/CSCI_6234_Final/recordings/cam221/clips/2026/04/12/cam221_20260412T220503Z.mp4 (924323 bytes)
[2026-04-12T18:05:47.554087] Starting 60-second capture -> /Users/Chen/PycharmProjects/CSCI_6234_Final/recordings/cam221/clips/2026/04/12/cam221_20260412T220547Z.mp4
[tls @ 0x7fcf0e005c80] IO error: End of file
[https @ 0x7fcf0e005b40] Error reading HTTP response: End of file
[tls @ 0x7fcf0e21e4c0] IO error: End of file
[https @ 0x7fcf0e24a480] Error reading HTTP response: End of file
[tls @ 0x7fcf0e120380] IO error: End of file
[https @ 0x7fcf0e1202c0] Error reading HTTP response: End of file
[tls @ 0x7fcf0e0276c0] IO error: End of file
[https @ 0x7fcf0e036080] Error reading HTTP response: End of file
[tls @ 0x7fcf0e220a40] IO error: End of file
[https @ 0x7fcf0e255000] Error reading HTTP response: End of file
[tls @ 0x7fcf0e242280] IO error: End of file
[https @ 0x7fcf0e236700] Error reading HTTP response: End of file
[tls @ 0x7fcf0e2217c0] IO error: End of file
[https @ 0x7fcf0e22e280] Error reading HTTP response: End of file
[tls @ 0x7fcf0e00f940] IO error: End of file
[https @ 0x7fcf0e01a680] Error reading HTTP response: End of file
[tls @ 0x7fcf0e217f40] IO error: End of file
[https @ 0x7fcf0e2464c0] Error reading HTTP response: End of file
[2026-04-12T18:06:32.063926] Saved clip /Users/Chen/PycharmProjects/CSCI_6234_Final/recordings/cam221/clips/2026/04/12/cam221_20260412T220547Z.mp4 (1080324 bytes)
[2026-04-12T18:06:32.576322] Starting 60-second capture -> /Users/Chen/PycharmProjects/CSCI_6234_Final/recordings/cam221/clips/2026/04/12/cam221_20260412T220632Z.mp4
[tls @ 0x7fd556406940] IO error: End of file
[https @ 0x7fd556406400] Error reading HTTP response: End of file
[tls @ 0x7fd556104b40] IO error: End of file
[https @ 0x7fd556104a40] Error reading HTTP response: End of file
[tls @ 0x7fd545704200] IO error: End of file
[https @ 0x7fd545704140] Error reading HTTP response: End of file
[tls @ 0x7fd54571cec0] IO error: End of file
[https @ 0x7fd54572f0c0] Error reading HTTP response: End of file
[tls @ 0x7fd556346780] IO error: End of file
[https @ 0x7fd55635b180] Error reading HTTP response: End of file
[tls @ 0x7fd55634e9c0] IO error: End of file
[https @ 0x7fd5563537c0] Error reading HTTP response: End of file
[2026-04-12T18:07:14.139340] Saved clip /Users/Chen/PycharmProjects/CSCI_6234_Final/recordings/cam221/clips/2026/04/12/cam221_20260412T220632Z.mp4 (1038821 bytes)
[2026-04-12T18:07:14.658114] Starting 60-second capture -> /Users/Chen/PycharmProjects/CSCI_6234_Final/recordings/cam221/clips/2026/04/12/cam221_20260412T220714Z.mp4
[tls @ 0x7fc3c1207200] IO error: End of file
[https @ 0x7fc3c1206c80] Error reading HTTP response: End of file
[tls @ 0x7fc3c1008400] IO error: End of file
[https @ 0x7fc3c1008340] Error reading HTTP response: End of file
[tls @ 0x7fc3c13261c0] IO error: End of file
[https @ 0x7fc3c13334c0] Error reading HTTP response: End of file
[tls @ 0x7fc3c1554200] IO error: End of file
[https @ 0x7fc3c1550600] Error reading HTTP response: End of file
[tls @ 0x7fc3c136d580] IO error: End of file
[https @ 0x7fc3c1369980] Error reading HTTP response: End of file
[tls @ 0x7fc3c140a580] IO error: End of file
[https @ 0x7fc3c14175c0] Error reading HTTP response: End of file
[2026-04-12T18:07:57.632822] Saved clip /Users/Chen/PycharmProjects/CSCI_6234_Final/recordings/cam221/clips/2026/04/12/cam221_20260412T220714Z.mp4 (1011816 bytes)
[2026-04-12T18:07:58.150015] Starting 60-second capture -> /Users/Chen/PycharmProjects/CSCI_6234_Final/recordings/cam221/clips/2026/04/12/cam221_20260412T220758Z.mp4
[tls @ 0x7fd959956ac0] IO error: End of file
[https @ 0x7fd959968cc0] Error reading HTTP response: End of file
[tls @ 0x7fd94a004ec0] IO error: End of file
[https @ 0x7fd94a004dc0] Error reading HTTP response: End of file
[tls @ 0x7fd948f0ccc0] IO error: End of file
[https @ 0x7fd948f21bc0] Error reading HTTP response: End of file
[tls @ 0x7fd959a1ea80] IO error: End of file
[https @ 0x7fd959a20a80] Error reading HTTP response: End of file
[tls @ 0x7fd959a17540] IO error: End of file
[https @ 0x7fd959a1a3c0] Error reading HTTP response: End of file
[tls @ 0x7fd94a00ec40] IO error: End of file
[https @ 0x7fd94a004380] Error reading HTTP response: End of file
[tls @ 0x7fd959a17ec0] IO error: End of file
[https @ 0x7fd959a17480] Error reading HTTP response: End of file
[2026-04-12T18:08:33.193350] Saved clip /Users/Chen/PycharmProjects/CSCI_6234_Final/recordings/cam221/clips/2026/04/12/cam221_20260412T220758Z.mp4 (1140510 bytes)
[2026-04-12T18:08:33.712627] Starting 60-second capture -> /Users/Chen/PycharmProjects/CSCI_6234_Final/recordings/cam221/clips/2026/04/12/cam221_20260412T220833Z.mp4
[tls @ 0x7f860bf05100] IO error: End of file
[https @ 0x7f860bf04b80] Error reading HTTP response: End of file
[tls @ 0x7f861ca08500] IO error: End of file
[https @ 0x7f861ca1a840] Error reading HTTP response: End of file
[tls @ 0x7f860c80efc0] IO error: End of file
[https @ 0x7f860c80ef00] Error reading HTTP response: End of file
[tls @ 0x7f860bf4fe80] IO error: End of file
[https @ 0x7f860bf57b40] Error reading HTTP response: End of file
[tls @ 0x7f860bf26140] IO error: End of file
[https @ 0x7f860bf57040] Error reading HTTP response: End of file
[tls @ 0x7f860c810200] IO error: End of file
[https @ 0x7f860c811ec0] Error reading HTTP response: End of file
[2026-04-12T18:09:15.428715] Saved clip /Users/Chen/PycharmProjects/CSCI_6234_Final/recordings/cam221/clips/2026/04/12/cam221_20260412T220833Z.mp4 (1030775 bytes)
[2026-04-12T18:09:15.949888] Starting 60-second capture -> /Users/Chen/PycharmProjects/CSCI_6234_Final/recordings/cam221/clips/2026/04/12/cam221_20260412T220915Z.mp4
[tls @ 0x7fc450f04380] IO error: End of file
[https @ 0x7fc450f04240] Error reading HTTP response: End of file
[tls @ 0x7fc461b08380] IO error: End of file
[https @ 0x7fc461b07fc0] Error reading HTTP response: End of file
[tls @ 0x7fc461b46c80] IO error: End of file
[https @ 0x7fc461b52340] Error reading HTTP response: End of file
[tls @ 0x7fc461915880] IO error: End of file
[https @ 0x7fc461916d80] Error reading HTTP response: End of file
[tls @ 0x7fc461a22980] IO error: End of file
[https @ 0x7fc461a56d80] Error reading HTTP response: End of file
[tls @ 0x7fc450f2a540] IO error: End of file
[https @ 0x7fc450f130c0] Error reading HTTP response: End of file
[2026-04-12T18:09:57.912204] Saved clip /Users/Chen/PycharmProjects/CSCI_6234_Final/recordings/cam221/clips/2026/04/12/cam221_20260412T220915Z.mp4 (961473 bytes)
[2026-04-12T18:09:58.433403] Starting 60-second capture -> /Users/Chen/PycharmProjects/CSCI_6234_Final/recordings/cam221/clips/2026/04/12/cam221_20260412T220958Z.mp4
[tls @ 0x7f8279b07a80] IO error: End of file
[https @ 0x7f8279b06740] Error reading HTTP response: End of file
[tls @ 0x7f8279c0ed00] IO error: End of file
[https @ 0x7f8279c05500] Error reading HTTP response: End of file
[tls @ 0x7f8279e37700] IO error: End of file
[https @ 0x7f8279e28e00] Error reading HTTP response: End of file
[tls @ 0x7f8279c2f180] IO error: End of file
[https @ 0x7f8279c31f40] Error reading HTTP response: End of file
[tls @ 0x7f8279d56140] IO error: End of file
[https @ 0x7f8279d4e000] Error reading HTTP response: End of file
[tls @ 0x7f8279b39fc0] IO error: End of file
[https @ 0x7f8279b1fa40] Error reading HTTP response: End of file
[tls @ 0x7f8279b556c0] IO error: End of file
[https @ 0x7f8279b51cc0] Error reading HTTP response: End of file
[2026-04-12T18:10:31.950649] Saved clip /Users/Chen/PycharmProjects/CSCI_6234_Final/recordings/cam221/clips/2026/04/12/cam221_20260412T220958Z.mp4 (1115316 bytes)
[2026-04-12T18:10:32.476507] Starting 60-second capture -> /Users/Chen/PycharmProjects/CSCI_6234_Final/recordings/cam221/clips/2026/04/12/cam221_20260412T221032Z.mp4
[tls @ 0x7f8c4ca17280] IO error: End of file
[https @ 0x7f8c4ca15c40] Error reading HTTP response: End of file
[tls @ 0x7f8c4cb0f200] IO error: End of file
[https @ 0x7f8c4cb0fb80] Error reading HTTP response: End of file
[tls @ 0x7f8c4ca17280] IO error: End of file
[https @ 0x7f8c4ca80e00] Error reading HTTP response: End of file
[tls @ 0x7f8c4cb20340] IO error: End of file
[https @ 0x7f8c4cb067c0] Error reading HTTP response: End of file
[tls @ 0x7f8c4cb33180] IO error: End of file
[https @ 0x7f8c4cb385c0] Error reading HTTP response: End of file
[tls @ 0x7f8c4ca17280] IO error: End of file
[https @ 0x7f8c4ca80e00] Error reading HTTP response: End of file
[2026-04-12T18:11:14.532038] Saved clip /Users/Chen/PycharmProjects/CSCI_6234_Final/recordings/cam221/clips/2026/04/12/cam221_20260412T221032Z.mp4 (954997 bytes)
[2026-04-12T18:11:15.058082] Starting 60-second capture -> /Users/Chen/PycharmProjects/CSCI_6234_Final/recordings/cam221/clips/2026/04/12/cam221_20260412T221115Z.mp4
[tls @ 0x7fbde3c04b80] IO error: End of file
[https @ 0x7fbde3c04a40] Error reading HTTP response: End of file
[tls @ 0x7fbdd2f14740] IO error: End of file
[https @ 0x7fbdd2f14680] Error reading HTTP response: End of file
[tls @ 0x7fbde3c44280] IO error: End of file
[https @ 0x7fbde3c530c0] Error reading HTTP response: End of file
[tls @ 0x7fbde3d44240] IO error: End of file
[https @ 0x7fbde3d45980] Error reading HTTP response: End of file
[tls @ 0x7fbde3d5f440] IO error: End of file
[https @ 0x7fbde3d66100] Error reading HTTP response: End of file
[tls @ 0x7fbde3c13ac0] IO error: End of file
[https @ 0x7fbde3c23c80] Error reading HTTP response: End of file
[2026-04-12T18:11:56.321395] Saved clip /Users/Chen/PycharmProjects/CSCI_6234_Final/recordings/cam221/clips/2026/04/12/cam221_20260412T221115Z.mp4 (1004375 bytes)
[2026-04-12T18:11:56.837234] Starting 60-second capture -> /Users/Chen/PycharmProjects/CSCI_6234_Final/recordings/cam221/clips/2026/04/12/cam221_20260412T221156Z.mp4
[tls @ 0x7fd95e204840] IO error: End of file
[https @ 0x7fd95e205300] Error reading HTTP response: End of file
[tls @ 0x7fd95e24a680] IO error: End of file
[https @ 0x7fd95e250f80] Error reading HTTP response: End of file
[tls @ 0x7fd94d707480] IO error: End of file
[https @ 0x7fd94d712ac0] Error reading HTTP response: End of file
[tls @ 0x7fd94d704140] IO error: End of file
[https @ 0x7fd94d704080] Error reading HTTP response: End of file
[tls @ 0x7fd95e351380] IO error: End of file
[https @ 0x7fd95e345cc0] Error reading HTTP response: End of file
[tls @ 0x7fd95e24a680] IO error: End of file
[https @ 0x7fd94d704440] Error reading HTTP response: End of file
[tls @ 0x7fd95e20e5c0] IO error: End of file
[https @ 0x7fd95e20c680] Error reading HTTP response: End of file
[tls @ 0x7fd95e329180] IO error: End of file
[https @ 0x7fd95e33b3c0] Error reading HTTP response: End of file
[2026-04-12T18:12:41.539796] Saved clip /Users/Chen/PycharmProjects/CSCI_6234_Final/recordings/cam221/clips/2026/04/12/cam221_20260412T221156Z.mp4 (816795 bytes)
[2026-04-12T18:12:42.073619] Starting 60-second capture -> /Users/Chen/PycharmProjects/CSCI_6234_Final/recordings/cam221/clips/2026/04/12/cam221_20260412T221242Z.mp4
[tls @ 0x7f8451d04680] IO error: End of file
[https @ 0x7f8451d04580] Error reading HTTP response: End of file
[tls @ 0x7f8451c07740] IO error: End of file
[https @ 0x7f8451c04900] Error reading HTTP response: End of file
[tls @ 0x7f8451d49240] IO error: End of file
[https @ 0x7f8451d479c0] Error reading HTTP response: End of file
[tls @ 0x7f8451a1b840] IO error: End of file
[https @ 0x7f8451a4e480] Error reading HTTP response: End of file
[tls @ 0x7f8451b426c0] IO error: End of file
[https @ 0x7f8451b57c00] Error reading HTTP response: End of file
[tls @ 0x7f8451c3d440] IO error: End of file
[https @ 0x7f8451a4ef80] Error reading HTTP response: End of file
[2026-04-12T18:13:24.316909] Saved clip /Users/Chen/PycharmProjects/CSCI_6234_Final/recordings/cam221/clips/2026/04/12/cam221_20260412T221242Z.mp4 (879991 bytes)
[2026-04-12T18:13:24.845066] Starting 60-second capture -> /Users/Chen/PycharmProjects/CSCI_6234_Final/recordings/cam221/clips/2026/04/12/cam221_20260412T221324Z.mp4
[tls @ 0x7f7999704e00] IO error: End of file
[https @ 0x7f7999704cc0] Error reading HTTP response: End of file
[tls @ 0x7f799970b3c0] IO error: End of file
[https @ 0x7f799970b300] Error reading HTTP response: End of file
[tls @ 0x7f7999710980] IO error: End of file
[https @ 0x7f799974be80] Error reading HTTP response: End of file
[tls @ 0x7f7999708c80] IO error: End of file
[https @ 0x7f799974b380] Error reading HTTP response: End of file
[tls @ 0x7f79aa746740] IO error: End of file
[https @ 0x7f79aa755fc0] Error reading HTTP response: End of file
[tls @ 0x7f799970aa00] IO error: End of file
[https @ 0x7f7999717100] Error reading HTTP response: End of file
[2026-04-12T18:14:06.358967] Saved clip /Users/Chen/PycharmProjects/CSCI_6234_Final/recordings/cam221/clips/2026/04/12/cam221_20260412T221324Z.mp4 (991576 bytes)
[2026-04-12T18:14:06.885212] Starting 60-second capture -> /Users/Chen/PycharmProjects/CSCI_6234_Final/recordings/cam221/clips/2026/04/12/cam221_20260412T221406Z.mp4
[tls @ 0x7fdf44c04800] IO error: End of file
[https @ 0x7fdf44c046c0] Error reading HTTP response: End of file
[tls @ 0x7fdf33f17840] IO error: End of file
[https @ 0x7fdf33f1a3c0] Error reading HTTP response: End of file
[tls @ 0x7fdf33f04140] IO error: End of file
[https @ 0x7fdf33f04080] Error reading HTTP response: End of file
[tls @ 0x7fdf44b07700] IO error: End of file
[https @ 0x7fdf44b07640] Error reading HTTP response: End of file
[tls @ 0x7fdf13f04200] IO error: End of file
[https @ 0x7fdf13f04140] Error reading HTTP response: End of file
[tls @ 0x7fdf44c13180] IO error: End of file
[https @ 0x7fdf44c69f40] Error reading HTTP response: End of file
[tls @ 0x7fdf33f244c0] IO error: End of file
[https @ 0x7fdf33f27f00] Error reading HTTP response: End of file
[2026-04-12T18:14:41.520099] Saved clip /Users/Chen/PycharmProjects/CSCI_6234_Final/recordings/cam221/clips/2026/04/12/cam221_20260412T221406Z.mp4 (1009233 bytes)
[2026-04-12T18:14:42.049247] Starting 60-second capture -> /Users/Chen/PycharmProjects/CSCI_6234_Final/recordings/cam221/clips/2026/04/12/cam221_20260412T221442Z.mp4
[tls @ 0x7fb467806100] IO error: End of file
[https @ 0x7fb4678057c0] Error reading HTTP response: End of file
[tls @ 0x7fb4679280c0] IO error: End of file
[https @ 0x7fb46794dd40] Error reading HTTP response: End of file
[tls @ 0x7fb467816480] IO error: End of file
[https @ 0x7fb4678234c0] Error reading HTTP response: End of file
[tls @ 0x7fb467950d00] IO error: End of file
[https @ 0x7fb467958300] Error reading HTTP response: End of file
[tls @ 0x7fb46790e440] IO error: End of file
[https @ 0x7fb467906840] Error reading HTTP response: End of file
[tls @ 0x7fb436f44fc0] IO error: End of file
[https @ 0x7fb436f57200] Error reading HTTP response: End of file
[2026-04-12T18:15:23.720432] Saved clip /Users/Chen/PycharmProjects/CSCI_6234_Final/recordings/cam221/clips/2026/04/12/cam221_20260412T221442Z.mp4 (1090964 bytes)
[2026-04-12T18:15:24.248034] Starting 60-second capture -> /Users/Chen/PycharmProjects/CSCI_6234_Final/recordings/cam221/clips/2026/04/12/cam221_20260412T221524Z.mp4
[tls @ 0x7fcd6d804500] IO error: End of file
[https @ 0x7fcd6d8043c0] Error reading HTTP response: End of file
[tls @ 0x7fcd6d858100] IO error: End of file
[https @ 0x7fcd6d858a00] Error reading HTTP response: End of file
[tls @ 0x7fcd6c712480] IO error: End of file
[https @ 0x7fcd6c70fe40] Error reading HTTP response: End of file
[tls @ 0x7fcd7d234440] IO error: End of file
[https @ 0x7fcd7d24a700] Error reading HTTP response: End of file
[tls @ 0x7fcd6d858100] IO error: End of file
[https @ 0x7fcd6d817b00] Error reading HTTP response: End of file
[2026-04-12T18:16:05.874300] Saved clip /Users/Chen/PycharmProjects/CSCI_6234_Final/recordings/cam221/clips/2026/04/12/cam221_20260412T221524Z.mp4 (869632 bytes)
[2026-04-12T18:16:06.396302] Starting 60-second capture -> /Users/Chen/PycharmProjects/CSCI_6234_Final/recordings/cam221/clips/2026/04/12/cam221_20260412T221606Z.mp4
[tls @ 0x7fdaef704680] IO error: End of file
[https @ 0x7fdaef704540] Error reading HTTP response: End of file
[tls @ 0x7fdb0800f6c0] IO error: End of file
[https @ 0x7fdb0801ea80] Error reading HTTP response: End of file
[tls @ 0x7fdaf8022680] IO error: End of file
[https @ 0x7fdaf803a7c0] Error reading HTTP response: End of file
[tls @ 0x7fdb08013780] IO error: End of file
[https @ 0x7fdb0801dd40] Error reading HTTP response: End of file
[tls @ 0x7fdaef7354c0] IO error: End of file
[https @ 0x7fdaef744fc0] Error reading HTTP response: End of file
[tls @ 0x7fdb0f708b00] IO error: End of file
[https @ 0x7fdb0f7091c0] Error reading HTTP response: End of file
[tls @ 0x7fdaf803ac40] IO error: End of file
[https @ 0x7fdaf803a7c0] Error reading HTTP response: End of file
[tls @ 0x7fdaf8051f40] IO error: End of file
[https @ 0x7fdaf8050100] Error reading HTTP response: End of file
[tls @ 0x7fdaef74adc0] IO error: End of file
[https @ 0x7fdaef74e440] Error reading HTTP response: End of file
[2026-04-12T18:16:50.613700] Saved clip /Users/Chen/PycharmProjects/CSCI_6234_Final/recordings/cam221/clips/2026/04/12/cam221_20260412T221606Z.mp4 (991526 bytes)
[2026-04-12T18:16:51.134650] Starting 60-second capture -> /Users/Chen/PycharmProjects/CSCI_6234_Final/recordings/cam221/clips/2026/04/12/cam221_20260412T221651Z.mp4
[tls @ 0x7fb296004500] IO error: End of file
[https @ 0x7fb2960043c0] Error reading HTTP response: End of file
[tls @ 0x7fb29600b9c0] IO error: End of file
[https @ 0x7fb29600a900] Error reading HTTP response: End of file
[tls @ 0x7fb29571bd80] IO error: End of file
[https @ 0x7fb296012e80] Error reading HTTP response: End of file
[tls @ 0x7fb295732980] IO error: End of file
[https @ 0x7fb29574b400] Error reading HTTP response: End of file
[tls @ 0x7fb2a636afc0] IO error: End of file
[https @ 0x7fb2a637d1c0] Error reading HTTP response: End of file
[tls @ 0x7fb296019b80] IO error: End of file
[https @ 0x7fb2960181c0] Error reading HTTP response: End of file
[2026-04-12T18:17:32.741032] Saved clip /Users/Chen/PycharmProjects/CSCI_6234_Final/recordings/cam221/clips/2026/04/12/cam221_20260412T221651Z.mp4 (1149057 bytes)
[2026-04-12T18:17:33.260323] Starting 60-second capture -> /Users/Chen/PycharmProjects/CSCI_6234_Final/recordings/cam221/clips/2026/04/12/cam221_20260412T221733Z.mp4
[tls @ 0x7fa00ff04f80] IO error: End of file
[https @ 0x7fa00ff04e40] Error reading HTTP response: End of file
[tls @ 0x7fa01880ba00] IO error: End of file
[https @ 0x7fa01880b4c0] Error reading HTTP response: End of file
[tls @ 0x7fa018825d80] IO error: End of file
[https @ 0x7fa018832740] Error reading HTTP response: End of file
[tls @ 0x7fa018a3a500] IO error: End of file
[https @ 0x7fa018a0a840] Error reading HTTP response: End of file
[tls @ 0x7f9fdff04200] IO error: End of file
[https @ 0x7f9fdff04140] Error reading HTTP response: End of file
[tls @ 0x7fa01882be40] IO error: End of file
[https @ 0x7fa018824200] Error reading HTTP response: End of file
[2026-04-12T18:18:15.479437] Saved clip /Users/Chen/PycharmProjects/CSCI_6234_Final/recordings/cam221/clips/2026/04/12/cam221_20260412T221733Z.mp4 (1078582 bytes)
[2026-04-12T18:18:15.998012] Starting 60-second capture -> /Users/Chen/PycharmProjects/CSCI_6234_Final/recordings/cam221/clips/2026/04/12/cam221_20260412T221815Z.mp4
[tls @ 0x7fb98be0f780] IO error: End of file
[https @ 0x7fb98be0f6c0] Error reading HTTP response: End of file
[tls @ 0x7fb98bf0c340] IO error: End of file
[https @ 0x7fb98bf0c280] Error reading HTTP response: End of file
[tls @ 0x7fb99808a7c0] IO error: End of file
[https @ 0x7fb98be04440] Error reading HTTP response: End of file
[tls @ 0x7fb9980141c0] IO error: End of file
[https @ 0x7fb99800db40] Error reading HTTP response: End of file
[tls @ 0x7fb99808a7c0] IO error: End of file
[https @ 0x7fb99808c3c0] Error reading HTTP response: End of file
[tls @ 0x7fb98bf6a440] IO error: End of file
[https @ 0x7fb98bf6c780] Error reading HTTP response: End of file
[tls @ 0x7fb98be1f6c0] IO error: End of file
[https @ 0x7fb98be1ad00] Error reading HTTP response: End of file
[2026-04-12T18:18:49.960708] Saved clip /Users/Chen/PycharmProjects/CSCI_6234_Final/recordings/cam221/clips/2026/04/12/cam221_20260412T221815Z.mp4 (1094954 bytes)
[2026-04-12T18:18:50.487269] Starting 60-second capture -> /Users/Chen/PycharmProjects/CSCI_6234_Final/recordings/cam221/clips/2026/04/12/cam221_20260412T221850Z.mp4
[tls @ 0x7fb9524055c0] IO error: End of file
[https @ 0x7fb952405480] Error reading HTTP response: End of file
[tls @ 0x7fb952305240] IO error: End of file
[https @ 0x7fb952305100] Error reading HTTP response: End of file
[tls @ 0x7fb941807640] IO error: End of file
[https @ 0x7fb94181aac0] Error reading HTTP response: End of file
[tls @ 0x7fb952464dc0] IO error: End of file
[https @ 0x7fb952476fc0] Error reading HTTP response: End of file
[tls @ 0x7fb95234f800] IO error: End of file
[https @ 0x7fb95232b940] Error reading HTTP response: End of file
[tls @ 0x7fb94171f7c0] IO error: End of file
[https @ 0x7fb941721b00] Error reading HTTP response: End of file
[2026-04-12T18:19:32.001157] Saved clip /Users/Chen/PycharmProjects/CSCI_6234_Final/recordings/cam221/clips/2026/04/12/cam221_20260412T221850Z.mp4 (876871 bytes)
[2026-04-12T18:19:32.526930] Starting 60-second capture -> /Users/Chen/PycharmProjects/CSCI_6234_Final/recordings/cam221/clips/2026/04/12/cam221_20260412T221932Z.mp4
[tls @ 0x7fd50e715c80] IO error: End of file
[https @ 0x7fd50e715bc0] Error reading HTTP response: End of file
[tls @ 0x7fd51f323100] IO error: End of file
[https @ 0x7fd51f31a180] Error reading HTTP response: End of file
[tls @ 0x7fd4fe722400] IO error: End of file
[https @ 0x7fd4fe7264c0] Error reading HTTP response: End of file
[tls @ 0x7fd50f00bd80] IO error: End of file
[https @ 0x7fd50e71f780] Error reading HTTP response: End of file
[tls @ 0x7fd50e77d600] IO error: End of file
[https @ 0x7fd4fe731c80] Error reading HTTP response: End of file
[tls @ 0x7fd4fe712c80] IO error: End of file
[https @ 0x7fd4fe74be40] Error reading HTTP response: End of file
[2026-04-12T18:20:13.938878] Saved clip /Users/Chen/PycharmProjects/CSCI_6234_Final/recordings/cam221/clips/2026/04/12/cam221_20260412T221932Z.mp4 (995588 bytes)
[2026-04-12T18:20:14.468326] Starting 60-second capture -> /Users/Chen/PycharmProjects/CSCI_6234_Final/recordings/cam221/clips/2026/04/12/cam221_20260412T222014Z.mp4
[tls @ 0x7fa31e205040] IO error: End of file
[https @ 0x7fa31e204f00] Error reading HTTP response: End of file
[tls @ 0x7fa31e407080] IO error: End of file
[https @ 0x7fa31e406f80] Error reading HTTP response: End of file
[tls @ 0x7fa31e285d00] IO error: End of file
[https @ 0x7fa31e28a600] Error reading HTTP response: End of file
[tls @ 0x7fa31e21b200] IO error: End of file
[https @ 0x7fa31e22e800] Error reading HTTP response: End of file
[tls @ 0x7fa31e431040] IO error: End of file
[https @ 0x7fa31e408640] Error reading HTTP response: End of file
[tls @ 0x7fa31e31a340] IO error: End of file
[https @ 0x7fa31e352800] Error reading HTTP response: End of file
[tls @ 0x7fa31e3241c0] IO error: End of file
[https @ 0x7fa31e31ea80] Error reading HTTP response: End of file
[tls @ 0x7fa31e227080] IO error: End of file
[https @ 0x7fa31e28a600] Error reading HTTP response: End of file
[2026-04-12T18:20:58.335299] Saved clip /Users/Chen/PycharmProjects/CSCI_6234_Final/recordings/cam221/clips/2026/04/12/cam221_20260412T222014Z.mp4 (935789 bytes)
[2026-04-12T18:20:58.865596] Starting 60-second capture -> /Users/Chen/PycharmProjects/CSCI_6234_Final/recordings/cam221/clips/2026/04/12/cam221_20260412T222058Z.mp4
[tls @ 0x7f8d3a304680] IO error: End of file
[https @ 0x7f8d3a3044c0] Error reading HTTP response: End of file
[tls @ 0x7f8d3a306fc0] IO error: End of file
[https @ 0x7f8d3a306ec0] Error reading HTTP response: End of file
[tls @ 0x7f8d3a260280] IO error: End of file
[https @ 0x7f8d3a270f40] Error reading HTTP response: End of file
[tls @ 0x7f8d3a444bc0] IO error: End of file
[https @ 0x7f8d3a443800] Error reading HTTP response: End of file
[tls @ 0x7f8d3a316a80] IO error: End of file
[https @ 0x7f8d3a317880] Error reading HTTP response: End of file
[tls @ 0x7f8d18f50b00] IO error: End of file
[https @ 0x7f8d3a468d00] Error reading HTTP response: End of file
[tls @ 0x7f8d3a334dc0] IO error: End of file
[https @ 0x7f8d3a3044c0] Error reading HTTP response: End of file
[tls @ 0x7f8d18f4c080] IO error: End of file
[https @ 0x7f8d18f06000] Error reading HTTP response: End of file
[2026-04-12T18:21:43.003972] Saved clip /Users/Chen/PycharmProjects/CSCI_6234_Final/recordings/cam221/clips/2026/04/12/cam221_20260412T222058Z.mp4 (1047184 bytes)
[2026-04-12T18:21:43.538013] Starting 60-second capture -> /Users/Chen/PycharmProjects/CSCI_6234_Final/recordings/cam221/clips/2026/04/12/cam221_20260412T222143Z.mp4
[tls @ 0x7fceb912e000] IO error: End of file
[https @ 0x7fceb912a400] Error reading HTTP response: End of file
[tls @ 0x7fcea7f16c40] IO error: End of file
[https @ 0x7fcea7f2a500] Error reading HTTP response: End of file
[tls @ 0x7fceb912e000] IO error: End of file
[https @ 0x7fceb91201c0] Error reading HTTP response: End of file
[tls @ 0x7fceb9198640] IO error: End of file
[https @ 0x7fceb914f580] Error reading HTTP response: End of file
[tls @ 0x7fceb0111e00] IO error: End of file
[https @ 0x7fceb0159980] Error reading HTTP response: End of file
[tls @ 0x7fceb7f09040] IO error: End of file
[https @ 0x7fceb7f08f80] Error reading HTTP response: End of file
[2026-04-12T18:22:25.514295] Saved clip /Users/Chen/PycharmProjects/CSCI_6234_Final/recordings/cam221/clips/2026/04/12/cam221_20260412T222143Z.mp4 (1222197 bytes)
[2026-04-12T18:22:26.036092] Starting 60-second capture -> /Users/Chen/PycharmProjects/CSCI_6234_Final/recordings/cam221/clips/2026/04/12/cam221_20260412T222226Z.mp4
[tls @ 0x7fb461105c80] IO error: End of file
[https @ 0x7fb461105b40] Error reading HTTP response: End of file
[tls @ 0x7fb457f2cac0] IO error: End of file
[https @ 0x7fb457f3ecc0] Error reading HTTP response: End of file
[tls @ 0x7fb457f49c40] IO error: End of file
[https @ 0x7fb457f04200] Error reading HTTP response: End of file
[tls @ 0x7fb457f0d940] IO error: End of file
[https @ 0x7fb457f10100] Error reading HTTP response: End of file
[tls @ 0x7fb447f26c00] IO error: End of file
[https @ 0x7fb447f2be80] Error reading HTTP response: End of file
[tls @ 0x7fb46110a480] IO error: End of file
[https @ 0x7fb461184f40] Error reading HTTP response: End of file
[tls @ 0x7fb461130640] IO error: End of file
[https @ 0x7fb461133bc0] Error reading HTTP response: End of file
[tls @ 0x7fb461044740] IO error: End of file
[https @ 0x7fb461045a00] Error reading HTTP response: End of file
[tls @ 0x7fb457f0c340] IO error: End of file
[https @ 0x7fb457f28ec0] Error reading HTTP response: End of file
[2026-04-12T18:23:10.540348] Saved clip /Users/Chen/PycharmProjects/CSCI_6234_Final/recordings/cam221/clips/2026/04/12/cam221_20260412T222226Z.mp4 (946364 bytes)
[2026-04-12T18:23:11.082957] Starting 60-second capture -> /Users/Chen/PycharmProjects/CSCI_6234_Final/recordings/cam221/clips/2026/04/12/cam221_20260412T222311Z.mp4
[tls @ 0x7fa549105700] IO error: End of file
[https @ 0x7fa549105640] Error reading HTTP response: End of file
[tls @ 0x7fa549012f00] IO error: End of file
[https @ 0x7fa549025100] Error reading HTTP response: End of file
[tls @ 0x7fa54903f340] IO error: End of file
[https @ 0x7fa549058300] Error reading HTTP response: End of file
[tls @ 0x7fa52ff5eac0] IO error: End of file
[https @ 0x7fa52ff16d00] Error reading HTTP response: End of file
[tls @ 0x7fa53ff41780] IO error: End of file
[https @ 0x7fa53ff5b380] Error reading HTTP response: End of file
[tls @ 0x7fa54902bbc0] IO error: End of file
[https @ 0x7fa549058300] Error reading HTTP response: End of file
[tls @ 0x7fa5490607c0] IO error: End of file
[https @ 0x7fa52ff3a300] Error reading HTTP response: End of file
[tls @ 0x7fa52ff05580] IO error: End of file
[https @ 0x7fa52ff6a500] Error reading HTTP response: End of file
[2026-04-12T18:23:55.254003] Saved clip /Users/Chen/PycharmProjects/CSCI_6234_Final/recordings/cam221/clips/2026/04/12/cam221_20260412T222311Z.mp4 (1121870 bytes)
[2026-04-12T18:23:55.770984] Starting 60-second capture -> /Users/Chen/PycharmProjects/CSCI_6234_Final/recordings/cam221/clips/2026/04/12/cam221_20260412T222355Z.mp4
[tls @ 0x7f86b9704380] IO error: End of file
[https @ 0x7f86b9704240] Error reading HTTP response: End of file
[tls @ 0x7f86b9818340] IO error: End of file
[https @ 0x7f86b981e840] Error reading HTTP response: End of file
[tls @ 0x7f86ca346640] IO error: End of file
[https @ 0x7f86ca359280] Error reading HTTP response: End of file
[tls @ 0x7f86ca312e00] IO error: End of file
[https @ 0x7f86ca30b8c0] Error reading HTTP response: End of file
[tls @ 0x7f86b981e840] IO error: End of file
[https @ 0x7f86b98223c0] Error reading HTTP response: End of file
[tls @ 0x7f86b9752640] IO error: End of file
[https @ 0x7f86b9755580] Error reading HTTP response: End of file
[2026-04-12T18:24:37.558968] Saved clip /Users/Chen/PycharmProjects/CSCI_6234_Final/recordings/cam221/clips/2026/04/12/cam221_20260412T222355Z.mp4 (876839 bytes)
[2026-04-12T18:24:38.087355] Starting 60-second capture -> /Users/Chen/PycharmProjects/CSCI_6234_Final/recordings/cam221/clips/2026/04/12/cam221_20260412T222438Z.mp4
[tls @ 0x7fd20f204680] IO error: End of file
[https @ 0x7fd20f2045c0] Error reading HTTP response: End of file
[tls @ 0x7fd20f22e6c0] IO error: End of file
[https @ 0x7fd20f22ab00] Error reading HTTP response: End of file
[tls @ 0x7fd20f3268c0] IO error: End of file
[https @ 0x7fd20f325180] Error reading HTTP response: End of file
[tls @ 0x7fd20f4475c0] IO error: End of file
[https @ 0x7fd20f40a540] Error reading HTTP response: End of file
[tls @ 0x7fd1edf2fe40] IO error: End of file
[https @ 0x7fd1edf29a00] Error reading HTTP response: End of file
[tls @ 0x7fd1edf2fe00] IO error: End of file
[https @ 0x7fd1edf42a00] Error reading HTTP response: End of file
[2026-04-12T18:25:17.221536] Saved clip /Users/Chen/PycharmProjects/CSCI_6234_Final/recordings/cam221/clips/2026/04/12/cam221_20260412T222438Z.mp4 (1121608 bytes)
[2026-04-12T18:25:17.743059] Starting 60-second capture -> /Users/Chen/PycharmProjects/CSCI_6234_Final/recordings/cam221/clips/2026/04/12/cam221_20260412T222517Z.mp4
[tls @ 0x7f9df2104680] IO error: End of file
[https @ 0x7f9df2104540] Error reading HTTP response: End of file
[tls @ 0x7f9df2105300] IO error: End of file
[https @ 0x7f9df2105240] Error reading HTTP response: End of file
[tls @ 0x7f9df2121700] IO error: End of file
[https @ 0x7f9df211fb80] Error reading HTTP response: End of file
[tls @ 0x7f9df21253c0] IO error: End of file
[https @ 0x7f9df2104c40] Error reading HTTP response: End of file
[tls @ 0x7f9df2049a40] IO error: End of file
[https @ 0x7f9df2045e80] Error reading HTTP response: End of file
[tls @ 0x7f9df202e480] IO error: End of file
[https @ 0x7f9df2043040] Error reading HTTP response: End of file
[tls @ 0x7f9e0220b140] IO error: End of file
[https @ 0x7f9e02212800] Error reading HTTP response: End of file
[tls @ 0x7f9df20318c0] IO error: End of file
[https @ 0x7f9df2045e80] Error reading HTTP response: End of file
[tls @ 0x7f9e022464c0] IO error: End of file
[https @ 0x7f9e022586c0] Error reading HTTP response: End of file
[2026-04-12T18:26:02.097506] Saved clip /Users/Chen/PycharmProjects/CSCI_6234_Final/recordings/cam221/clips/2026/04/12/cam221_20260412T222517Z.mp4 (812673 bytes)
[2026-04-12T18:26:02.614437] Starting 60-second capture -> /Users/Chen/PycharmProjects/CSCI_6234_Final/recordings/cam221/clips/2026/04/12/cam221_20260412T222602Z.mp4
[tls @ 0x7ff1289114c0] IO error: End of file
[https @ 0x7ff128911380] Error reading HTTP response: End of file
[tls @ 0x7ff121217f00] IO error: End of file
[https @ 0x7ff12121f4c0] Error reading HTTP response: End of file
[tls @ 0x7ff121257640] IO error: End of file
[https @ 0x7ff121235b80] Error reading HTTP response: End of file
[tls @ 0x7ff110805b40] IO error: End of file
[https @ 0x7ff110806580] Error reading HTTP response: End of file
[tls @ 0x7ff12103f500] IO error: End of file
[https @ 0x7ff1210156c0] Error reading HTTP response: End of file
[tls @ 0x7ff117f25c80] IO error: End of file
[https @ 0x7ff117f29200] Error reading HTTP response: End of file
[2026-04-12T18:26:44.282953] Saved clip /Users/Chen/PycharmProjects/CSCI_6234_Final/recordings/cam221/clips/2026/04/12/cam221_20260412T222602Z.mp4 (803684 bytes)
[2026-04-12T18:26:44.800682] Starting 60-second capture -> /Users/Chen/PycharmProjects/CSCI_6234_Final/recordings/cam221/clips/2026/04/12/cam221_20260412T222644Z.mp4
[tls @ 0x7fcd0e704680] IO error: End of file
[https @ 0x7fcd0e704540] Error reading HTTP response: End of file
[tls @ 0x7fcd1e713900] IO error: End of file
[https @ 0x7fcd1e725c40] Error reading HTTP response: End of file
[tls @ 0x7fcd0f209b80] IO error: End of file
[https @ 0x7fcd0f2070c0] Error reading HTTP response: End of file
[tls @ 0x7fcd0e706c80] IO error: End of file
[https @ 0x7fcd0e704e00] Error reading HTTP response: End of file
[tls @ 0x7fcd0e709840] IO error: End of file
[https @ 0x7fcd0e706d40] Error reading HTTP response: End of file
[tls @ 0x7fcd0e705640] IO error: End of file
[https @ 0x7fcd0e709b00] Error reading HTTP response: End of file
[2026-04-12T18:27:26.220366] Saved clip /Users/Chen/PycharmProjects/CSCI_6234_Final/recordings/cam221/clips/2026/04/12/cam221_20260412T222644Z.mp4 (845336 bytes)
[2026-04-12T18:27:26.737187] Starting 60-second capture -> /Users/Chen/PycharmProjects/CSCI_6234_Final/recordings/cam221/clips/2026/04/12/cam221_20260412T222726Z.mp4
[tls @ 0x7fecef8047c0] IO error: End of file
[https @ 0x7fecef804680] Error reading HTTP response: End of file
[tls @ 0x7fecefa0cb40] IO error: End of file
[https @ 0x7fecefa0a240] Error reading HTTP response: End of file
[tls @ 0x7fecff82fbc0] IO error: End of file
[https @ 0x7fecff82de00] Error reading HTTP response: End of file
[tls @ 0x7fecef920200] IO error: End of file
[https @ 0x7fecef928200] Error reading HTTP response: End of file
[tls @ 0x7fecaef04200] IO error: End of file
[https @ 0x7fecaef04100] Error reading HTTP response: End of file
[tls @ 0x7fecff956a40] IO error: End of file
[https @ 0x7fecff968c40] Error reading HTTP response: End of file
[tls @ 0x7fecef926640] IO error: End of file
[https @ 0x7fecef918180] Error reading HTTP response: End of file
[tls @ 0x7feceef3f600] IO error: End of file
[https @ 0x7feceef1c300] Error reading HTTP response: End of file
[tls @ 0x7fecefa30740] IO error: End of file
[https @ 0x7fecefa37000] Error reading HTTP response: End of file
[2026-04-12T18:28:11.039351] Saved clip /Users/Chen/PycharmProjects/CSCI_6234_Final/recordings/cam221/clips/2026/04/12/cam221_20260412T222726Z.mp4 (735324 bytes)
[2026-04-12T18:28:11.557265] Starting 60-second capture -> /Users/Chen/PycharmProjects/CSCI_6234_Final/recordings/cam221/clips/2026/04/12/cam221_20260412T222811Z.mp4
[tls @ 0x7fa55bf05100] IO error: End of file
[https @ 0x7fa55bf04b80] Error reading HTTP response: End of file
[tls @ 0x7fa55c8049c0] IO error: End of file
[https @ 0x7fa55c8048c0] Error reading HTTP response: End of file
[tls @ 0x7fa55c82d540] IO error: End of file
[https @ 0x7fa55c821680] Error reading HTTP response: End of file
[tls @ 0x7fa55bf14600] IO error: End of file
[https @ 0x7fa55bf24a00] Error reading HTTP response: End of file
[tls @ 0x7fa56c929b80] IO error: End of file
[https @ 0x7fa56c921700] Error reading HTTP response: End of file
[tls @ 0x7fa55c90c880] IO error: End of file
[https @ 0x7fa55c99d1c0] Error reading HTTP response: End of file
[2026-04-12T18:28:53.298406] Saved clip /Users/Chen/PycharmProjects/CSCI_6234_Final/recordings/cam221/clips/2026/04/12/cam221_20260412T222811Z.mp4 (850385 bytes)
[2026-04-12T18:28:53.820475] Starting 60-second capture -> /Users/Chen/PycharmProjects/CSCI_6234_Final/recordings/cam221/clips/2026/04/12/cam221_20260412T222853Z.mp4
[tls @ 0x7fb1f2f05100] IO error: End of file
[https @ 0x7fb1f2f04b80] Error reading HTTP response: End of file
[tls @ 0x7fb1f3906280] IO error: End of file
[https @ 0x7fb1f390aa80] Error reading HTTP response: End of file
[tls @ 0x7fb1f383ea80] IO error: End of file
[https @ 0x7fb1f385c400] Error reading HTTP response: End of file
[tls @ 0x7fb1f3806a00] IO error: End of file
[https @ 0x7fb1f380c7c0] Error reading HTTP response: End of file
[tls @ 0x7fb1f391e2c0] IO error: End of file
[https @ 0x7fb1f3919540] Error reading HTTP response: End of file
[tls @ 0x7fb1d2f04540] IO error: End of file
[https @ 0x7fb1d2f04480] Error reading HTTP response: End of file
[2026-04-12T18:29:35.352533] Saved clip /Users/Chen/PycharmProjects/CSCI_6234_Final/recordings/cam221/clips/2026/04/12/cam221_20260412T222853Z.mp4 (698986 bytes)
[2026-04-12T18:29:35.866540] Starting 60-second capture -> /Users/Chen/PycharmProjects/CSCI_6234_Final/recordings/cam221/clips/2026/04/12/cam221_20260412T222935Z.mp4
[tls @ 0x7f9855804680] IO error: End of file
[https @ 0x7f9855804540] Error reading HTTP response: End of file
[tls @ 0x7f985591ce40] IO error: End of file
[https @ 0x7f9855911940] Error reading HTTP response: End of file
[tls @ 0x7f9865906b80] IO error: End of file
[https @ 0x7f9865906ac0] Error reading HTTP response: End of file
[tls @ 0x7f9855857c80] IO error: End of file
[https @ 0x7f9855856880] Error reading HTTP response: End of file
[tls @ 0x7f9855847340] IO error: End of file
[https @ 0x7f9855847280] Error reading HTTP response: End of file
[tls @ 0x7f9865c063c0] IO error: End of file
[https @ 0x7f9865c06280] Error reading HTTP response: End of file
[tls @ 0x7f9854f0e340] IO error: End of file
[https @ 0x7f9854f05100] Error reading HTTP response: End of file
[tls @ 0x7f9865c06f80] IO error: End of file
[https @ 0x7f9865c06e80] Error reading HTTP response: End of file
[2026-04-12T18:30:20.271604] Saved clip /Users/Chen/PycharmProjects/CSCI_6234_Final/recordings/cam221/clips/2026/04/12/cam221_20260412T222935Z.mp4 (842147 bytes)
[2026-04-12T18:30:20.788492] Starting 60-second capture -> /Users/Chen/PycharmProjects/CSCI_6234_Final/recordings/cam221/clips/2026/04/12/cam221_20260412T223020Z.mp4
[tls @ 0x7faac2706400] IO error: End of file
[https @ 0x7faac2706340] Error reading HTTP response: End of file
[tls @ 0x7faac2709a40] IO error: End of file
[https @ 0x7faac2709940] Error reading HTTP response: End of file
[tls @ 0x7faab3204200] IO error: End of file
[https @ 0x7faab3204100] Error reading HTTP response: End of file
[tls @ 0x7faa8380c080] IO error: End of file
[https @ 0x7faa8380bfc0] Error reading HTTP response: End of file
[tls @ 0x7faab3419900] IO error: End of file
[https @ 0x7faab340ed00] Error reading HTTP response: End of file
[tls @ 0x7faac3045ac0] IO error: End of file
[https @ 0x7faac3007740] Error reading HTTP response: End of file
[tls @ 0x7faab3123f80] IO error: End of file
[https @ 0x7faab3123540] Error reading HTTP response: End of file
[tls @ 0x7faab3010100] IO error: End of file
[https @ 0x7faab300aa80] Error reading HTTP response: End of file
[2026-04-12T18:31:04.441486] Saved clip /Users/Chen/PycharmProjects/CSCI_6234_Final/recordings/cam221/clips/2026/04/12/cam221_20260412T223020Z.mp4 (1101414 bytes)
[2026-04-12T18:31:04.954298] Starting 60-second capture -> /Users/Chen/PycharmProjects/CSCI_6234_Final/recordings/cam221/clips/2026/04/12/cam221_20260412T223104Z.mp4
[tls @ 0x7fbbe11567c0] IO error: End of file
[https @ 0x7fbbe116e000] Error reading HTTP response: End of file
[tls @ 0x7fbbd1b075c0] IO error: End of file
[https @ 0x7fbbd1b04e40] Error reading HTTP response: End of file
[tls @ 0x7fbbd1804b00] IO error: End of file
[https @ 0x7fbbd18049c0] Error reading HTTP response: End of file
[tls @ 0x7fbbe1307280] IO error: End of file
[https @ 0x7fbbe1311040] Error reading HTTP response: End of file
[tls @ 0x7fbbd1887980] IO error: End of file
[https @ 0x7fbbd1899b80] Error reading HTTP response: End of file
[2026-04-12T18:31:46.805752] Saved clip /Users/Chen/PycharmProjects/CSCI_6234_Final/recordings/cam221/clips/2026/04/12/cam221_20260412T223104Z.mp4 (1200872 bytes)
[2026-04-12T18:31:47.316398] Starting 60-second capture -> /Users/Chen/PycharmProjects/CSCI_6234_Final/recordings/cam221/clips/2026/04/12/cam221_20260412T223147Z.mp4
[tls @ 0x7fe663704680] IO error: End of file
[https @ 0x7fe663704540] Error reading HTTP response: End of file
[tls @ 0x7fe674590900] IO error: End of file
[https @ 0x7fe674504440] Error reading HTTP response: End of file
[tls @ 0x7fe643704240] IO error: End of file
[https @ 0x7fe643704080] Error reading HTTP response: End of file
[tls @ 0x7fe67401f480] IO error: End of file
[https @ 0x7fe674031680] Error reading HTTP response: End of file
[tls @ 0x7fe644004080] IO error: End of file
[https @ 0x7fe644005680] Error reading HTTP response: End of file
[tls @ 0x7fe643722e80] IO error: End of file
[https @ 0x7fe6437060c0] Error reading HTTP response: End of file
[tls @ 0x7fe674308d00] IO error: End of file
[https @ 0x7fe674308c40] Error reading HTTP response: End of file
[2026-04-12T18:32:21.930486] Saved clip /Users/Chen/PycharmProjects/CSCI_6234_Final/recordings/cam221/clips/2026/04/12/cam221_20260412T223147Z.mp4 (1056390 bytes)
[2026-04-12T18:32:22.448688] Starting 60-second capture -> /Users/Chen/PycharmProjects/CSCI_6234_Final/recordings/cam221/clips/2026/04/12/cam221_20260412T223222Z.mp4
[tls @ 0x7fb160004500] IO error: End of file
[https @ 0x7fb1600043c0] Error reading HTTP response: End of file
[tls @ 0x7fb1600052c0] IO error: End of file
[https @ 0x7fb160005200] Error reading HTTP response: End of file
[tls @ 0x7fb107704280] IO error: End of file
[https @ 0x7fb1077040c0] Error reading HTTP response: End of file
[tls @ 0x7fb1077057c0] IO error: End of file
[https @ 0x7fb107704740] Error reading HTTP response: End of file
[tls @ 0x7fb157704380] IO error: End of file
[https @ 0x7fb157704240] Error reading HTTP response: End of file
[tls @ 0x7fb157704f80] IO error: End of file
[https @ 0x7fb157708800] Error reading HTTP response: End of file
[2026-04-12T18:33:04.130633] Saved clip /Users/Chen/PycharmProjects/CSCI_6234_Final/recordings/cam221/clips/2026/04/12/cam221_20260412T223222Z.mp4 (984124 bytes)
[2026-04-12T18:33:04.650309] Starting 60-second capture -> /Users/Chen/PycharmProjects/CSCI_6234_Final/recordings/cam221/clips/2026/04/12/cam221_20260412T223304Z.mp4
[tls @ 0x7fda61708900] IO error: End of file
[https @ 0x7fda617087c0] Error reading HTTP response: End of file
[tls @ 0x7fda66805dc0] IO error: End of file
[https @ 0x7fda66805c80] Error reading HTTP response: End of file
[tls @ 0x7fda62604080] IO error: End of file
[https @ 0x7fda62606400] Error reading HTTP response: End of file
[tls @ 0x7fda66804bc0] IO error: End of file
[https @ 0x7fda66805a40] Error reading HTTP response: End of file
[tls @ 0x7fda66804a80] IO error: End of file
[https @ 0x7fda66804980] Error reading HTTP response: End of file
[tls @ 0x7fda62706100] IO error: End of file
[https @ 0x7fda6270b640] Error reading HTTP response: End of file
[2026-04-12T18:33:46.606066] Saved clip /Users/Chen/PycharmProjects/CSCI_6234_Final/recordings/cam221/clips/2026/04/12/cam221_20260412T223304Z.mp4 (1256220 bytes)
[2026-04-12T18:33:47.123410] Starting 60-second capture -> /Users/Chen/PycharmProjects/CSCI_6234_Final/recordings/cam221/clips/2026/04/12/cam221_20260412T223347Z.mp4
[tls @ 0x7f9e2d057600] IO error: End of file
[https @ 0x7f9e2d069800] Error reading HTTP response: End of file
[tls @ 0x7f9e1c704c80] IO error: End of file
[https @ 0x7f9e1c704b80] Error reading HTTP response: End of file
[tls @ 0x7f9e1d005cc0] IO error: End of file
[https @ 0x7f9e1d007e80] Error reading HTTP response: End of file
[tls @ 0x7f9e1c739b80] IO error: End of file
[https @ 0x7f9e1c74bd80] Error reading HTTP response: End of file
[tls @ 0x7f9e2d109940] IO error: End of file
[https @ 0x7f9e2d10d840] Error reading HTTP response: End of file
[tls @ 0x7f9e2d057600] IO error: End of file
[https @ 0x7f9e2d069800] Error reading HTTP response: End of file
[tls @ 0x7f9e1d404180] IO error: End of file
[https @ 0x7f9e1c721840] Error reading HTTP response: End of file
[2026-04-12T18:34:21.252084] Saved clip /Users/Chen/PycharmProjects/CSCI_6234_Final/recordings/cam221/clips/2026/04/12/cam221_20260412T223347Z.mp4 (1045066 bytes)
[2026-04-12T18:34:21.771892] Starting 60-second capture -> /Users/Chen/PycharmProjects/CSCI_6234_Final/recordings/cam221/clips/2026/04/12/cam221_20260412T223421Z.mp4
[tls @ 0x7fc23a405c80] IO error: End of file
[https @ 0x7fc23a405b40] Error reading HTTP response: End of file
[tls @ 0x7fc23a406b80] IO error: End of file
[https @ 0x7fc23a406ac0] Error reading HTTP response: End of file
[tls @ 0x7fc229749fc0] IO error: End of file
[https @ 0x7fc22974f040] Error reading HTTP response: End of file
[tls @ 0x7fc23a41df00] IO error: End of file
[https @ 0x7fc23a433e40] Error reading HTTP response: End of file
[tls @ 0x7fc23a416300] IO error: End of file
[https @ 0x7fc23a417880] Error reading HTTP response: End of file
[tls @ 0x7fc22a153900] IO error: End of file
[https @ 0x7fc22a151d40] Error reading HTTP response: End of file
[2026-04-12T18:35:03.383252] Saved clip /Users/Chen/PycharmProjects/CSCI_6234_Final/recordings/cam221/clips/2026/04/12/cam221_20260412T223421Z.mp4 (1017609 bytes)
[2026-04-12T18:35:03.901044] Starting 60-second capture -> /Users/Chen/PycharmProjects/CSCI_6234_Final/recordings/cam221/clips/2026/04/12/cam221_20260412T223503Z.mp4
[tls @ 0x7fe22fa04140] IO error: End of file
[https @ 0x7fe22f9043c0] Error reading HTTP response: End of file
[tls @ 0x7fe22f81eec0] IO error: End of file
[https @ 0x7fe22f81e900] Error reading HTTP response: End of file
[tls @ 0x7fe22f8049c0] IO error: End of file
[https @ 0x7fe22f804880] Error reading HTTP response: End of file
[tls @ 0x7fe1fef04780] IO error: End of file
[https @ 0x7fe1fef04480] Error reading HTTP response: End of file
[tls @ 0x7fe22fb1cd80] IO error: End of file
[https @ 0x7fe22fb1d580] Error reading HTTP response: End of file
[2026-04-12T18:35:46.108106] Saved clip /Users/Chen/PycharmProjects/CSCI_6234_Final/recordings/cam221/clips/2026/04/12/cam221_20260412T223503Z.mp4 (1002760 bytes)
[2026-04-12T18:35:46.622374] Starting 60-second capture -> /Users/Chen/PycharmProjects/CSCI_6234_Final/recordings/cam221/clips/2026/04/12/cam221_20260412T223546Z.mp4
[tls @ 0x7fd57d8567c0] IO error: End of file
[https @ 0x7fd57d868a00] Error reading HTTP response: End of file
[tls @ 0x7fd57cf487c0] IO error: End of file
[https @ 0x7fd57cf5a9c0] Error reading HTTP response: End of file
[tls @ 0x7fd56cf04540] IO error: End of file
[https @ 0x7fd56cf04880] Error reading HTTP response: End of file
[tls @ 0x7fd52cf043c0] IO error: End of file
[https @ 0x7fd52cf04200] Error reading HTTP response: End of file
[tls @ 0x7fd52e004200] IO error: End of file
[https @ 0x7fd52e004140] Error reading HTTP response: End of file
[tls @ 0x7fd57d943600] IO error: End of file
[https @ 0x7fd57d90da80] Error reading HTTP response: End of file
[tls @ 0x7fd55cf043c0] IO error: End of file
[https @ 0x7fd55cf04280] Error reading HTTP response: End of file
[tls @ 0x7fd55cf05d40] IO error: End of file
[https @ 0x7fd55cf075c0] Error reading HTTP response: End of file
[tls @ 0x7fd57da052c0] IO error: End of file
[https @ 0x7fd57da05200] Error reading HTTP response: End of file
[2026-04-12T18:36:30.692945] Saved clip /Users/Chen/PycharmProjects/CSCI_6234_Final/recordings/cam221/clips/2026/04/12/cam221_20260412T223546Z.mp4 (984572 bytes)
[2026-04-12T18:36:31.209457] Starting 60-second capture -> /Users/Chen/PycharmProjects/CSCI_6234_Final/recordings/cam221/clips/2026/04/12/cam221_20260412T223631Z.mp4
[tls @ 0x7f9447f094c0] IO error: End of file
[https @ 0x7f9447f093c0] Error reading HTTP response: End of file
[tls @ 0x7f9430a049c0] IO error: End of file
[https @ 0x7f9430a048c0] Error reading HTTP response: End of file
[tls @ 0x7f9430922d40] IO error: End of file
[https @ 0x7f9430917dc0] Error reading HTTP response: End of file
[tls @ 0x7f943094c8c0] IO error: End of file
[https @ 0x7f943093ff00] Error reading HTTP response: End of file
[tls @ 0x7f9430922d40] IO error: End of file
[https @ 0x7f94309292c0] Error reading HTTP response: End of file
[tls @ 0x7f9430904a80] IO error: End of file
[https @ 0x7f9430904740] Error reading HTTP response: End of file
[2026-04-12T18:37:12.754048] Saved clip /Users/Chen/PycharmProjects/CSCI_6234_Final/recordings/cam221/clips/2026/04/12/cam221_20260412T223631Z.mp4 (1113967 bytes)
[2026-04-12T18:37:13.268231] Starting 60-second capture -> /Users/Chen/PycharmProjects/CSCI_6234_Final/recordings/cam221/clips/2026/04/12/cam221_20260412T223713Z.mp4
[tls @ 0x7fd418a55dc0] IO error: End of file
[https @ 0x7fd418a6d640] Error reading HTTP response: End of file
[tls @ 0x7fd400906dc0] IO error: End of file
[https @ 0x7fd400906cc0] Error reading HTTP response: End of file
[tls @ 0x7fd400904480] IO error: End of file
[https @ 0x7fd400906f80] Error reading HTTP response: End of file
[tls @ 0x7fd3c0145c80] IO error: End of file
[https @ 0x7fd3c0157ec0] Error reading HTTP response: End of file
[tls @ 0x7fd3f7f04100] IO error: End of file
[https @ 0x7fd400b04080] Error reading HTTP response: End of file
[tls @ 0x7fd400b1c240] IO error: End of file
[https @ 0x7fd400b18340] Error reading HTTP response: End of file
[2026-04-12T18:37:54.822017] Saved clip /Users/Chen/PycharmProjects/CSCI_6234_Final/recordings/cam221/clips/2026/04/12/cam221_20260412T223713Z.mp4 (1019988 bytes)
[2026-04-12T18:37:55.334691] Starting 60-second capture -> /Users/Chen/PycharmProjects/CSCI_6234_Final/recordings/cam221/clips/2026/04/12/cam221_20260412T223755Z.mp4
[tls @ 0x7f8c84a04800] IO error: End of file
[https @ 0x7f8c84a046c0] Error reading HTTP response: End of file
[tls @ 0x7f8c63f0af40] IO error: End of file
[https @ 0x7f8c63f0ae00] Error reading HTTP response: End of file
[tls @ 0x7f8c83f59d80] IO error: End of file
[https @ 0x7f8c83f6bf80] Error reading HTTP response: End of file
[tls @ 0x7f8c84b18e80] IO error: End of file
[https @ 0x7f8c84b18280] Error reading HTTP response: End of file
[tls @ 0x7f8c84a09980] IO error: End of file
[https @ 0x7f8c84a098c0] Error reading HTTP response: End of file
[tls @ 0x7f8c84956bc0] IO error: End of file
[https @ 0x7f8c8494eec0] Error reading HTTP response: End of file
[tls @ 0x7f8c84b3d3c0] IO error: End of file
[https @ 0x7f8c84b4f5c0] Error reading HTTP response: End of file
[tls @ 0x7f8c84b4f680] IO error: End of file
[https @ 0x7f8c84b18280] Error reading HTTP response: End of file
[2026-04-12T18:38:39.405029] Saved clip /Users/Chen/PycharmProjects/CSCI_6234_Final/recordings/cam221/clips/2026/04/12/cam221_20260412T223755Z.mp4 (1381646 bytes)
[2026-04-12T18:38:39.918311] Starting 60-second capture -> /Users/Chen/PycharmProjects/CSCI_6234_Final/recordings/cam221/clips/2026/04/12/cam221_20260412T223839Z.mp4
[tls @ 0x7f81d9004680] IO error: End of file
[https @ 0x7f81d9004540] Error reading HTTP response: End of file
[tls @ 0x7f81e931c180] IO error: End of file
[https @ 0x7f81e931c0c0] Error reading HTTP response: End of file
[tls @ 0x7f81d9144fc0] IO error: End of file
[https @ 0x7f81d9141400] Error reading HTTP response: End of file
[tls @ 0x7f81e931c0c0] IO error: End of file
[https @ 0x7f81e931c180] Error reading HTTP response: End of file
[tls @ 0x7f81d9160b80] IO error: End of file
[https @ 0x7f81d9161b00] Error reading HTTP response: End of file
[tls @ 0x7f81d8704440] IO error: End of file
[https @ 0x7f81d8704080] Error reading HTTP response: End of file
[tls @ 0x7f81d8704c00] IO error: End of file
[https @ 0x7f81d8704b40] Error reading HTTP response: End of file
[2026-04-12T18:39:24.780341] Saved clip /Users/Chen/PycharmProjects/CSCI_6234_Final/recordings/cam221/clips/2026/04/12/cam221_20260412T223839Z.mp4 (1156532 bytes)
[2026-04-12T18:39:25.291929] Starting 60-second capture -> /Users/Chen/PycharmProjects/CSCI_6234_Final/recordings/cam221/clips/2026/04/12/cam221_20260412T223925Z.mp4
[tls @ 0x7f951fa054c0] IO error: End of file
[https @ 0x7f951fa04f80] Error reading HTTP response: End of file
[tls @ 0x7f94fe706e00] IO error: End of file
[https @ 0x7f94fe706d40] Error reading HTTP response: End of file
[tls @ 0x7f94ff005f00] IO error: End of file
[https @ 0x7f94ff004080] Error reading HTTP response: End of file
[tls @ 0x7f951f919080] IO error: End of file
[https @ 0x7f951f91c140] Error reading HTTP response: End of file
[tls @ 0x7f951f80b1c0] IO error: End of file
[https @ 0x7f951f80c900] Error reading HTTP response: End of file
[tls @ 0x7f94ff060580] IO error: End of file
[https @ 0x7f94ff05ff80] Error reading HTTP response: End of file
[2026-04-12T18:40:06.717083] Saved clip /Users/Chen/PycharmProjects/CSCI_6234_Final/recordings/cam221/clips/2026/04/12/cam221_20260412T223925Z.mp4 (1054780 bytes)
[2026-04-12T18:40:07.226880] Starting 60-second capture -> /Users/Chen/PycharmProjects/CSCI_6234_Final/recordings/cam221/clips/2026/04/12/cam221_20260412T224007Z.mp4
[tls @ 0x7fbf49f04680] IO error: End of file
[https @ 0x7fbf49f04540] Error reading HTTP response: End of file
[tls @ 0x7fbf4b225dc0] IO error: End of file
[https @ 0x7fbf4b222340] Error reading HTTP response: End of file
[tls @ 0x7fbf4b227580] IO error: End of file
[https @ 0x7fbf4b229200] Error reading HTTP response: End of file
[tls @ 0x7fbf5a828840] IO error: End of file
[https @ 0x7fbf5a82fdc0] Error reading HTTP response: End of file
[tls @ 0x7fbf5a834300] IO error: End of file
[https @ 0x7fbf5a834740] Error reading HTTP response: End of file
[tls @ 0x7fbf5ab0ac80] IO error: End of file
[https @ 0x7fbf5ab0b400] Error reading HTTP response: End of file
[2026-04-12T18:40:45.850962] Saved clip /Users/Chen/PycharmProjects/CSCI_6234_Final/recordings/cam221/clips/2026/04/12/cam221_20260412T224007Z.mp4 (863985 bytes)
[2026-04-12T18:40:46.365793] Starting 60-second capture -> /Users/Chen/PycharmProjects/CSCI_6234_Final/recordings/cam221/clips/2026/04/12/cam221_20260412T224046Z.mp4
[tls @ 0x7ff379f04680] IO error: End of file
[https @ 0x7ff379f04540] Error reading HTTP response: End of file
[tls @ 0x7ff38a807080] IO error: End of file
[https @ 0x7ff38a806f80] Error reading HTTP response: End of file
[tls @ 0x7ff37aa17180] IO error: End of file
[https @ 0x7ff37aa170c0] Error reading HTTP response: End of file
[tls @ 0x7ff38aa140c0] IO error: End of file
[https @ 0x7ff38aa15c80] Error reading HTTP response: End of file
[tls @ 0x7ff339f04200] IO error: End of file
[https @ 0x7ff339f04140] Error reading HTTP response: End of file
[tls @ 0x7ff379f04680] IO error: End of file
[https @ 0x7ff379f045c0] Error reading HTTP response: End of file
[tls @ 0x7ff38a92d680] IO error: End of file
[https @ 0x7ff38a92f9c0] Error reading HTTP response: End of file
[tls @ 0x7ff37a8222c0] IO error: End of file
[https @ 0x7ff37a814e00] Error reading HTTP response: End of file
[2026-04-12T18:41:30.145459] Saved clip /Users/Chen/PycharmProjects/CSCI_6234_Final/recordings/cam221/clips/2026/04/12/cam221_20260412T224046Z.mp4 (889175 bytes)
[2026-04-12T18:41:30.663178] Starting 60-second capture -> /Users/Chen/PycharmProjects/CSCI_6234_Final/recordings/cam221/clips/2026/04/12/cam221_20260412T224130Z.mp4
[tls @ 0x7faf44704680] IO error: End of file
[https @ 0x7faf44704540] Error reading HTTP response: End of file
[tls @ 0x7faf551b3380] IO error: End of file
[https @ 0x7faf551c5580] Error reading HTTP response: End of file
[tls @ 0x7faf55008a40] IO error: End of file
[https @ 0x7faf55008980] Error reading HTTP response: End of file
[tls @ 0x7faf34704280] IO error: End of file
[https @ 0x7faf347041c0] Error reading HTTP response: End of file
[tls @ 0x7faf54785400] IO error: End of file
[https @ 0x7faf54797600] Error reading HTTP response: End of file
[2026-04-12T18:42:12.252606] Saved clip /Users/Chen/PycharmProjects/CSCI_6234_Final/recordings/cam221/clips/2026/04/12/cam221_20260412T224130Z.mp4 (1192146 bytes)
[2026-04-12T18:42:12.772119] Starting 60-second capture -> /Users/Chen/PycharmProjects/CSCI_6234_Final/recordings/cam221/clips/2026/04/12/cam221_20260412T224212Z.mp4
[tls @ 0x7fcf92704380] IO error: End of file
[https @ 0x7fcf92704240] Error reading HTTP response: End of file
[tls @ 0x7fcf93005500] IO error: End of file
[https @ 0x7fcf93005440] Error reading HTTP response: End of file
[tls @ 0x7fcfa2708840] IO error: End of file
[https @ 0x7fcfa2707980] Error reading HTTP response: End of file
[tls @ 0x7fcfa329f380] IO error: End of file
[https @ 0x7fcfa328ae00] Error reading HTTP response: End of file
[tls @ 0x7fcfa31062c0] IO error: End of file
[https @ 0x7fcfa3107380] Error reading HTTP response: End of file
[tls @ 0x7fcfa32564c0] IO error: End of file
[https @ 0x7fcfa3268700] Error reading HTTP response: End of file
[2026-04-12T18:42:54.595559] Saved clip /Users/Chen/PycharmProjects/CSCI_6234_Final/recordings/cam221/clips/2026/04/12/cam221_20260412T224212Z.mp4 (1174769 bytes)
[2026-04-12T18:42:55.111589] Starting 60-second capture -> /Users/Chen/PycharmProjects/CSCI_6234_Final/recordings/cam221/clips/2026/04/12/cam221_20260412T224255Z.mp4
[tls @ 0x7faa8e705100] IO error: End of file
[https @ 0x7faa8e704b80] Error reading HTTP response: End of file
[tls @ 0x7faa8f804c80] IO error: End of file
[https @ 0x7faa8f804b80] Error reading HTTP response: End of file
[tls @ 0x7faa8f904a00] IO error: End of file
[https @ 0x7faa8f904e00] Error reading HTTP response: End of file
[tls @ 0x7faa9f036380] IO error: End of file
[https @ 0x7faa9f036240] Error reading HTTP response: End of file
[tls @ 0x7faa8f904e00] IO error: End of file
[https @ 0x7faa8f904a00] Error reading HTTP response: End of file
[tls @ 0x7faa8f906880] IO error: End of file
[https @ 0x7faa8f9067c0] Error reading HTTP response: End of file
[tls @ 0x7faa6f904200] IO error: End of file
[https @ 0x7faa6f904140] Error reading HTTP response: End of file
[tls @ 0x7faa9f115600] IO error: End of file
[https @ 0x7faa9f11a440] Error reading HTTP response: End of file
[2026-04-12T18:43:38.987624] Saved clip /Users/Chen/PycharmProjects/CSCI_6234_Final/recordings/cam221/clips/2026/04/12/cam221_20260412T224255Z.mp4 (1027146 bytes)
[2026-04-12T18:43:39.505711] Starting 60-second capture -> /Users/Chen/PycharmProjects/CSCI_6234_Final/recordings/cam221/clips/2026/04/12/cam221_20260412T224339Z.mp4
[tls @ 0x7faeb6b06f80] IO error: End of file
[https @ 0x7faeb6b06ec0] Error reading HTTP response: End of file
[tls @ 0x7faeb6b04bc0] IO error: End of file
[https @ 0x7faeb6c054c0] Error reading HTTP response: End of file
[tls @ 0x7faeb6c3b1c0] IO error: End of file
[https @ 0x7faeb6c49bc0] Error reading HTTP response: End of file
[tls @ 0x7faeb6c4ea00] IO error: End of file
[https @ 0x7faeb6c60c40] Error reading HTTP response: End of file
[tls @ 0x7faeb6c3b1c0] IO error: End of file
[https @ 0x7faeb6c42780] Error reading HTTP response: End of file
[tls @ 0x7fae76804200] IO error: End of file
[https @ 0x7fae76804140] Error reading HTTP response: End of file
[tls @ 0x7fae76845580] IO error: End of file
[https @ 0x7fae76857780] Error reading HTTP response: End of file
[2026-04-12T18:44:28.596256] Saved clip /Users/Chen/PycharmProjects/CSCI_6234_Final/recordings/cam221/clips/2026/04/12/cam221_20260412T224339Z.mp4 (1020040 bytes)
[2026-04-12T18:44:29.111202] Starting 60-second capture -> /Users/Chen/PycharmProjects/CSCI_6234_Final/recordings/cam221/clips/2026/04/12/cam221_20260412T224429Z.mp4
[tls @ 0x7fab738563c0] IO error: End of file
[https @ 0x7fab73870600] Error reading HTTP response: End of file
[tls @ 0x7fab62706900] IO error: End of file
[https @ 0x7fab627067c0] Error reading HTTP response: End of file
[tls @ 0x7fab63206240] IO error: End of file
[https @ 0x7fab63206880] Error reading HTTP response: End of file
[tls @ 0x7fab6325f1c0] IO error: End of file
[https @ 0x7fab63251c00] Error reading HTTP response: End of file
[tls @ 0x7fab62727e40] IO error: End of file
[https @ 0x7fab6273a080] Error reading HTTP response: End of file
[tls @ 0x7fab72712900] IO error: End of file
[https @ 0x7fab7275c840] Error reading HTTP response: End of file
[2026-04-12T18:45:07.701860] Saved clip /Users/Chen/PycharmProjects/CSCI_6234_Final/recordings/cam221/clips/2026/04/12/cam221_20260412T224429Z.mp4 (809870 bytes)
[2026-04-12T18:45:08.225018] Starting 60-second capture -> /Users/Chen/PycharmProjects/CSCI_6234_Final/recordings/cam221/clips/2026/04/12/cam221_20260412T224508Z.mp4
[tls @ 0x7f9d56a05b00] IO error: End of file
[https @ 0x7f9d56a059c0] Error reading HTTP response: End of file
[tls @ 0x7f9d55f1dbc0] IO error: End of file
[https @ 0x7f9d55f27dc0] Error reading HTTP response: End of file
[tls @ 0x7f9d56a335c0] IO error: End of file
[https @ 0x7f9d56a35840] Error reading HTTP response: End of file
[tls @ 0x7f9d55f4c440] IO error: End of file
[https @ 0x7f9d55f5e740] Error reading HTTP response: End of file
[tls @ 0x7f9d56828a80] IO error: End of file
[https @ 0x7f9d56827f40] Error reading HTTP response: End of file
[tls @ 0x7f9d56a1cb40] IO error: End of file
[https @ 0x7f9d56a35840] Error reading HTTP response: End of file
[tls @ 0x7f9d56a299c0] IO error: End of file
[https @ 0x7f9d56a2acc0] Error reading HTTP response: End of file
[2026-04-12T18:45:42.383684] Saved clip /Users/Chen/PycharmProjects/CSCI_6234_Final/recordings/cam221/clips/2026/04/12/cam221_20260412T224508Z.mp4 (1021768 bytes)
[2026-04-12T18:45:42.906748] Starting 60-second capture -> /Users/Chen/PycharmProjects/CSCI_6234_Final/recordings/cam221/clips/2026/04/12/cam221_20260412T224542Z.mp4
[tls @ 0x7fb88f804680] IO error: End of file
[https @ 0x7fb88f804540] Error reading HTTP response: End of file
[tls @ 0x7fb88f830680] IO error: End of file
[https @ 0x7fb88f83a780] Error reading HTTP response: End of file
[tls @ 0x7fb88f938fc0] IO error: End of file
[https @ 0x7fb88f910780] Error reading HTTP response: End of file
[tls @ 0x7fb89ef1e400] IO error: End of file
[https @ 0x7fb89ef15c00] Error reading HTTP response: End of file
[tls @ 0x7fb89ef27600] IO error: End of file
[https @ 0x7fb89ef18800] Error reading HTTP response: End of file
[tls @ 0x7fb88ef856c0] IO error: End of file
[https @ 0x7fb88ef978c0] Error reading HTTP response: End of file
[2026-04-12T18:46:24.936958] Saved clip /Users/Chen/PycharmProjects/CSCI_6234_Final/recordings/cam221/clips/2026/04/12/cam221_20260412T224542Z.mp4 (883515 bytes)
[2026-04-12T18:46:25.461715] Starting 60-second capture -> /Users/Chen/PycharmProjects/CSCI_6234_Final/recordings/cam221/clips/2026/04/12/cam221_20260412T224625Z.mp4
[tls @ 0x7f9dd2b04100] IO error: End of file
[https @ 0x7f9dd2a043c0] Error reading HTTP response: End of file
[tls @ 0x7f9dc1f04a00] IO error: End of file
[https @ 0x7f9dc1f04900] Error reading HTTP response: End of file
[tls @ 0x7f9dd2a32000] IO error: End of file
[https @ 0x7f9dd2a17980] Error reading HTTP response: End of file
[tls @ 0x7f9dd2b30b40] IO error: End of file
[https @ 0x7f9dd2b3a080] Error reading HTTP response: End of file
[tls @ 0x7f9dd2b49bc0] IO error: End of file
[https @ 0x7f9dd2b48bc0] Error reading HTTP response: End of file
[tls @ 0x7f9dc1f18580] IO error: End of file
[https @ 0x7f9dc1f63800] Error reading HTTP response: End of file
[2026-04-12T18:47:06.929259] Saved clip /Users/Chen/PycharmProjects/CSCI_6234_Final/recordings/cam221/clips/2026/04/12/cam221_20260412T224625Z.mp4 (973197 bytes)
[2026-04-12T18:47:07.453951] Starting 60-second capture -> /Users/Chen/PycharmProjects/CSCI_6234_Final/recordings/cam221/clips/2026/04/12/cam221_20260412T224707Z.mp4
[tls @ 0x7fa1e7104080] IO error: End of file
[https @ 0x7fa1e7004540] Error reading HTTP response: End of file
[tls @ 0x7fa1e702f840] IO error: End of file
[https @ 0x7fa1e703ae80] Error reading HTTP response: End of file
[tls @ 0x7fa1e7343a40] IO error: End of file
[https @ 0x7fa1e733e240] Error reading HTTP response: End of file
[tls @ 0x7fa1e7006640] IO error: End of file
[https @ 0x7fa1e7012880] Error reading HTTP response: End of file
[tls @ 0x7fa1e70417c0] IO error: End of file
[https @ 0x7fa1e700aac0] Error reading HTTP response: End of file
[tls @ 0x7fa1e723fb00] IO error: End of file
[https @ 0x7fa1e723fa40] Error reading HTTP response: End of file
[tls @ 0x7fa1e73053c0] IO error: End of file
[https @ 0x7fa1e7310940] Error reading HTTP response: End of file
[tls @ 0x7fa1e7025380] IO error: End of file
[https @ 0x7fa1e7040cc0] Error reading HTTP response: End of file
[tls @ 0x7fa1e7040dc0] IO error: End of file
[https @ 0x7fa1e7036e00] Error reading HTTP response: End of file
[2026-04-12T18:47:52.045920] Saved clip /Users/Chen/PycharmProjects/CSCI_6234_Final/recordings/cam221/clips/2026/04/12/cam221_20260412T224707Z.mp4 (771674 bytes)
[2026-04-12T18:47:52.570078] Starting 60-second capture -> /Users/Chen/PycharmProjects/CSCI_6234_Final/recordings/cam221/clips/2026/04/12/cam221_20260412T224752Z.mp4
[tls @ 0x7f8249104500] IO error: End of file
[https @ 0x7f82491043c0] Error reading HTTP response: End of file
[tls @ 0x7f8249007680] IO error: End of file
[https @ 0x7f8249007200] Error reading HTTP response: End of file
[tls @ 0x7f82490212c0] IO error: End of file
[https @ 0x7f8249023b40] Error reading HTTP response: End of file
[tls @ 0x7f8248786fc0] IO error: End of file
[https @ 0x7f82487833c0] Error reading HTTP response: End of file
[tls @ 0x7f8259147f40] IO error: End of file
[https @ 0x7f825915a140] Error reading HTTP response: End of file
[tls @ 0x7f8249164280] IO error: End of file
[https @ 0x7f8249160680] Error reading HTTP response: End of file
[2026-04-12T18:48:34.534635] Saved clip /Users/Chen/PycharmProjects/CSCI_6234_Final/recordings/cam221/clips/2026/04/12/cam221_20260412T224752Z.mp4 (797487 bytes)
[2026-04-12T18:48:35.057166] Starting 60-second capture -> /Users/Chen/PycharmProjects/CSCI_6234_Final/recordings/cam221/clips/2026/04/12/cam221_20260412T224835Z.mp4
[tls @ 0x7fcebd704ac0] IO error: End of file
[https @ 0x7fcebd704980] Error reading HTTP response: End of file
[tls @ 0x7fcece230280] IO error: End of file
[https @ 0x7fcece218600] Error reading HTTP response: End of file
[tls @ 0x7fcebe018f80] IO error: End of file
[https @ 0x7fcebe0125c0] Error reading HTTP response: End of file
[tls @ 0x7fcece36c480] IO error: End of file
[https @ 0x7fcece375400] Error reading HTTP response: End of file
[tls @ 0x7fcebd789000] IO error: End of file
[https @ 0x7fcebd770ac0] Error reading HTTP response: End of file
[tls @ 0x7fcebe018f80] IO error: End of file
[https @ 0x7fcebe032b80] Error reading HTTP response: End of file
[2026-04-12T18:49:17.760587] Saved clip /Users/Chen/PycharmProjects/CSCI_6234_Final/recordings/cam221/clips/2026/04/12/cam221_20260412T224835Z.mp4 (711778 bytes)
[2026-04-12T18:49:18.284526] Starting 60-second capture -> /Users/Chen/PycharmProjects/CSCI_6234_Final/recordings/cam221/clips/2026/04/12/cam221_20260412T224918Z.mp4
[tls @ 0x7f9ed7a1aa80] IO error: End of file
[https @ 0x7f9ed7a049c0] Error reading HTTP response: End of file
[tls @ 0x7f9ec731bb80] IO error: End of file
[https @ 0x7f9ec731cec0] Error reading HTTP response: End of file
[tls @ 0x7f9ed7a1aa80] IO error: End of file
[https @ 0x7f9ed7a5e880] Error reading HTTP response: End of file
[tls @ 0x7f9ed7a2b300] IO error: End of file
[https @ 0x7f9ed7a48f40] Error reading HTTP response: End of file
[tls @ 0x7f9ec724c740] IO error: End of file
[https @ 0x7f9ec723acc0] Error reading HTTP response: End of file
[tls @ 0x7f9ec722fbc0] IO error: End of file
[https @ 0x7f9ec72334c0] Error reading HTTP response: End of file
[tls @ 0x7f9ed7a4e2c0] IO error: End of file
[https @ 0x7f9ed7a55880] Error reading HTTP response: End of file
[2026-04-12T18:49:52.036758] Saved clip /Users/Chen/PycharmProjects/CSCI_6234_Final/recordings/cam221/clips/2026/04/12/cam221_20260412T224918Z.mp4 (772037 bytes)
[2026-04-12T18:49:52.557769] Starting 60-second capture -> /Users/Chen/PycharmProjects/CSCI_6234_Final/recordings/cam221/clips/2026/04/12/cam221_20260412T224952Z.mp4
[tls @ 0x7ff4e6904500] IO error: End of file
[https @ 0x7ff4e69043c0] Error reading HTTP response: End of file
[tls @ 0x7ff4e692ca00] IO error: End of file
[https @ 0x7ff4e692bec0] Error reading HTTP response: End of file
[tls @ 0x7ff4e5f2dfc0] IO error: End of file
[https @ 0x7ff4e5f11580] Error reading HTTP response: End of file
[tls @ 0x7ff495f25600] IO error: End of file
[https @ 0x7ff495f18c40] Error reading HTTP response: End of file
[tls @ 0x7ff4b6804280] IO error: End of file
[https @ 0x7ff4b68040c0] Error reading HTTP response: End of file
[tls @ 0x7ff4f680a600] IO error: End of file
[https @ 0x7ff4f680f500] Error reading HTTP response: End of file
[2026-04-12T18:50:34.223935] Saved clip /Users/Chen/PycharmProjects/CSCI_6234_Final/recordings/cam221/clips/2026/04/12/cam221_20260412T224952Z.mp4 (706350 bytes)
[2026-04-12T18:50:34.735348] Starting 60-second capture -> /Users/Chen/PycharmProjects/CSCI_6234_Final/recordings/cam221/clips/2026/04/12/cam221_20260412T225034Z.mp4
[tls @ 0x7fa02e4050c0] IO error: End of file
[https @ 0x7fa02e405000] Error reading HTTP response: End of file
[tls @ 0x7fa02e00a900] IO error: End of file
[https @ 0x7fa02e00d040] Error reading HTTP response: End of file
[tls @ 0x7fa02e00e6c0] IO error: End of file
[https @ 0x7fa02e00ed00] Error reading HTTP response: End of file
[tls @ 0x7fa00d9054c0] IO error: End of file
[https @ 0x7fa00d905400] Error reading HTTP response: End of file
[tls @ 0x7fa02e307540] IO error: End of file
[https @ 0x7fa02e3057c0] Error reading HTTP response: End of file
[tls @ 0x7fa00d9040c0] IO error: End of file
[https @ 0x7fa00d90bfc0] Error reading HTTP response: End of file
[2026-04-12T18:51:17.758949] Saved clip /Users/Chen/PycharmProjects/CSCI_6234_Final/recordings/cam221/clips/2026/04/12/cam221_20260412T225034Z.mp4 (803216 bytes)
[2026-04-12T18:51:18.270130] Starting 60-second capture -> /Users/Chen/PycharmProjects/CSCI_6234_Final/recordings/cam221/clips/2026/04/12/cam221_20260412T225118Z.mp4
[tls @ 0x7fe2c52056c0] IO error: End of file
[https @ 0x7fe2c5205600] Error reading HTTP response: End of file
[tls @ 0x7fe2b49049c0] IO error: End of file
[https @ 0x7fe2b49048c0] Error reading HTTP response: End of file
[tls @ 0x7fe2b48057c0] IO error: End of file
[https @ 0x7fe2b4804b80] Error reading HTTP response: End of file
[tls @ 0x7fe2b4844f80] IO error: End of file
[https @ 0x7fe2b483bf80] Error reading HTTP response: End of file
[tls @ 0x7fe2b4c05200] IO error: End of file
[https @ 0x7fe2b4c04980] Error reading HTTP response: End of file
[tls @ 0x7fe2c5036b40] IO error: End of file
[https @ 0x7fe2c5007000] Error reading HTTP response: End of file
[tls @ 0x7fe2b4804540] IO error: End of file
[https @ 0x7fe2b4804440] Error reading HTTP response: End of file
[2026-04-12T18:51:52.103940] Saved clip /Users/Chen/PycharmProjects/CSCI_6234_Final/recordings/cam221/clips/2026/04/12/cam221_20260412T225118Z.mp4 (736615 bytes)
[2026-04-12T18:51:52.616989] Starting 60-second capture -> /Users/Chen/PycharmProjects/CSCI_6234_Final/recordings/cam221/clips/2026/04/12/cam221_20260412T225152Z.mp4
[tls @ 0x7fd47ef04500] IO error: End of file
[https @ 0x7fd47ef043c0] Error reading HTTP response: End of file
[tls @ 0x7fd498206340] IO error: End of file
[https @ 0x7fd498205600] Error reading HTTP response: End of file
[tls @ 0x7fd49f9074c0] IO error: End of file
[https @ 0x7fd49f906f00] Error reading HTTP response: End of file
[tls @ 0x7fd4983066c0] IO error: End of file
[https @ 0x7fd498306380] Error reading HTTP response: End of file
[tls @ 0x7fd47f93b040] IO error: End of file
[https @ 0x7fd47f90af00] Error reading HTTP response: End of file
[tls @ 0x7fd498313240] IO error: End of file
[https @ 0x7fd4983066c0] Error reading HTTP response: End of file
[2026-04-12T18:52:34.677049] Saved clip /Users/Chen/PycharmProjects/CSCI_6234_Final/recordings/cam221/clips/2026/04/12/cam221_20260412T225152Z.mp4 (875425 bytes)
[2026-04-12T18:52:35.195781] Starting 60-second capture -> /Users/Chen/PycharmProjects/CSCI_6234_Final/recordings/cam221/clips/2026/04/12/cam221_20260412T225235Z.mp4
[tls @ 0x7fbce6f05c80] IO error: End of file
[https @ 0x7fbce6f05b40] Error reading HTTP response: End of file
[tls @ 0x7fbcf7806440] IO error: End of file
[https @ 0x7fbcf7806380] Error reading HTTP response: End of file
[tls @ 0x7fbce6f10140] IO error: End of file
[https @ 0x7fbce6f10080] Error reading HTTP response: End of file
[tls @ 0x7fbcd78248c0] IO error: End of file
[https @ 0x7fbcd7841380] Error reading HTTP response: End of file
[tls @ 0x7fbce6f10080] IO error: End of file
[https @ 0x7fbce6f10140] Error reading HTTP response: End of file
[tls @ 0x7fbcd6f25b80] IO error: End of file
[https @ 0x7fbcd6f04440] Error reading HTTP response: End of file
[2026-04-12T18:53:16.908532] Saved clip /Users/Chen/PycharmProjects/CSCI_6234_Final/recordings/cam221/clips/2026/04/12/cam221_20260412T225235Z.mp4 (826831 bytes)
[2026-04-12T18:53:17.423089] Starting 60-second capture -> /Users/Chen/PycharmProjects/CSCI_6234_Final/recordings/cam221/clips/2026/04/12/cam221_20260412T225317Z.mp4
[tls @ 0x7fdeecb05c80] IO error: End of file
[https @ 0x7fdeecb05b40] Error reading HTTP response: End of file
[tls @ 0x7fdedc809240] IO error: End of file
[https @ 0x7fdedc81a840] Error reading HTTP response: End of file
[tls @ 0x7fdeebf21100] IO error: End of file
[https @ 0x7fdeebf1a700] Error reading HTTP response: End of file
[tls @ 0x7fdedc83f800] IO error: End of file
[https @ 0x7fdedc834300] Error reading HTTP response: End of file
[tls @ 0x7fdedc8244c0] IO error: End of file
[https @ 0x7fdedc853540] Error reading HTTP response: End of file
[tls @ 0x7fdedbf27400] IO error: End of file
[https @ 0x7fdedbf28800] Error reading HTTP response: End of file
[tls @ 0x7fdedbf4e380] IO error: End of file
[https @ 0x7fdedbf65080] Error reading HTTP response: End of file
[tls @ 0x7fdeecb319c0] IO error: End of file
[https @ 0x7fdeecb2ed00] Error reading HTTP response: End of file
[tls @ 0x7fdeecb27880] IO error: End of file
[https @ 0x7fdeecb27ec0] Error reading HTTP response: End of file
[2026-04-12T18:54:01.643886] Saved clip /Users/Chen/PycharmProjects/CSCI_6234_Final/recordings/cam221/clips/2026/04/12/cam221_20260412T225317Z.mp4 (934315 bytes)
[2026-04-12T18:54:02.162433] Starting 60-second capture -> /Users/Chen/PycharmProjects/CSCI_6234_Final/recordings/cam221/clips/2026/04/12/cam221_20260412T225402Z.mp4
[tls @ 0x7fc3577042c0] IO error: End of file
[https @ 0x7fc3600043c0] Error reading HTTP response: End of file
[tls @ 0x7fc360004c40] IO error: End of file
[https @ 0x7fc360004b00] Error reading HTTP response: End of file
[tls @ 0x7fc360104080] IO error: End of file
[https @ 0x7fc36010c300] Error reading HTTP response: End of file
[tls @ 0x7fc360206380] IO error: End of file
[https @ 0x7fc360208140] Error reading HTTP response: End of file
[tls @ 0x7fc35770b380] IO error: End of file
[https @ 0x7fc35771cac0] Error reading HTTP response: End of file
[tls @ 0x7fc36000ca00] IO error: End of file
[https @ 0x7fc36000c940] Error reading HTTP response: End of file
[2026-04-12T18:54:43.668212] Saved clip /Users/Chen/PycharmProjects/CSCI_6234_Final/recordings/cam221/clips/2026/04/12/cam221_20260412T225402Z.mp4 (706459 bytes)
[2026-04-12T18:54:44.184983] Starting 60-second capture -> /Users/Chen/PycharmProjects/CSCI_6234_Final/recordings/cam221/clips/2026/04/12/cam221_20260412T225444Z.mp4
[tls @ 0x7f8df6f04680] IO error: End of file
[https @ 0x7f8df6f04540] Error reading HTTP response: End of file
[tls @ 0x7f8df6f05700] IO error: End of file
[https @ 0x7f8df6f05640] Error reading HTTP response: End of file
[tls @ 0x7f8e0785f340] IO error: End of file
[https @ 0x7f8e07804440] Error reading HTTP response: End of file
[tls @ 0x7f8e0005f400] IO error: End of file
[https @ 0x7f8e0008cc40] Error reading HTTP response: End of file
[tls @ 0x7f8df6f4a400] IO error: End of file
[https @ 0x7f8df6f4d380] Error reading HTTP response: End of file
[tls @ 0x7f8e0005f400] IO error: End of file
[https @ 0x7f8e00008a00] Error reading HTTP response: End of file
[2026-04-12T18:55:26.549549] Saved clip /Users/Chen/PycharmProjects/CSCI_6234_Final/recordings/cam221/clips/2026/04/12/cam221_20260412T225444Z.mp4 (816093 bytes)
[2026-04-12T18:55:27.072087] Starting 60-second capture -> /Users/Chen/PycharmProjects/CSCI_6234_Final/recordings/cam221/clips/2026/04/12/cam221_20260412T225527Z.mp4
[tls @ 0x7f9c6920ad80] IO error: End of file
[https @ 0x7f9c6920ac80] Error reading HTTP response: End of file
[tls @ 0x7f9c6920e6c0] IO error: End of file
[https @ 0x7f9c6920e600] Error reading HTTP response: End of file
[tls @ 0x7f9c69217780] IO error: End of file
[https @ 0x7f9c6920ad40] Error reading HTTP response: End of file
[tls @ 0x7f9c6936b900] IO error: End of file
[https @ 0x7f9c6936e640] Error reading HTTP response: End of file
[tls @ 0x7f9c6931b000] IO error: End of file
[https @ 0x7f9c69319780] Error reading HTTP response: End of file
[tls @ 0x7f9c69258140] IO error: End of file
[https @ 0x7f9c6926a380] Error reading HTTP response: End of file
[tls @ 0x7f9c6911b380] IO error: End of file
[https @ 0x7f9c6911e880] Error reading HTTP response: End of file
[2026-04-12T18:56:01.543629] Saved clip /Users/Chen/PycharmProjects/CSCI_6234_Final/recordings/cam221/clips/2026/04/12/cam221_20260412T225527Z.mp4 (818499 bytes)
[2026-04-12T18:56:02.059836] Starting 60-second capture -> /Users/Chen/PycharmProjects/CSCI_6234_Final/recordings/cam221/clips/2026/04/12/cam221_20260412T225602Z.mp4
[tls @ 0x7fb7c9d05ec0] IO error: End of file
[https @ 0x7fb7c9d05d80] Error reading HTTP response: End of file
[tls @ 0x7fb7b8f2fd40] IO error: End of file
[https @ 0x7fb7b8f41f80] Error reading HTTP response: End of file
[tls @ 0x7fb7c9b09d80] IO error: End of file
[https @ 0x7fb7c9b04fc0] Error reading HTTP response: End of file
[tls @ 0x7fb7b8f08e00] IO error: End of file
[https @ 0x7fb7b8f07c40] Error reading HTTP response: End of file
[tls @ 0x7fb7b8f14a40] IO error: End of file
[https @ 0x7fb7b8f271c0] Error reading HTTP response: End of file
[tls @ 0x7fb7c9d2cec0] IO error: End of file
[https @ 0x7fb7c9d5d680] Error reading HTTP response: End of file
[2026-04-12T18:56:43.805728] Saved clip /Users/Chen/PycharmProjects/CSCI_6234_Final/recordings/cam221/clips/2026/04/12/cam221_20260412T225602Z.mp4 (984658 bytes)
[2026-04-12T18:56:44.326893] Starting 60-second capture -> /Users/Chen/PycharmProjects/CSCI_6234_Final/recordings/cam221/clips/2026/04/12/cam221_20260412T225644Z.mp4
[tls @ 0x7fa63c704680] IO error: End of file
[https @ 0x7fa63c704540] Error reading HTTP response: End of file
[tls @ 0x7fa64d30a380] IO error: End of file
[https @ 0x7fa64d32a100] Error reading HTTP response: End of file
[tls @ 0x7fa63c75aec0] IO error: End of file
[https @ 0x7fa63c74f340] Error reading HTTP response: End of file
[tls @ 0x7fa63c71e740] IO error: End of file
[https @ 0x7fa63c71df40] Error reading HTTP response: End of file
[tls @ 0x7fa63d01f540] IO error: End of file
[https @ 0x7fa63d014300] Error reading HTTP response: End of file
[tls @ 0x7fa64d356180] IO error: End of file
[https @ 0x7fa64d333880] Error reading HTTP response: End of file
[2026-04-12T18:57:25.913627] Saved clip /Users/Chen/PycharmProjects/CSCI_6234_Final/recordings/cam221/clips/2026/04/12/cam221_20260412T225644Z.mp4 (743474 bytes)
[2026-04-12T18:57:26.435188] Starting 60-second capture -> /Users/Chen/PycharmProjects/CSCI_6234_Final/recordings/cam221/clips/2026/04/12/cam221_20260412T225726Z.mp4
[tls @ 0x7fa78ac04680] IO error: End of file
[https @ 0x7fa78ac04580] Error reading HTTP response: End of file
[tls @ 0x7fa78a915340] IO error: End of file
[https @ 0x7fa78a915280] Error reading HTTP response: End of file
[tls @ 0x7fa78ac1c4c0] IO error: End of file
[https @ 0x7fa78ac23640] Error reading HTTP response: End of file
[tls @ 0x7fa78ab04180] IO error: End of file
[https @ 0x7fa78ab04080] Error reading HTTP response: End of file
[tls @ 0x7fa78ad50bc0] IO error: End of file
[https @ 0x7fa78ad6c640] Error reading HTTP response: End of file
[tls @ 0x7fa78ae3a000] IO error: End of file
[https @ 0x7fa78ae16000] Error reading HTTP response: End of file
[tls @ 0x7fa78ac52b80] IO error: End of file
[https @ 0x7fa78ac5d780] Error reading HTTP response: End of file
[tls @ 0x7fa78ae18700] IO error: End of file
[https @ 0x7fa78ae2a940] Error reading HTTP response: End of file
[2026-04-12T18:58:10.906671] Saved clip /Users/Chen/PycharmProjects/CSCI_6234_Final/recordings/cam221/clips/2026/04/12/cam221_20260412T225726Z.mp4 (782391 bytes)
[2026-04-12T18:58:11.429259] Starting 60-second capture -> /Users/Chen/PycharmProjects/CSCI_6234_Final/recordings/cam221/clips/2026/04/12/cam221_20260412T225811Z.mp4
[tls @ 0x7f99f1a55640] IO error: End of file
[https @ 0x7f99f1a51a40] Error reading HTTP response: End of file
[tls @ 0x7f99f1a6da40] IO error: End of file
[https @ 0x7f99f1a4ec40] Error reading HTTP response: End of file
[tls @ 0x7f99f1d5fd40] IO error: End of file
[https @ 0x7f99f1d321c0] Error reading HTTP response: End of file
[tls @ 0x7f99f1804380] IO error: End of file
[https @ 0x7f99f1807480] Error reading HTTP response: End of file
[tls @ 0x7f99f1a55640] IO error: End of file
[https @ 0x7f99f1a4ec40] Error reading HTTP response: End of file
[tls @ 0x7f99f1a34f80] IO error: End of file
[https @ 0x7f99f1a51a40] Error reading HTTP response: End of file
[2026-04-12T18:58:53.416813] Saved clip /Users/Chen/PycharmProjects/CSCI_6234_Final/recordings/cam221/clips/2026/04/12/cam221_20260412T225811Z.mp4 (927731 bytes)
[2026-04-12T18:58:53.942464] Starting 60-second capture -> /Users/Chen/PycharmProjects/CSCI_6234_Final/recordings/cam221/clips/2026/04/12/cam221_20260412T225853Z.mp4
[tls @ 0x7fb97531aa80] IO error: End of file
[https @ 0x7fb975327ac0] Error reading HTTP response: End of file
[tls @ 0x7fb975510d00] IO error: End of file
[https @ 0x7fb975510c40] Error reading HTTP response: End of file
[tls @ 0x7fb9755534c0] IO error: End of file
[https @ 0x7fb9755656c0] Error reading HTTP response: End of file
[tls @ 0x7fb97541ab00] IO error: End of file
[https @ 0x7fb975404080] Error reading HTTP response: End of file
[tls @ 0x7fb97553e840] IO error: End of file
[https @ 0x7fb9755a89c0] Error reading HTTP response: End of file
[tls @ 0x7fb97565e500] IO error: End of file
[https @ 0x7fb975661780] Error reading HTTP response: End of file
[2026-04-12T18:59:36.197541] Saved clip /Users/Chen/PycharmProjects/CSCI_6234_Final/recordings/cam221/clips/2026/04/12/cam221_20260412T225853Z.mp4 (717211 bytes)
[2026-04-12T18:59:36.722689] Starting 60-second capture -> /Users/Chen/PycharmProjects/CSCI_6234_Final/recordings/cam221/clips/2026/04/12/cam221_20260412T225936Z.mp4
[tls @ 0x7fcccd704cc0] IO error: End of file
[https @ 0x7fcccd704600] Error reading HTTP response: End of file
[tls @ 0x7fccce10dc00] IO error: End of file
[https @ 0x7fccce10db40] Error reading HTTP response: End of file
[tls @ 0x7fcccd762640] IO error: End of file
[https @ 0x7fcccd7046c0] Error reading HTTP response: End of file
[tls @ 0x7fcccd72b7c0] IO error: End of file
[https @ 0x7fcccd774980] Error reading HTTP response: End of file
[tls @ 0x7fccce021280] IO error: End of file
[https @ 0x7fccce02bbc0] Error reading HTTP response: End of file
[tls @ 0x7fccce02ae00] IO error: End of file
[https @ 0x7fccce02a980] Error reading HTTP response: End of file
[tls @ 0x7fccce00bc00] IO error: End of file
[https @ 0x7fccce00ea00] Error reading HTTP response: End of file
[2026-04-12T19:00:10.436921] Saved clip /Users/Chen/PycharmProjects/CSCI_6234_Final/recordings/cam221/clips/2026/04/12/cam221_20260412T225936Z.mp4 (999301 bytes)
[2026-04-12T19:00:10.969529] Starting 60-second capture -> /Users/Chen/PycharmProjects/CSCI_6234_Final/recordings/cam221/clips/2026/04/12/cam221_20260412T230010Z.mp4
[tls @ 0x7fe975704500] IO error: End of file
[https @ 0x7fe9757043c0] Error reading HTTP response: End of file
[tls @ 0x7fe986b1c540] IO error: End of file
[https @ 0x7fe986b18980] Error reading HTTP response: End of file
[tls @ 0x7fe97571d880] IO error: End of file
[https @ 0x7fe97571dc40] Error reading HTTP response: End of file
[tls @ 0x7fe986d20d00] IO error: End of file
[https @ 0x7fe986d0fcc0] Error reading HTTP response: End of file
[tls @ 0x7fe986b40840] IO error: End of file
[https @ 0x7fe986b43f40] Error reading HTTP response: End of file
[tls @ 0x7fe975754180] IO error: End of file
[https @ 0x7fe975750580] Error reading HTTP response: End of file
[2026-04-12T19:00:52.715349] Saved clip /Users/Chen/PycharmProjects/CSCI_6234_Final/recordings/cam221/clips/2026/04/12/cam221_20260412T230010Z.mp4 (888499 bytes)
[2026-04-12T19:00:53.262925] Starting 60-second capture -> /Users/Chen/PycharmProjects/CSCI_6234_Final/recordings/cam221/clips/2026/04/12/cam221_20260412T230053Z.mp4
[tls @ 0x7fb68f704ac0] IO error: End of file
[https @ 0x7fb68f704980] Error reading HTTP response: End of file
[tls @ 0x7fb68f705a00] IO error: End of file
[https @ 0x7fb68f705900] Error reading HTTP response: End of file
[tls @ 0x7fb6af760740] IO error: End of file
[https @ 0x7fb6af781f40] Error reading HTTP response: End of file
[tls @ 0x7fb69800bdc0] IO error: End of file
[https @ 0x7fb6980106c0] Error reading HTTP response: End of file
[tls @ 0x7fb698027f40] IO error: End of file
[https @ 0x7fb698044300] Error reading HTTP response: End of file
[tls @ 0x7fb6af7151c0] IO error: End of file
[https @ 0x7fb6af77b700] Error reading HTTP response: End of file
[2026-04-12T19:01:34.738766] Saved clip /Users/Chen/PycharmProjects/CSCI_6234_Final/recordings/cam221/clips/2026/04/12/cam221_20260412T230053Z.mp4 (785020 bytes)
[2026-04-12T19:01:35.270252] Starting 60-second capture -> /Users/Chen/PycharmProjects/CSCI_6234_Final/recordings/cam221/clips/2026/04/12/cam221_20260412T230135Z.mp4
[tls @ 0x7fa4ada05c80] IO error: End of file
[https @ 0x7fa4ada05b40] Error reading HTTP response: End of file
[tls @ 0x7fa48c70f8c0] IO error: End of file
[https @ 0x7fa48c717180] Error reading HTTP response: End of file
[tls @ 0x7fa48d150040] IO error: End of file
[https @ 0x7fa48d1753c0] Error reading HTTP response: End of file
[tls @ 0x7fa48c73ff40] IO error: End of file
[https @ 0x7fa48c74c3c0] Error reading HTTP response: End of file
[tls @ 0x7fa48d150480] IO error: End of file
[https @ 0x7fa48d1114c0] Error reading HTTP response: End of file
[tls @ 0x7fa48d00e0c0] IO error: End of file
[https @ 0x7fa48d011480] Error reading HTTP response: End of file
[tls @ 0x7fa48d0369c0] IO error: End of file
[https @ 0x7fa48d048180] Error reading HTTP response: End of file
[tls @ 0x7fa4ad916500] IO error: End of file
[https @ 0x7fa4ad916440] Error reading HTTP response: End of file
[2026-04-12T19:02:19.567640] Saved clip /Users/Chen/PycharmProjects/CSCI_6234_Final/recordings/cam221/clips/2026/04/12/cam221_20260412T230135Z.mp4 (929717 bytes)
[2026-04-12T19:02:20.088394] Starting 60-second capture -> /Users/Chen/PycharmProjects/CSCI_6234_Final/recordings/cam221/clips/2026/04/12/cam221_20260412T230220Z.mp4
[tls @ 0x7f863100c000] IO error: End of file
[https @ 0x7f863100bf00] Error reading HTTP response: End of file
[tls @ 0x7f8617f04c80] IO error: End of file
[https @ 0x7f8617f04bc0] Error reading HTTP response: End of file
[tls @ 0x7f862085c700] IO error: End of file
[https @ 0x7f86208791c0] Error reading HTTP response: End of file
[tls @ 0x7f862089b880] IO error: End of file
[https @ 0x7f862083da80] Error reading HTTP response: End of file
[tls @ 0x7f863100dcc0] IO error: End of file
[https @ 0x7f8631004200] Error reading HTTP response: End of file
[tls @ 0x7f8631115600] IO error: End of file
[https @ 0x7f863111ba80] Error reading HTTP response: End of file
[tls @ 0x7f8617f3c800] IO error: End of file
[https @ 0x7f8617f4f700] Error reading HTTP response: End of file
[2026-04-12T19:03:09.564669] Saved clip /Users/Chen/PycharmProjects/CSCI_6234_Final/recordings/cam221/clips/2026/04/12/cam221_20260412T230220Z.mp4 (619698 bytes)
[2026-04-12T19:03:10.083074] Starting 60-second capture -> /Users/Chen/PycharmProjects/CSCI_6234_Final/recordings/cam221/clips/2026/04/12/cam221_20260412T230310Z.mp4
[tls @ 0x7fbe28f04a00] IO error: End of file
[https @ 0x7fbe28f04480] Error reading HTTP response: End of file
[tls @ 0x7fbe28f13a40] IO error: End of file
[https @ 0x7fbe28f1bdc0] Error reading HTTP response: End of file
[tls @ 0x7fbe298184c0] IO error: End of file
[https @ 0x7fbe29811340] Error reading HTTP response: End of file
[tls @ 0x7fbe2981e0c0] IO error: End of file
[https @ 0x7fbe2981fb00] Error reading HTTP response: End of file
[tls @ 0x7fbe3a208d80] IO error: End of file
[https @ 0x7fbe3a23c7c0] Error reading HTTP response: End of file
[2026-04-12T19:03:41.183680] Saved clip /Users/Chen/PycharmProjects/CSCI_6234_Final/recordings/cam221/clips/2026/04/12/cam221_20260412T230310Z.mp4 (706373 bytes)
[2026-04-12T19:03:41.705943] Starting 60-second capture -> /Users/Chen/PycharmProjects/CSCI_6234_Final/recordings/cam221/clips/2026/04/12/cam221_20260412T230341Z.mp4
[tls @ 0x7fa290705280] IO error: End of file
[https @ 0x7fa290704bc0] Error reading HTTP response: End of file
[tls @ 0x7fa29100da40] IO error: End of file
[https @ 0x7fa29100d980] Error reading HTTP response: End of file
[tls @ 0x7fa290740080] IO error: End of file
[https @ 0x7fa290704c80] Error reading HTTP response: End of file
[tls @ 0x7fa291141ec0] IO error: End of file
[https @ 0x7fa291135ac0] Error reading HTTP response: End of file
[tls @ 0x7fa2a131cc40] IO error: End of file
[https @ 0x7fa2a133c5c0] Error reading HTTP response: End of file
[tls @ 0x7fa2910311c0] IO error: End of file
[https @ 0x7fa291032680] Error reading HTTP response: End of file
[tls @ 0x7fa29101d940] IO error: End of file
[https @ 0x7fa291027140] Error reading HTTP response: End of file
[tls @ 0x7fa290737200] IO error: End of file
[https @ 0x7fa2907153c0] Error reading HTTP response: End of file
[2026-04-12T19:04:25.558359] Saved clip /Users/Chen/PycharmProjects/CSCI_6234_Final/recordings/cam221/clips/2026/04/12/cam221_20260412T230341Z.mp4 (587634 bytes)
[2026-04-12T19:04:26.104975] Starting 60-second capture -> /Users/Chen/PycharmProjects/CSCI_6234_Final/recordings/cam221/clips/2026/04/12/cam221_20260412T230426Z.mp4
[tls @ 0x7f80a1a05b00] IO error: End of file
[https @ 0x7f80a1a059c0] Error reading HTTP response: End of file
[tls @ 0x7f80a1a07ac0] IO error: End of file
[https @ 0x7f80a1a079c0] Error reading HTTP response: End of file
[tls @ 0x7f8081039980] IO error: End of file
[https @ 0x7f8081034b00] Error reading HTTP response: End of file
[tls @ 0x7f80a1b765c0] IO error: End of file
[https @ 0x7f80a1b42940] Error reading HTTP response: End of file
[tls @ 0x7f8081039980] IO error: End of file
[https @ 0x7f8081060180] Error reading HTTP response: End of file
[tls @ 0x7f80a1b765c0] IO error: End of file
[https @ 0x7f80a1b42a00] Error reading HTTP response: End of file
[2026-04-12T19:05:07.683728] Saved clip /Users/Chen/PycharmProjects/CSCI_6234_Final/recordings/cam221/clips/2026/04/12/cam221_20260412T230426Z.mp4 (689113 bytes)
[2026-04-12T19:05:08.205761] Starting 60-second capture -> /Users/Chen/PycharmProjects/CSCI_6234_Final/recordings/cam221/clips/2026/04/12/cam221_20260412T230508Z.mp4
[tls @ 0x7fb480804080] IO error: End of file
[https @ 0x7fb480704580] Error reading HTTP response: End of file
[tls @ 0x7fb48073b840] IO error: End of file
[https @ 0x7fb48074da40] Error reading HTTP response: End of file
[tls @ 0x7fb4808194c0] IO error: End of file
[https @ 0x7fb480830d40] Error reading HTTP response: End of file
[tls @ 0x7fb480832b00] IO error: End of file
[https @ 0x7fb480856d40] Error reading HTTP response: End of file
[tls @ 0x7fb491b3b000] IO error: End of file
[https @ 0x7fb491b43d80] Error reading HTTP response: End of file
[2026-04-12T19:05:47.103161] Saved clip /Users/Chen/PycharmProjects/CSCI_6234_Final/recordings/cam221/clips/2026/04/12/cam221_20260412T230508Z.mp4 (712003 bytes)
[2026-04-12T19:05:47.632669] Starting 60-second capture -> /Users/Chen/PycharmProjects/CSCI_6234_Final/recordings/cam221/clips/2026/04/12/cam221_20260412T230547Z.mp4
[tls @ 0x7fcd1a704b40] IO error: End of file
[https @ 0x7fcd1a704a00] Error reading HTTP response: End of file
[tls @ 0x7fcd3ba0f200] IO error: End of file
[https @ 0x7fcd3ba15a00] Error reading HTTP response: End of file
[tls @ 0x7fcd3ba2c600] IO error: End of file
[https @ 0x7fcd3ba41b80] Error reading HTTP response: End of file
[tls @ 0x7fcd3ba174c0] IO error: End of file
[https @ 0x7fcd3ba0cb80] Error reading HTTP response: End of file
[tls @ 0x7fcd1b82f800] IO error: End of file
[https @ 0x7fcd1b876a40] Error reading HTTP response: End of file
[tls @ 0x7fcd3ba4dc00] IO error: End of file
[https @ 0x7fcd3ba18480] Error reading HTTP response: End of file
[tls @ 0x7fcd3bb3e680] IO error: End of file
[https @ 0x7fcd3bb3a600] Error reading HTTP response: End of file
[2026-04-12T19:06:21.142019] Saved clip /Users/Chen/PycharmProjects/CSCI_6234_Final/recordings/cam221/clips/2026/04/12/cam221_20260412T230547Z.mp4 (572395 bytes)
[2026-04-12T19:06:21.664487] Starting 60-second capture -> /Users/Chen/PycharmProjects/CSCI_6234_Final/recordings/cam221/clips/2026/04/12/cam221_20260412T230621Z.mp4
[tls @ 0x7fdbc0804500] IO error: End of file
[https @ 0x7fdbc08043c0] Error reading HTTP response: End of file
[tls @ 0x7fdbc0928880] IO error: End of file
[https @ 0x7fdbc0922d40] Error reading HTTP response: End of file
[tls @ 0x7fdbc09140c0] IO error: End of file
[https @ 0x7fdbc0914000] Error reading HTTP response: End of file
[tls @ 0x7fdbc080f9c0] IO error: End of file
[https @ 0x7fdbc0827940] Error reading HTTP response: End of file
[tls @ 0x7fdbc0939dc0] IO error: End of file
[https @ 0x7fdbc0943c00] Error reading HTTP response: End of file
[tls @ 0x7fdbc0906940] IO error: End of file
[https @ 0x7fdbc0906280] Error reading HTTP response: End of file
[2026-04-12T19:07:03.184581] Saved clip /Users/Chen/PycharmProjects/CSCI_6234_Final/recordings/cam221/clips/2026/04/12/cam221_20260412T230621Z.mp4 (812450 bytes)
[2026-04-12T19:07:03.711540] Starting 60-second capture -> /Users/Chen/PycharmProjects/CSCI_6234_Final/recordings/cam221/clips/2026/04/12/cam221_20260412T230703Z.mp4
[tls @ 0x7f9f2ef04800] IO error: End of file
[https @ 0x7f9f2ef046c0] Error reading HTTP response: End of file
[tls @ 0x7f9f1f014e80] IO error: End of file
[https @ 0x7f9f1f01c840] Error reading HTTP response: End of file
[tls @ 0x7f9f1f015000] IO error: End of file
[https @ 0x7f9f1f014f40] Error reading HTTP response: End of file
[tls @ 0x7f9f38017980] IO error: End of file
[https @ 0x7f9f3801ecc0] Error reading HTTP response: End of file
[tls @ 0x7f9f38043100] IO error: End of file
[https @ 0x7f9f38050c80] Error reading HTTP response: End of file
[tls @ 0x7f9f380627c0] IO error: End of file
[https @ 0x7f9f380170c0] Error reading HTTP response: End of file
[2026-04-12T19:07:44.904160] Saved clip /Users/Chen/PycharmProjects/CSCI_6234_Final/recordings/cam221/clips/2026/04/12/cam221_20260412T230703Z.mp4 (540138 bytes)
[2026-04-12T19:07:45.426363] Starting 60-second capture -> /Users/Chen/PycharmProjects/CSCI_6234_Final/recordings/cam221/clips/2026/04/12/cam221_20260412T230745Z.mp4
[tls @ 0x7f96c3f04380] IO error: End of file
[https @ 0x7f96c3f04240] Error reading HTTP response: End of file
[tls @ 0x7f96d4b08980] IO error: End of file
[https @ 0x7f96d4b0f280] Error reading HTTP response: End of file
[tls @ 0x7f96d4a676c0] IO error: End of file
[https @ 0x7f96d4a64a40] Error reading HTTP response: End of file
[tls @ 0x7f96c3f14a80] IO error: End of file
[https @ 0x7f96c3f14ec0] Error reading HTTP response: End of file
[tls @ 0x7f96d4a676c0] IO error: End of file
[https @ 0x7f96d4a5c280] Error reading HTTP response: End of file
[tls @ 0x7f96d4c691c0] IO error: End of file
[https @ 0x7f96c3f0e1c0] Error reading HTTP response: End of file
[tls @ 0x7f96c3f5dc00] IO error: End of file
[https @ 0x7f96c3f6a080] Error reading HTTP response: End of file
[tls @ 0x7f96c3f14000] IO error: End of file
[https @ 0x7f96c3f12e40] Error reading HTTP response: End of file
[2026-04-12T19:08:29.594472] Saved clip /Users/Chen/PycharmProjects/CSCI_6234_Final/recordings/cam221/clips/2026/04/12/cam221_20260412T230745Z.mp4 (672084 bytes)
[2026-04-12T19:08:30.123572] Starting 60-second capture -> /Users/Chen/PycharmProjects/CSCI_6234_Final/recordings/cam221/clips/2026/04/12/cam221_20260412T230830Z.mp4
[tls @ 0x7fe4779253c0] IO error: End of file
[https @ 0x7fe477928300] Error reading HTTP response: End of file
[tls @ 0x7fe477804bc0] IO error: End of file
[https @ 0x7fe477804a80] Error reading HTTP response: End of file
[tls @ 0x7fe4779253c0] IO error: End of file
[https @ 0x7fe47793d400] Error reading HTTP response: End of file
[tls @ 0x7fe476f527c0] IO error: End of file
[https @ 0x7fe476f74e00] Error reading HTTP response: End of file
[tls @ 0x7fe476f33900] IO error: End of file
[https @ 0x7fe476f18140] Error reading HTTP response: End of file
[tls @ 0x7fe476f73fc0] IO error: End of file
[https @ 0x7fe476f52c40] Error reading HTTP response: End of file
[tls @ 0x7fe456f51940] IO error: End of file
[https @ 0x7fe456f1ca00] Error reading HTTP response: End of file
[2026-04-12T19:09:19.211281] Saved clip /Users/Chen/PycharmProjects/CSCI_6234_Final/recordings/cam221/clips/2026/04/12/cam221_20260412T230830Z.mp4 (565119 bytes)
[2026-04-12T19:09:19.740082] Starting 60-second capture -> /Users/Chen/PycharmProjects/CSCI_6234_Final/recordings/cam221/clips/2026/04/12/cam221_20260412T230919Z.mp4
[tls @ 0x7ff6ac704a40] IO error: End of file
[https @ 0x7ff6ac704900] Error reading HTTP response: End of file
[tls @ 0x7ff6bdb14b40] IO error: End of file
[https @ 0x7ff6bdb16300] Error reading HTTP response: End of file
[tls @ 0x7ff6bdb27980] IO error: End of file
[https @ 0x7ff6bdb21bc0] Error reading HTTP response: End of file
[tls @ 0x7ff6bdb43900] IO error: End of file
[https @ 0x7ff6bdb72840] Error reading HTTP response: End of file
[tls @ 0x7ff6bdc56a80] IO error: End of file
[https @ 0x7ff6bdc23840] Error reading HTTP response: End of file
[2026-04-12T19:09:50.767279] Saved clip /Users/Chen/PycharmProjects/CSCI_6234_Final/recordings/cam221/clips/2026/04/12/cam221_20260412T230919Z.mp4 (601378 bytes)
[2026-04-12T19:09:51.295751] Starting 60-second capture -> /Users/Chen/PycharmProjects/CSCI_6234_Final/recordings/cam221/clips/2026/04/12/cam221_20260412T230951Z.mp4
[tls @ 0x7fe0223043c0] IO error: End of file
[https @ 0x7fe0017043c0] Error reading HTTP response: End of file
[tls @ 0x7fe02230a2c0] IO error: End of file
[https @ 0x7fe022318280] Error reading HTTP response: End of file
[tls @ 0x7fe022329300] IO error: End of file
[https @ 0x7fe02233ab00] Error reading HTTP response: End of file
[tls @ 0x7fe02232f0c0] IO error: End of file
[https @ 0x7fe022337cc0] Error reading HTTP response: End of file
[tls @ 0x7fe022329300] IO error: End of file
[https @ 0x7fe0223308c0] Error reading HTTP response: End of file
[tls @ 0x7fe00182d5c0] IO error: End of file
[https @ 0x7fe00182f900] Error reading HTTP response: End of file
[tls @ 0x7fe022329300] IO error: End of file
[https @ 0x7fe022337cc0] Error reading HTTP response: End of file
[tls @ 0x7fe00182af40] IO error: End of file
[https @ 0x7fe001809d00] Error reading HTTP response: End of file
[2026-04-12T19:10:35.294461] Saved clip /Users/Chen/PycharmProjects/CSCI_6234_Final/recordings/cam221/clips/2026/04/12/cam221_20260412T230951Z.mp4 (601367 bytes)
[2026-04-12T19:10:35.822545] Starting 60-second capture -> /Users/Chen/PycharmProjects/CSCI_6234_Final/recordings/cam221/clips/2026/04/12/cam221_20260412T231035Z.mp4
[tls @ 0x7ff665f04b40] IO error: End of file
[https @ 0x7ff665f04a00] Error reading HTTP response: End of file
[tls @ 0x7ff676c1f680] IO error: End of file
[https @ 0x7ff676c20980] Error reading HTTP response: End of file
[tls @ 0x7ff676a2ef80] IO error: End of file
[https @ 0x7ff676a3ab00] Error reading HTTP response: End of file
[tls @ 0x7ff676a0d680] IO error: End of file
[https @ 0x7ff676a1ad80] Error reading HTTP response: End of file
[tls @ 0x7ff676b1b700] IO error: End of file
[https @ 0x7ff676b1b600] Error reading HTTP response: End of file
[tls @ 0x7ff676a0c900] IO error: End of file
[https @ 0x7ff676a3ab00] Error reading HTTP response: End of file
[2026-04-12T19:11:17.908875] Saved clip /Users/Chen/PycharmProjects/CSCI_6234_Final/recordings/cam221/clips/2026/04/12/cam221_20260412T231035Z.mp4 (616111 bytes)
[2026-04-12T19:11:18.437399] Starting 60-second capture -> /Users/Chen/PycharmProjects/CSCI_6234_Final/recordings/cam221/clips/2026/04/12/cam221_20260412T231118Z.mp4
[tls @ 0x7f88cdb10080] IO error: End of file
[https @ 0x7f88cdb147c0] Error reading HTTP response: End of file
[tls @ 0x7f88cdb3cbc0] IO error: End of file
[https @ 0x7f88cdb38fc0] Error reading HTTP response: End of file
[tls @ 0x7f88cdd35980] IO error: End of file
[https @ 0x7f88cdd47140] Error reading HTTP response: End of file
[tls @ 0x7f88cdc30440] IO error: End of file
[https @ 0x7f88cdc2a8c0] Error reading HTTP response: End of file
[tls @ 0x7f88cdc28540] IO error: End of file
[https @ 0x7f88cdc23fc0] Error reading HTTP response: End of file
[tls @ 0x7f88cdaabe00] IO error: End of file
[https @ 0x7f88cdaa2d80] Error reading HTTP response: End of file
[2026-04-12T19:11:57.041539] Saved clip /Users/Chen/PycharmProjects/CSCI_6234_Final/recordings/cam221/clips/2026/04/12/cam221_20260412T231118Z.mp4 (727763 bytes)
[2026-04-12T19:11:57.563257] Starting 60-second capture -> /Users/Chen/PycharmProjects/CSCI_6234_Final/recordings/cam221/clips/2026/04/12/cam221_20260412T231157Z.mp4
[tls @ 0x7fdf3ca05e00] IO error: End of file
[https @ 0x7fdf3ca05cc0] Error reading HTTP response: End of file
[tls @ 0x7fdf3ca09b00] IO error: End of file
[https @ 0x7fdf3ca0b780] Error reading HTTP response: End of file
[tls @ 0x7fdf2c81ca00] IO error: End of file
[https @ 0x7fdf2c81ce40] Error reading HTTP response: End of file
[tls @ 0x7fdf2c81e600] IO error: End of file
[https @ 0x7fdf2c8109c0] Error reading HTTP response: End of file
[tls @ 0x7fdf2c826300] IO error: End of file
[https @ 0x7fdf2c823880] Error reading HTTP response: End of file
[tls @ 0x7fdf2c826580] IO error: End of file
[https @ 0x7fdf2c8263c0] Error reading HTTP response: End of file
[tls @ 0x7fdf2c805780] IO error: End of file
[https @ 0x7fdf2c8056c0] Error reading HTTP response: End of file
[tls @ 0x7fdf2c812340] IO error: End of file
[https @ 0x7fdf2c81ec40] Error reading HTTP response: End of file
[tls @ 0x7fdf3ca4f000] IO error: End of file
[https @ 0x7fdf3ca61200] Error reading HTTP response: End of file
[2026-04-12T19:12:42.010896] Saved clip /Users/Chen/PycharmProjects/CSCI_6234_Final/recordings/cam221/clips/2026/04/12/cam221_20260412T231157Z.mp4 (644501 bytes)
[2026-04-12T19:12:42.525567] Starting 60-second capture -> /Users/Chen/PycharmProjects/CSCI_6234_Final/recordings/cam221/clips/2026/04/12/cam221_20260412T231242Z.mp4
[tls @ 0x7fd8aef04b40] IO error: End of file
[https @ 0x7fd8aef04a00] Error reading HTTP response: End of file
[tls @ 0x7fd8aef05bc0] IO error: End of file
[https @ 0x7fd8aef05ac0] Error reading HTTP response: End of file
[tls @ 0x7fd8b802e0c0] IO error: End of file
[https @ 0x7fd8b805f640] Error reading HTTP response: End of file
[tls @ 0x7fd8b811be40] IO error: End of file
[https @ 0x7fd8b8118500] Error reading HTTP response: End of file
[tls @ 0x7fd8bef1f280] IO error: End of file
[https @ 0x7fd8bef1f1c0] Error reading HTTP response: End of file
[tls @ 0x7fd8aef64c00] IO error: End of file
[https @ 0x7fd8bef29e80] Error reading HTTP response: End of file
[2026-04-12T19:13:24.182112] Saved clip /Users/Chen/PycharmProjects/CSCI_6234_Final/recordings/cam221/clips/2026/04/12/cam221_20260412T231242Z.mp4 (730218 bytes)
[2026-04-12T19:13:24.706593] Starting 60-second capture -> /Users/Chen/PycharmProjects/CSCI_6234_Final/recordings/cam221/clips/2026/04/12/cam221_20260412T231324Z.mp4
[tls @ 0x7fb43db04980] IO error: End of file
[https @ 0x7fb43db04840] Error reading HTTP response: End of file
[tls @ 0x7fb43da06680] IO error: End of file
[https @ 0x7fb43da05e80] Error reading HTTP response: End of file
[tls @ 0x7fb43dc5d800] IO error: End of file
[https @ 0x7fb43dc6fa40] Error reading HTTP response: End of file
[tls @ 0x7fb43da05700] IO error: End of file
[https @ 0x7fb43da0e280] Error reading HTTP response: End of file
[tls @ 0x7fb43dd24dc0] IO error: End of file
[https @ 0x7fb43dd2b180] Error reading HTTP response: End of file
[tls @ 0x7fb43db31c80] IO error: End of file
[https @ 0x7fb43db31bc0] Error reading HTTP response: End of file
[2026-04-12T19:14:06.455781] Saved clip /Users/Chen/PycharmProjects/CSCI_6234_Final/recordings/cam221/clips/2026/04/12/cam221_20260412T231324Z.mp4 (638056 bytes)
[2026-04-12T19:14:06.976973] Starting 60-second capture -> /Users/Chen/PycharmProjects/CSCI_6234_Final/recordings/cam221/clips/2026/04/12/cam221_20260412T231406Z.mp4
[tls @ 0x7fd61c2042c0] IO error: End of file
[https @ 0x7fd60c004540] Error reading HTTP response: End of file
[tls @ 0x7fd61c207d40] IO error: End of file
[https @ 0x7fd61c2044c0] Error reading HTTP response: End of file
[tls @ 0x7fd60b7540c0] IO error: End of file
[https @ 0x7fd60b754700] Error reading HTTP response: End of file
[tls @ 0x7fd60c03a100] IO error: End of file
[https @ 0x7fd60c03d180] Error reading HTTP response: End of file
[tls @ 0x7fd61c217ac0] IO error: End of file
[https @ 0x7fd61c21f780] Error reading HTTP response: End of file
[tls @ 0x7fd60b789d00] IO error: End of file
[https @ 0x7fd60b754700] Error reading HTTP response: End of file
[tls @ 0x7fd61c20f140] IO error: End of file
[https @ 0x7fd61c20f040] Error reading HTTP response: End of file
[2026-04-12T19:14:40.749752] Saved clip /Users/Chen/PycharmProjects/CSCI_6234_Final/recordings/cam221/clips/2026/04/12/cam221_20260412T231406Z.mp4 (632817 bytes)
[2026-04-12T19:14:41.271425] Starting 60-second capture -> /Users/Chen/PycharmProjects/CSCI_6234_Final/recordings/cam221/clips/2026/04/12/cam221_20260412T231441Z.mp4
[tls @ 0x7f90ae804500] IO error: End of file
[https @ 0x7f90ae804400] Error reading HTTP response: End of file
[tls @ 0x7f90ae8445c0] IO error: End of file
[https @ 0x7f90ae8567c0] Error reading HTTP response: End of file
[tls @ 0x7f90adf4e740] IO error: End of file
[https @ 0x7f90adf4ab40] Error reading HTTP response: End of file
[tls @ 0x7f90adf7d2c0] IO error: End of file
[https @ 0x7f90adf8f4c0] Error reading HTTP response: End of file
[tls @ 0x7f908df04200] IO error: End of file
[https @ 0x7f908df04140] Error reading HTTP response: End of file
[tls @ 0x7f90ae874140] IO error: End of file
[https @ 0x7f90ae872380] Error reading HTTP response: End of file
[2026-04-12T19:15:23.229557] Saved clip /Users/Chen/PycharmProjects/CSCI_6234_Final/recordings/cam221/clips/2026/04/12/cam221_20260412T231441Z.mp4 (827396 bytes)
[2026-04-12T19:15:23.755670] Starting 60-second capture -> /Users/Chen/PycharmProjects/CSCI_6234_Final/recordings/cam221/clips/2026/04/12/cam221_20260412T231523Z.mp4
[tls @ 0x7fe91e304680] IO error: End of file
[https @ 0x7fe91e304540] Error reading HTTP response: End of file
[tls @ 0x7fe91e305640] IO error: End of file
[https @ 0x7fe91e305580] Error reading HTTP response: End of file
[tls @ 0x7fe91e20af80] IO error: End of file
[https @ 0x7fe91e218000] Error reading HTTP response: End of file
[tls @ 0x7fe8fd76e980] IO error: End of file
[https @ 0x7fe8fd773100] Error reading HTTP response: End of file
[tls @ 0x7fe91e4088c0] IO error: End of file
[https @ 0x7fe91e41ba40] Error reading HTTP response: End of file
[tls @ 0x7fe8fd76e980] IO error: End of file
[https @ 0x7fe8fd76cb40] Error reading HTTP response: End of file
[2026-04-12T19:16:05.585551] Saved clip /Users/Chen/PycharmProjects/CSCI_6234_Final/recordings/cam221/clips/2026/04/12/cam221_20260412T231523Z.mp4 (651154 bytes)
[2026-04-12T19:16:06.109181] Starting 60-second capture -> /Users/Chen/PycharmProjects/CSCI_6234_Final/recordings/cam221/clips/2026/04/12/cam221_20260412T231606Z.mp4
[tls @ 0x7ff419004680] IO error: End of file
[https @ 0x7ff419004540] Error reading HTTP response: End of file
[tls @ 0x7ff41910bd00] IO error: End of file
[https @ 0x7ff419155340] Error reading HTTP response: End of file
[tls @ 0x7ff419105440] IO error: End of file
[https @ 0x7ff419105380] Error reading HTTP response: End of file
[tls @ 0x7ff41910bd00] IO error: End of file
[https @ 0x7ff419154d40] Error reading HTTP response: End of file
[tls @ 0x7ff419187f40] IO error: End of file
[https @ 0x7ff419184340] Error reading HTTP response: End of file
[tls @ 0x7ff42931bbc0] IO error: End of file
[https @ 0x7ff429318940] Error reading HTTP response: End of file
[2026-04-12T19:16:40.070515] Saved clip /Users/Chen/PycharmProjects/CSCI_6234_Final/recordings/cam221/clips/2026/04/12/cam221_20260412T231606Z.mp4 (740912 bytes)
[2026-04-12T19:16:40.597936] Starting 60-second capture -> /Users/Chen/PycharmProjects/CSCI_6234_Final/recordings/cam221/clips/2026/04/12/cam221_20260412T231640Z.mp4
[tls @ 0x7fe84b105a00] IO error: End of file
[https @ 0x7fe84b105480] Error reading HTTP response: End of file
[tls @ 0x7fe84b404840] IO error: End of file
[https @ 0x7fe84b404700] Error reading HTTP response: End of file
[tls @ 0x7fe84b42fdc0] IO error: End of file
[https @ 0x7fe84b411640] Error reading HTTP response: End of file
[tls @ 0x7fe84b42a300] IO error: End of file
[https @ 0x7fe84b46c100] Error reading HTTP response: End of file
[tls @ 0x7fe84b21f780] IO error: End of file
[https @ 0x7fe84b20b640] Error reading HTTP response: End of file
[tls @ 0x7fe84b42a300] IO error: End of file
[https @ 0x7fe84b424880] Error reading HTTP response: End of file
[2026-04-12T19:17:22.176958] Saved clip /Users/Chen/PycharmProjects/CSCI_6234_Final/recordings/cam221/clips/2026/04/12/cam221_20260412T231640Z.mp4 (787554 bytes)
[2026-04-12T19:17:22.698045] Starting 60-second capture -> /Users/Chen/PycharmProjects/CSCI_6234_Final/recordings/cam221/clips/2026/04/12/cam221_20260412T231722Z.mp4
[tls @ 0x7fb162f04680] IO error: End of file
[https @ 0x7fb162f04580] Error reading HTTP response: End of file
[tls @ 0x7fb173b07e40] IO error: End of file
[https @ 0x7fb173b07d00] Error reading HTTP response: End of file
[tls @ 0x7fb173b11940] IO error: End of file
[https @ 0x7fb173b10b80] Error reading HTTP response: End of file
[tls @ 0x7fb173a447c0] IO error: End of file
[https @ 0x7fb173a44700] Error reading HTTP response: End of file
[tls @ 0x7fb162f44e40] IO error: End of file
[https @ 0x7fb162f38480] Error reading HTTP response: End of file
[tls @ 0x7fb173b148c0] IO error: End of file
[https @ 0x7fb173b1ae80] Error reading HTTP response: End of file
[2026-04-12T19:18:03.956300] Saved clip /Users/Chen/PycharmProjects/CSCI_6234_Final/recordings/cam221/clips/2026/04/12/cam221_20260412T231722Z.mp4 (578257 bytes)
[2026-04-12T19:18:04.464186] Starting 60-second capture -> /Users/Chen/PycharmProjects/CSCI_6234_Final/recordings/cam221/clips/2026/04/12/cam221_20260412T231804Z.mp4
[tls @ 0x7fcee69055c0] IO error: End of file
[https @ 0x7fcee6909f80] Error reading HTTP response: End of file
[tls @ 0x7fcee2917f40] IO error: End of file
[https @ 0x7fcee292ae00] Error reading HTTP response: End of file
[tls @ 0x7fcee69055c0] IO error: End of file
[https @ 0x7fcee6914500] Error reading HTTP response: End of file
[tls @ 0x7fcee2d082c0] IO error: End of file
[https @ 0x7fcee2d09180] Error reading HTTP response: End of file
[tls @ 0x7fcee684b040] IO error: End of file
[https @ 0x7fcee685d240] Error reading HTTP response: End of file
[tls @ 0x7fcee2d082c0] IO error: End of file
[https @ 0x7fcee2d0a540] Error reading HTTP response: End of file
[tls @ 0x7fcee2a052c0] IO error: End of file
[https @ 0x7fcee2a17680] Error reading HTTP response: End of file
[tls @ 0x7fcee2b05000] IO error: End of file
[https @ 0x7fcee2b0c580] Error reading HTTP response: End of file
[2026-04-12T19:18:48.226182] Saved clip /Users/Chen/PycharmProjects/CSCI_6234_Final/recordings/cam221/clips/2026/04/12/cam221_20260412T231804Z.mp4 (737277 bytes)
[2026-04-12T19:18:48.746361] Starting 60-second capture -> /Users/Chen/PycharmProjects/CSCI_6234_Final/recordings/cam221/clips/2026/04/12/cam221_20260412T231848Z.mp4
[tls @ 0x7fa039d193c0] IO error: End of file
[https @ 0x7fa039d1f140] Error reading HTTP response: End of file
[tls @ 0x7fa039a04840] IO error: End of file
[https @ 0x7fa039a04240] Error reading HTTP response: End of file
[tls @ 0x7fa039b06b40] IO error: End of file
[https @ 0x7fa039b1c180] Error reading HTTP response: End of file
[tls @ 0x7fa039b3a280] IO error: End of file
[https @ 0x7fa039b439c0] Error reading HTTP response: End of file
[tls @ 0x7fa039c79980] IO error: End of file
[https @ 0x7fa039c1a240] Error reading HTTP response: End of file
[tls @ 0x7fa039a40300] IO error: End of file
[https @ 0x7fa039a07100] Error reading HTTP response: End of file
[tls @ 0x7fa039c3f840] IO error: End of file
[https @ 0x7fa039c06000] Error reading HTTP response: End of file
[2026-04-12T19:19:38.027142] Saved clip /Users/Chen/PycharmProjects/CSCI_6234_Final/recordings/cam221/clips/2026/04/12/cam221_20260412T231848Z.mp4 (608732 bytes)
[2026-04-12T19:19:38.553140] Starting 60-second capture -> /Users/Chen/PycharmProjects/CSCI_6234_Final/recordings/cam221/clips/2026/04/12/cam221_20260412T231938Z.mp4
[tls @ 0x7f9557005840] IO error: End of file
[https @ 0x7f9557005700] Error reading HTTP response: End of file
[tls @ 0x7f9546f09800] IO error: End of file
[https @ 0x7f9546f07a00] Error reading HTTP response: End of file
[tls @ 0x7f9550006cc0] IO error: End of file
[https @ 0x7f9550015380] Error reading HTTP response: End of file
[tls @ 0x7f955700d340] IO error: End of file
[https @ 0x7f955702b940] Error reading HTTP response: End of file
[tls @ 0x7f9556f1ac80] IO error: End of file
[https @ 0x7f9556f04340] Error reading HTTP response: End of file
[tls @ 0x7f9550012580] IO error: End of file
[https @ 0x7f95500360c0] Error reading HTTP response: End of file
[2026-04-12T19:20:17.425047] Saved clip /Users/Chen/PycharmProjects/CSCI_6234_Final/recordings/cam221/clips/2026/04/12/cam221_20260412T231938Z.mp4 (858149 bytes)
[2026-04-12T19:20:17.943110] Starting 60-second capture -> /Users/Chen/PycharmProjects/CSCI_6234_Final/recordings/cam221/clips/2026/04/12/cam221_20260412T232017Z.mp4
[tls @ 0x7fa9b4004500] IO error: End of file
[https @ 0x7fa9b40043c0] Error reading HTTP response: End of file
[tls @ 0x7fa9c4109480] IO error: End of file
[https @ 0x7fa9c4109380] Error reading HTTP response: End of file
[tls @ 0x7fa9c41232c0] IO error: End of file
[https @ 0x7fa9c4119800] Error reading HTTP response: End of file
[tls @ 0x7fa9c4108340] IO error: End of file
[https @ 0x7fa9c4109440] Error reading HTTP response: End of file
[tls @ 0x7fa993704200] IO error: End of file
[https @ 0x7fa993704140] Error reading HTTP response: End of file
[tls @ 0x7fa994404540] IO error: End of file
[https @ 0x7fa994404480] Error reading HTTP response: End of file
[tls @ 0x7fa9c42202c0] IO error: End of file
[https @ 0x7fa9c42110c0] Error reading HTTP response: End of file
[2026-04-12T19:20:51.914646] Saved clip /Users/Chen/PycharmProjects/CSCI_6234_Final/recordings/cam221/clips/2026/04/12/cam221_20260412T232017Z.mp4 (681051 bytes)
[2026-04-12T19:20:52.434779] Starting 60-second capture -> /Users/Chen/PycharmProjects/CSCI_6234_Final/recordings/cam221/clips/2026/04/12/cam221_20260412T232052Z.mp4
[tls @ 0x7f971c704080] IO error: End of file
[https @ 0x7f971d004540] Error reading HTTP response: End of file
[tls @ 0x7f972d12df80] IO error: End of file
[https @ 0x7f972d116300] Error reading HTTP response: End of file
[tls @ 0x7f96fc704200] IO error: End of file
[https @ 0x7f96fc704140] Error reading HTTP response: End of file
[tls @ 0x7f971d021c80] IO error: End of file
[https @ 0x7f971d011640] Error reading HTTP response: End of file
[tls @ 0x7f971c71fc80] IO error: End of file
[https @ 0x7f971c7395c0] Error reading HTTP response: End of file
[tls @ 0x7f972d1278c0] IO error: End of file
[https @ 0x7f972d1269c0] Error reading HTTP response: End of file
[2026-04-12T19:21:34.406168] Saved clip /Users/Chen/PycharmProjects/CSCI_6234_Final/recordings/cam221/clips/2026/04/12/cam221_20260412T232052Z.mp4 (617946 bytes)
[2026-04-12T19:21:34.930042] Starting 60-second capture -> /Users/Chen/PycharmProjects/CSCI_6234_Final/recordings/cam221/clips/2026/04/12/cam221_20260412T232134Z.mp4
[tls @ 0x7f8f94904800] IO error: End of file
[https @ 0x7f8f949046c0] Error reading HTTP response: End of file
[tls @ 0x7f8f84806040] IO error: End of file
[https @ 0x7f8f84805cc0] Error reading HTTP response: End of file
[tls @ 0x7f8f94a50080] IO error: End of file
[https @ 0x7f8f94a43c40] Error reading HTTP response: End of file
[tls @ 0x7f8f83f33640] IO error: End of file
[https @ 0x7f8f83f45840] Error reading HTTP response: End of file
[tls @ 0x7f8f9493ea40] IO error: End of file
[https @ 0x7f8f94950c80] Error reading HTTP response: End of file
[tls @ 0x7f8f94a50080] IO error: End of file
[https @ 0x7f8f94a43c40] Error reading HTTP response: End of file
[2026-04-12T19:22:16.632881] Saved clip /Users/Chen/PycharmProjects/CSCI_6234_Final/recordings/cam221/clips/2026/04/12/cam221_20260412T232134Z.mp4 (814640 bytes)
[2026-04-12T19:22:17.149880] Starting 60-second capture -> /Users/Chen/PycharmProjects/CSCI_6234_Final/recordings/cam221/clips/2026/04/12/cam221_20260412T232217Z.mp4
[tls @ 0x7fbd19705100] IO error: End of file
[https @ 0x7fbd19704b80] Error reading HTTP response: End of file
[tls @ 0x7fbd2a2464c0] IO error: End of file
[https @ 0x7fbd2a2586c0] Error reading HTTP response: End of file
[tls @ 0x7fbd2a258780] IO error: End of file
[https @ 0x7fbd2a257380] Error reading HTTP response: End of file
[tls @ 0x7fbd1a862240] IO error: End of file
[https @ 0x7fbd1a889f40] Error reading HTTP response: End of file
[tls @ 0x7fbd1a926680] IO error: End of file
[https @ 0x7fbd1a92a180] Error reading HTTP response: End of file
[tls @ 0x7fbd1a862240] IO error: End of file
[https @ 0x7fbd1a874480] Error reading HTTP response: End of file
[tls @ 0x7fbd19730c40] IO error: End of file
[https @ 0x7fbd19704b80] Error reading HTTP response: End of file
[tls @ 0x7fbd1a862240] IO error: End of file
[https @ 0x7fbd1a898080] Error reading HTTP response: End of file
[tls @ 0x7fbd19714a80] IO error: End of file
[https @ 0x7fbd19715e80] Error reading HTTP response: End of file
[2026-04-12T19:23:01.195121] Saved clip /Users/Chen/PycharmProjects/CSCI_6234_Final/recordings/cam221/clips/2026/04/12/cam221_20260412T232217Z.mp4 (771240 bytes)
[2026-04-12T19:23:01.713074] Starting 60-second capture -> /Users/Chen/PycharmProjects/CSCI_6234_Final/recordings/cam221/clips/2026/04/12/cam221_20260412T232301Z.mp4
[tls @ 0x7fe651704680] IO error: End of file
[https @ 0x7fe651704540] Error reading HTTP response: End of file
[tls @ 0x7fe652204e40] IO error: End of file
[https @ 0x7fe652204d40] Error reading HTTP response: End of file
[tls @ 0x7fe651740900] IO error: End of file
[https @ 0x7fe651768e40] Error reading HTTP response: End of file
[tls @ 0x7fe652051d00] IO error: End of file
[https @ 0x7fe65200bd80] Error reading HTTP response: End of file
[tls @ 0x7fe652297940] IO error: End of file
[https @ 0x7fe6522a9b40] Error reading HTTP response: End of file
[tls @ 0x7fe652051d00] IO error: End of file
[https @ 0x7fe6520549c0] Error reading HTTP response: End of file
[2026-04-12T19:23:43.511974] Saved clip /Users/Chen/PycharmProjects/CSCI_6234_Final/recordings/cam221/clips/2026/04/12/cam221_20260412T232301Z.mp4 (638578 bytes)
[2026-04-12T19:23:44.035382] Starting 60-second capture -> /Users/Chen/PycharmProjects/CSCI_6234_Final/recordings/cam221/clips/2026/04/12/cam221_20260412T232344Z.mp4
[tls @ 0x7fe115c04500] IO error: End of file
[https @ 0x7fe115c043c0] Error reading HTTP response: End of file
[tls @ 0x7fe115c0c240] IO error: End of file
[https @ 0x7fe115c0c900] Error reading HTTP response: End of file
[tls @ 0x7fe115c1a240] IO error: End of file
[https @ 0x7fe115c04900] Error reading HTTP response: End of file
[tls @ 0x7fe115c0c900] IO error: End of file
[https @ 0x7fe105818040] Error reading HTTP response: End of file
[tls @ 0x7fe104f10e80] IO error: End of file
[https @ 0x7fe104f12240] Error reading HTTP response: End of file
[tls @ 0x7fe115807300] IO error: End of file
[https @ 0x7fe115808680] Error reading HTTP response: End of file
[2026-04-12T19:24:26.804792] Saved clip /Users/Chen/PycharmProjects/CSCI_6234_Final/recordings/cam221/clips/2026/04/12/cam221_20260412T232344Z.mp4 (644607 bytes)
[2026-04-12T19:24:27.324602] Starting 60-second capture -> /Users/Chen/PycharmProjects/CSCI_6234_Final/recordings/cam221/clips/2026/04/12/cam221_20260412T232427Z.mp4
[tls @ 0x7febbaf04540] IO error: End of file
[https @ 0x7febbaf04400] Error reading HTTP response: End of file
[tls @ 0x7febbb81de00] IO error: End of file
[https @ 0x7febbb807fc0] Error reading HTTP response: End of file
[tls @ 0x7febbba2c980] IO error: End of file
[https @ 0x7febbba3a500] Error reading HTTP response: End of file
[tls @ 0x7febbb84b500] IO error: End of file
[https @ 0x7febbb841bc0] Error reading HTTP response: End of file
[tls @ 0x7febbb82c280] IO error: End of file
[https @ 0x7febbb82bf00] Error reading HTTP response: End of file
[tls @ 0x7febbba2c980] IO error: End of file
[https @ 0x7febbba39a00] Error reading HTTP response: End of file
[tls @ 0x7febbb822780] IO error: End of file
[https @ 0x7febbb9223c0] Error reading HTTP response: End of file
[2026-04-12T19:25:00.934349] Saved clip /Users/Chen/PycharmProjects/CSCI_6234_Final/recordings/cam221/clips/2026/04/12/cam221_20260412T232427Z.mp4 (663974 bytes)
[2026-04-12T19:25:01.459410] Starting 60-second capture -> /Users/Chen/PycharmProjects/CSCI_6234_Final/recordings/cam221/clips/2026/04/12/cam221_20260412T232501Z.mp4
[tls @ 0x7f81ea704680] IO error: End of file
[https @ 0x7f81ea704580] Error reading HTTP response: End of file
[tls @ 0x7f81ea914900] IO error: End of file
[https @ 0x7f81ea917e00] Error reading HTTP response: End of file
[tls @ 0x7f81ea754480] IO error: End of file
[https @ 0x7f81ea7508c0] Error reading HTTP response: End of file
[tls @ 0x7f81ea7734c0] IO error: End of file
[https @ 0x7f81ea7856c0] Error reading HTTP response: End of file
[tls @ 0x7f81fb20b980] IO error: End of file
[https @ 0x7f81fb210d80] Error reading HTTP response: End of file
[tls @ 0x7f81ea90d540] IO error: End of file
[https @ 0x7f81ea90d480] Error reading HTTP response: End of file
[2026-04-12T19:25:43.150440] Saved clip /Users/Chen/PycharmProjects/CSCI_6234_Final/recordings/cam221/clips/2026/04/12/cam221_20260412T232501Z.mp4 (589364 bytes)
[2026-04-12T19:25:43.674711] Starting 60-second capture -> /Users/Chen/PycharmProjects/CSCI_6234_Final/recordings/cam221/clips/2026/04/12/cam221_20260412T232543Z.mp4
[tls @ 0x7f93be704500] IO error: End of file
[https @ 0x7f93be7043c0] Error reading HTTP response: End of file
[tls @ 0x7f93be713380] IO error: End of file
[https @ 0x7f93be725580] Error reading HTTP response: End of file
[tls @ 0x7f93bf024100] IO error: End of file
[https @ 0x7f93bf023f40] Error reading HTTP response: End of file
[tls @ 0x7f93bf01acc0] IO error: End of file
[https @ 0x7f93bf00f7c0] Error reading HTTP response: End of file
[tls @ 0x7f93cf3a1300] IO error: End of file
[https @ 0x7f93cf33c1c0] Error reading HTTP response: End of file
[tls @ 0x7f93bf01ac80] IO error: End of file
[https @ 0x7f93bf023f00] Error reading HTTP response: End of file
[2026-04-12T19:26:25.629868] Saved clip /Users/Chen/PycharmProjects/CSCI_6234_Final/recordings/cam221/clips/2026/04/12/cam221_20260412T232543Z.mp4 (687371 bytes)
[2026-04-12T19:26:26.150434] Starting 60-second capture -> /Users/Chen/PycharmProjects/CSCI_6234_Final/recordings/cam221/clips/2026/04/12/cam221_20260412T232626Z.mp4
[tls @ 0x7fba3bf04b40] IO error: End of file
[https @ 0x7fba3bf04a00] Error reading HTTP response: End of file
[tls @ 0x7fba4d50e500] IO error: Connection reset by peer
[https @ 0x7fba4d50dfc0] Error reading HTTP response: Connection reset by peer
[in#0/hls @ 0x7fba4d204640] keepalive request failed for 'https://itsvideo.arlingtonva.us:8013/live/cam221.stream/media_w803884171_119069.ts' with error: 'Connection reset by peer' when opening url, retrying with new connection
[tls @ 0x7fba3bf182c0] IO error: End of file
[https @ 0x7fba3bf49100] Error reading HTTP response: End of file
[tls @ 0x7fba3c811140] IO error: End of file
[https @ 0x7fba3c821080] Error reading HTTP response: End of file
[tls @ 0x7fba3bf220c0] IO error: End of file
[https @ 0x7fba3bf09b80] Error reading HTTP response: End of file
[tls @ 0x7fba3bf21880] IO error: End of file
[https @ 0x7fba3bf21f40] Error reading HTTP response: End of file
[tls @ 0x7fba4d5206c0] IO error: End of file
[https @ 0x7fba4d51c080] Error reading HTTP response: End of file
[2026-04-12T19:27:00.674467] Saved clip /Users/Chen/PycharmProjects/CSCI_6234_Final/recordings/cam221/clips/2026/04/12/cam221_20260412T232626Z.mp4 (771160 bytes)
[2026-04-12T19:27:01.197046] Starting 60-second capture -> /Users/Chen/PycharmProjects/CSCI_6234_Final/recordings/cam221/clips/2026/04/12/cam221_20260412T232701Z.mp4
[tls @ 0x7fa6e6304680] IO error: End of file
[https @ 0x7fa6e6304540] Error reading HTTP response: End of file
[tls @ 0x7fa6e6418a80] IO error: End of file
[https @ 0x7fa6e64149c0] Error reading HTTP response: End of file
[tls @ 0x7fa6e6347080] IO error: End of file
[https @ 0x7fa6e633f700] Error reading HTTP response: End of file
[tls @ 0x7fa6e6530800] IO error: End of file
[https @ 0x7fa6e6506f00] Error reading HTTP response: End of file
[tls @ 0x7fa6e6433d00] IO error: End of file
[https @ 0x7fa6e6452380] Error reading HTTP response: End of file
[tls @ 0x7fa6e6347080] IO error: End of file
[https @ 0x7fa6e6350180] Error reading HTTP response: End of file
[2026-04-12T19:27:42.637504] Saved clip /Users/Chen/PycharmProjects/CSCI_6234_Final/recordings/cam221/clips/2026/04/12/cam221_20260412T232701Z.mp4 (559723 bytes)
[2026-04-12T19:27:43.153294] Starting 60-second capture -> /Users/Chen/PycharmProjects/CSCI_6234_Final/recordings/cam221/clips/2026/04/12/cam221_20260412T232743Z.mp4
[tls @ 0x7f8b90804680] IO error: End of file
[https @ 0x7f8b90804540] Error reading HTTP response: End of file
[tls @ 0x7f8bb0832280] IO error: End of file
[https @ 0x7f8bb082d2c0] Error reading HTTP response: End of file
[tls @ 0x7f8bb083f8c0] IO error: End of file
[https @ 0x7f8bb083ca80] Error reading HTTP response: End of file
[tls @ 0x7f8b87f5d780] IO error: End of file
[https @ 0x7f8b87f59b80] Error reading HTTP response: End of file
[tls @ 0x7f8b87fa6140] IO error: End of file
[https @ 0x7f8b87fb8340] Error reading HTTP response: End of file
[tls @ 0x7f8b90825640] IO error: End of file
[https @ 0x7f8b90827980] Error reading HTTP response: End of file
[2026-04-12T19:28:24.368696] Saved clip /Users/Chen/PycharmProjects/CSCI_6234_Final/recordings/cam221/clips/2026/04/12/cam221_20260412T232743Z.mp4 (693828 bytes)
[2026-04-12T19:28:24.888803] Starting 60-second capture -> /Users/Chen/PycharmProjects/CSCI_6234_Final/recordings/cam221/clips/2026/04/12/cam221_20260412T232824Z.mp4
[tls @ 0x7ff391206700] IO error: End of file
[https @ 0x7ff391205f80] Error reading HTTP response: End of file
[tls @ 0x7ff381104b00] IO error: End of file
[https @ 0x7ff381104a00] Error reading HTTP response: End of file
[tls @ 0x7ff380710580] IO error: End of file
[https @ 0x7ff38070c140] Error reading HTTP response: End of file
[tls @ 0x7ff3807243c0] IO error: End of file
[https @ 0x7ff380724300] Error reading HTTP response: End of file
[tls @ 0x7ff381060a00] IO error: End of file
[https @ 0x7ff38105ed40] Error reading HTTP response: End of file
[tls @ 0x7ff3912074c0] IO error: End of file
[https @ 0x7ff391207400] Error reading HTTP response: End of file
[tls @ 0x7ff391004d00] IO error: End of file
[https @ 0x7ff391004b80] Error reading HTTP response: End of file
[tls @ 0x7ff381132f80] IO error: End of file
[https @ 0x7ff381139a00] Error reading HTTP response: End of file
[2026-04-12T19:29:08.884346] Saved clip /Users/Chen/PycharmProjects/CSCI_6234_Final/recordings/cam221/clips/2026/04/12/cam221_20260412T232824Z.mp4 (699731 bytes)
[2026-04-12T19:29:09.408748] Starting 60-second capture -> /Users/Chen/PycharmProjects/CSCI_6234_Final/recordings/cam221/clips/2026/04/12/cam221_20260412T232909Z.mp4
[tls @ 0x7fdfa0005800] IO error: End of file
[https @ 0x7fdfa0005700] Error reading HTTP response: End of file
[tls @ 0x7fdf86f05100] IO error: End of file
[https @ 0x7fdf86f04b80] Error reading HTTP response: End of file
[tls @ 0x7fdfa00293c0] IO error: End of file
[https @ 0x7fdfa0004d80] Error reading HTTP response: End of file
[tls @ 0x7fdfa0124f40] IO error: End of file
[https @ 0x7fdfa011fb00] Error reading HTTP response: End of file
[tls @ 0x7fdfa012b040] IO error: End of file
[https @ 0x7fdfa01060c0] Error reading HTTP response: End of file
[tls @ 0x7fdf86f36780] IO error: End of file
[https @ 0x7fdf86f49000] Error reading HTTP response: End of file
[tls @ 0x7fdf86f352c0] IO error: End of file
[https @ 0x7fdf86f29dc0] Error reading HTTP response: End of file
[2026-04-12T19:29:58.754321] Saved clip /Users/Chen/PycharmProjects/CSCI_6234_Final/recordings/cam221/clips/2026/04/12/cam221_20260412T232909Z.mp4 (804171 bytes)
[2026-04-12T19:29:59.279508] Starting 60-second capture -> /Users/Chen/PycharmProjects/CSCI_6234_Final/recordings/cam221/clips/2026/04/12/cam221_20260412T232959Z.mp4
[tls @ 0x7fcdd5b04140] IO error: End of file
[https @ 0x7fcdd5a04540] Error reading HTTP response: End of file
[tls @ 0x7fcdd5b05f40] IO error: End of file
[https @ 0x7fcdd5b05e80] Error reading HTTP response: End of file
[tls @ 0x7fcdd5a0a040] IO error: End of file
[https @ 0x7fcdd5a04f40] Error reading HTTP response: End of file
[tls @ 0x7fcdd5b2b380] IO error: End of file
[https @ 0x7fcdd5b1e9c0] Error reading HTTP response: End of file
[tls @ 0x7fcdd5a0d640] IO error: End of file
[https @ 0x7fcdd5a0bc40] Error reading HTTP response: End of file
[tls @ 0x7fcdd5b2b380] IO error: End of file
[https @ 0x7fcdd5b1dec0] Error reading HTTP response: End of file
[2026-04-12T19:30:38.213215] Saved clip /Users/Chen/PycharmProjects/CSCI_6234_Final/recordings/cam221/clips/2026/04/12/cam221_20260412T232959Z.mp4 (676528 bytes)
[2026-04-12T19:30:38.737113] Starting 60-second capture -> /Users/Chen/PycharmProjects/CSCI_6234_Final/recordings/cam221/clips/2026/04/12/cam221_20260412T233038Z.mp4
[tls @ 0x7f8862804940] IO error: End of file
[https @ 0x7f8862804800] Error reading HTTP response: End of file
[tls @ 0x7f8862a07440] IO error: End of file
[https @ 0x7f8862a07340] Error reading HTTP response: End of file
[tls @ 0x7f8862b05340] IO error: End of file
[https @ 0x7f8862b06a00] Error reading HTTP response: End of file
[tls @ 0x7f8862d1c280] IO error: End of file
[https @ 0x7f8862d1bd00] Error reading HTTP response: End of file
[tls @ 0x7f8862d08b40] IO error: End of file
[https @ 0x7f8862d29fc0] Error reading HTTP response: End of file
[tls @ 0x7f8862d96ec0] IO error: End of file
[https @ 0x7f8862d8dec0] Error reading HTTP response: End of file
[tls @ 0x7f8862b25e00] IO error: End of file
[https @ 0x7f8862b72900] Error reading HTTP response: End of file
[2026-04-12T19:31:12.739977] Saved clip /Users/Chen/PycharmProjects/CSCI_6234_Final/recordings/cam221/clips/2026/04/12/cam221_20260412T233038Z.mp4 (617918 bytes)
[2026-04-12T19:31:13.268040] Starting 60-second capture -> /Users/Chen/PycharmProjects/CSCI_6234_Final/recordings/cam221/clips/2026/04/12/cam221_20260412T233113Z.mp4
[tls @ 0x7f8682b06ac0] IO error: End of file
[https @ 0x7f8682b06580] Error reading HTTP response: End of file
[tls @ 0x7f8671f14a80] IO error: End of file
[https @ 0x7f8671f19600] Error reading HTTP response: End of file
[tls @ 0x7f8671f82980] IO error: End of file
[https @ 0x7f8671f7ed80] Error reading HTTP response: End of file
[tls @ 0x7f8682b509c0] IO error: End of file
[https @ 0x7f8682b06540] Error reading HTTP response: End of file
[tls @ 0x7f8672805e00] IO error: End of file
[https @ 0x7f8682b48640] Error reading HTTP response: End of file
[tls @ 0x7f8682906bc0] IO error: End of file
[https @ 0x7f8682906b00] Error reading HTTP response: End of file
[2026-04-12T19:31:55.098067] Saved clip /Users/Chen/PycharmProjects/CSCI_6234_Final/recordings/cam221/clips/2026/04/12/cam221_20260412T233113Z.mp4 (623899 bytes)
[2026-04-12T19:31:55.622916] Starting 60-second capture -> /Users/Chen/PycharmProjects/CSCI_6234_Final/recordings/cam221/clips/2026/04/12/cam221_20260412T233155Z.mp4
[tls @ 0x7fb428804680] IO error: End of file
[https @ 0x7fb428804540] Error reading HTTP response: End of file
[tls @ 0x7fb42880de80] IO error: End of file
[https @ 0x7fb42880ddc0] Error reading HTTP response: End of file
[tls @ 0x7fb418035780] IO error: End of file
[https @ 0x7fb418042dc0] Error reading HTTP response: End of file
[tls @ 0x7fb40ff41780] IO error: End of file
[https @ 0x7fb40ff45340] Error reading HTTP response: End of file
[tls @ 0x7fb428821c80] IO error: End of file
[https @ 0x7fb428889bc0] Error reading HTTP response: End of file
[tls @ 0x7fb41ff23c00] IO error: End of file
[https @ 0x7fb41ff08ac0] Error reading HTTP response: End of file
[2026-04-12T19:32:37.322938] Saved clip /Users/Chen/PycharmProjects/CSCI_6234_Final/recordings/cam221/clips/2026/04/12/cam221_20260412T233155Z.mp4 (564605 bytes)
[2026-04-12T19:32:37.842767] Starting 60-second capture -> /Users/Chen/PycharmProjects/CSCI_6234_Final/recordings/cam221/clips/2026/04/12/cam221_20260412T233237Z.mp4
[tls @ 0x7fc0ea505100] IO error: End of file
[https @ 0x7fc0ea504b80] Error reading HTTP response: End of file
[tls @ 0x7fc0ea242340] IO error: End of file
[https @ 0x7fc0ea23e780] Error reading HTTP response: End of file
[tls @ 0x7fc0ea26b840] IO error: End of file
[https @ 0x7fc0ea296400] Error reading HTTP response: End of file
[tls @ 0x7fc0ea411280] IO error: End of file
[https @ 0x7fc0ea4131c0] Error reading HTTP response: End of file
[tls @ 0x7fc0ea418640] IO error: End of file
[https @ 0x7fc0ea41a680] Error reading HTTP response: End of file
[tls @ 0x7fc0ea229ec0] IO error: End of file
[https @ 0x7fc0ea296400] Error reading HTTP response: End of file
[tls @ 0x7fc0ea2891c0] IO error: End of file
[https @ 0x7fc0ea28b540] Error reading HTTP response: End of file
[tls @ 0x7fc0ea385d00] IO error: End of file
[https @ 0x7fc0ea33c540] Error reading HTTP response: End of file
[tls @ 0x7fc0ea4096c0] IO error: End of file
[https @ 0x7fc0ea408a00] Error reading HTTP response: End of file
[2026-04-12T19:33:21.910848] Saved clip /Users/Chen/PycharmProjects/CSCI_6234_Final/recordings/cam221/clips/2026/04/12/cam221_20260412T233237Z.mp4 (704090 bytes)
[2026-04-12T19:33:22.434540] Starting 60-second capture -> /Users/Chen/PycharmProjects/CSCI_6234_Final/recordings/cam221/clips/2026/04/12/cam221_20260412T233322Z.mp4
[tls @ 0x7f8523004680] IO error: End of file
[https @ 0x7f8523004540] Error reading HTTP response: End of file
[tls @ 0x7f853320b5c0] IO error: End of file
[https @ 0x7f853320be80] Error reading HTTP response: End of file
[tls @ 0x7f852273fd80] IO error: End of file
[https @ 0x7f852275c900] Error reading HTTP response: End of file
[tls @ 0x7f852306bbc0] IO error: End of file
[https @ 0x7f852305c880] Error reading HTTP response: End of file
[tls @ 0x7f853314b700] IO error: End of file
[https @ 0x7f853314c740] Error reading HTTP response: End of file
[tls @ 0x7f8533208600] IO error: End of file
[https @ 0x7f8533238c00] Error reading HTTP response: End of file
[2026-04-12T19:34:04.212156] Saved clip /Users/Chen/PycharmProjects/CSCI_6234_Final/recordings/cam221/clips/2026/04/12/cam221_20260412T233322Z.mp4 (870688 bytes)
[2026-04-12T19:34:04.736881] Starting 60-second capture -> /Users/Chen/PycharmProjects/CSCI_6234_Final/recordings/cam221/clips/2026/04/12/cam221_20260412T233404Z.mp4
[tls @ 0x7fbd8cc04680] IO error: End of file
[https @ 0x7fbd8cc04540] Error reading HTTP response: End of file
[tls @ 0x7fbd8cb10900] IO error: End of file
[https @ 0x7fbd8cb15bc0] Error reading HTTP response: End of file
[tls @ 0x7fbd8cb200c0] IO error: End of file
[https @ 0x7fbd8cb29200] Error reading HTTP response: End of file
[tls @ 0x7fbd8cc49640] IO error: End of file
[https @ 0x7fbd8cc44640] Error reading HTTP response: End of file
[tls @ 0x7fbd8cb200c0] IO error: End of file
[https @ 0x7fbd8cb3f540] Error reading HTTP response: End of file
[tls @ 0x7fbd7bf54e00] IO error: End of file
[https @ 0x7fbd7bf51200] Error reading HTTP response: End of file
[2026-04-12T19:34:46.294088] Saved clip /Users/Chen/PycharmProjects/CSCI_6234_Final/recordings/cam221/clips/2026/04/12/cam221_20260412T233404Z.mp4 (613195 bytes)
[2026-04-12T19:34:46.820366] Starting 60-second capture -> /Users/Chen/PycharmProjects/CSCI_6234_Final/recordings/cam221/clips/2026/04/12/cam221_20260412T233446Z.mp4
[tls @ 0x7fe6ff205980] IO error: End of file
[https @ 0x7fe6ff205840] Error reading HTTP response: End of file
[tls @ 0x7fe6fdf091c0] IO error: End of file
[https @ 0x7fe6fdf090c0] Error reading HTTP response: End of file
[tls @ 0x7fe6ff149380] IO error: End of file
[https @ 0x7fe6ff1262c0] Error reading HTTP response: End of file
[tls @ 0x7fe6ff051f00] IO error: End of file
[https @ 0x7fe6ff0594c0] Error reading HTTP response: End of file
[tls @ 0x7fe6ff234a00] IO error: End of file
[https @ 0x7fe6ff214ec0] Error reading HTTP response: End of file
[tls @ 0x7fe6ff108e40] IO error: End of file
[https @ 0x7fe6ff11b580] Error reading HTTP response: End of file
[tls @ 0x7fe6fdf0a040] IO error: End of file
[https @ 0x7fe6fdf0bd40] Error reading HTTP response: End of file
[2026-04-12T19:35:21.911707] Saved clip /Users/Chen/PycharmProjects/CSCI_6234_Final/recordings/cam221/clips/2026/04/12/cam221_20260412T233446Z.mp4 (708878 bytes)
[2026-04-12T19:35:22.432081] Starting 60-second capture -> /Users/Chen/PycharmProjects/CSCI_6234_Final/recordings/cam221/clips/2026/04/12/cam221_20260412T233522Z.mp4
[tls @ 0x7fd4e8f04680] IO error: End of file
[https @ 0x7fd4e8f04540] Error reading HTTP response: End of file
[tls @ 0x7fd4f9d0d4c0] IO error: End of file
[https @ 0x7fd4f9d09240] Error reading HTTP response: End of file
[tls @ 0x7fd4e8f23380] IO error: End of file
[https @ 0x7fd4e8f24680] Error reading HTTP response: End of file
[tls @ 0x7fd4f9c3e9c0] IO error: End of file
[https @ 0x7fd4f9c0c580] Error reading HTTP response: End of file
[tls @ 0x7fd4f9b99b40] IO error: End of file
[https @ 0x7fd4f9bab340] Error reading HTTP response: End of file
[tls @ 0x7fd4f9d051c0] IO error: End of file
[https @ 0x7fd4f9d38700] Error reading HTTP response: End of file
[2026-04-12T19:36:04.312132] Saved clip /Users/Chen/PycharmProjects/CSCI_6234_Final/recordings/cam221/clips/2026/04/12/cam221_20260412T233522Z.mp4 (649759 bytes)
[2026-04-12T19:36:04.828780] Starting 60-second capture -> /Users/Chen/PycharmProjects/CSCI_6234_Final/recordings/cam221/clips/2026/04/12/cam221_20260412T233604Z.mp4
[tls @ 0x7fe63ba05980] IO error: End of file
[https @ 0x7fe63ba05840] Error reading HTTP response: End of file
[tls @ 0x7fe62b80e600] IO error: End of file
[https @ 0x7fe62b80e540] Error reading HTTP response: End of file
[tls @ 0x7fe63ba8ec40] IO error: End of file
[https @ 0x7fe63ba59b00] Error reading HTTP response: End of file
[tls @ 0x7fe62b80e300] IO error: End of file
[https @ 0x7fe62b813e40] Error reading HTTP response: End of file
[tls @ 0x7fe62af50d80] IO error: End of file
[https @ 0x7fe62af75880] Error reading HTTP response: End of file
[tls @ 0x7fe62b90c1c0] IO error: End of file
[https @ 0x7fe62b938200] Error reading HTTP response: End of file
[2026-04-12T19:36:46.239097] Saved clip /Users/Chen/PycharmProjects/CSCI_6234_Final/recordings/cam221/clips/2026/04/12/cam221_20260412T233604Z.mp4 (615807 bytes)
[2026-04-12T19:36:46.767420] Starting 60-second capture -> /Users/Chen/PycharmProjects/CSCI_6234_Final/recordings/cam221/clips/2026/04/12/cam221_20260412T233646Z.mp4
[tls @ 0x7fcb32405c80] IO error: End of file
[https @ 0x7fcb32405b40] Error reading HTTP response: End of file
[tls @ 0x7fcb21709040] IO error: End of file
[https @ 0x7fcb21708f80] Error reading HTTP response: End of file
[tls @ 0x7fcb217827c0] IO error: End of file
[https @ 0x7fcb21788cc0] Error reading HTTP response: End of file
[tls @ 0x7fcb32305f80] IO error: End of file
[https @ 0x7fcb32307c40] Error reading HTTP response: End of file
[tls @ 0x7fcb217827c0] IO error: End of file
[https @ 0x7fcb21717e00] Error reading HTTP response: End of file
[tls @ 0x7fcb32427680] IO error: End of file
[https @ 0x7fcb32423a80] Error reading HTTP response: End of file
[tls @ 0x7fcb32304e40] IO error: End of file
[https @ 0x7fcb32304d40] Error reading HTTP response: End of file
[2026-04-12T19:37:20.821634] Saved clip /Users/Chen/PycharmProjects/CSCI_6234_Final/recordings/cam221/clips/2026/04/12/cam221_20260412T233646Z.mp4 (615592 bytes)
[2026-04-12T19:37:21.343346] Starting 60-second capture -> /Users/Chen/PycharmProjects/CSCI_6234_Final/recordings/cam221/clips/2026/04/12/cam221_20260412T233721Z.mp4
[tls @ 0x7fd6578042c0] IO error: End of file
[https @ 0x7fd657804180] Error reading HTTP response: End of file
[tls @ 0x7fd656714180] IO error: End of file
[https @ 0x7fd6567116c0] Error reading HTTP response: End of file
[tls @ 0x7fd6578411c0] IO error: End of file
[https @ 0x7fd657840fc0] Error reading HTTP response: End of file
[tls @ 0x7fd65792c840] IO error: End of file
[https @ 0x7fd65793e040] Error reading HTTP response: End of file
[tls @ 0x7fd6567086c0] IO error: End of file
[https @ 0x7fd656747180] Error reading HTTP response: End of file
[tls @ 0x7fd657922840] IO error: End of file
[https @ 0x7fd65791e700] Error reading HTTP response: End of file
[2026-04-12T19:38:03.493262] Saved clip /Users/Chen/PycharmProjects/CSCI_6234_Final/recordings/cam221/clips/2026/04/12/cam221_20260412T233721Z.mp4 (686835 bytes)
[2026-04-12T19:38:04.018477] Starting 60-second capture -> /Users/Chen/PycharmProjects/CSCI_6234_Final/recordings/cam221/clips/2026/04/12/cam221_20260412T233804Z.mp4
[tls @ 0x7fd7b63042c0] IO error: End of file
[https @ 0x7fd7b6405b40] Error reading HTTP response: End of file
[tls @ 0x7fd7a5708300] IO error: End of file
[https @ 0x7fd7a5715140] Error reading HTTP response: End of file
[tls @ 0x7fd7a571cdc0] IO error: End of file
[https @ 0x7fd7a57241c0] Error reading HTTP response: End of file
[tls @ 0x7fd7a5742e00] IO error: End of file
[https @ 0x7fd7a5741380] Error reading HTTP response: End of file
[tls @ 0x7fd7a573f980] IO error: End of file
[https @ 0x7fd7a5746a80] Error reading HTTP response: End of file
[tls @ 0x7fd7b6487600] IO error: End of file
[https @ 0x7fd7b64bd680] Error reading HTTP response: End of file
[2026-04-12T19:38:45.730805] Saved clip /Users/Chen/PycharmProjects/CSCI_6234_Final/recordings/cam221/clips/2026/04/12/cam221_20260412T233804Z.mp4 (790855 bytes)
[2026-04-12T19:38:46.250359] Starting 60-second capture -> /Users/Chen/PycharmProjects/CSCI_6234_Final/recordings/cam221/clips/2026/04/12/cam221_20260412T233846Z.mp4
[tls @ 0x7fcdf9305c80] IO error: End of file
[https @ 0x7fcdf9305b40] Error reading HTTP response: End of file
[tls @ 0x7fcde873d6c0] IO error: End of file
[https @ 0x7fcde8739ac0] Error reading HTTP response: End of file
[tls @ 0x7fcdf9213940] IO error: End of file
[https @ 0x7fcdf921ee00] Error reading HTTP response: End of file
[tls @ 0x7fcde9017280] IO error: End of file
[https @ 0x7fcde9004f80] Error reading HTTP response: End of file
[tls @ 0x7fcde874b9c0] IO error: End of file
[https @ 0x7fcde875ab80] Error reading HTTP response: End of file
[tls @ 0x7fcdc87043c0] IO error: End of file
[https @ 0x7fcdc8704300] Error reading HTTP response: End of file
[tls @ 0x7fcdf9225640] IO error: End of file
[https @ 0x7fcdf921edc0] Error reading HTTP response: End of file
[tls @ 0x7fcde8756600] IO error: End of file
[https @ 0x7fcde8755ec0] Error reading HTTP response: End of file
[tls @ 0x7fcde903bd40] IO error: End of file
[https @ 0x7fcde9043340] Error reading HTTP response: End of file
[2026-04-12T19:39:30.805541] Saved clip /Users/Chen/PycharmProjects/CSCI_6234_Final/recordings/cam221/clips/2026/04/12/cam221_20260412T233846Z.mp4 (629647 bytes)
[2026-04-12T19:39:31.324772] Starting 60-second capture -> /Users/Chen/PycharmProjects/CSCI_6234_Final/recordings/cam221/clips/2026/04/12/cam221_20260412T233931Z.mp4
[tls @ 0x7f90a5104e40] IO error: End of file
[https @ 0x7f90a5104d00] Error reading HTTP response: End of file
[tls @ 0x7f90a510ad80] IO error: End of file
[https @ 0x7f90a510acc0] Error reading HTTP response: End of file
[tls @ 0x7f9094709e40] IO error: End of file
[https @ 0x7f9094727bc0] Error reading HTTP response: End of file
[tls @ 0x7f90a5258940] IO error: End of file
[https @ 0x7f90a5258880] Error reading HTTP response: End of file
[tls @ 0x7f9094748ac0] IO error: End of file
[https @ 0x7f9094722440] Error reading HTTP response: End of file
[tls @ 0x7f90a5258880] IO error: End of file
[https @ 0x7f90a523d200] Error reading HTTP response: End of file
[2026-04-12T19:40:12.932567] Saved clip /Users/Chen/PycharmProjects/CSCI_6234_Final/recordings/cam221/clips/2026/04/12/cam221_20260412T233931Z.mp4 (710824 bytes)
[2026-04-12T19:40:13.454904] Starting 60-second capture -> /Users/Chen/PycharmProjects/CSCI_6234_Final/recordings/cam221/clips/2026/04/12/cam221_20260412T234013Z.mp4
[tls @ 0x7feef1311780] IO error: End of file
[https @ 0x7feef110d480] Error reading HTTP response: End of file
[tls @ 0x7feef1410640] IO error: End of file
[https @ 0x7feef1126e40] Error reading HTTP response: End of file
[tls @ 0x7feef1273540] IO error: End of file
[https @ 0x7feef126f980] Error reading HTTP response: End of file
[tls @ 0x7feef1405180] IO error: End of file
[https @ 0x7feef1416240] Error reading HTTP response: End of file
[tls @ 0x7feef1306b80] IO error: End of file
[https @ 0x7feef1353440] Error reading HTTP response: End of file
[tls @ 0x7feef1273540] IO error: End of file
[https @ 0x7feef126f980] Error reading HTTP response: End of file
[2026-04-12T19:40:55.369223] Saved clip /Users/Chen/PycharmProjects/CSCI_6234_Final/recordings/cam221/clips/2026/04/12/cam221_20260412T234013Z.mp4 (687413 bytes)
[2026-04-12T19:40:55.895295] Starting 60-second capture -> /Users/Chen/PycharmProjects/CSCI_6234_Final/recordings/cam221/clips/2026/04/12/cam221_20260412T234055Z.mp4
[tls @ 0x7fe890704380] IO error: End of file
[https @ 0x7fe890704240] Error reading HTTP response: End of file
[tls @ 0x7fe8a1408500] IO error: End of file
[https @ 0x7fe8a1419d00] Error reading HTTP response: End of file
[tls @ 0x7fe8a1304680] IO error: End of file
[https @ 0x7fe8a13045c0] Error reading HTTP response: End of file
[tls @ 0x7fe89076c5c0] IO error: End of file
[https @ 0x7fe89071cbc0] Error reading HTTP response: End of file
[tls @ 0x7fe8a126dac0] IO error: End of file
[https @ 0x7fe8a1269f00] Error reading HTTP response: End of file
[tls @ 0x7fe8a144e600] IO error: End of file
[https @ 0x7fe8a1405c80] Error reading HTTP response: End of file
[tls @ 0x7fe8a121b4c0] IO error: End of file
[https @ 0x7fe8a121bf00] Error reading HTTP response: End of file
[tls @ 0x7fe8a144e600] IO error: End of file
[https @ 0x7fe8a14041c0] Error reading HTTP response: End of file
[tls @ 0x7fe8907478c0] IO error: End of file
[https @ 0x7fe8907523c0] Error reading HTTP response: End of file
[2026-04-12T19:41:40.273505] Saved clip /Users/Chen/PycharmProjects/CSCI_6234_Final/recordings/cam221/clips/2026/04/12/cam221_20260412T234055Z.mp4 (703100 bytes)
[2026-04-12T19:41:40.792783] Starting 60-second capture -> /Users/Chen/PycharmProjects/CSCI_6234_Final/recordings/cam221/clips/2026/04/12/cam221_20260412T234140Z.mp4
[tls @ 0x7fae4b705100] IO error: End of file
[https @ 0x7fae4b704b80] Error reading HTTP response: End of file
[tls @ 0x7fae4c00e700] IO error: End of file
[https @ 0x7fae4c00e640] Error reading HTTP response: End of file
[tls @ 0x7fae4b71df80] IO error: End of file
[https @ 0x7fae4b759380] Error reading HTTP response: End of file
[tls @ 0x7fae4b76ef80] IO error: End of file
[https @ 0x7fae4b770380] Error reading HTTP response: End of file
[tls @ 0x7fae4c06e3c0] IO error: End of file
[https @ 0x7fae4c07bf00] Error reading HTTP response: End of file
[tls @ 0x7fae4c10e100] IO error: End of file
[https @ 0x7fae4c10e3c0] Error reading HTTP response: End of file
[tls @ 0x7fae4c133400] IO error: End of file
[https @ 0x7fae4c145600] Error reading HTTP response: End of file
[tls @ 0x7fae4b760b00] IO error: End of file
[https @ 0x7fae5c255bc0] Error reading HTTP response: End of file
[2026-04-12T19:42:25.171225] Saved clip /Users/Chen/PycharmProjects/CSCI_6234_Final/recordings/cam221/clips/2026/04/12/cam221_20260412T234140Z.mp4 (671967 bytes)
[2026-04-12T19:42:25.694880] Starting 60-second capture -> /Users/Chen/PycharmProjects/CSCI_6234_Final/recordings/cam221/clips/2026/04/12/cam221_20260412T234225Z.mp4
[tls @ 0x7f8e2d305b00] IO error: End of file
[https @ 0x7f8e2d3059c0] Error reading HTTP response: End of file
[tls @ 0x7f8e2d3173c0] IO error: End of file
[https @ 0x7f8e2d328bc0] Error reading HTTP response: End of file
[tls @ 0x7f8e1d027a00] IO error: End of file
[https @ 0x7f8e1d026e40] Error reading HTTP response: End of file
[tls @ 0x7f8e2d346340] IO error: End of file
[https @ 0x7f8e2d342740] Error reading HTTP response: End of file
[tls @ 0x7f8e1d006740] IO error: End of file
[https @ 0x7f8e1d006680] Error reading HTTP response: End of file
[tls @ 0x7f8e1c737ec0] IO error: End of file
[https @ 0x7f8e1c749f00] Error reading HTTP response: End of file
[2026-04-12T19:43:07.538522] Saved clip /Users/Chen/PycharmProjects/CSCI_6234_Final/recordings/cam221/clips/2026/04/12/cam221_20260412T234225Z.mp4 (590160 bytes)
[2026-04-12T19:43:08.064251] Starting 60-second capture -> /Users/Chen/PycharmProjects/CSCI_6234_Final/recordings/cam221/clips/2026/04/12/cam221_20260412T234308Z.mp4
[tls @ 0x7fe7a4b05080] IO error: End of file
[https @ 0x7fe7a4b04fc0] Error reading HTTP response: End of file
[tls @ 0x7fe783f05a00] IO error: End of file
[https @ 0x7fe783f05940] Error reading HTTP response: End of file
[tls @ 0x7fe783f370c0] IO error: End of file
[https @ 0x7fe783f36b80] Error reading HTTP response: End of file
[tls @ 0x7fe783f32040] IO error: End of file
[https @ 0x7fe783f3a340] Error reading HTTP response: End of file
[tls @ 0x7fe7a4d35ac0] IO error: End of file
[https @ 0x7fe7a4d322c0] Error reading HTTP response: End of file
[tls @ 0x7fe7a4b46580] IO error: End of file
[https @ 0x7fe7a4b0b100] Error reading HTTP response: End of file
[tls @ 0x7fe7a4d38780] IO error: End of file
[https @ 0x7fe7a4d3fd00] Error reading HTTP response: End of file
[2026-04-12T19:43:42.009693] Saved clip /Users/Chen/PycharmProjects/CSCI_6234_Final/recordings/cam221/clips/2026/04/12/cam221_20260412T234308Z.mp4 (747988 bytes)
[2026-04-12T19:43:42.524238] Starting 60-second capture -> /Users/Chen/PycharmProjects/CSCI_6234_Final/recordings/cam221/clips/2026/04/12/cam221_20260412T234342Z.mp4
[tls @ 0x7fcdfd004680] IO error: End of file
[https @ 0x7fcdfd004540] Error reading HTTP response: End of file
[tls @ 0x7fce0d208380] IO error: End of file
[https @ 0x7fce0d20f040] Error reading HTTP response: End of file
[tls @ 0x7fce0d349440] IO error: End of file
[https @ 0x7fce0d351040] Error reading HTTP response: End of file
[tls @ 0x7fcdfc70b400] IO error: End of file
[https @ 0x7fcdfc711800] Error reading HTTP response: End of file
[tls @ 0x7fcdfc743ec0] IO error: End of file
[https @ 0x7fce0d324dc0] Error reading HTTP response: End of file
[tls @ 0x7fcdfd0460c0] IO error: End of file
[https @ 0x7fcdfd04df00] Error reading HTTP response: End of file
[2026-04-12T19:44:24.002148] Saved clip /Users/Chen/PycharmProjects/CSCI_6234_Final/recordings/cam221/clips/2026/04/12/cam221_20260412T234342Z.mp4 (682537 bytes)
[2026-04-12T19:44:24.521783] Starting 60-second capture -> /Users/Chen/PycharmProjects/CSCI_6234_Final/recordings/cam221/clips/2026/04/12/cam221_20260412T234424Z.mp4
[tls @ 0x7f98e4704500] IO error: End of file
[https @ 0x7f98e47043c0] Error reading HTTP response: End of file
[tls @ 0x7f98f5906a00] IO error: End of file
[https @ 0x7f98f59068c0] Error reading HTTP response: End of file
[tls @ 0x7f98f5874580] IO error: End of file
[https @ 0x7f98f5856700] Error reading HTTP response: End of file
[tls @ 0x7f98f5872e00] IO error: End of file
[https @ 0x7f98f586b880] Error reading HTTP response: End of file
[tls @ 0x7f98f4735d40] IO error: End of file
[https @ 0x7f98f4725f80] Error reading HTTP response: End of file
[tls @ 0x7f98f5872e00] IO error: End of file
[https @ 0x7f98f583a880] Error reading HTTP response: End of file
[2026-04-12T19:45:06.621584] Saved clip /Users/Chen/PycharmProjects/CSCI_6234_Final/recordings/cam221/clips/2026/04/12/cam221_20260412T234424Z.mp4 (791339 bytes)
[2026-04-12T19:45:07.202375] Starting 60-second capture -> /Users/Chen/PycharmProjects/CSCI_6234_Final/recordings/cam221/clips/2026/04/12/cam221_20260412T234507Z.mp4
[tls @ 0x7f9ce00042c0] IO error: End of file
[https @ 0x7f9ce0104340] Error reading HTTP response: End of file
[tls @ 0x7f9ce000ba00] IO error: End of file
[https @ 0x7f9cd3d1c8c0] Error reading HTTP response: End of file
[tls @ 0x7f9cd3d1dac0] IO error: End of file
[https @ 0x7f9cd3d1ca40] Error reading HTTP response: End of file
[tls @ 0x7f9cd3d163c0] IO error: End of file
[https @ 0x7f9cd3d0bf80] Error reading HTTP response: End of file
[tls @ 0x7f9ce0028f40] IO error: End of file
[https @ 0x7f9ce0032640] Error reading HTTP response: End of file
[tls @ 0x7f9cd3c4f140] IO error: End of file
[https @ 0x7f9cd3c56600] Error reading HTTP response: End of file
[tls @ 0x7f9cd3d1c980] IO error: End of file
[https @ 0x7f9cd3d20dc0] Error reading HTTP response: End of file
[2026-04-12T19:45:40.649453] Saved clip /Users/Chen/PycharmProjects/CSCI_6234_Final/recordings/cam221/clips/2026/04/12/cam221_20260412T234507Z.mp4 (662697 bytes)
[2026-04-12T19:45:41.183449] Starting 60-second capture -> /Users/Chen/PycharmProjects/CSCI_6234_Final/recordings/cam221/clips/2026/04/12/cam221_20260412T234541Z.mp4
[tls @ 0x7fcbf1f04500] IO error: End of file
[https @ 0x7fcbf1f043c0] Error reading HTTP response: End of file
[tls @ 0x7fcc02a22580] IO error: End of file
[https @ 0x7fcc02a20900] Error reading HTTP response: End of file
[tls @ 0x7fcc02b1abc0] IO error: End of file
[https @ 0x7fcc02b37040] Error reading HTTP response: End of file
[tls @ 0x7fcbf1f54380] IO error: End of file
[https @ 0x7fcbf1f1b980] Error reading HTTP response: End of file
[tls @ 0x7fcc02804500] IO error: End of file
[https @ 0x7fcc02804400] Error reading HTTP response: End of file
[tls @ 0x7fcbf1f54380] IO error: End of file
[https @ 0x7fcbf1f54200] Error reading HTTP response: End of file
[2026-04-12T19:46:22.786627] Saved clip /Users/Chen/PycharmProjects/CSCI_6234_Final/recordings/cam221/clips/2026/04/12/cam221_20260412T234541Z.mp4 (777565 bytes)
[2026-04-12T19:46:23.304655] Starting 60-second capture -> /Users/Chen/PycharmProjects/CSCI_6234_Final/recordings/cam221/clips/2026/04/12/cam221_20260412T234623Z.mp4
[tls @ 0x7f7a7db06580] IO error: End of file
[https @ 0x7f7a7db064c0] Error reading HTTP response: End of file
[tls @ 0x7f7a6cf0de00] IO error: End of file
[https @ 0x7f7a6cf0dd40] Error reading HTTP response: End of file
[tls @ 0x7f7a7db04500] IO error: End of file
[https @ 0x7f7a7db6b640] Error reading HTTP response: End of file
[tls @ 0x7f7a6d958c80] IO error: End of file
[https @ 0x7f7a6d948b40] Error reading HTTP response: End of file
[tls @ 0x7f7a6cf36980] IO error: End of file
[https @ 0x7f7a7db88200] Error reading HTTP response: End of file
[tls @ 0x7f7a6d9577c0] IO error: End of file
[https @ 0x7f7a6d933ec0] Error reading HTTP response: End of file
[2026-04-12T19:47:05.092993] Saved clip /Users/Chen/PycharmProjects/CSCI_6234_Final/recordings/cam221/clips/2026/04/12/cam221_20260412T234623Z.mp4 (887932 bytes)
[2026-04-12T19:47:05.621548] Starting 60-second capture -> /Users/Chen/PycharmProjects/CSCI_6234_Final/recordings/cam221/clips/2026/04/12/cam221_20260412T234705Z.mp4
[tls @ 0x7f8075704ac0] IO error: End of file
[https @ 0x7f8075704980] Error reading HTTP response: End of file
[tls @ 0x7f808620c400] IO error: End of file
[https @ 0x7f8086209340] Error reading HTTP response: End of file
[tls @ 0x7f808623ea40] IO error: End of file
[https @ 0x7f8086250c40] Error reading HTTP response: End of file
[tls @ 0x7f8076150180] IO error: End of file
[https @ 0x7f8076105bc0] Error reading HTTP response: End of file
[tls @ 0x7f8076018d00] IO error: End of file
[https @ 0x7f8076009140] Error reading HTTP response: End of file
[tls @ 0x7f8075740c00] IO error: End of file
[https @ 0x7f807574c740] Error reading HTTP response: End of file
[tls @ 0x7f8075721b00] IO error: End of file
[https @ 0x7f8075718000] Error reading HTTP response: End of file
[tls @ 0x7f807576cc00] IO error: End of file
[https @ 0x7f8075769b40] Error reading HTTP response: End of file
[2026-04-12T19:47:49.276360] Saved clip /Users/Chen/PycharmProjects/CSCI_6234_Final/recordings/cam221/clips/2026/04/12/cam221_20260412T234705Z.mp4 (676748 bytes)
[2026-04-12T19:47:49.805698] Starting 60-second capture -> /Users/Chen/PycharmProjects/CSCI_6234_Final/recordings/cam221/clips/2026/04/12/cam221_20260412T234749Z.mp4
[tls @ 0x7fe4f3506b40] IO error: End of file
[https @ 0x7fe4f3506a00] Error reading HTTP response: End of file
[tls @ 0x7fe4f340b140] IO error: End of file
[https @ 0x7fe4f341b200] Error reading HTTP response: End of file
[tls @ 0x7fe4f334c640] IO error: End of file
[https @ 0x7fe4f334b5c0] Error reading HTTP response: End of file
[tls @ 0x7fe4f3320940] IO error: End of file
[https @ 0x7fe4f331eb00] Error reading HTTP response: End of file
[tls @ 0x7fe4f3420480] IO error: End of file
[https @ 0x7fe4f3422580] Error reading HTTP response: End of file
[tls @ 0x7fe4f328e540] IO error: End of file
[https @ 0x7fe4f331ab40] Error reading HTTP response: End of file
[tls @ 0x7fe4f3553800] IO error: End of file
[https @ 0x7fe4f3513dc0] Error reading HTTP response: End of file
[tls @ 0x7fe4f322c980] IO error: End of file
[https @ 0x7fe4f323da00] Error reading HTTP response: End of file
[2026-04-12T19:48:34.721239] Saved clip /Users/Chen/PycharmProjects/CSCI_6234_Final/recordings/cam221/clips/2026/04/12/cam221_20260412T234749Z.mp4 (782981 bytes)
[2026-04-12T19:48:35.252473] Starting 60-second capture -> /Users/Chen/PycharmProjects/CSCI_6234_Final/recordings/cam221/clips/2026/04/12/cam221_20260412T234835Z.mp4
[tls @ 0x7f7cb80048c0] IO error: End of file
[https @ 0x7f7cb8004780] Error reading HTTP response: End of file
[tls @ 0x7f7c9ef34bc0] IO error: End of file
[https @ 0x7f7c9ef46dc0] Error reading HTTP response: End of file
[tls @ 0x7f7c9ef6f380] IO error: End of file
[https @ 0x7f7cb8104c80] Error reading HTTP response: End of file
[tls @ 0x7f7cb8228b80] IO error: End of file
[https @ 0x7f7cb8243080] Error reading HTTP response: End of file
[tls @ 0x7f7cb824c600] IO error: End of file
[https @ 0x7f7cb8219b00] Error reading HTTP response: End of file
[tls @ 0x7f7c9ef54880] IO error: End of file
[https @ 0x7f7c9ef16d00] Error reading HTTP response: End of file
[2026-04-12T19:49:16.827793] Saved clip /Users/Chen/PycharmProjects/CSCI_6234_Final/recordings/cam221/clips/2026/04/12/cam221_20260412T234835Z.mp4 (676587 bytes)
[2026-04-12T19:49:17.356272] Starting 60-second capture -> /Users/Chen/PycharmProjects/CSCI_6234_Final/recordings/cam221/clips/2026/04/12/cam221_20260412T234917Z.mp4
[tls @ 0x7fda6c804080] IO error: End of file
[https @ 0x7fda6bf04540] Error reading HTTP response: End of file
[tls @ 0x7fda6c90e480] IO error: End of file
[https @ 0x7fda6c90f840] Error reading HTTP response: End of file
[tls @ 0x7fda6bf27780] IO error: End of file
[https @ 0x7fda6bf3bc40] Error reading HTTP response: End of file
[tls @ 0x7fda6bf25380] IO error: End of file
[https @ 0x7fda6c81b200] Error reading HTTP response: End of file
[tls @ 0x7fda6c9213c0] IO error: End of file
[https @ 0x7fda6c948b00] Error reading HTTP response: End of file
[tls @ 0x7fda6bf17740] IO error: End of file
[https @ 0x7fda6bf0dd00] Error reading HTTP response: End of file
[tls @ 0x7fda6c924500] IO error: End of file
[https @ 0x7fda6bf35bc0] Error reading HTTP response: End of file
[2026-04-12T19:49:50.708965] Saved clip /Users/Chen/PycharmProjects/CSCI_6234_Final/recordings/cam221/clips/2026/04/12/cam221_20260412T234917Z.mp4 (858679 bytes)
[2026-04-12T19:49:51.233258] Starting 60-second capture -> /Users/Chen/PycharmProjects/CSCI_6234_Final/recordings/cam221/clips/2026/04/12/cam221_20260412T234951Z.mp4
[tls @ 0x7f823ec07bc0] IO error: End of file
[https @ 0x7f823ec07ac0] Error reading HTTP response: End of file
[tls @ 0x7f823e910bc0] IO error: End of file
[https @ 0x7f823e917800] Error reading HTTP response: End of file
[tls @ 0x7f823ea80c00] IO error: End of file
[https @ 0x7f823ea9db80] Error reading HTTP response: End of file
[tls @ 0x7f823ec278c0] IO error: End of file
[https @ 0x7f823ec28140] Error reading HTTP response: End of file
[tls @ 0x7f823ea80c00] IO error: End of file
[https @ 0x7f823ea4d240] Error reading HTTP response: End of file
[tls @ 0x7f823eb889c0] IO error: End of file
[https @ 0x7f823eb8c7c0] Error reading HTTP response: End of file
[2026-04-12T19:50:32.611404] Saved clip /Users/Chen/PycharmProjects/CSCI_6234_Final/recordings/cam221/clips/2026/04/12/cam221_20260412T234951Z.mp4 (851290 bytes)
[2026-04-12T19:50:33.141731] Starting 60-second capture -> /Users/Chen/PycharmProjects/CSCI_6234_Final/recordings/cam221/clips/2026/04/12/cam221_20260412T235033Z.mp4
[tls @ 0x7fa76442e280] IO error: End of file
[https @ 0x7fa764416b40] Error reading HTTP response: End of file
[tls @ 0x7fa76443cd40] IO error: End of file
[https @ 0x7fa764318900] Error reading HTTP response: End of file
[tls @ 0x7fa764263f00] IO error: End of file
[https @ 0x7fa764261140] Error reading HTTP response: End of file
[tls @ 0x7fa764315c00] IO error: End of file
[https @ 0x7fa764340bc0] Error reading HTTP response: End of file
[tls @ 0x7fa764518ac0] IO error: End of file
[https @ 0x7fa764516ec0] Error reading HTTP response: End of file
[tls @ 0x7fa76442e280] IO error: End of file
[https @ 0x7fa764416b40] Error reading HTTP response: End of file
[2026-04-12T19:51:14.839900] Saved clip /Users/Chen/PycharmProjects/CSCI_6234_Final/recordings/cam221/clips/2026/04/12/cam221_20260412T235033Z.mp4 (562918 bytes)
[2026-04-12T19:51:15.362436] Starting 60-second capture -> /Users/Chen/PycharmProjects/CSCI_6234_Final/recordings/cam221/clips/2026/04/12/cam221_20260412T235115Z.mp4
[tls @ 0x7f948df04e00] IO error: End of file
[https @ 0x7f948df04900] Error reading HTTP response: End of file
[tls @ 0x7f947e02dec0] IO error: End of file
[https @ 0x7f947e040100] Error reading HTTP response: End of file
[tls @ 0x7f947e06ce40] IO error: End of file
[https @ 0x7f947e066b00] Error reading HTTP response: End of file
[tls @ 0x7f947df25100] IO error: End of file
[https @ 0x7f947df24f00] Error reading HTTP response: End of file
[tls @ 0x7f947df08a00] IO error: End of file
[https @ 0x7f948e8979c0] Error reading HTTP response: End of file
[tls @ 0x7f948e8b8dc0] IO error: End of file
[https @ 0x7f948e8b5200] Error reading HTTP response: End of file
[tls @ 0x7f947e058180] IO error: End of file
[https @ 0x7f947e066880] Error reading HTTP response: End of file
[2026-04-12T19:51:50.732052] Saved clip /Users/Chen/PycharmProjects/CSCI_6234_Final/recordings/cam221/clips/2026/04/12/cam221_20260412T235115Z.mp4 (747420 bytes)
[2026-04-12T19:51:51.261772] Starting 60-second capture -> /Users/Chen/PycharmProjects/CSCI_6234_Final/recordings/cam221/clips/2026/04/12/cam221_20260412T235151Z.mp4
[tls @ 0x7f84a59049c0] IO error: End of file
[https @ 0x7f84a5c04cc0] Error reading HTTP response: End of file
[tls @ 0x7f84a5b07d80] IO error: End of file
[https @ 0x7f84a5b1c2c0] Error reading HTTP response: End of file
[tls @ 0x7f84a5a0e340] IO error: End of file
[https @ 0x7f84a5a37200] Error reading HTTP response: End of file
[tls @ 0x7f84a5c1f180] IO error: End of file
[https @ 0x7f84a5c3b980] Error reading HTTP response: End of file
[tls @ 0x7f84a5c21840] IO error: End of file
[https @ 0x7f84a5c0ed80] Error reading HTTP response: End of file
[tls @ 0x7f84a5c0b940] IO error: End of file
[https @ 0x7f84a5c0b880] Error reading HTTP response: End of file
[2026-04-12T19:52:32.992253] Saved clip /Users/Chen/PycharmProjects/CSCI_6234_Final/recordings/cam221/clips/2026/04/12/cam221_20260412T235151Z.mp4 (677764 bytes)
[2026-04-12T19:52:33.516948] Starting 60-second capture -> /Users/Chen/PycharmProjects/CSCI_6234_Final/recordings/cam221/clips/2026/04/12/cam221_20260412T235233Z.mp4
[tls @ 0x7fcd30804500] IO error: End of file
[https @ 0x7fcd308043c0] Error reading HTTP response: End of file
[tls @ 0x7fcd17007380] IO error: End of file
[https @ 0x7fcd17007240] Error reading HTTP response: End of file
[tls @ 0x7fcd16f40ec0] IO error: End of file
[https @ 0x7fcd16f3f900] Error reading HTTP response: End of file
[tls @ 0x7fcd3080ce40] IO error: End of file
[https @ 0x7fcd30806bc0] Error reading HTTP response: End of file
[tls @ 0x7fcd3082f3c0] IO error: End of file
[https @ 0x7fcd30828800] Error reading HTTP response: End of file
[tls @ 0x7fcd17086880] IO error: End of file
[https @ 0x7fcd17085d80] Error reading HTTP response: End of file
[2026-04-12T19:53:15.188792] Saved clip /Users/Chen/PycharmProjects/CSCI_6234_Final/recordings/cam221/clips/2026/04/12/cam221_20260412T235233Z.mp4 (723445 bytes)
[2026-04-12T19:53:15.718165] Starting 60-second capture -> /Users/Chen/PycharmProjects/CSCI_6234_Final/recordings/cam221/clips/2026/04/12/cam221_20260412T235315Z.mp4
[tls @ 0x7fad29d06680] IO error: End of file
[https @ 0x7fad29d06140] Error reading HTTP response: End of file
[tls @ 0x7fad18f049c0] IO error: End of file
[https @ 0x7fad18f048c0] Error reading HTTP response: End of file
[tls @ 0x7fad18f0c580] IO error: End of file
[https @ 0x7fad18f0a540] Error reading HTTP response: End of file
[tls @ 0x7fad29d2aa80] IO error: End of file
[https @ 0x7fad29d5f600] Error reading HTTP response: End of file
[tls @ 0x7fad29b1b1c0] IO error: End of file
[https @ 0x7fad29b48740] Error reading HTTP response: End of file
[tls @ 0x7fad29b52700] IO error: End of file
[https @ 0x7fad29b22c40] Error reading HTTP response: End of file
[tls @ 0x7fad18f52dc0] IO error: End of file
[https @ 0x7fad18f07900] Error reading HTTP response: End of file
[tls @ 0x7fad18f2d340] IO error: End of file
[https @ 0x7fad18f16fc0] Error reading HTTP response: End of file
[2026-04-12T19:53:59.312043] Saved clip /Users/Chen/PycharmProjects/CSCI_6234_Final/recordings/cam221/clips/2026/04/12/cam221_20260412T235315Z.mp4 (754473 bytes)
[2026-04-12T19:53:59.838843] Starting 60-second capture -> /Users/Chen/PycharmProjects/CSCI_6234_Final/recordings/cam221/clips/2026/04/12/cam221_20260412T235359Z.mp4
[tls @ 0x7fad85f24d40] IO error: End of file
[https @ 0x7fad85f17f00] Error reading HTTP response: End of file
[tls @ 0x7fad96a04680] IO error: End of file
[https @ 0x7fad96a04580] Error reading HTTP response: End of file
[tls @ 0x7fad96c34840] IO error: End of file
[https @ 0x7fad96c3da80] Error reading HTTP response: End of file
[tls @ 0x7fad96c47640] IO error: End of file
[https @ 0x7fad96c45a80] Error reading HTTP response: End of file
[tls @ 0x7fad96c66780] IO error: End of file
[https @ 0x7fad96c78980] Error reading HTTP response: End of file
[tls @ 0x7fad96b1a400] IO error: End of file
[https @ 0x7fad96b36d40] Error reading HTTP response: End of file
[tls @ 0x7fad85f1cb00] IO error: End of file
[https @ 0x7fad85f322c0] Error reading HTTP response: End of file
[2026-04-12T19:54:48.827371] Saved clip /Users/Chen/PycharmProjects/CSCI_6234_Final/recordings/cam221/clips/2026/04/12/cam221_20260412T235359Z.mp4 (624919 bytes)
[2026-04-12T19:54:49.350330] Starting 60-second capture -> /Users/Chen/PycharmProjects/CSCI_6234_Final/recordings/cam221/clips/2026/04/12/cam221_20260412T235449Z.mp4
[tls @ 0x7fc00f404500] IO error: End of file
[https @ 0x7fc00f4043c0] Error reading HTTP response: End of file
[tls @ 0x7fc00f610880] IO error: End of file
[https @ 0x7fc00f60e000] Error reading HTTP response: End of file
[tls @ 0x7fc00f512140] IO error: End of file
[https @ 0x7fc00f512080] Error reading HTTP response: End of file
[tls @ 0x7fc00f53dcc0] IO error: End of file
[https @ 0x7fc00f54fec0] Error reading HTTP response: End of file
[2026-04-12T19:55:27.643238] Saved clip /Users/Chen/PycharmProjects/CSCI_6234_Final/recordings/cam221/clips/2026/04/12/cam221_20260412T235449Z.mp4 (709236 bytes)
[2026-04-12T19:55:28.167554] Starting 60-second capture -> /Users/Chen/PycharmProjects/CSCI_6234_Final/recordings/cam221/clips/2026/04/12/cam221_20260412T235528Z.mp4
[tls @ 0x7fa244804680] IO error: End of file
[https @ 0x7fa244804540] Error reading HTTP response: End of file
[tls @ 0x7fa24482c680] IO error: End of file
[https @ 0x7fa244828a80] Error reading HTTP response: End of file
[tls @ 0x7fa244966340] IO error: End of file
[https @ 0x7fa24496fa80] Error reading HTTP response: End of file
[tls @ 0x7fa244b29ac0] IO error: End of file
[https @ 0x7fa244b27900] Error reading HTTP response: End of file
[tls @ 0x7fa244b25e80] IO error: End of file
[https @ 0x7fa244b26340] Error reading HTTP response: End of file
[tls @ 0x7fa244a2b100] IO error: End of file
[https @ 0x7fa244a2b040] Error reading HTTP response: End of file
[tls @ 0x7fa2449318c0] IO error: End of file
[https @ 0x7fa244933e80] Error reading HTTP response: End of file
[2026-04-12T19:56:01.660042] Saved clip /Users/Chen/PycharmProjects/CSCI_6234_Final/recordings/cam221/clips/2026/04/12/cam221_20260412T235528Z.mp4 (513062 bytes)
[2026-04-12T19:56:02.189576] Starting 60-second capture -> /Users/Chen/PycharmProjects/CSCI_6234_Final/recordings/cam221/clips/2026/04/12/cam221_20260412T235602Z.mp4
[tls @ 0x7fd69e704200] IO error: End of file
[https @ 0x7fd67e704240] Error reading HTTP response: End of file
[tls @ 0x7fd69f114640] IO error: End of file
[https @ 0x7fd69f10ef00] Error reading HTTP response: End of file
[tls @ 0x7fd69f120640] IO error: End of file
[https @ 0x7fd69f155840] Error reading HTTP response: End of file
[tls @ 0x7fd69f1101c0] IO error: End of file
[https @ 0x7fd69f116600] Error reading HTTP response: End of file
[tls @ 0x7fd67e727d40] IO error: End of file
[https @ 0x7fd69f088040] Error reading HTTP response: End of file
[tls @ 0x7fd69f11f640] IO error: End of file
[https @ 0x7fd69f120440] Error reading HTTP response: End of file
[2026-04-12T19:56:44.119988] Saved clip /Users/Chen/PycharmProjects/CSCI_6234_Final/recordings/cam221/clips/2026/04/12/cam221_20260412T235602Z.mp4 (721230 bytes)
[2026-04-12T19:56:44.650396] Starting 60-second capture -> /Users/Chen/PycharmProjects/CSCI_6234_Final/recordings/cam221/clips/2026/04/12/cam221_20260412T235644Z.mp4
[tls @ 0x7fc049004e00] IO error: End of file
[https @ 0x7fc049004cc0] Error reading HTTP response: End of file
[tls @ 0x7fc04910bc40] IO error: End of file
[https @ 0x7fc049113900] Error reading HTTP response: End of file
[tls @ 0x7fc049324e40] IO error: End of file
[https @ 0x7fc04932cbc0] Error reading HTTP response: End of file
[tls @ 0x7fc0493308c0] IO error: End of file
[https @ 0x7fc049333440] Error reading HTTP response: End of file
[tls @ 0x7fc04916dc40] IO error: End of file
[https @ 0x7fc049168340] Error reading HTTP response: End of file
[tls @ 0x7fc00ff04540] IO error: End of file
[https @ 0x7fc00ff04480] Error reading HTTP response: End of file
[2026-04-12T19:57:26.091337] Saved clip /Users/Chen/PycharmProjects/CSCI_6234_Final/recordings/cam221/clips/2026/04/12/cam221_20260412T235644Z.mp4 (791289 bytes)
[2026-04-12T19:57:26.617686] Starting 60-second capture -> /Users/Chen/PycharmProjects/CSCI_6234_Final/recordings/cam221/clips/2026/04/12/cam221_20260412T235726Z.mp4
[tls @ 0x7faeb4804680] IO error: End of file
[https @ 0x7faeb4804540] Error reading HTTP response: End of file
[tls @ 0x7faeb3f0d040] IO error: End of file
[https @ 0x7faeb3f100c0] Error reading HTTP response: End of file
[tls @ 0x7faec4a35bc0] IO error: End of file
[https @ 0x7faec4a50340] Error reading HTTP response: End of file
[tls @ 0x7faec4a2abc0] IO error: End of file
[https @ 0x7faec4a1d900] Error reading HTTP response: End of file
[tls @ 0x7faec4a35bc0] IO error: End of file
[https @ 0x7faec4a04080] Error reading HTTP response: End of file
[tls @ 0x7faeb3f08c00] IO error: End of file
[https @ 0x7faeb3f2c480] Error reading HTTP response: End of file
[tls @ 0x7faec4a21d00] IO error: End of file
[https @ 0x7faec4a16800] Error reading HTTP response: End of file
[2026-04-12T19:58:00.399340] Saved clip /Users/Chen/PycharmProjects/CSCI_6234_Final/recordings/cam221/clips/2026/04/12/cam221_20260412T235726Z.mp4 (630272 bytes)
[2026-04-12T19:58:00.916944] Starting 60-second capture -> /Users/Chen/PycharmProjects/CSCI_6234_Final/recordings/cam221/clips/2026/04/12/cam221_20260412T235800Z.mp4
[tls @ 0x7fb30bb0e480] IO error: End of file
[https @ 0x7fb30bb0e380] Error reading HTTP response: End of file
[tls @ 0x7fb2faf1cd80] IO error: End of file
[https @ 0x7fb2faf14ac0] Error reading HTTP response: End of file
[tls @ 0x7fb30bc5f740] IO error: End of file
[https @ 0x7fb30bc0e180] Error reading HTTP response: End of file
[tls @ 0x7fb30bca2940] IO error: End of file
[https @ 0x7fb30bc9ed40] Error reading HTTP response: End of file
[tls @ 0x7fb30bb5ce00] IO error: End of file
[https @ 0x7fb30bb56500] Error reading HTTP response: End of file
[tls @ 0x7fb30be1be80] IO error: End of file
[https @ 0x7fb30be1b280] Error reading HTTP response: End of file
[2026-04-12T19:58:42.630960] Saved clip /Users/Chen/PycharmProjects/CSCI_6234_Final/recordings/cam221/clips/2026/04/12/cam221_20260412T235800Z.mp4 (831565 bytes)
[2026-04-12T19:58:43.163392] Starting 60-second capture -> /Users/Chen/PycharmProjects/CSCI_6234_Final/recordings/cam221/clips/2026/04/12/cam221_20260412T235843Z.mp4
[tls @ 0x7f8174004380] IO error: End of file
[https @ 0x7f8174004240] Error reading HTTP response: End of file
[tls @ 0x7f8183c0fc80] IO error: End of file
[https @ 0x7f8183c11b40] Error reading HTTP response: End of file
[tls @ 0x7f8174152680] IO error: End of file
[https @ 0x7f8174161080] Error reading HTTP response: End of file
[tls @ 0x7f8183c399c0] IO error: End of file
[https @ 0x7f8183c07f40] Error reading HTTP response: End of file
[tls @ 0x7f8172f2e600] IO error: End of file
[https @ 0x7f8172f2ec40] Error reading HTTP response: End of file
[tls @ 0x7f8183c29ac0] IO error: End of file
[https @ 0x7f8183c0e780] Error reading HTTP response: End of file
[2026-04-12T19:59:24.605792] Saved clip /Users/Chen/PycharmProjects/CSCI_6234_Final/recordings/cam221/clips/2026/04/12/cam221_20260412T235843Z.mp4 (769871 bytes)
[2026-04-12T19:59:25.132074] Starting 60-second capture -> /Users/Chen/PycharmProjects/CSCI_6234_Final/recordings/cam221/clips/2026/04/12/cam221_20260412T235925Z.mp4
[tls @ 0x7fc8a6804500] IO error: End of file
[https @ 0x7fc8a68043c0] Error reading HTTP response: End of file
[tls @ 0x7fc8a5f08340] IO error: End of file
[https @ 0x7fc8a5f08240] Error reading HTTP response: End of file
[tls @ 0x7fc8a682ba80] IO error: End of file
[https @ 0x7fc8a5f2c940] Error reading HTTP response: End of file
[tls @ 0x7fc8a6a04f00] IO error: End of file
[https @ 0x7fc8a6a04e40] Error reading HTTP response: End of file
[tls @ 0x7fc8a6a0d940] IO error: End of file
[https @ 0x7fc8a6a19680] Error reading HTTP response: End of file
[tls @ 0x7fc8a683b980] IO error: End of file
[https @ 0x7fc8a6835b40] Error reading HTTP response: End of file
[tls @ 0x7fc8a680fd00] IO error: End of file
[https @ 0x7fc8a6814180] Error reading HTTP response: End of file
[tls @ 0x7fc8a6a0abc0] IO error: End of file
[https @ 0x7fc8a6a19680] Error reading HTTP response: End of file
[2026-04-12T20:00:08.745510] Saved clip /Users/Chen/PycharmProjects/CSCI_6234_Final/recordings/cam221/clips/2026/04/12/cam221_20260412T235925Z.mp4 (857824 bytes)
[2026-04-12T20:00:09.275600] Starting 60-second capture -> /Users/Chen/PycharmProjects/CSCI_6234_Final/recordings/cam221/clips/2026/04/13/cam221_20260413T000009Z.mp4
[tls @ 0x7f91ad320840] IO error: End of file
[https @ 0x7f91ad31cc80] Error reading HTTP response: End of file
[tls @ 0x7f919c7048c0] IO error: End of file
[https @ 0x7f919c704780] Error reading HTTP response: End of file
[tls @ 0x7f91ad320840] IO error: End of file
[https @ 0x7f91ad312a40] Error reading HTTP response: End of file
[tls @ 0x7f919c722880] IO error: End of file
[https @ 0x7f919c71be80] Error reading HTTP response: End of file
[tls @ 0x7f91ad312180] IO error: End of file
[https @ 0x7f91ad311580] Error reading HTTP response: End of file
[tls @ 0x7f919c851340] IO error: End of file
[https @ 0x7f919c82e040] Error reading HTTP response: End of file
[tls @ 0x7f919c83b640] IO error: End of file
[https @ 0x7f919c84b400] Error reading HTTP response: End of file
[2026-04-12T20:00:58.359120] Saved clip /Users/Chen/PycharmProjects/CSCI_6234_Final/recordings/cam221/clips/2026/04/13/cam221_20260413T000009Z.mp4 (742864 bytes)
[2026-04-12T20:00:58.886587] Starting 60-second capture -> /Users/Chen/PycharmProjects/CSCI_6234_Final/recordings/cam221/clips/2026/04/13/cam221_20260413T000058Z.mp4
[tls @ 0x7fa852306780] IO error: End of file
[https @ 0x7fa852306640] Error reading HTTP response: End of file
[tls @ 0x7fa852418480] IO error: End of file
[https @ 0x7fa852425fc0] Error reading HTTP response: End of file
[tls @ 0x7fa852422ac0] IO error: End of file
[https @ 0x7fa852432840] Error reading HTTP response: End of file
[tls @ 0x7fa852442140] IO error: End of file
[https @ 0x7fa852425f80] Error reading HTTP response: End of file
[tls @ 0x7fa85266f4c0] IO error: End of file
[https @ 0x7fa8526604c0] Error reading HTTP response: End of file
[tls @ 0x7fa852307480] IO error: End of file
[https @ 0x7fa852306880] Error reading HTTP response: End of file
[2026-04-12T20:01:37.954534] Saved clip /Users/Chen/PycharmProjects/CSCI_6234_Final/recordings/cam221/clips/2026/04/13/cam221_20260413T000058Z.mp4 (744043 bytes)
[2026-04-12T20:01:38.484486] Starting 60-second capture -> /Users/Chen/PycharmProjects/CSCI_6234_Final/recordings/cam221/clips/2026/04/13/cam221_20260413T000138Z.mp4
[tls @ 0x7faabdc107c0] IO error: End of file
[https @ 0x7faabdc10dc0] Error reading HTTP response: End of file
[tls @ 0x7faabdc24200] IO error: End of file
[https @ 0x7faabdc0b3c0] Error reading HTTP response: End of file
[tls @ 0x7faabdd082c0] IO error: End of file
[https @ 0x7faabdd49700] Error reading HTTP response: End of file
[tls @ 0x7faabdd47700] IO error: End of file
[https @ 0x7faabdd1d5c0] Error reading HTTP response: End of file
[tls @ 0x7faabdb9d2c0] IO error: End of file
[https @ 0x7faabdb23540] Error reading HTTP response: End of file
[tls @ 0x7faabde42900] IO error: End of file
[https @ 0x7faabde3ed00] Error reading HTTP response: End of file
[tls @ 0x7faabdc31840] IO error: End of file
[https @ 0x7faabdc31340] Error reading HTTP response: End of file
[2026-04-12T20:02:12.427910] Saved clip /Users/Chen/PycharmProjects/CSCI_6234_Final/recordings/cam221/clips/2026/04/13/cam221_20260413T000138Z.mp4 (1002763 bytes)
[2026-04-12T20:02:12.948939] Starting 60-second capture -> /Users/Chen/PycharmProjects/CSCI_6234_Final/recordings/cam221/clips/2026/04/13/cam221_20260413T000212Z.mp4
[tls @ 0x7fead5804500] IO error: End of file
[https @ 0x7fead58043c0] Error reading HTTP response: End of file
[tls @ 0x7feae5b0b980] IO error: End of file
[https @ 0x7feae5b194c0] Error reading HTTP response: End of file
[tls @ 0x7fead4f5e980] IO error: End of file
[https @ 0x7fead4f4a3c0] Error reading HTTP response: End of file
[tls @ 0x7feae5b344c0] IO error: End of file
[https @ 0x7feae5b466c0] Error reading HTTP response: End of file
[tls @ 0x7feae5a15680] IO error: End of file
[https @ 0x7feae5a42ec0] Error reading HTTP response: End of file
[tls @ 0x7feae5a327c0] IO error: End of file
[https @ 0x7feae5a3a140] Error reading HTTP response: End of file
[2026-04-12T20:02:54.434012] Saved clip /Users/Chen/PycharmProjects/CSCI_6234_Final/recordings/cam221/clips/2026/04/13/cam221_20260413T000212Z.mp4 (700125 bytes)
[2026-04-12T20:02:54.961191] Starting 60-second capture -> /Users/Chen/PycharmProjects/CSCI_6234_Final/recordings/cam221/clips/2026/04/13/cam221_20260413T000254Z.mp4
[tls @ 0x7f941e204ac0] IO error: End of file
[https @ 0x7f941e204980] Error reading HTTP response: End of file
[tls @ 0x7f941e20c740] IO error: End of file
[https @ 0x7f941e219600] Error reading HTTP response: End of file
[tls @ 0x7f941e243500] IO error: End of file
[https @ 0x7f941e204a40] Error reading HTTP response: End of file
[tls @ 0x7f940d83a480] IO error: End of file
[https @ 0x7f940d82ef80] Error reading HTTP response: End of file
[tls @ 0x7f940d843700] IO error: End of file
[https @ 0x7f940d82e480] Error reading HTTP response: End of file
[tls @ 0x7f940d73e7c0] IO error: End of file
[https @ 0x7f940d762100] Error reading HTTP response: End of file
[2026-04-12T20:03:36.488593] Saved clip /Users/Chen/PycharmProjects/CSCI_6234_Final/recordings/cam221/clips/2026/04/13/cam221_20260413T000254Z.mp4 (936421 bytes)
[2026-04-12T20:03:37.018499] Starting 60-second capture -> /Users/Chen/PycharmProjects/CSCI_6234_Final/recordings/cam221/clips/2026/04/13/cam221_20260413T000337Z.mp4
[tls @ 0x7fb699205740] IO error: End of file
[https @ 0x7fb699205680] Error reading HTTP response: End of file
[tls @ 0x7fb688704a00] IO error: End of file
[https @ 0x7fb688704940] Error reading HTTP response: End of file
[tls @ 0x7fb688729940] IO error: End of file
[https @ 0x7fb688737240] Error reading HTTP response: End of file
[tls @ 0x7fb688756480] IO error: End of file
[https @ 0x7fb699354240] Error reading HTTP response: End of file
[tls @ 0x7fb69936aa80] IO error: End of file
[https @ 0x7fb699374180] Error reading HTTP response: End of file
[tls @ 0x7fb688729940] IO error: End of file
[https @ 0x7fb688737240] Error reading HTTP response: End of file
[tls @ 0x7fb69942b340] IO error: End of file
[https @ 0x7fb69942c4c0] Error reading HTTP response: End of file
[tls @ 0x7fb69940e040] IO error: End of file
[https @ 0x7fb6994377c0] Error reading HTTP response: End of file
[tls @ 0x7fb699246100] IO error: End of file
[https @ 0x7fb699240280] Error reading HTTP response: End of file
[2026-04-12T20:04:21.134574] Saved clip /Users/Chen/PycharmProjects/CSCI_6234_Final/recordings/cam221/clips/2026/04/13/cam221_20260413T000337Z.mp4 (860672 bytes)
[2026-04-12T20:04:21.663357] Starting 60-second capture -> /Users/Chen/PycharmProjects/CSCI_6234_Final/recordings/cam221/clips/2026/04/13/cam221_20260413T000421Z.mp4
[tls @ 0x7fe2cf105c80] IO error: End of file
[https @ 0x7fe2cf105b40] Error reading HTTP response: End of file
[tls @ 0x7fe2be70ca00] IO error: End of file
[https @ 0x7fe2be70c940] Error reading HTTP response: End of file
[tls @ 0x7fe2be730880] IO error: End of file
[https @ 0x7fe2be740640] Error reading HTTP response: End of file
[tls @ 0x7fe2ce742ac0] IO error: End of file
[https @ 0x7fe2ce75eb40] Error reading HTTP response: End of file
[tls @ 0x7fe2cf1512c0] IO error: End of file
[https @ 0x7fe2cf140740] Error reading HTTP response: End of file
[tls @ 0x7fe2be7499c0] IO error: End of file
[https @ 0x7fe2be761d40] Error reading HTTP response: End of file
[2026-04-12T20:05:03.447779] Saved clip /Users/Chen/PycharmProjects/CSCI_6234_Final/recordings/cam221/clips/2026/04/13/cam221_20260413T000421Z.mp4 (932424 bytes)
[2026-04-12T20:05:03.977694] Starting 60-second capture -> /Users/Chen/PycharmProjects/CSCI_6234_Final/recordings/cam221/clips/2026/04/13/cam221_20260413T000503Z.mp4
[tls @ 0x7faa26b0a580] IO error: End of file
[https @ 0x7faa26b1aac0] Error reading HTTP response: End of file
[tls @ 0x7faa269052c0] IO error: End of file
[https @ 0x7faa26905180] Error reading HTTP response: End of file
[tls @ 0x7faa26b0a580] IO error: End of file
[https @ 0x7faa26b90980] Error reading HTTP response: End of file
[tls @ 0x7faa26c630c0] IO error: End of file
[https @ 0x7faa26b2df80] Error reading HTTP response: End of file
[tls @ 0x7faa2690d6c0] IO error: End of file
[https @ 0x7faa26931900] Error reading HTTP response: End of file
[tls @ 0x7faa26c28f00] IO error: End of file
[https @ 0x7faa26c67900] Error reading HTTP response: End of file
[2026-04-12T20:05:45.514303] Saved clip /Users/Chen/PycharmProjects/CSCI_6234_Final/recordings/cam221/clips/2026/04/13/cam221_20260413T000503Z.mp4 (719907 bytes)
[2026-04-12T20:05:46.038917] Starting 60-second capture -> /Users/Chen/PycharmProjects/CSCI_6234_Final/recordings/cam221/clips/2026/04/13/cam221_20260413T000546Z.mp4
[tls @ 0x7fed45f040c0] IO error: End of file
[https @ 0x7fed56804380] Error reading HTTP response: End of file
[tls @ 0x7fed55f06fc0] IO error: End of file
[https @ 0x7fed55f06f00] Error reading HTTP response: End of file
[tls @ 0x7fed55f20280] IO error: End of file
[https @ 0x7fed55f04400] Error reading HTTP response: End of file
[tls @ 0x7fed55f069c0] IO error: End of file
[https @ 0x7fed55f06280] Error reading HTTP response: End of file
[tls @ 0x7fed56867c00] IO error: End of file
[https @ 0x7fed56869c00] Error reading HTTP response: End of file
[tls @ 0x7fed45f3adc0] IO error: End of file
[https @ 0x7fed45f2e400] Error reading HTTP response: End of file
[tls @ 0x7fed55f14580] IO error: End of file
[https @ 0x7fed55f1e340] Error reading HTTP response: End of file
[tls @ 0x7fed56845dc0] IO error: End of file
[https @ 0x7fed56845940] Error reading HTTP response: End of file
[tls @ 0x7fed56943200] IO error: End of file
[https @ 0x7fed56824ec0] Error reading HTTP response: End of file
[2026-04-12T20:06:30.597053] Saved clip /Users/Chen/PycharmProjects/CSCI_6234_Final/recordings/cam221/clips/2026/04/13/cam221_20260413T000546Z.mp4 (804536 bytes)
[2026-04-12T20:06:31.127402] Starting 60-second capture -> /Users/Chen/PycharmProjects/CSCI_6234_Final/recordings/cam221/clips/2026/04/13/cam221_20260413T000631Z.mp4
[tls @ 0x7fdafd104680] IO error: End of file
[https @ 0x7fdafd104580] Error reading HTTP response: End of file
[tls @ 0x7fdafd1067c0] IO error: End of file
[https @ 0x7fdafd10c100] Error reading HTTP response: End of file
[tls @ 0x7fdafd24cc40] IO error: End of file
[https @ 0x7fdafd23da80] Error reading HTTP response: End of file
[tls @ 0x7fdafd352d40] IO error: End of file
[https @ 0x7fdafd353940] Error reading HTTP response: End of file
[tls @ 0x7fdafd1138c0] IO error: End of file
[https @ 0x7fdafd10f700] Error reading HTTP response: End of file
[tls @ 0x7fdaec740dc0] IO error: End of file
[https @ 0x7fdaec765400] Error reading HTTP response: End of file
[tls @ 0x7fdafd183b80] IO error: End of file
[https @ 0x7fdafd195d80] Error reading HTTP response: End of file
[tls @ 0x7fdaec740dc0] IO error: End of file
[https @ 0x7fdaec77bbc0] Error reading HTTP response: End of file
[2026-04-12T20:07:15.074667] Saved clip /Users/Chen/PycharmProjects/CSCI_6234_Final/recordings/cam221/clips/2026/04/13/cam221_20260413T000631Z.mp4 (898474 bytes)
[2026-04-12T20:07:15.608812] Starting 60-second capture -> /Users/Chen/PycharmProjects/CSCI_6234_Final/recordings/cam221/clips/2026/04/13/cam221_20260413T000715Z.mp4
[tls @ 0x7faacf826f80] IO error: End of file
[https @ 0x7faacf839180] Error reading HTTP response: End of file
[tls @ 0x7faabf904d80] IO error: End of file
[https @ 0x7faabf904c40] Error reading HTTP response: End of file
[tls @ 0x7faabf904680] IO error: End of file
[https @ 0x7faabf9045c0] Error reading HTTP response: End of file
[tls @ 0x7faacfa304c0] IO error: End of file
[https @ 0x7faacfa33840] Error reading HTTP response: End of file
[tls @ 0x7faabef16900] IO error: End of file
[https @ 0x7faabef5b8c0] Error reading HTTP response: End of file
[tls @ 0x7faabf94b840] IO error: End of file
[https @ 0x7faabf94cb40] Error reading HTTP response: End of file
[2026-04-12T20:07:57.333018] Saved clip /Users/Chen/PycharmProjects/CSCI_6234_Final/recordings/cam221/clips/2026/04/13/cam221_20260413T000715Z.mp4 (696374 bytes)
[2026-04-12T20:07:57.866361] Starting 60-second capture -> /Users/Chen/PycharmProjects/CSCI_6234_Final/recordings/cam221/clips/2026/04/13/cam221_20260413T000757Z.mp4
[tls @ 0x7fa144f04500] IO error: End of file
[https @ 0x7fa144f04400] Error reading HTTP response: End of file
[tls @ 0x7fa145a23400] IO error: End of file
[https @ 0x7fa145a1f800] Error reading HTTP response: End of file
[tls @ 0x7fa144f1efc0] IO error: End of file
[https @ 0x7fa144f0fd40] Error reading HTTP response: End of file
[tls @ 0x7fa144f23dc0] IO error: End of file
[https @ 0x7fa144f335c0] Error reading HTTP response: End of file
[tls @ 0x7fa1459499c0] IO error: End of file
[https @ 0x7fa145951680] Error reading HTTP response: End of file
[tls @ 0x7fa145a4dd40] IO error: End of file
[https @ 0x7fa145a2ed40] Error reading HTTP response: End of file
[2026-04-12T20:08:36.019196] Saved clip /Users/Chen/PycharmProjects/CSCI_6234_Final/recordings/cam221/clips/2026/04/13/cam221_20260413T000757Z.mp4 (860624 bytes)
[2026-04-12T20:08:36.540495] Starting 60-second capture -> /Users/Chen/PycharmProjects/CSCI_6234_Final/recordings/cam221/clips/2026/04/13/cam221_20260413T000836Z.mp4
[tls @ 0x7f7c55b04500] IO error: End of file
[https @ 0x7f7c55b043c0] Error reading HTTP response: End of file
[tls @ 0x7f7c55a2e600] IO error: End of file
[https @ 0x7f7c55a42800] Error reading HTTP response: End of file
[tls @ 0x7f7c55b2dcc0] IO error: End of file
[https @ 0x7f7c55b1b5c0] Error reading HTTP response: End of file
[tls @ 0x7f7c55a2e600] IO error: End of file
[https @ 0x7f7c55a51e00] Error reading HTTP response: End of file
[tls @ 0x7f7c55a0d580] IO error: End of file
[https @ 0x7f7c55a26140] Error reading HTTP response: End of file
[tls @ 0x7f7c55d19140] IO error: End of file
[https @ 0x7f7c55a35a40] Error reading HTTP response: End of file
[tls @ 0x7f7c55c06880] IO error: End of file
[https @ 0x7f7c55c23780] Error reading HTTP response: End of file
[2026-04-12T20:09:20.113845] Saved clip /Users/Chen/PycharmProjects/CSCI_6234_Final/recordings/cam221/clips/2026/04/13/cam221_20260413T000836Z.mp4 (756853 bytes)
[2026-04-12T20:09:20.641024] Starting 60-second capture -> /Users/Chen/PycharmProjects/CSCI_6234_Final/recordings/cam221/clips/2026/04/13/cam221_20260413T000920Z.mp4
[tls @ 0x7fd2bf805b00] IO error: End of file
[https @ 0x7fd2bf8059c0] Error reading HTTP response: End of file
[tls @ 0x7fd2bef10b40] IO error: End of file
[https @ 0x7fd2bef17e80] Error reading HTTP response: End of file
[tls @ 0x7fd2aef31600] IO error: End of file
[https @ 0x7fd2aef27c00] Error reading HTTP response: End of file
[tls @ 0x7fd2aef4a9c0] IO error: End of file
[https @ 0x7fd2aef3f780] Error reading HTTP response: End of file
[tls @ 0x7fd2af012640] IO error: End of file
[https @ 0x7fd2af069000] Error reading HTTP response: End of file
[tls @ 0x7fd2af00ab80] IO error: End of file
[https @ 0x7fd2af00bf00] Error reading HTTP response: End of file
[2026-04-12T20:10:02.060382] Saved clip /Users/Chen/PycharmProjects/CSCI_6234_Final/recordings/cam221/clips/2026/04/13/cam221_20260413T000920Z.mp4 (883270 bytes)
[2026-04-12T20:10:02.589638] Starting 60-second capture -> /Users/Chen/PycharmProjects/CSCI_6234_Final/recordings/cam221/clips/2026/04/13/cam221_20260413T001002Z.mp4
[tls @ 0x7f960f104b40] IO error: End of file
[https @ 0x7f960f004180] Error reading HTTP response: End of file
[tls @ 0x7f960f007740] IO error: End of file
[https @ 0x7f960f011140] Error reading HTTP response: End of file
[tls @ 0x7f95fe7303c0] IO error: End of file
[https @ 0x7f95fe71f200] Error reading HTTP response: End of file
[tls @ 0x7f960f0076c0] IO error: End of file
[https @ 0x7f960f01c340] Error reading HTTP response: End of file
[tls @ 0x7f95fe745ac0] IO error: End of file
[https @ 0x7f95fe749580] Error reading HTTP response: End of file
[tls @ 0x7f960e707500] IO error: End of file
[https @ 0x7f960e73ba80] Error reading HTTP response: End of file
[2026-04-12T20:10:43.609883] Saved clip /Users/Chen/PycharmProjects/CSCI_6234_Final/recordings/cam221/clips/2026/04/13/cam221_20260413T001002Z.mp4 (816235 bytes)
[2026-04-12T20:10:44.138498] Starting 60-second capture -> /Users/Chen/PycharmProjects/CSCI_6234_Final/recordings/cam221/clips/2026/04/13/cam221_20260413T001044Z.mp4
[tls @ 0x7fb3fe2045c0] IO error: End of file
[https @ 0x7fb3fe204480] Error reading HTTP response: End of file
[tls @ 0x7fb3fe422480] IO error: End of file
[https @ 0x7fb3fe42a7c0] Error reading HTTP response: End of file
[tls @ 0x7fb3ed729080] IO error: End of file
[https @ 0x7fb3ed71db00] Error reading HTTP response: End of file
[tls @ 0x7fb3fe26a440] IO error: End of file
[https @ 0x7fb3fe25cc40] Error reading HTTP response: End of file
[tls @ 0x7fb3fe344ec0] IO error: End of file
[https @ 0x7fb3fe315080] Error reading HTTP response: End of file
[tls @ 0x7fb3fe42c9c0] IO error: End of file
[https @ 0x7fb3fe447e80] Error reading HTTP response: End of file
[tls @ 0x7fb3fe315080] IO error: End of file
[https @ 0x7fb3fe440480] Error reading HTTP response: End of file
[tls @ 0x7fb3fe357e80] IO error: End of file
[https @ 0x7fb3fe322300] Error reading HTTP response: End of file
[2026-04-12T20:11:27.890710] Saved clip /Users/Chen/PycharmProjects/CSCI_6234_Final/recordings/cam221/clips/2026/04/13/cam221_20260413T001044Z.mp4 (755649 bytes)
[2026-04-12T20:11:28.417149] Starting 60-second capture -> /Users/Chen/PycharmProjects/CSCI_6234_Final/recordings/cam221/clips/2026/04/13/cam221_20260413T001128Z.mp4
[tls @ 0x7f7d17804500] IO error: End of file
[https @ 0x7f7d178043c0] Error reading HTTP response: End of file
[tls @ 0x7f7d16f076c0] IO error: End of file
[https @ 0x7f7d16f07580] Error reading HTTP response: End of file
[tls @ 0x7f7d06f2a480] IO error: End of file
[https @ 0x7f7d06f3bc80] Error reading HTTP response: End of file
[tls @ 0x7f7d16f2c6c0] IO error: End of file
[https @ 0x7f7d16f148c0] Error reading HTTP response: End of file
[tls @ 0x7f7d1790bb40] IO error: End of file
[https @ 0x7f7d17949c00] Error reading HTTP response: End of file
[tls @ 0x7f7d17919480] IO error: End of file
[https @ 0x7f7d17924280] Error reading HTTP response: End of file
[tls @ 0x7f7d06f09600] IO error: End of file
[https @ 0x7f7d06f75c80] Error reading HTTP response: End of file
[2026-04-12T20:12:01.230991] Saved clip /Users/Chen/PycharmProjects/CSCI_6234_Final/recordings/cam221/clips/2026/04/13/cam221_20260413T001128Z.mp4 (872901 bytes)
[2026-04-12T20:12:01.761187] Starting 60-second capture -> /Users/Chen/PycharmProjects/CSCI_6234_Final/recordings/cam221/clips/2026/04/13/cam221_20260413T001201Z.mp4
[tls @ 0x7fdb5d205cc0] IO error: End of file
[https @ 0x7fdb5d204800] Error reading HTTP response: End of file
[tls @ 0x7fdb3c81dfc0] IO error: End of file
[https @ 0x7fdb3c826100] Error reading HTTP response: End of file
[tls @ 0x7fdb5d230c00] IO error: End of file
[https @ 0x7fdb5d220b80] Error reading HTTP response: End of file
[tls @ 0x7fdb5d3240c0] IO error: End of file
[https @ 0x7fdb5d342900] Error reading HTTP response: End of file
[tls @ 0x7fdb5d347080] IO error: End of file
[https @ 0x7fdb5d33e400] Error reading HTTP response: End of file
[tls @ 0x7fdb5d353c40] IO error: End of file
[https @ 0x7fdb5d35d3c0] Error reading HTTP response: End of file
[2026-04-12T20:12:42.935335] Saved clip /Users/Chen/PycharmProjects/CSCI_6234_Final/recordings/cam221/clips/2026/04/13/cam221_20260413T001201Z.mp4 (947166 bytes)
[2026-04-12T20:12:43.464900] Starting 60-second capture -> /Users/Chen/PycharmProjects/CSCI_6234_Final/recordings/cam221/clips/2026/04/13/cam221_20260413T001243Z.mp4
[tls @ 0x7f9927f04440] IO error: End of file
[https @ 0x7f9931004240] Error reading HTTP response: End of file
[tls @ 0x7f99310292c0] IO error: End of file
[https @ 0x7f9931107740] Error reading HTTP response: End of file
[tls @ 0x7f9931034a80] IO error: End of file
[https @ 0x7f993103aa80] Error reading HTTP response: End of file
[tls @ 0x7f9927f50cc0] IO error: End of file
[https @ 0x7f9927f62ec0] Error reading HTTP response: End of file
[tls @ 0x7f99311167c0] IO error: End of file
[https @ 0x7f99311a0900] Error reading HTTP response: End of file
[tls @ 0x7f9931162380] IO error: End of file
[https @ 0x7f9931198c80] Error reading HTTP response: End of file
[tls @ 0x7f993102a340] IO error: End of file
[https @ 0x7f993103ba00] Error reading HTTP response: End of file
[tls @ 0x7f9931220a00] IO error: End of file
[https @ 0x7f9931220480] Error reading HTTP response: End of file
[2026-04-12T20:13:27.269766] Saved clip /Users/Chen/PycharmProjects/CSCI_6234_Final/recordings/cam221/clips/2026/04/13/cam221_20260413T001243Z.mp4 (862817 bytes)
[2026-04-12T20:13:27.796901] Starting 60-second capture -> /Users/Chen/PycharmProjects/CSCI_6234_Final/recordings/cam221/clips/2026/04/13/cam221_20260413T001327Z.mp4
[tls @ 0x7fdc67204380] IO error: End of file
[https @ 0x7fdc67204240] Error reading HTTP response: End of file
[tls @ 0x7fdc67224a80] IO error: End of file
[https @ 0x7fdc672245c0] Error reading HTTP response: End of file
[tls @ 0x7fdc67431580] IO error: End of file
[https @ 0x7fdc6742bb00] Error reading HTTP response: End of file
[tls @ 0x7fdc67221240] IO error: End of file
[https @ 0x7fdc67223580] Error reading HTTP response: End of file
[tls @ 0x7fdc6734bc40] IO error: End of file
[https @ 0x7fdc67353dc0] Error reading HTTP response: End of file
[tls @ 0x7fdc67222b80] IO error: End of file
[https @ 0x7fdc6721ba40] Error reading HTTP response: End of file
[2026-04-12T20:14:09.132831] Saved clip /Users/Chen/PycharmProjects/CSCI_6234_Final/recordings/cam221/clips/2026/04/13/cam221_20260413T001327Z.mp4 (816529 bytes)
[2026-04-12T20:14:09.666141] Starting 60-second capture -> /Users/Chen/PycharmProjects/CSCI_6234_Final/recordings/cam221/clips/2026/04/13/cam221_20260413T001409Z.mp4
[tls @ 0x7f9e52904380] IO error: End of file
[https @ 0x7f9e52904240] Error reading HTTP response: End of file
[tls @ 0x7f9e51f07380] IO error: End of file
[https @ 0x7f9e51f0a3c0] Error reading HTTP response: End of file
[tls @ 0x7f9e52a24580] IO error: End of file
[https @ 0x7f9e51f0e6c0] Error reading HTTP response: End of file
[tls @ 0x7f9e52954b40] IO error: End of file
[https @ 0x7f9e5294a3c0] Error reading HTTP response: End of file
[tls @ 0x7f9e51f16000] IO error: End of file
[https @ 0x7f9e51f34bc0] Error reading HTTP response: End of file
[2026-04-12T20:14:32.941307] Saved clip /Users/Chen/PycharmProjects/CSCI_6234_Final/recordings/cam221/clips/2026/04/13/cam221_20260413T001409Z.mp4 (818248 bytes)
[2026-04-12T20:14:33.470972] Starting 60-second capture -> /Users/Chen/PycharmProjects/CSCI_6234_Final/recordings/cam221/clips/2026/04/13/cam221_20260413T001433Z.mp4
[tls @ 0x7f7fa2306ac0] IO error: End of file
[https @ 0x7f7fa2306540] Error reading HTTP response: End of file
[tls @ 0x7f7f917236c0] IO error: End of file
[https @ 0x7f7f91724100] Error reading HTTP response: End of file
[tls @ 0x7f7fa2218700] IO error: End of file
[https @ 0x7f7fa221e4c0] Error reading HTTP response: End of file
[tls @ 0x7f7fa2320940] IO error: End of file
[https @ 0x7f7fa231a7c0] Error reading HTTP response: End of file
[tls @ 0x7f7fa2246280] IO error: End of file
[https @ 0x7f7fa2219d80] Error reading HTTP response: End of file
[tls @ 0x7f7fa214bb40] IO error: End of file
[https @ 0x7f7fa2147f40] Error reading HTTP response: End of file
[2026-04-12T20:15:14.770570] Saved clip /Users/Chen/PycharmProjects/CSCI_6234_Final/recordings/cam221/clips/2026/04/13/cam221_20260413T001433Z.mp4 (906513 bytes)
[2026-04-12T20:15:15.300818] Starting 60-second capture -> /Users/Chen/PycharmProjects/CSCI_6234_Final/recordings/cam221/clips/2026/04/13/cam221_20260413T001515Z.mp4
[tls @ 0x7f7c2c205c80] IO error: End of file
[https @ 0x7f7c2c205b40] Error reading HTTP response: End of file
[tls @ 0x7f7c1c109640] IO error: End of file
[https @ 0x7f7c1c109580] Error reading HTTP response: End of file
[tls @ 0x7f7c1c04af80] IO error: End of file
[https @ 0x7f7c2c25ef80] Error reading HTTP response: End of file
[tls @ 0x7f7c1c00b8c0] IO error: End of file
[https @ 0x7f7c1c06b4c0] Error reading HTTP response: End of file
[tls @ 0x7f7c1c12aa40] IO error: End of file
[https @ 0x7f7c1c12a7c0] Error reading HTTP response: End of file
[tls @ 0x7f7c1b726380] IO error: End of file
[https @ 0x7f7c1b72ed00] Error reading HTTP response: End of file
[2026-04-12T20:15:57.457329] Saved clip /Users/Chen/PycharmProjects/CSCI_6234_Final/recordings/cam221/clips/2026/04/13/cam221_20260413T001515Z.mp4 (773175 bytes)
[2026-04-12T20:15:57.994881] Starting 60-second capture -> /Users/Chen/PycharmProjects/CSCI_6234_Final/recordings/cam221/clips/2026/04/13/cam221_20260413T001557Z.mp4
[tls @ 0x7fb2b4704980] IO error: End of file
[https @ 0x7fb2b4704840] Error reading HTTP response: End of file
[tls @ 0x7fb2b47077c0] IO error: End of file
[https @ 0x7fb2c5206800] Error reading HTTP response: End of file
[tls @ 0x7fb2c5227540] IO error: End of file
[https @ 0x7fb2c5230e80] Error reading HTTP response: End of file
[tls @ 0x7fb2b4711780] IO error: End of file
[https @ 0x7fb2b4712380] Error reading HTTP response: End of file
[tls @ 0x7fb2b5870300] IO error: End of file
[https @ 0x7fb2b58698c0] Error reading HTTP response: End of file
[tls @ 0x7fb2b5942ac0] IO error: End of file
[https @ 0x7fb2b4712b00] Error reading HTTP response: End of file
[tls @ 0x7fb2b59305c0] IO error: End of file
[https @ 0x7fb2b593a3c0] Error reading HTTP response: End of file
[tls @ 0x7fb2b5942ac0] IO error: End of file
[https @ 0x7fb2b5914480] Error reading HTTP response: End of file
[tls @ 0x7fb2b47188c0] IO error: End of file
[https @ 0x7fb2b470ed40] Error reading HTTP response: End of file
[2026-04-12T20:16:41.482347] Saved clip /Users/Chen/PycharmProjects/CSCI_6234_Final/recordings/cam221/clips/2026/04/13/cam221_20260413T001557Z.mp4 (814668 bytes)
[2026-04-12T20:16:42.014218] Starting 60-second capture -> /Users/Chen/PycharmProjects/CSCI_6234_Final/recordings/cam221/clips/2026/04/13/cam221_20260413T001642Z.mp4
[tls @ 0x7f9298704680] IO error: End of file
[https @ 0x7f9298704540] Error reading HTTP response: End of file
[tls @ 0x7f9298719200] IO error: End of file
[https @ 0x7f929871c000] Error reading HTTP response: End of file
[tls @ 0x7f929923cdc0] IO error: End of file
[https @ 0x7f92992460c0] Error reading HTTP response: End of file
[tls @ 0x7f9298720a40] IO error: End of file
[https @ 0x7f929871bf00] Error reading HTTP response: End of file
[tls @ 0x7f929923cdc0] IO error: End of file
[https @ 0x7f9299246180] Error reading HTTP response: End of file
[tls @ 0x7f9299057300] IO error: End of file
[https @ 0x7f9299055780] Error reading HTTP response: End of file
[2026-04-12T20:17:23.352478] Saved clip /Users/Chen/PycharmProjects/CSCI_6234_Final/recordings/cam221/clips/2026/04/13/cam221_20260413T001642Z.mp4 (953030 bytes)
[2026-04-12T20:17:23.875988] Starting 60-second capture -> /Users/Chen/PycharmProjects/CSCI_6234_Final/recordings/cam221/clips/2026/04/13/cam221_20260413T001723Z.mp4
[tls @ 0x7ff25ef04680] IO error: End of file
[https @ 0x7ff25ef04540] Error reading HTTP response: End of file
[tls @ 0x7ff25f810f40] IO error: End of file
[https @ 0x7ff25f821e00] Error reading HTTP response: End of file
[tls @ 0x7ff25f93ab00] IO error: End of file
[https @ 0x7ff25f937bc0] Error reading HTTP response: End of file
[tls @ 0x7ff25f817c40] IO error: End of file
[https @ 0x7ff25f8155c0] Error reading HTTP response: End of file
[tls @ 0x7ff24ef09b00] IO error: End of file
[https @ 0x7ff24ef18d40] Error reading HTTP response: End of file
[tls @ 0x7ff24ef8a700] IO error: End of file
[https @ 0x7ff24ef26740] Error reading HTTP response: End of file
[2026-04-12T20:18:05.293198] Saved clip /Users/Chen/PycharmProjects/CSCI_6234_Final/recordings/cam221/clips/2026/04/13/cam221_20260413T001723Z.mp4 (814130 bytes)
[2026-04-12T20:18:05.822996] Starting 60-second capture -> /Users/Chen/PycharmProjects/CSCI_6234_Final/recordings/cam221/clips/2026/04/13/cam221_20260413T001805Z.mp4
[tls @ 0x7fddae305980] IO error: End of file
[https @ 0x7fddae305840] Error reading HTTP response: End of file
[tls @ 0x7fddae210dc0] IO error: End of file
[https @ 0x7fddae217d80] Error reading HTTP response: End of file
[tls @ 0x7fdd9d71b640] IO error: End of file
[https @ 0x7fdd9d71fd80] Error reading HTTP response: End of file
[tls @ 0x7fddae3097c0] IO error: End of file
[https @ 0x7fddae30a880] Error reading HTTP response: End of file
[tls @ 0x7fddae410640] IO error: End of file
[https @ 0x7fddae41a480] Error reading HTTP response: End of file
[tls @ 0x7fddae267f80] IO error: End of file
[https @ 0x7fddae2ad080] Error reading HTTP response: End of file
[tls @ 0x7fddae32ff80] IO error: End of file
[https @ 0x7fddae337240] Error reading HTTP response: End of file
[tls @ 0x7fddae33bfc0] IO error: End of file
[https @ 0x7fddae30f540] Error reading HTTP response: End of file
[tls @ 0x7fddae2425c0] IO error: End of file
[https @ 0x7fddae23e9c0] Error reading HTTP response: End of file
[2026-04-12T20:18:50.089164] Saved clip /Users/Chen/PycharmProjects/CSCI_6234_Final/recordings/cam221/clips/2026/04/13/cam221_20260413T001805Z.mp4 (676367 bytes)
[2026-04-12T20:18:50.616361] Starting 60-second capture -> /Users/Chen/PycharmProjects/CSCI_6234_Final/recordings/cam221/clips/2026/04/13/cam221_20260413T001850Z.mp4
[tls @ 0x7f83af804a40] IO error: End of file
[https @ 0x7f83af804900] Error reading HTTP response: End of file
[tls @ 0x7f83af90a540] IO error: End of file
[https @ 0x7f83af91c740] Error reading HTTP response: End of file
[tls @ 0x7f83bef35400] IO error: End of file
[https @ 0x7f83bef2f380] Error reading HTTP response: End of file
[tls @ 0x7f83af91b300] IO error: End of file
[https @ 0x7f83aef18300] Error reading HTTP response: End of file
[tls @ 0x7f83af806640] IO error: End of file
[https @ 0x7f83af83ae40] Error reading HTTP response: End of file
[tls @ 0x7f83aef55640] IO error: End of file
[https @ 0x7f83aef16940] Error reading HTTP response: End of file
[tls @ 0x7f83af93b7c0] IO error: End of file
[https @ 0x7f83af921140] Error reading HTTP response: End of file
[tls @ 0x7f83af83d300] IO error: End of file
[https @ 0x7f83af847b80] Error reading HTTP response: End of file
[2026-04-12T20:19:34.534463] Saved clip /Users/Chen/PycharmProjects/CSCI_6234_Final/recordings/cam221/clips/2026/04/13/cam221_20260413T001850Z.mp4 (776981 bytes)
[2026-04-12T20:19:35.064876] Starting 60-second capture -> /Users/Chen/PycharmProjects/CSCI_6234_Final/recordings/cam221/clips/2026/04/13/cam221_20260413T001935Z.mp4
[tls @ 0x7fb712205a40] IO error: End of file
[https @ 0x7fb712205900] Error reading HTTP response: End of file
[tls @ 0x7fb7028091c0] IO error: End of file
[https @ 0x7fb70171c880] Error reading HTTP response: End of file
[tls @ 0x7fb701770dc0] IO error: End of file
[https @ 0x7fb70173ac80] Error reading HTTP response: End of file
[tls @ 0x7fb712324a80] IO error: End of file
[https @ 0x7fb71232b840] Error reading HTTP response: End of file
[tls @ 0x7fb712217940] IO error: End of file
[https @ 0x7fb712254040] Error reading HTTP response: End of file
[tls @ 0x7fb7122666c0] IO error: End of file
[https @ 0x7fb712214e40] Error reading HTTP response: End of file
[2026-04-12T20:20:16.445320] Saved clip /Users/Chen/PycharmProjects/CSCI_6234_Final/recordings/cam221/clips/2026/04/13/cam221_20260413T001935Z.mp4 (919737 bytes)
[2026-04-12T20:20:16.975313] Starting 60-second capture -> /Users/Chen/PycharmProjects/CSCI_6234_Final/recordings/cam221/clips/2026/04/13/cam221_20260413T002016Z.mp4
[tls @ 0x7fcc9df08900] IO error: End of file
[https @ 0x7fcc9df087c0] Error reading HTTP response: End of file
[tls @ 0x7fcc8ea04a80] IO error: End of file
[https @ 0x7fcc8ea04940] Error reading HTTP response: End of file
[tls @ 0x7fcc8e90b3c0] IO error: End of file
[https @ 0x7fcc8e946d40] Error reading HTTP response: End of file
[tls @ 0x7fcc8df36740] IO error: End of file
[https @ 0x7fcc8df3f580] Error reading HTTP response: End of file
[tls @ 0x7fcc8ea0fe80] IO error: End of file
[https @ 0x7fcc8ea29ec0] Error reading HTTP response: End of file
[tls @ 0x7fcc8e949000] IO error: End of file
[https @ 0x7fcc8e945f80] Error reading HTTP response: End of file
[tls @ 0x7fcc8ea17700] IO error: End of file
[https @ 0x7fcc8ea1f000] Error reading HTTP response: End of file
[2026-04-12T20:20:50.118172] Saved clip /Users/Chen/PycharmProjects/CSCI_6234_Final/recordings/cam221/clips/2026/04/13/cam221_20260413T002016Z.mp4 (782519 bytes)
[2026-04-12T20:20:50.649528] Starting 60-second capture -> /Users/Chen/PycharmProjects/CSCI_6234_Final/recordings/cam221/clips/2026/04/13/cam221_20260413T002050Z.mp4
[tls @ 0x7f9775f04680] IO error: End of file
[https @ 0x7f9775f04540] Error reading HTTP response: End of file
[tls @ 0x7f9786914dc0] IO error: End of file
[https @ 0x7f978691c380] Error reading HTTP response: End of file
[tls @ 0x7f97869274c0] IO error: End of file
[https @ 0x7f978695b940] Error reading HTTP response: End of file
[tls @ 0x7f9786b36180] IO error: End of file
[https @ 0x7f9786b17280] Error reading HTTP response: End of file
[tls @ 0x7f9786b1dd80] IO error: End of file
[https @ 0x7f9786b1c300] Error reading HTTP response: End of file
[tls @ 0x7f9786a09180] IO error: End of file
[https @ 0x7f9786a183c0] Error reading HTTP response: End of file
[2026-04-12T20:21:32.113632] Saved clip /Users/Chen/PycharmProjects/CSCI_6234_Final/recordings/cam221/clips/2026/04/13/cam221_20260413T002050Z.mp4 (767161 bytes)
[2026-04-12T20:21:32.645502] Starting 60-second capture -> /Users/Chen/PycharmProjects/CSCI_6234_Final/recordings/cam221/clips/2026/04/13/cam221_20260413T002132Z.mp4
[tls @ 0x7fd627904500] IO error: End of file
[https @ 0x7fd6279043c0] Error reading HTTP response: End of file
[tls @ 0x7fd6279346c0] IO error: End of file
[https @ 0x7fd627930ac0] Error reading HTTP response: End of file
[tls @ 0x7fd627840240] IO error: End of file
[https @ 0x7fd627836440] Error reading HTTP response: End of file
[tls @ 0x7fd627806dc0] IO error: End of file
[https @ 0x7fd627806700] Error reading HTTP response: End of file
[tls @ 0x7fd62796a400] IO error: End of file
[https @ 0x7fd62798f500] Error reading HTTP response: End of file
[tls @ 0x7fd626f05680] IO error: End of file
[https @ 0x7fd626f07480] Error reading HTTP response: End of file
[2026-04-12T20:22:14.194790] Saved clip /Users/Chen/PycharmProjects/CSCI_6234_Final/recordings/cam221/clips/2026/04/13/cam221_20260413T002132Z.mp4 (731890 bytes)
[2026-04-12T20:22:14.723915] Starting 60-second capture -> /Users/Chen/PycharmProjects/CSCI_6234_Final/recordings/cam221/clips/2026/04/13/cam221_20260413T002214Z.mp4
[tls @ 0x7fd64d204500] IO error: End of file
[https @ 0x7fd64d2043c0] Error reading HTTP response: End of file
[tls @ 0x7fd64d30e480] IO error: End of file
[https @ 0x7fd64d30d8c0] Error reading HTTP response: End of file
[tls @ 0x7fd64d323ac0] IO error: End of file
[https @ 0x7fd64d33b7c0] Error reading HTTP response: End of file
[tls @ 0x7fd64d34eb80] IO error: End of file
[https @ 0x7fd64d30df80] Error reading HTTP response: End of file
[tls @ 0x7fd63c755d80] IO error: End of file
[https @ 0x7fd63c7564c0] Error reading HTTP response: End of file
[tls @ 0x7fd64d30a900] IO error: End of file
[https @ 0x7fd64d34e0c0] Error reading HTTP response: End of file
[tls @ 0x7fd63c723440] IO error: End of file
[https @ 0x7fd63c717080] Error reading HTTP response: End of file
[tls @ 0x7fd64d256640] IO error: End of file
[https @ 0x7fd64d24b740] Error reading HTTP response: End of file
[2026-04-12T20:22:58.479024] Saved clip /Users/Chen/PycharmProjects/CSCI_6234_Final/recordings/cam221/clips/2026/04/13/cam221_20260413T002214Z.mp4 (781499 bytes)
[2026-04-12T20:22:59.011581] Starting 60-second capture -> /Users/Chen/PycharmProjects/CSCI_6234_Final/recordings/cam221/clips/2026/04/13/cam221_20260413T002259Z.mp4
[tls @ 0x7fac24a04500] IO error: End of file
[https @ 0x7fac24a043c0] Error reading HTTP response: End of file
[tls @ 0x7fac24a1b340] IO error: End of file
[https @ 0x7fac13f073c0] Error reading HTTP response: End of file
[tls @ 0x7fac249323c0] IO error: End of file
[https @ 0x7fac2491fd80] Error reading HTTP response: End of file
[tls @ 0x7fac13f11f00] IO error: End of file
[https @ 0x7fac13f239c0] Error reading HTTP response: End of file
[tls @ 0x7fac24b28a00] IO error: End of file
[https @ 0x7fac24b34f80] Error reading HTTP response: End of file
[tls @ 0x7fac13f30d40] IO error: End of file
[https @ 0x7fac13f0a3c0] Error reading HTTP response: End of file
[tls @ 0x7fac249323c0] IO error: End of file
[https @ 0x7fac24973d80] Error reading HTTP response: End of file
[tls @ 0x7fac24b28a00] IO error: End of file
[https @ 0x7fac24b358c0] Error reading HTTP response: End of file
[2026-04-12T20:23:42.562501] Saved clip /Users/Chen/PycharmProjects/CSCI_6234_Final/recordings/cam221/clips/2026/04/13/cam221_20260413T002259Z.mp4 (829467 bytes)
[2026-04-12T20:23:43.094800] Starting 60-second capture -> /Users/Chen/PycharmProjects/CSCI_6234_Final/recordings/cam221/clips/2026/04/13/cam221_20260413T002343Z.mp4
[tls @ 0x7fcfad704680] IO error: End of file
[https @ 0x7fcfad704540] Error reading HTTP response: End of file
[tls @ 0x7fcfbe10eb80] IO error: End of file
[https @ 0x7fcfbe116800] Error reading HTTP response: End of file
[tls @ 0x7fcfbe123d80] IO error: End of file
[https @ 0x7fcfbe135740] Error reading HTTP response: End of file
[tls @ 0x7fcfae040a00] IO error: End of file
[https @ 0x7fcfae037ac0] Error reading HTTP response: End of file
[tls @ 0x7fcfbe125d00] IO error: End of file
[https @ 0x7fcfbe12ea80] Error reading HTTP response: End of file
[tls @ 0x7fcfad75ff40] IO error: End of file
[https @ 0x7fcfad770fc0] Error reading HTTP response: End of file
[2026-04-12T20:24:24.693759] Saved clip /Users/Chen/PycharmProjects/CSCI_6234_Final/recordings/cam221/clips/2026/04/13/cam221_20260413T002343Z.mp4 (765793 bytes)
[2026-04-12T20:24:25.227326] Starting 60-second capture -> /Users/Chen/PycharmProjects/CSCI_6234_Final/recordings/cam221/clips/2026/04/13/cam221_20260413T002425Z.mp4
[tls @ 0x7fac99f09f80] IO error: End of file
[https @ 0x7fac99f08fc0] Error reading HTTP response: End of file
[tls @ 0x7fac9a945000] IO error: End of file
[https @ 0x7fac9a957200] Error reading HTTP response: End of file
[tls @ 0x7fac9ad1c500] IO error: End of file
[https @ 0x7fac9ad23440] Error reading HTTP response: End of file
[tls @ 0x7fac9aa1e200] IO error: End of file
[https @ 0x7fac9aa1a640] Error reading HTTP response: End of file
[tls @ 0x7fac9aa06b00] IO error: End of file
[https @ 0x7fac9aa09540] Error reading HTTP response: End of file
[tls @ 0x7fac9aa0ecc0] IO error: End of file
[https @ 0x7fac9aa0e880] Error reading HTTP response: End of file
[2026-04-12T20:24:58.380279] Saved clip /Users/Chen/PycharmProjects/CSCI_6234_Final/recordings/cam221/clips/2026/04/13/cam221_20260413T002425Z.mp4 (751358 bytes)
[2026-04-12T20:24:58.907957] Starting 60-second capture -> /Users/Chen/PycharmProjects/CSCI_6234_Final/recordings/cam221/clips/2026/04/13/cam221_20260413T002458Z.mp4
[tls @ 0x7ff63a00e4c0] IO error: End of file
[https @ 0x7ff63a00e400] Error reading HTTP response: End of file
[tls @ 0x7ff63a005280] IO error: End of file
[https @ 0x7ff63a004bc0] Error reading HTTP response: End of file
[tls @ 0x7ff63a03c280] IO error: End of file
[https @ 0x7ff63a031000] Error reading HTTP response: End of file
[tls @ 0x7ff64a12f300] IO error: End of file
[https @ 0x7ff64a12e4c0] Error reading HTTP response: End of file
[tls @ 0x7ff64a2159c0] IO error: End of file
[https @ 0x7ff64a20c2c0] Error reading HTTP response: End of file
[tls @ 0x7ff63a03c280] IO error: End of file
[https @ 0x7ff63a018c40] Error reading HTTP response: End of file
[tls @ 0x7ff63977c940] IO error: End of file
[https @ 0x7ff639778d80] Error reading HTTP response: End of file
[2026-04-12T20:25:47.553764] Saved clip /Users/Chen/PycharmProjects/CSCI_6234_Final/recordings/cam221/clips/2026/04/13/cam221_20260413T002458Z.mp4 (863264 bytes)
[2026-04-12T20:25:48.081508] Starting 60-second capture -> /Users/Chen/PycharmProjects/CSCI_6234_Final/recordings/cam221/clips/2026/04/13/cam221_20260413T002548Z.mp4
[tls @ 0x7f98aac04380] IO error: End of file
[https @ 0x7f98aac04240] Error reading HTTP response: End of file
[tls @ 0x7f98aaa15100] IO error: End of file
[https @ 0x7f98aaa19680] Error reading HTTP response: End of file
[tls @ 0x7f98aaa26040] IO error: End of file
[https @ 0x7f98aaa1e200] Error reading HTTP response: End of file
[tls @ 0x7f98aad2f2c0] IO error: End of file
[https @ 0x7f98aad61ac0] Error reading HTTP response: End of file
[tls @ 0x7f98aad37840] IO error: End of file
[https @ 0x7f98aab26e80] Error reading HTTP response: End of file
[tls @ 0x7f98aaa07c80] IO error: End of file
[https @ 0x7f98aaa15d80] Error reading HTTP response: End of file
[2026-04-12T20:26:26.196467] Saved clip /Users/Chen/PycharmProjects/CSCI_6234_Final/recordings/cam221/clips/2026/04/13/cam221_20260413T002548Z.mp4 (778930 bytes)
[2026-04-12T20:26:26.727485] Starting 60-second capture -> /Users/Chen/PycharmProjects/CSCI_6234_Final/recordings/cam221/clips/2026/04/13/cam221_20260413T002626Z.mp4
[tls @ 0x7f82e8f04b40] IO error: End of file
[https @ 0x7f82e8f04a00] Error reading HTTP response: End of file
[tls @ 0x7f8309a1d500] IO error: End of file
[https @ 0x7f8309a10b40] Error reading HTTP response: End of file
[tls @ 0x7f8309b231c0] IO error: End of file
[https @ 0x7f8309b21840] Error reading HTTP response: End of file
[tls @ 0x7f82e8f42a80] IO error: End of file
[https @ 0x7f82e8f07200] Error reading HTTP response: End of file
[tls @ 0x7f8308f07a80] IO error: End of file
[https @ 0x7f8308f07980] Error reading HTTP response: End of file
[tls @ 0x7f82e8f1e940] IO error: End of file
[https @ 0x7f82e8f05300] Error reading HTTP response: End of file
[tls @ 0x7f8309b452c0] IO error: End of file
[https @ 0x7f82e8f0cfc0] Error reading HTTP response: End of file
[2026-04-12T20:26:59.952990] Saved clip /Users/Chen/PycharmProjects/CSCI_6234_Final/recordings/cam221/clips/2026/04/13/cam221_20260413T002626Z.mp4 (657026 bytes)
[2026-04-12T20:27:00.483913] Starting 60-second capture -> /Users/Chen/PycharmProjects/CSCI_6234_Final/recordings/cam221/clips/2026/04/13/cam221_20260413T002700Z.mp4
[tls @ 0x7f97a1204500] IO error: End of file
[https @ 0x7f97a12043c0] Error reading HTTP response: End of file
[tls @ 0x7f97a1421400] IO error: End of file
[https @ 0x7f97a1308500] Error reading HTTP response: End of file
[tls @ 0x7f97a1331400] IO error: End of file
[https @ 0x7f97a131f2c0] Error reading HTTP response: End of file
[tls @ 0x7f97a1205c80] IO error: End of file
[https @ 0x7f97a1216880] Error reading HTTP response: End of file
[tls @ 0x7f97a14306c0] IO error: End of file
[https @ 0x7f97a1439b00] Error reading HTTP response: End of file
[tls @ 0x7f97a1224240] IO error: End of file
[https @ 0x7f97a12768c0] Error reading HTTP response: End of file
[2026-04-12T20:27:41.819556] Saved clip /Users/Chen/PycharmProjects/CSCI_6234_Final/recordings/cam221/clips/2026/04/13/cam221_20260413T002700Z.mp4 (779952 bytes)
[2026-04-12T20:27:42.353172] Starting 60-second capture -> /Users/Chen/PycharmProjects/CSCI_6234_Final/recordings/cam221/clips/2026/04/13/cam221_20260413T002742Z.mp4
[tls @ 0x7fe393b05b00] IO error: End of file
[https @ 0x7fe393b04300] Error reading HTTP response: End of file
[tls @ 0x7fe393a08680] IO error: End of file
[https @ 0x7fe393a0ce00] Error reading HTTP response: End of file
[tls @ 0x7fe393b3f0c0] IO error: End of file
[https @ 0x7fe393b30b80] Error reading HTTP response: End of file
[tls @ 0x7fe393c8d840] IO error: End of file
[https @ 0x7fe393c896c0] Error reading HTTP response: End of file
[tls @ 0x7fe393a50e80] IO error: End of file
[https @ 0x7fe393a3a200] Error reading HTTP response: End of file
[tls @ 0x7fe393d289c0] IO error: End of file
[https @ 0x7fe393d17a40] Error reading HTTP response: End of file
[2026-04-12T20:28:23.874772] Saved clip /Users/Chen/PycharmProjects/CSCI_6234_Final/recordings/cam221/clips/2026/04/13/cam221_20260413T002742Z.mp4 (700980 bytes)
[2026-04-12T20:28:24.399291] Starting 60-second capture -> /Users/Chen/PycharmProjects/CSCI_6234_Final/recordings/cam221/clips/2026/04/13/cam221_20260413T002824Z.mp4
[tls @ 0x7f81ee305b00] IO error: End of file
[https @ 0x7f81ee304300] Error reading HTTP response: End of file
[tls @ 0x7f81ee318b80] IO error: End of file
[https @ 0x7f81ee31c8c0] Error reading HTTP response: End of file
[tls @ 0x7f81cd71c700] IO error: End of file
[https @ 0x7f81cd751040] Error reading HTTP response: End of file
[tls @ 0x7f81ee31c8c0] IO error: End of file
[https @ 0x7f81ee22bb00] Error reading HTTP response: End of file
[tls @ 0x7f81ee210bc0] IO error: End of file
[https @ 0x7f81ee242940] Error reading HTTP response: End of file
[tls @ 0x7f81ee33b780] IO error: End of file
[https @ 0x7f81ee304300] Error reading HTTP response: End of file
[tls @ 0x7f81ee340bc0] IO error: End of file
[https @ 0x7f81ee348d00] Error reading HTTP response: End of file
[tls @ 0x7f81cd804400] IO error: End of file
[https @ 0x7f81cd80ca40] Error reading HTTP response: End of file
[2026-04-12T20:29:08.052648] Saved clip /Users/Chen/PycharmProjects/CSCI_6234_Final/recordings/cam221/clips/2026/04/13/cam221_20260413T002824Z.mp4 (984828 bytes)
[2026-04-12T20:29:08.585599] Starting 60-second capture -> /Users/Chen/PycharmProjects/CSCI_6234_Final/recordings/cam221/clips/2026/04/13/cam221_20260413T002908Z.mp4
[tls @ 0x7fe443404680] IO error: End of file
[https @ 0x7fe443404540] Error reading HTTP response: End of file
[tls @ 0x7fe44350a600] IO error: End of file
[https @ 0x7fe44350a4c0] Error reading HTTP response: End of file
[tls @ 0x7fe44335c500] IO error: End of file
[https @ 0x7fe443377e40] Error reading HTTP response: End of file
[tls @ 0x7fe443407140] IO error: End of file
[https @ 0x7fe4433340c0] Error reading HTTP response: End of file
[tls @ 0x7fe44352c140] IO error: End of file
[https @ 0x7fe44350a740] Error reading HTTP response: End of file
[tls @ 0x7fe44340c9c0] IO error: End of file
[https @ 0x7fe44340c900] Error reading HTTP response: End of file
[2026-04-12T20:29:50.126122] Saved clip /Users/Chen/PycharmProjects/CSCI_6234_Final/recordings/cam221/clips/2026/04/13/cam221_20260413T002908Z.mp4 (893618 bytes)
[2026-04-12T20:29:50.655186] Starting 60-second capture -> /Users/Chen/PycharmProjects/CSCI_6234_Final/recordings/cam221/clips/2026/04/13/cam221_20260413T002950Z.mp4
[tls @ 0x7f94a6b04500] IO error: End of file
[https @ 0x7f94a6b043c0] Error reading HTTP response: End of file
[tls @ 0x7f94a6d1f2c0] IO error: End of file
[https @ 0x7f94a6d06300] Error reading HTTP response: End of file
[tls @ 0x7f94a6a2ca80] IO error: End of file
[https @ 0x7f94a6a18540] Error reading HTTP response: End of file
[tls @ 0x7f94a6b1ed00] IO error: End of file
[https @ 0x7f94a6b1df80] Error reading HTTP response: End of file
[tls @ 0x7f94a6a15940] IO error: End of file
[https @ 0x7f94a6a523c0] Error reading HTTP response: End of file
[tls @ 0x7f94a6a88b00] IO error: End of file
[https @ 0x7f94a6a71980] Error reading HTTP response: End of file
[2026-04-12T20:30:32.226294] Saved clip /Users/Chen/PycharmProjects/CSCI_6234_Final/recordings/cam221/clips/2026/04/13/cam221_20260413T002950Z.mp4 (764518 bytes)
[2026-04-12T20:30:32.757135] Starting 60-second capture -> /Users/Chen/PycharmProjects/CSCI_6234_Final/recordings/cam221/clips/2026/04/13/cam221_20260413T003032Z.mp4
[tls @ 0x7f90b9204500] IO error: End of file
[https @ 0x7f90b92043c0] Error reading HTTP response: End of file
[tls @ 0x7f90a8713640] IO error: End of file
[https @ 0x7f90a8713040] Error reading HTTP response: End of file
[tls @ 0x7f90b932fcc0] IO error: End of file
[https @ 0x7f90b933f080] Error reading HTTP response: End of file
[tls @ 0x7f90b910cf00] IO error: End of file
[https @ 0x7f90b9110100] Error reading HTTP response: End of file
[tls @ 0x7f90b9142cc0] IO error: End of file
[https @ 0x7f90b913ca40] Error reading HTTP response: End of file
[tls @ 0x7f90b9244e80] IO error: End of file
[https @ 0x7f90b92408c0] Error reading HTTP response: End of file
[tls @ 0x7f90a871d600] IO error: End of file
[https @ 0x7f90a8760b40] Error reading HTTP response: End of file
[tls @ 0x7f90b9244e80] IO error: End of file
[https @ 0x7f90b9226c80] Error reading HTTP response: End of file
[2026-04-12T20:31:16.286552] Saved clip /Users/Chen/PycharmProjects/CSCI_6234_Final/recordings/cam221/clips/2026/04/13/cam221_20260413T003032Z.mp4 (658139 bytes)
[2026-04-12T20:31:16.818534] Starting 60-second capture -> /Users/Chen/PycharmProjects/CSCI_6234_Final/recordings/cam221/clips/2026/04/13/cam221_20260413T003116Z.mp4
[tls @ 0x7fea80705080] IO error: End of file
[https @ 0x7fea807049c0] Error reading HTTP response: End of file
[tls @ 0x7feaa1406a40] IO error: End of file
[https @ 0x7feaa1406940] Error reading HTTP response: End of file
[tls @ 0x7feaa122fb80] IO error: End of file
[https @ 0x7feaa123c980] Error reading HTTP response: End of file
[tls @ 0x7feaa1461b00] IO error: End of file
[https @ 0x7feaa143e6c0] Error reading HTTP response: End of file
[tls @ 0x7feaa13450c0] IO error: End of file
[https @ 0x7feaa1323200] Error reading HTTP response: End of file
[tls @ 0x7feaa131c6c0] IO error: End of file
[https @ 0x7feaa131ea40] Error reading HTTP response: End of file
[2026-04-12T20:31:58.323571] Saved clip /Users/Chen/PycharmProjects/CSCI_6234_Final/recordings/cam221/clips/2026/04/13/cam221_20260413T003116Z.mp4 (859528 bytes)
[2026-04-12T20:31:58.856635] Starting 60-second capture -> /Users/Chen/PycharmProjects/CSCI_6234_Final/recordings/cam221/clips/2026/04/13/cam221_20260413T003158Z.mp4
[tls @ 0x7fec4d205800] IO error: End of file
[https @ 0x7fec4d205740] Error reading HTTP response: End of file
[tls @ 0x7fec4d30acc0] IO error: End of file
[https @ 0x7fec4d30a7c0] Error reading HTTP response: End of file
[tls @ 0x7fec4d31c0c0] IO error: End of file
[https @ 0x7fec4d322ac0] Error reading HTTP response: End of file
[tls @ 0x7fec4d2622c0] IO error: End of file
[https @ 0x7fec4d234c80] Error reading HTTP response: End of file
[tls @ 0x7fec4d231a40] IO error: End of file
[https @ 0x7fec4d256d40] Error reading HTTP response: End of file
[tls @ 0x7fec4d335e00] IO error: End of file
[https @ 0x7fec4d30a780] Error reading HTTP response: End of file
[2026-04-12T20:32:36.987768] Saved clip /Users/Chen/PycharmProjects/CSCI_6234_Final/recordings/cam221/clips/2026/04/13/cam221_20260413T003158Z.mp4 (773682 bytes)
[2026-04-12T20:32:37.518890] Starting 60-second capture -> /Users/Chen/PycharmProjects/CSCI_6234_Final/recordings/cam221/clips/2026/04/13/cam221_20260413T003237Z.mp4
[tls @ 0x7fbc0e704680] IO error: End of file
[https @ 0x7fbc0e704540] Error reading HTTP response: End of file
[tls @ 0x7fbc0e70d780] IO error: End of file
[https @ 0x7fbc0e70d6c0] Error reading HTTP response: End of file
[tls @ 0x7fbc0f020140] IO error: End of file
[https @ 0x7fbc0f056780] Error reading HTTP response: End of file
[tls @ 0x7fbc0e7077c0] IO error: End of file
[https @ 0x7fbc0e74fb00] Error reading HTTP response: End of file
[tls @ 0x7fbc1f228e80] IO error: End of file
[https @ 0x7fbc1f233180] Error reading HTTP response: End of file
[tls @ 0x7fbc1f20ab00] IO error: End of file
[https @ 0x7fbc1f2578c0] Error reading HTTP response: End of file
[tls @ 0x7fbc1f1207c0] IO error: End of file
[https @ 0x7fbc1f132ac0] Error reading HTTP response: End of file
[2026-04-12T20:33:10.732429] Saved clip /Users/Chen/PycharmProjects/CSCI_6234_Final/recordings/cam221/clips/2026/04/13/cam221_20260413T003237Z.mp4 (568627 bytes)
[2026-04-12T20:33:11.263483] Starting 60-second capture -> /Users/Chen/PycharmProjects/CSCI_6234_Final/recordings/cam221/clips/2026/04/13/cam221_20260413T003311Z.mp4
[tls @ 0x7fd4d6a04680] IO error: End of file
[https @ 0x7fd4d6a04540] Error reading HTTP response: End of file
[tls @ 0x7fd4d6c1f4c0] IO error: End of file
[https @ 0x7fd4d6c17f00] Error reading HTTP response: End of file
[tls @ 0x7fd4d6a1d700] IO error: End of file
[https @ 0x7fd4d6a1d100] Error reading HTTP response: End of file
[tls @ 0x7fd4d6d39280] IO error: End of file
[https @ 0x7fd4d6d29400] Error reading HTTP response: End of file
[tls @ 0x7fd4d6b7d900] IO error: End of file
[https @ 0x7fd4d6b21580] Error reading HTTP response: End of file
[tls @ 0x7fd4d6c06580] IO error: End of file
[https @ 0x7fd4d6c0d0c0] Error reading HTTP response: End of file
[2026-04-12T20:33:52.727641] Saved clip /Users/Chen/PycharmProjects/CSCI_6234_Final/recordings/cam221/clips/2026/04/13/cam221_20260413T003311Z.mp4 (972687 bytes)
[2026-04-12T20:33:53.260972] Starting 60-second capture -> /Users/Chen/PycharmProjects/CSCI_6234_Final/recordings/cam221/clips/2026/04/13/cam221_20260413T003353Z.mp4
[tls @ 0x7fddc8805700] IO error: End of file
[https @ 0x7fddc88055c0] Error reading HTTP response: End of file
[tls @ 0x7fddaff05d80] IO error: End of file
[https @ 0x7fddaff05c80] Error reading HTTP response: End of file
[tls @ 0x7fddc8829940] IO error: End of file
[https @ 0x7fddc8853480] Error reading HTTP response: End of file
[tls @ 0x7fddbff38c80] IO error: End of file
[https @ 0x7fddb881a7c0] Error reading HTTP response: End of file
[tls @ 0x7fddbff050c0] IO error: End of file
[https @ 0x7fddbff05900] Error reading HTTP response: End of file
[tls @ 0x7fddb881a7c0] IO error: End of file
[https @ 0x7fddb885ae80] Error reading HTTP response: End of file
[2026-04-12T20:34:34.737657] Saved clip /Users/Chen/PycharmProjects/CSCI_6234_Final/recordings/cam221/clips/2026/04/13/cam221_20260413T003353Z.mp4 (793254 bytes)
[2026-04-12T20:34:35.269598] Starting 60-second capture -> /Users/Chen/PycharmProjects/CSCI_6234_Final/recordings/cam221/clips/2026/04/13/cam221_20260413T003435Z.mp4
[tls @ 0x7fa4a3c04380] IO error: End of file
[https @ 0x7fa4a3c04240] Error reading HTTP response: End of file
[tls @ 0x7fa4a3b20480] IO error: End of file
[https @ 0x7fa4a3b16700] Error reading HTTP response: End of file
[tls @ 0x7fa4a3b32fc0] IO error: End of file
[https @ 0x7fa4a3b30a00] Error reading HTTP response: End of file
[tls @ 0x7fa4a3d93800] IO error: End of file
[https @ 0x7fa4a3d0fe00] Error reading HTTP response: End of file
[tls @ 0x7fa4a3d3bb00] IO error: End of file
[https @ 0x7fa4a3d5da80] Error reading HTTP response: End of file
[tls @ 0x7fa4a3d588c0] IO error: End of file
[https @ 0x7fa4a3d0f7c0] Error reading HTTP response: End of file
[tls @ 0x7fa4a3b22940] IO error: End of file
[https @ 0x7fa4a3b21940] Error reading HTTP response: End of file
[tls @ 0x7fa4a3a05280] IO error: End of file
[https @ 0x7fa4a3a068c0] Error reading HTTP response: End of file
[2026-04-12T20:35:19.025499] Saved clip /Users/Chen/PycharmProjects/CSCI_6234_Final/recordings/cam221/clips/2026/04/13/cam221_20260413T003435Z.mp4 (761678 bytes)
[2026-04-12T20:35:19.555740] Starting 60-second capture -> /Users/Chen/PycharmProjects/CSCI_6234_Final/recordings/cam221/clips/2026/04/13/cam221_20260413T003519Z.mp4
[tls @ 0x7fa466f04a00] IO error: End of file
[https @ 0x7fa466f04900] Error reading HTTP response: End of file
[tls @ 0x7fa486f0a4c0] IO error: End of file
[https @ 0x7fa486f15ec0] Error reading HTTP response: End of file
[tls @ 0x7fa466f1cb80] IO error: End of file
[https @ 0x7fa486f0a340] Error reading HTTP response: End of file
[tls @ 0x7fa46780e200] IO error: End of file
[https @ 0x7fa46781e300] Error reading HTTP response: End of file
[tls @ 0x7fa487857a00] IO error: End of file
[https @ 0x7fa487849080] Error reading HTTP response: End of file
[tls @ 0x7fa487846740] IO error: End of file
[https @ 0x7fa487822040] Error reading HTTP response: End of file
[2026-04-12T20:36:01.876595] Saved clip /Users/Chen/PycharmProjects/CSCI_6234_Final/recordings/cam221/clips/2026/04/13/cam221_20260413T003519Z.mp4 (820541 bytes)
[2026-04-12T20:36:02.409627] Starting 60-second capture -> /Users/Chen/PycharmProjects/CSCI_6234_Final/recordings/cam221/clips/2026/04/13/cam221_20260413T003602Z.mp4
[tls @ 0x7ff0c1b04b40] IO error: End of file
[https @ 0x7ff0c1b04a80] Error reading HTTP response: End of file
[tls @ 0x7ff0c1a19740] IO error: End of file
[https @ 0x7ff0c1a34d80] Error reading HTTP response: End of file
[tls @ 0x7ff0c1c40940] IO error: End of file
[https @ 0x7ff0c1c40b00] Error reading HTTP response: End of file
[tls @ 0x7ff0c1c42400] IO error: End of file
[https @ 0x7ff0c1c42e80] Error reading HTTP response: End of file
[tls @ 0x7ff0c1a4be40] IO error: End of file
[https @ 0x7ff0c1a49000] Error reading HTTP response: End of file
[tls @ 0x7ff0c1b16440] IO error: End of file
[https @ 0x7ff0c1b1f780] Error reading HTTP response: End of file
[2026-04-12T20:36:44.179932] Saved clip /Users/Chen/PycharmProjects/CSCI_6234_Final/recordings/cam221/clips/2026/04/13/cam221_20260413T003602Z.mp4 (850425 bytes)
[2026-04-12T20:36:44.712853] Starting 60-second capture -> /Users/Chen/PycharmProjects/CSCI_6234_Final/recordings/cam221/clips/2026/04/13/cam221_20260413T003644Z.mp4
[tls @ 0x7fb7cf804500] IO error: End of file
[https @ 0x7fb7cf8043c0] Error reading HTTP response: End of file
[tls @ 0x7fb7df705ac0] IO error: End of file
[https @ 0x7fb7df7059c0] Error reading HTTP response: End of file
[tls @ 0x7fb7df83a6c0] IO error: End of file
[https @ 0x7fb7df8230c0] Error reading HTTP response: End of file
[tls @ 0x7fb7cf8052c0] IO error: End of file
[https @ 0x7fb7cf80f480] Error reading HTTP response: End of file
[tls @ 0x7fb7df7089c0] IO error: End of file
[https @ 0x7fb7df71a700] Error reading HTTP response: End of file
[tls @ 0x7fb7cf75c140] IO error: End of file
[https @ 0x7fb7cf760700] Error reading HTTP response: End of file
[tls @ 0x7fb7cf706a80] IO error: End of file
[https @ 0x7fb7cf706ec0] Error reading HTTP response: End of file
[tls @ 0x7fb7df835f00] IO error: End of file
[https @ 0x7fb7df80b340] Error reading HTTP response: End of file
[2026-04-12T20:37:29.322352] Saved clip /Users/Chen/PycharmProjects/CSCI_6234_Final/recordings/cam221/clips/2026/04/13/cam221_20260413T003644Z.mp4 (740153 bytes)
[2026-04-12T20:37:29.844975] Starting 60-second capture -> /Users/Chen/PycharmProjects/CSCI_6234_Final/recordings/cam221/clips/2026/04/13/cam221_20260413T003729Z.mp4
[tls @ 0x7fab14f22f80] IO error: End of file
[https @ 0x7fab14f2a9c0] Error reading HTTP response: End of file
[tls @ 0x7fab14f0a200] IO error: End of file
[https @ 0x7fab14f17d80] Error reading HTTP response: End of file
[tls @ 0x7fab14c56800] IO error: End of file
[https @ 0x7fab14c54300] Error reading HTTP response: End of file
[tls @ 0x7fab14f0a200] IO error: End of file
[https @ 0x7fab14f2a9c0] Error reading HTTP response: End of file
[tls @ 0x7fab14c56800] IO error: End of file
[https @ 0x7fab14c446c0] Error reading HTTP response: End of file
[tls @ 0x7fab14e8ff80] IO error: End of file
[https @ 0x7fab14ea2180] Error reading HTTP response: End of file
[tls @ 0x7fab14f07f40] IO error: End of file
[https @ 0x7fab14f46440] Error reading HTTP response: End of file
[tls @ 0x7fab14f31480] IO error: End of file
[https @ 0x7fab14f40100] Error reading HTTP response: End of file
[2026-04-12T20:38:15.607609] Saved clip /Users/Chen/PycharmProjects/CSCI_6234_Final/recordings/cam221/clips/2026/04/13/cam221_20260413T003729Z.mp4 (870483 bytes)
[2026-04-12T20:38:16.131783] Starting 60-second capture -> /Users/Chen/PycharmProjects/CSCI_6234_Final/recordings/cam221/clips/2026/04/13/cam221_20260413T003816Z.mp4
[tls @ 0x7fe2bf905480] IO error: End of file
[https @ 0x7fe2bf9053c0] Error reading HTTP response: End of file
[tls @ 0x7fe29e904c00] IO error: End of file
[https @ 0x7fe29e904ac0] Error reading HTTP response: End of file
[tls @ 0x7fe29e930780] IO error: End of file
[https @ 0x7fe29e90cf40] Error reading HTTP response: End of file
[tls @ 0x7fe29e74d9c0] IO error: End of file
[https @ 0x7fe29e73b340] Error reading HTTP response: End of file
[tls @ 0x7fe29e706880] IO error: End of file
[https @ 0x7fe29e70df00] Error reading HTTP response: End of file
[tls @ 0x7fe29e942300] IO error: End of file
[https @ 0x7fe29e90d280] Error reading HTTP response: End of file
[2026-04-12T20:38:57.767777] Saved clip /Users/Chen/PycharmProjects/CSCI_6234_Final/recordings/cam221/clips/2026/04/13/cam221_20260413T003816Z.mp4 (979983 bytes)
[2026-04-12T20:38:58.282276] Starting 60-second capture -> /Users/Chen/PycharmProjects/CSCI_6234_Final/recordings/cam221/clips/2026/04/13/cam221_20260413T003858Z.mp4
[tls @ 0x7fc56d104680] IO error: End of file
[https @ 0x7fc56d104540] Error reading HTTP response: End of file
[tls @ 0x7fc56a448f80] IO error: End of file
[https @ 0x7fc56a44c480] Error reading HTTP response: End of file
[tls @ 0x7fc56a41c940] IO error: End of file
[https @ 0x7fc56a42eb80] Error reading HTTP response: End of file
[tls @ 0x7fc56a609740] IO error: End of file
[https @ 0x7fc56a60aa00] Error reading HTTP response: End of file
[tls @ 0x7fc56a507e40] IO error: End of file
[https @ 0x7fc56a509680] Error reading HTTP response: End of file
[2026-04-12T20:39:36.874184] Saved clip /Users/Chen/PycharmProjects/CSCI_6234_Final/recordings/cam221/clips/2026/04/13/cam221_20260413T003858Z.mp4 (788764 bytes)
[2026-04-12T20:39:37.389746] Starting 60-second capture -> /Users/Chen/PycharmProjects/CSCI_6234_Final/recordings/cam221/clips/2026/04/13/cam221_20260413T003937Z.mp4
[tls @ 0x7fadcb956140] IO error: End of file
[https @ 0x7fadcb968340] Error reading HTTP response: End of file
[tls @ 0x7fadbb905cc0] IO error: End of file
[https @ 0x7fadbb905bc0] Error reading HTTP response: End of file
[tls @ 0x7fadbaf22ac0] IO error: End of file
[https @ 0x7fadbaf2a080] Error reading HTTP response: End of file
[tls @ 0x7fadcaf0a340] IO error: End of file
[https @ 0x7fadcaf4c780] Error reading HTTP response: End of file
[tls @ 0x7fadbba04280] IO error: End of file
[https @ 0x7fadbba040c0] Error reading HTTP response: End of file
[tls @ 0x7fadbb908300] IO error: End of file
[https @ 0x7fadbb908d40] Error reading HTTP response: End of file
[tls @ 0x7fadbaf2eb80] IO error: End of file
[https @ 0x7fadbaf5ec00] Error reading HTTP response: End of file
[tls @ 0x7fadbb9407c0] IO error: End of file
[https @ 0x7fadbb906b00] Error reading HTTP response: End of file
[2026-04-12T20:40:21.478827] Saved clip /Users/Chen/PycharmProjects/CSCI_6234_Final/recordings/cam221/clips/2026/04/13/cam221_20260413T003937Z.mp4 (834888 bytes)
[2026-04-12T20:40:22.003948] Starting 60-second capture -> /Users/Chen/PycharmProjects/CSCI_6234_Final/recordings/cam221/clips/2026/04/13/cam221_20260413T004022Z.mp4
[tls @ 0x7f7cb8804080] IO error: End of file
[https @ 0x7f7cc8905b40] Error reading HTTP response: End of file
[tls @ 0x7f7cc89170c0] IO error: End of file
[https @ 0x7f7cc891d380] Error reading HTTP response: End of file
[tls @ 0x7f7cc8934bc0] IO error: End of file
[https @ 0x7f7cc8950ec0] Error reading HTTP response: End of file
[tls @ 0x7f7cb880ad40] IO error: End of file
[https @ 0x7f7cb8867d00] Error reading HTTP response: End of file
[tls @ 0x7f7caf741ec0] IO error: End of file
[https @ 0x7f7caf73a440] Error reading HTTP response: End of file
[tls @ 0x7f7cb8808d00] IO error: End of file
[https @ 0x7f7cb8809140] Error reading HTTP response: End of file
[2026-04-12T20:41:03.578931] Saved clip /Users/Chen/PycharmProjects/CSCI_6234_Final/recordings/cam221/clips/2026/04/13/cam221_20260413T004022Z.mp4 (939111 bytes)
[2026-04-12T20:41:04.093976] Starting 60-second capture -> /Users/Chen/PycharmProjects/CSCI_6234_Final/recordings/cam221/clips/2026/04/13/cam221_20260413T004104Z.mp4
[tls @ 0x7ff481805940] IO error: End of file
[https @ 0x7ff481805880] Error reading HTTP response: End of file
[tls @ 0x7ff472307f80] IO error: End of file
[https @ 0x7ff472307e80] Error reading HTTP response: End of file
[tls @ 0x7ff47231a0c0] IO error: End of file
[https @ 0x7ff472304080] Error reading HTTP response: End of file
[tls @ 0x7ff47215a040] IO error: End of file
[https @ 0x7ff472164ac0] Error reading HTTP response: End of file
[tls @ 0x7ff472179c40] IO error: End of file
[https @ 0x7ff472183f40] Error reading HTTP response: End of file
[tls @ 0x7ff472308680] IO error: End of file
[https @ 0x7ff4723085c0] Error reading HTTP response: End of file
[2026-04-12T20:41:45.577329] Saved clip /Users/Chen/PycharmProjects/CSCI_6234_Final/recordings/cam221/clips/2026/04/13/cam221_20260413T004104Z.mp4 (1183234 bytes)
[2026-04-12T20:41:46.097835] Starting 60-second capture -> /Users/Chen/PycharmProjects/CSCI_6234_Final/recordings/cam221/clips/2026/04/13/cam221_20260413T004146Z.mp4
[tls @ 0x7fd13a604340] IO error: End of file
[https @ 0x7fd128f04a00] Error reading HTTP response: End of file
[tls @ 0x7fd13a70e1c0] IO error: End of file
[https @ 0x7fd13a70dd40] Error reading HTTP response: End of file
[tls @ 0x7fd13e047340] IO error: End of file
[https @ 0x7fd13e048740] Error reading HTTP response: End of file
[tls @ 0x7fd13a70e180] IO error: End of file
[https @ 0x7fd13a70c600] Error reading HTTP response: End of file
[tls @ 0x7fd128f1bf80] IO error: End of file
[https @ 0x7fd128f74280] Error reading HTTP response: End of file
[tls @ 0x7fd13a72f500] IO error: End of file
[https @ 0x7fd13a74b600] Error reading HTTP response: End of file
[tls @ 0x7fd128f1bf80] IO error: End of file
[https @ 0x7fd13e0041c0] Error reading HTTP response: End of file
[tls @ 0x7fd13a72f500] IO error: End of file
[https @ 0x7fd13a710ac0] Error reading HTTP response: End of file
[tls @ 0x7fd128f04540] IO error: End of file
[https @ 0x7fd128f15780] Error reading HTTP response: End of file
[2026-04-12T20:42:30.465127] Saved clip /Users/Chen/PycharmProjects/CSCI_6234_Final/recordings/cam221/clips/2026/04/13/cam221_20260413T004146Z.mp4 (766750 bytes)
[2026-04-12T20:42:30.985964] Starting 60-second capture -> /Users/Chen/PycharmProjects/CSCI_6234_Final/recordings/cam221/clips/2026/04/13/cam221_20260413T004230Z.mp4
[tls @ 0x7fb3b5305c80] IO error: End of file
[https @ 0x7fb3b5305b40] Error reading HTTP response: End of file
[tls @ 0x7fb3a5804b40] IO error: End of file
[https @ 0x7fb3a580cb00] Error reading HTTP response: End of file
[tls @ 0x7fb3a4728140] IO error: End of file
[https @ 0x7fb3a4750b40] Error reading HTTP response: End of file
[tls @ 0x7fb3a58485c0] IO error: End of file
[https @ 0x7fb3a583af40] Error reading HTTP response: End of file
[tls @ 0x7fb384704200] IO error: End of file
[https @ 0x7fb384704140] Error reading HTTP response: End of file
[tls @ 0x7fb3a5818380] IO error: End of file
[https @ 0x7fb3a5826e00] Error reading HTTP response: End of file
[2026-04-12T20:43:12.954411] Saved clip /Users/Chen/PycharmProjects/CSCI_6234_Final/recordings/cam221/clips/2026/04/13/cam221_20260413T004230Z.mp4 (792583 bytes)
[2026-04-12T20:43:13.480840] Starting 60-second capture -> /Users/Chen/PycharmProjects/CSCI_6234_Final/recordings/cam221/clips/2026/04/13/cam221_20260413T004313Z.mp4
[tls @ 0x7ff3d4d05080] IO error: End of file
[https @ 0x7ff3d4d04f40] Error reading HTTP response: End of file
[tls @ 0x7ff3d4e04280] IO error: End of file
[https @ 0x7ff3d4e0e840] Error reading HTTP response: End of file
[tls @ 0x7ff3d4e30200] IO error: End of file
[https @ 0x7ff3d4e38540] Error reading HTTP response: End of file
[tls @ 0x7ff3d4e0ac80] IO error: End of file
[https @ 0x7ff3d4e0f780] Error reading HTTP response: End of file
[tls @ 0x7ff3d4d19180] IO error: End of file
[https @ 0x7ff3d4d6e540] Error reading HTTP response: End of file
[tls @ 0x7ff3d4d0a580] IO error: End of file
[https @ 0x7ff3d4d2d580] Error reading HTTP response: End of file
[2026-04-12T20:43:55.412473] Saved clip /Users/Chen/PycharmProjects/CSCI_6234_Final/recordings/cam221/clips/2026/04/13/cam221_20260413T004313Z.mp4 (738617 bytes)
[2026-04-12T20:43:55.933846] Starting 60-second capture -> /Users/Chen/PycharmProjects/CSCI_6234_Final/recordings/cam221/clips/2026/04/13/cam221_20260413T004355Z.mp4
[tls @ 0x7fc302704500] IO error: End of file
[https @ 0x7fc3027043c0] Error reading HTTP response: End of file
[tls @ 0x7fc302719c40] IO error: End of file
[https @ 0x7fc30270ce40] Error reading HTTP response: End of file
[tls @ 0x7fc306959e40] IO error: End of file
[https @ 0x7fc306921940] Error reading HTTP response: End of file
[tls @ 0x7fc302606e00] IO error: End of file
[https @ 0x7fc302648ec0] Error reading HTTP response: End of file
[tls @ 0x7fc30271e6c0] IO error: End of file
[https @ 0x7fc30271e600] Error reading HTTP response: End of file
[tls @ 0x7fc306976cc0] IO error: End of file
[https @ 0x7fc306973b40] Error reading HTTP response: End of file
[tls @ 0x7fc302626ac0] IO error: End of file
[https @ 0x7fc302625fc0] Error reading HTTP response: End of file
[tls @ 0x7fc30683b440] IO error: End of file
[https @ 0x7fc306838e00] Error reading HTTP response: End of file
[tls @ 0x7fc302721440] IO error: End of file
[https @ 0x7fc30270bb40] Error reading HTTP response: End of file
[2026-04-12T20:44:40.151531] Saved clip /Users/Chen/PycharmProjects/CSCI_6234_Final/recordings/cam221/clips/2026/04/13/cam221_20260413T004355Z.mp4 (695984 bytes)
[2026-04-12T20:44:40.677491] Starting 60-second capture -> /Users/Chen/PycharmProjects/CSCI_6234_Final/recordings/cam221/clips/2026/04/13/cam221_20260413T004440Z.mp4
[tls @ 0x7fa8ce704680] IO error: End of file
[https @ 0x7fa8ce704540] Error reading HTTP response: End of file
[tls @ 0x7fa8cf804d40] IO error: End of file
[https @ 0x7fa8cf814100] Error reading HTTP response: End of file
[tls @ 0x7fa8cf910240] IO error: End of file
[https @ 0x7fa8cf910180] Error reading HTTP response: End of file
[tls @ 0x7fa8cfa53080] IO error: End of file
[https @ 0x7fa8cfa0a3c0] Error reading HTTP response: End of file
[tls @ 0x7fa8cf853040] IO error: End of file
[https @ 0x7fa8cf816440] Error reading HTTP response: End of file
[tls @ 0x7fa8cf835dc0] IO error: End of file
[https @ 0x7fa8cf8325c0] Error reading HTTP response: End of file
[2026-04-12T20:45:22.565742] Saved clip /Users/Chen/PycharmProjects/CSCI_6234_Final/recordings/cam221/clips/2026/04/13/cam221_20260413T004440Z.mp4 (849101 bytes)
[2026-04-12T20:45:23.091789] Starting 60-second capture -> /Users/Chen/PycharmProjects/CSCI_6234_Final/recordings/cam221/clips/2026/04/13/cam221_20260413T004523Z.mp4
[tls @ 0x7fad44b10440] IO error: End of file
[https @ 0x7fad44b10380] Error reading HTTP response: End of file
[tls @ 0x7fad44b1b940] IO error: End of file
[https @ 0x7fad44b1ff00] Error reading HTTP response: End of file
[tls @ 0x7fad44b2f400] IO error: End of file
[https @ 0x7fad44e5e4c0] Error reading HTTP response: End of file
[tls @ 0x7fad44e17480] IO error: End of file
[https @ 0x7fad44e63100] Error reading HTTP response: End of file
[tls @ 0x7fad44b2f400] IO error: End of file
[https @ 0x7fad44b27e80] Error reading HTTP response: End of file
[tls @ 0x7fad44d24cc0] IO error: End of file
[https @ 0x7fad44d68900] Error reading HTTP response: End of file
[2026-04-12T20:46:04.915892] Saved clip /Users/Chen/PycharmProjects/CSCI_6234_Final/recordings/cam221/clips/2026/04/13/cam221_20260413T004523Z.mp4 (822912 bytes)
[2026-04-12T20:46:05.440881] Starting 60-second capture -> /Users/Chen/PycharmProjects/CSCI_6234_Final/recordings/cam221/clips/2026/04/13/cam221_20260413T004605Z.mp4
[tls @ 0x7fb4e79048c0] IO error: End of file
[https @ 0x7fb4e7904780] Error reading HTTP response: End of file
[tls @ 0x7fb4e6f0e6c0] IO error: End of file
[https @ 0x7fb4e6f0e5c0] Error reading HTTP response: End of file
[tls @ 0x7fb4e782c140] IO error: End of file
[https @ 0x7fb4e783af00] Error reading HTTP response: End of file
[tls @ 0x7fb4e796a1c0] IO error: End of file
[https @ 0x7fb4e797c3c0] Error reading HTTP response: End of file
[tls @ 0x7fb4e7918640] IO error: End of file
[https @ 0x7fb4e7909a00] Error reading HTTP response: End of file
[tls @ 0x7fb4e7822b80] IO error: End of file
[https @ 0x7fb4e781cfc0] Error reading HTTP response: End of file
[tls @ 0x7fb4e6f5dc00] IO error: End of file
[https @ 0x7fb4e6f5a040] Error reading HTTP response: End of file
[tls @ 0x7fb4a6f04240] IO error: End of file
[https @ 0x7fb4a6f04080] Error reading HTTP response: End of file
[2026-04-12T20:46:49.546347] Saved clip /Users/Chen/PycharmProjects/CSCI_6234_Final/recordings/cam221/clips/2026/04/13/cam221_20260413T004605Z.mp4 (817571 bytes)
[2026-04-12T20:46:50.073006] Starting 60-second capture -> /Users/Chen/PycharmProjects/CSCI_6234_Final/recordings/cam221/clips/2026/04/13/cam221_20260413T004650Z.mp4
[tls @ 0x7f8e19105200] IO error: End of file
[https @ 0x7f8e19105140] Error reading HTTP response: End of file
[tls @ 0x7f8e20b20500] IO error: End of file
[https @ 0x7f8e20b32700] Error reading HTTP response: End of file
[tls @ 0x7f8e0ff54d00] IO error: End of file
[https @ 0x7f8e0ff23400] Error reading HTTP response: End of file
[tls @ 0x7f8e0ff27f80] IO error: End of file
[https @ 0x7f8e0ff2ecc0] Error reading HTTP response: End of file
[tls @ 0x7f8e0ff73ec0] IO error: End of file
[https @ 0x7f8e0ff6a7c0] Error reading HTTP response: End of file
[tls @ 0x7f8e19120240] IO error: End of file
[https @ 0x7f8e191229c0] Error reading HTTP response: End of file
[tls @ 0x7f8e19136e80] IO error: End of file
[https @ 0x7f8e19110e00] Error reading HTTP response: End of file
[tls @ 0x7f8e0ff38c00] IO error: End of file
[https @ 0x7f8e0ff3eec0] Error reading HTTP response: End of file
[2026-04-12T20:47:34.241433] Saved clip /Users/Chen/PycharmProjects/CSCI_6234_Final/recordings/cam221/clips/2026/04/13/cam221_20260413T004650Z.mp4 (753144 bytes)
[2026-04-12T20:47:34.769625] Starting 60-second capture -> /Users/Chen/PycharmProjects/CSCI_6234_Final/recordings/cam221/clips/2026/04/13/cam221_20260413T004734Z.mp4
[tls @ 0x7ff2cb104380] IO error: End of file
[https @ 0x7ff2cb104240] Error reading HTTP response: End of file
[tls @ 0x7ff2cb00e6c0] IO error: End of file
[https @ 0x7ff2cb00e600] Error reading HTTP response: End of file
[tls @ 0x7ff2cb13ca00] IO error: End of file
[https @ 0x7ff2cb164340] Error reading HTTP response: End of file
[tls @ 0x7ff2ca712240] IO error: End of file
[https @ 0x7ff2ca70d3c0] Error reading HTTP response: End of file
[tls @ 0x7ff2cb016080] IO error: End of file
[https @ 0x7ff2cb03f080] Error reading HTTP response: End of file
[tls @ 0x7ff2db25a180] IO error: End of file
[https @ 0x7ff2db2431c0] Error reading HTTP response: End of file
[2026-04-12T20:48:16.150505] Saved clip /Users/Chen/PycharmProjects/CSCI_6234_Final/recordings/cam221/clips/2026/04/13/cam221_20260413T004734Z.mp4 (847703 bytes)
[2026-04-12T20:48:16.679560] Starting 60-second capture -> /Users/Chen/PycharmProjects/CSCI_6234_Final/recordings/cam221/clips/2026/04/13/cam221_20260413T004816Z.mp4
[tls @ 0x7f8281605c80] IO error: End of file
[https @ 0x7f8281605b40] Error reading HTTP response: End of file
[tls @ 0x7f8270705340] IO error: End of file
[https @ 0x7f8270705240] Error reading HTTP response: End of file
[tls @ 0x7f828156b500] IO error: End of file
[https @ 0x7f8281550280] Error reading HTTP response: End of file
[tls @ 0x7f828152f4c0] IO error: End of file
[https @ 0x7f8281527ec0] Error reading HTTP response: End of file
[tls @ 0x7f8281607340] IO error: End of file
[https @ 0x7f8281607280] Error reading HTTP response: End of file
[tls @ 0x7f828150a600] IO error: End of file
[https @ 0x7f8281543800] Error reading HTTP response: End of file
[2026-04-12T20:48:55.638106] Saved clip /Users/Chen/PycharmProjects/CSCI_6234_Final/recordings/cam221/clips/2026/04/13/cam221_20260413T004816Z.mp4 (930919 bytes)
[2026-04-12T20:48:56.158257] Starting 60-second capture -> /Users/Chen/PycharmProjects/CSCI_6234_Final/recordings/cam221/clips/2026/04/13/cam221_20260413T004856Z.mp4
[tls @ 0x7fa1d1505cc0] IO error: End of file
[https @ 0x7fa1d1504800] Error reading HTTP response: End of file
[tls @ 0x7fa1c07178c0] IO error: End of file
[https @ 0x7fa1c071d080] Error reading HTTP response: End of file
[tls @ 0x7fa1d1557080] IO error: End of file
[https @ 0x7fa1d155ae40] Error reading HTTP response: End of file
[tls @ 0x7fa1d1549f00] IO error: End of file
[https @ 0x7fa1d1506a40] Error reading HTTP response: End of file
[tls @ 0x7fa1d1613780] IO error: End of file
[https @ 0x7fa1d1614380] Error reading HTTP response: End of file
[tls @ 0x7fa1d1638000] IO error: End of file
[https @ 0x7fa1d162e8c0] Error reading HTTP response: End of file
[tls @ 0x7fa1c1057580] IO error: End of file
[https @ 0x7fa1c1051d40] Error reading HTTP response: End of file
[tls @ 0x7fa1d1516e80] IO error: End of file
[https @ 0x7fa1d150cc40] Error reading HTTP response: End of file
[2026-04-12T20:49:39.953592] Saved clip /Users/Chen/PycharmProjects/CSCI_6234_Final/recordings/cam221/clips/2026/04/13/cam221_20260413T004856Z.mp4 (852700 bytes)
[2026-04-12T20:49:40.474381] Starting 60-second capture -> /Users/Chen/PycharmProjects/CSCI_6234_Final/recordings/cam221/clips/2026/04/13/cam221_20260413T004940Z.mp4
[tls @ 0x7fa4e3d078c0] IO error: End of file
[https @ 0x7fa4e3d13600] Error reading HTTP response: End of file
[tls @ 0x7fa4e3b2af80] IO error: End of file
[https @ 0x7fa4e3b27380] Error reading HTTP response: End of file
[tls @ 0x7fa4e3d078c0] IO error: End of file
[https @ 0x7fa4e3d12b00] Error reading HTTP response: End of file
[tls @ 0x7fa4e3c80200] IO error: End of file
[https @ 0x7fa4e3c3dd00] Error reading HTTP response: End of file
[tls @ 0x7fa4e3d078c0] IO error: End of file
[https @ 0x7fa4e3d13600] Error reading HTTP response: End of file
[tls @ 0x7fa4e3b26f00] IO error: End of file
[https @ 0x7fa4e3b21c00] Error reading HTTP response: End of file
[2026-04-12T20:50:22.481090] Saved clip /Users/Chen/PycharmProjects/CSCI_6234_Final/recordings/cam221/clips/2026/04/13/cam221_20260413T004940Z.mp4 (855066 bytes)
[2026-04-12T20:50:23.003755] Starting 60-second capture -> /Users/Chen/PycharmProjects/CSCI_6234_Final/recordings/cam221/clips/2026/04/13/cam221_20260413T005023Z.mp4
[tls @ 0x7fe5e6004500] IO error: End of file
[https @ 0x7fe5e6004400] Error reading HTTP response: End of file
[tls @ 0x7fe5e5712ac0] IO error: End of file
[https @ 0x7fe5e5704c40] Error reading HTTP response: End of file
[tls @ 0x7fe5e572ad40] IO error: End of file
[https @ 0x7fe5e573c740] Error reading HTTP response: End of file
[tls @ 0x7fe5e60221c0] IO error: End of file
[https @ 0x7fe5e6020e40] Error reading HTTP response: End of file
[tls @ 0x7fe5e6144c40] IO error: End of file
[https @ 0x7fe5e6140980] Error reading HTTP response: End of file
[tls @ 0x7fe5e575aa00] IO error: End of file
[https @ 0x7fe5e57086c0] Error reading HTTP response: End of file
[2026-04-12T20:51:04.368158] Saved clip /Users/Chen/PycharmProjects/CSCI_6234_Final/recordings/cam221/clips/2026/04/13/cam221_20260413T005023Z.mp4 (1003823 bytes)
[2026-04-12T20:51:04.889718] Starting 60-second capture -> /Users/Chen/PycharmProjects/CSCI_6234_Final/recordings/cam221/clips/2026/04/13/cam221_20260413T005104Z.mp4
[tls @ 0x7fafaca556c0] IO error: End of file
[https @ 0x7fafaca51ac0] Error reading HTTP response: End of file
[tls @ 0x7faface05e40] IO error: End of file
[https @ 0x7faface05d80] Error reading HTTP response: End of file
[tls @ 0x7fafacd1b600] IO error: End of file
[https @ 0x7fafacd09c40] Error reading HTTP response: End of file
[tls @ 0x7faface3a6c0] IO error: End of file
[https @ 0x7faface04080] Error reading HTTP response: End of file
[tls @ 0x7fafacd1b600] IO error: End of file
[https @ 0x7fafacd0bf80] Error reading HTTP response: End of file
[tls @ 0x7fafacc5f800] IO error: End of file
[https @ 0x7fafacc51180] Error reading HTTP response: End of file
[tls @ 0x7fafacc0a800] IO error: End of file
[https @ 0x7fafacc41c00] Error reading HTTP response: End of file
[tls @ 0x7fafacd3b440] IO error: End of file
[https @ 0x7fafacd2c000] Error reading HTTP response: End of file
[2026-04-12T20:51:48.994605] Saved clip /Users/Chen/PycharmProjects/CSCI_6234_Final/recordings/cam221/clips/2026/04/13/cam221_20260413T005104Z.mp4 (762524 bytes)
[2026-04-12T20:51:49.517531] Starting 60-second capture -> /Users/Chen/PycharmProjects/CSCI_6234_Final/recordings/cam221/clips/2026/04/13/cam221_20260413T005149Z.mp4
[tls @ 0x7f8f51413600] IO error: End of file
[https @ 0x7f8f51412800] Error reading HTTP response: End of file
[tls @ 0x7f8f51504500] IO error: End of file
[https @ 0x7f8f515043c0] Error reading HTTP response: End of file
[tls @ 0x7f8f40745940] IO error: End of file
[https @ 0x7f8f407663c0] Error reading HTTP response: End of file
[tls @ 0x7f8f514401c0] IO error: End of file
[https @ 0x7f8f5143f980] Error reading HTTP response: End of file
[tls @ 0x7f8f5153cdc0] IO error: End of file
[https @ 0x7f8f51515500] Error reading HTTP response: End of file
[tls @ 0x7f8f51519cc0] IO error: End of file
[https @ 0x7f8f5152bd40] Error reading HTTP response: End of file
[tls @ 0x7f8f5140efc0] IO error: End of file
[https @ 0x7f8f51407980] Error reading HTTP response: End of file
[2026-04-12T20:52:39.218152] Saved clip /Users/Chen/PycharmProjects/CSCI_6234_Final/recordings/cam221/clips/2026/04/13/cam221_20260413T005149Z.mp4 (731856 bytes)
[2026-04-12T20:52:39.742155] Starting 60-second capture -> /Users/Chen/PycharmProjects/CSCI_6234_Final/recordings/cam221/clips/2026/04/13/cam221_20260413T005239Z.mp4
[tls @ 0x7fa910105740] IO error: End of file
[https @ 0x7fa910004200] Error reading HTTP response: End of file
[tls @ 0x7fa8f770db40] IO error: End of file
[https @ 0x7fa8f770da80] Error reading HTTP response: End of file
[tls @ 0x7fa90772bc00] IO error: End of file
[https @ 0x7fa90773e740] Error reading HTTP response: End of file
[tls @ 0x7fa8f770f040] IO error: End of file
[https @ 0x7fa8f770f980] Error reading HTTP response: End of file
[tls @ 0x7fa91006da00] IO error: End of file
[https @ 0x7fa910064180] Error reading HTTP response: End of file
[2026-04-12T20:53:10.592674] Saved clip /Users/Chen/PycharmProjects/CSCI_6234_Final/recordings/cam221/clips/2026/04/13/cam221_20260413T005239Z.mp4 (771917 bytes)
[2026-04-12T20:53:11.119922] Starting 60-second capture -> /Users/Chen/PycharmProjects/CSCI_6234_Final/recordings/cam221/clips/2026/04/13/cam221_20260413T005311Z.mp4
[tls @ 0x7fe2cdd04500] IO error: End of file
[https @ 0x7fe2cdd043c0] Error reading HTTP response: End of file
[tls @ 0x7fe2cde05f80] IO error: End of file
[https @ 0x7fe2cde058c0] Error reading HTTP response: End of file
[tls @ 0x7fe2cdb3ee40] IO error: End of file
[https @ 0x7fe2cdb45140] Error reading HTTP response: End of file
[tls @ 0x7fe2cdd4a440] IO error: End of file
[https @ 0x7fe2cdd287c0] Error reading HTTP response: End of file
[tls @ 0x7fe2cde126c0] IO error: End of file
[https @ 0x7fe2cde0cb00] Error reading HTTP response: End of file
[tls @ 0x7fe2cdb10840] IO error: End of file
[https @ 0x7fe2cdb591c0] Error reading HTTP response: End of file
[tls @ 0x7fe2cdd34200] IO error: End of file
[https @ 0x7fe2cdd32ac0] Error reading HTTP response: End of file
[tls @ 0x7fe2cdb0b8c0] IO error: End of file
[https @ 0x7fe2cdb10800] Error reading HTTP response: End of file
[2026-04-12T20:53:55.183783] Saved clip /Users/Chen/PycharmProjects/CSCI_6234_Final/recordings/cam221/clips/2026/04/13/cam221_20260413T005311Z.mp4 (704359 bytes)
[2026-04-12T20:53:55.699530] Starting 60-second capture -> /Users/Chen/PycharmProjects/CSCI_6234_Final/recordings/cam221/clips/2026/04/13/cam221_20260413T005355Z.mp4
[tls @ 0x7f9f8ff04880] IO error: End of file
[https @ 0x7f9f8ff047c0] Error reading HTTP response: End of file
[tls @ 0x7f9f7ff136c0] IO error: End of file
[https @ 0x7f9f7ff13600] Error reading HTTP response: End of file
[tls @ 0x7f9f8ff39cc0] IO error: End of file
[https @ 0x7f9f8ff3a2c0] Error reading HTTP response: End of file
[tls @ 0x7f9f7ff5f140] IO error: End of file
[https @ 0x7f9f7ff5bb00] Error reading HTTP response: End of file
[tls @ 0x7f9f8ff39cc0] IO error: End of file
[https @ 0x7f9f8ff4cf80] Error reading HTTP response: End of file
[tls @ 0x7f9f8ff53300] IO error: End of file
[https @ 0x7f9f8ff59080] Error reading HTTP response: End of file
[2026-04-12T20:54:37.338371] Saved clip /Users/Chen/PycharmProjects/CSCI_6234_Final/recordings/cam221/clips/2026/04/13/cam221_20260413T005355Z.mp4 (669376 bytes)
[2026-04-12T20:54:37.853768] Starting 60-second capture -> /Users/Chen/PycharmProjects/CSCI_6234_Final/recordings/cam221/clips/2026/04/13/cam221_20260413T005437Z.mp4
[tls @ 0x7f8e91a04b00] IO error: End of file
[https @ 0x7f8e91a049c0] Error reading HTTP response: End of file
[tls @ 0x7f8e91b070c0] IO error: End of file
[https @ 0x7f8e91b0e340] Error reading HTTP response: End of file
[tls @ 0x7f8e91b21a40] IO error: End of file
[https @ 0x7f8e91b2f340] Error reading HTTP response: End of file
[tls @ 0x7f8e91b48d40] IO error: End of file
[https @ 0x7f8e91b46f80] Error reading HTTP response: End of file
[tls @ 0x7f8e91b15040] IO error: End of file
[https @ 0x7f8e91b11d40] Error reading HTTP response: End of file
[tls @ 0x7f8e91c44f40] IO error: End of file
[https @ 0x7f8e91c57140] Error reading HTTP response: End of file
[2026-04-12T20:55:16.878496] Saved clip /Users/Chen/PycharmProjects/CSCI_6234_Final/recordings/cam221/clips/2026/04/13/cam221_20260413T005437Z.mp4 (747360 bytes)
[2026-04-12T20:55:17.401019] Starting 60-second capture -> /Users/Chen/PycharmProjects/CSCI_6234_Final/recordings/cam221/clips/2026/04/13/cam221_20260413T005517Z.mp4
[tls @ 0x7fc1bb004980] IO error: End of file
[https @ 0x7fc1bb004840] Error reading HTTP response: End of file
[tls @ 0x7fc1bb009100] IO error: End of file
[https @ 0x7fc1bb00e400] Error reading HTTP response: End of file
[tls @ 0x7fc1cba2a340] IO error: End of file
[https @ 0x7fc1cba2d680] Error reading HTTP response: End of file
[tls @ 0x7fc1baf052c0] IO error: End of file
[https @ 0x7fc1baf0ef40] Error reading HTTP response: End of file
[tls @ 0x7fc1bb148900] IO error: End of file
[https @ 0x7fc1bb15ec00] Error reading HTTP response: End of file
[tls @ 0x7fc1bb114980] IO error: End of file
[https @ 0x7fc1bb116280] Error reading HTTP response: End of file
[tls @ 0x7fc1baf18b80] IO error: End of file
[https @ 0x7fc1bb165d40] Error reading HTTP response: End of file
[tls @ 0x7fc1baf5fd40] IO error: End of file
[https @ 0x7fc1baf10040] Error reading HTTP response: End of file
[tls @ 0x7fc1bb031080] IO error: End of file
[https @ 0x7fc1bb02d480] Error reading HTTP response: End of file
[2026-04-12T20:56:01.175140] Saved clip /Users/Chen/PycharmProjects/CSCI_6234_Final/recordings/cam221/clips/2026/04/13/cam221_20260413T005517Z.mp4 (771558 bytes)
[2026-04-12T20:56:01.702670] Starting 60-second capture -> /Users/Chen/PycharmProjects/CSCI_6234_Final/recordings/cam221/clips/2026/04/13/cam221_20260413T005601Z.mp4
[tls @ 0x7f9f18005c80] IO error: End of file
[https @ 0x7f9f18005bc0] Error reading HTTP response: End of file
[tls @ 0x7f9eff823640] IO error: End of file
[https @ 0x7f9eff82fbc0] Error reading HTTP response: End of file
[tls @ 0x7f9f1803e4c0] IO error: End of file
[https @ 0x7f9f18055380] Error reading HTTP response: End of file
[tls @ 0x7f9eff81d940] IO error: End of file
[https @ 0x7f9eff8061c0] Error reading HTTP response: End of file
[tls @ 0x7f9eff857e80] IO error: End of file
[https @ 0x7f9eff82b900] Error reading HTTP response: End of file
[tls @ 0x7f9f18019d80] IO error: End of file
[https @ 0x7f9f1801d840] Error reading HTTP response: End of file
[2026-04-12T20:56:43.175040] Saved clip /Users/Chen/PycharmProjects/CSCI_6234_Final/recordings/cam221/clips/2026/04/13/cam221_20260413T005601Z.mp4 (759140 bytes)
[2026-04-12T20:56:43.693131] Starting 60-second capture -> /Users/Chen/PycharmProjects/CSCI_6234_Final/recordings/cam221/clips/2026/04/13/cam221_20260413T005643Z.mp4
[tls @ 0x7fa54e004500] IO error: End of file
[https @ 0x7fa54e0043c0] Error reading HTTP response: End of file
[tls @ 0x7fa54e2088c0] IO error: End of file
[https @ 0x7fa54e2087c0] Error reading HTTP response: End of file
[tls @ 0x7fa54d73ae80] IO error: End of file
[https @ 0x7fa54d73adc0] Error reading HTTP response: End of file
[tls @ 0x7fa54e166440] IO error: End of file
[https @ 0x7fa54e16cc00] Error reading HTTP response: End of file
[tls @ 0x7fa54d7231c0] IO error: End of file
[https @ 0x7fa54d72e680] Error reading HTTP response: End of file
[tls @ 0x7fa54e15af80] IO error: End of file
[https @ 0x7fa54e165140] Error reading HTTP response: End of file
[2026-04-12T20:57:26.081953] Saved clip /Users/Chen/PycharmProjects/CSCI_6234_Final/recordings/cam221/clips/2026/04/13/cam221_20260413T005643Z.mp4 (598137 bytes)
[2026-04-12T20:57:26.604616] Starting 60-second capture -> /Users/Chen/PycharmProjects/CSCI_6234_Final/recordings/cam221/clips/2026/04/13/cam221_20260413T005726Z.mp4
[tls @ 0x7fc18cd057c0] IO error: End of file
[https @ 0x7fc18cd056c0] Error reading HTTP response: End of file
[tls @ 0x7fc18cd1ba00] IO error: End of file
[https @ 0x7fc18cd17e00] Error reading HTTP response: End of file
[tls @ 0x7fc18cb301c0] IO error: End of file
[https @ 0x7fc18cb41800] Error reading HTTP response: End of file
[tls @ 0x7fc18cc2e600] IO error: End of file
[https @ 0x7fc18cc33580] Error reading HTTP response: End of file
[tls @ 0x7fc18cb292c0] IO error: End of file
[https @ 0x7fc18cb3d880] Error reading HTTP response: End of file
[tls @ 0x7fc18cb60280] IO error: End of file
[https @ 0x7fc18cb22f80] Error reading HTTP response: End of file
[tls @ 0x7fc18cc3ea80] IO error: End of file
[https @ 0x7fc18cc43dc0] Error reading HTTP response: End of file
[2026-04-12T20:58:01.287674] Saved clip /Users/Chen/PycharmProjects/CSCI_6234_Final/recordings/cam221/clips/2026/04/13/cam221_20260413T005726Z.mp4 (802105 bytes)
[2026-04-12T20:58:01.810023] Starting 60-second capture -> /Users/Chen/PycharmProjects/CSCI_6234_Final/recordings/cam221/clips/2026/04/13/cam221_20260413T005801Z.mp4
[tls @ 0x7f9b3b904500] IO error: End of file
[https @ 0x7f9b3b9043c0] Error reading HTTP response: End of file
[tls @ 0x7f9b3b910d00] IO error: End of file
[https @ 0x7f9b3b91a400] Error reading HTTP response: End of file
[tls @ 0x7f9b3b944000] IO error: End of file
[https @ 0x7f9b3b9361c0] Error reading HTTP response: End of file
[tls @ 0x7f9b3b94db80] IO error: End of file
[https @ 0x7f9b3b9081c0] Error reading HTTP response: End of file
[tls @ 0x7f9b3b816dc0] IO error: End of file
[https @ 0x7f9b3b80d880] Error reading HTTP response: End of file
[tls @ 0x7f9b4b220e80] IO error: End of file
[https @ 0x7f9b4b254080] Error reading HTTP response: End of file
[2026-04-12T20:58:43.506610] Saved clip /Users/Chen/PycharmProjects/CSCI_6234_Final/recordings/cam221/clips/2026/04/13/cam221_20260413T005801Z.mp4 (950495 bytes)
[2026-04-12T20:58:44.030598] Starting 60-second capture -> /Users/Chen/PycharmProjects/CSCI_6234_Final/recordings/cam221/clips/2026/04/13/cam221_20260413T005844Z.mp4
[tls @ 0x7fbb19004680] IO error: End of file
[https @ 0x7fbb19004540] Error reading HTTP response: End of file
[tls @ 0x7fbb19115a00] IO error: End of file
[https @ 0x7fbb19106140] Error reading HTTP response: End of file
[tls @ 0x7fbb190260c0] IO error: End of file
[https @ 0x7fbb19004780] Error reading HTTP response: End of file
[tls @ 0x7fbb19048740] IO error: End of file
[https @ 0x7fbb19051e40] Error reading HTTP response: End of file
[tls @ 0x7fbb190260c0] IO error: End of file
[https @ 0x7fbb19057fc0] Error reading HTTP response: End of file
[tls @ 0x7fbb1931ae00] IO error: End of file
[https @ 0x7fbb19267c00] Error reading HTTP response: End of file
[2026-04-12T20:59:25.360093] Saved clip /Users/Chen/PycharmProjects/CSCI_6234_Final/recordings/cam221/clips/2026/04/13/cam221_20260413T005844Z.mp4 (735640 bytes)
[2026-04-12T20:59:25.881865] Starting 60-second capture -> /Users/Chen/PycharmProjects/CSCI_6234_Final/recordings/cam221/clips/2026/04/13/cam221_20260413T005925Z.mp4
[tls @ 0x7fb0ecf04ac0] IO error: End of file
[https @ 0x7fb0ecf04980] Error reading HTTP response: End of file
[tls @ 0x7fb0fdd16c00] IO error: End of file
[https @ 0x7fb0fdd11d00] Error reading HTTP response: End of file
[tls @ 0x7fb0ed80e400] IO error: End of file
[https @ 0x7fb0ed82e7c0] Error reading HTTP response: End of file
[tls @ 0x7fb0ecf670c0] IO error: End of file
[https @ 0x7fb0ecf68100] Error reading HTTP response: End of file
[tls @ 0x7fb0ecf454c0] IO error: End of file
[https @ 0x7fb0ecf3d140] Error reading HTTP response: End of file
[tls @ 0x7fb0ecf237c0] IO error: End of file
[https @ 0x7fb0ecf37200] Error reading HTTP response: End of file
[tls @ 0x7fb0ed848180] IO error: End of file
[https @ 0x7fb0ed816b40] Error reading HTTP response: End of file
[tls @ 0x7fb0ed977000] IO error: End of file
[https @ 0x7fb0ed9729c0] Error reading HTTP response: End of file
[tls @ 0x7fb0ecf3e140] IO error: End of file
[https @ 0x7fb0ecf27300] Error reading HTTP response: End of file
[2026-04-12T21:00:10.953944] Saved clip /Users/Chen/PycharmProjects/CSCI_6234_Final/recordings/cam221/clips/2026/04/13/cam221_20260413T005925Z.mp4 (784650 bytes)
[2026-04-12T21:00:11.482428] Starting 60-second capture -> /Users/Chen/PycharmProjects/CSCI_6234_Final/recordings/cam221/clips/2026/04/13/cam221_20260413T010011Z.mp4
[tls @ 0x7faffc104900] IO error: End of file
[https @ 0x7faffc104200] Error reading HTTP response: End of file
[tls @ 0x7faffc10a540] IO error: End of file
[https @ 0x7faffc113040] Error reading HTTP response: End of file
[tls @ 0x7faffc23bc00] IO error: End of file
[https @ 0x7faffc2213c0] Error reading HTTP response: End of file
[tls @ 0x7faffc104d00] IO error: End of file
[https @ 0x7faffc106e00] Error reading HTTP response: End of file
[tls @ 0x7faffc110400] IO error: End of file
[https @ 0x7faffc143f40] Error reading HTTP response: End of file
[tls @ 0x7fafeb746100] IO error: End of file
[https @ 0x7fafec05a800] Error reading HTTP response: End of file
[2026-04-12T21:00:52.898922] Saved clip /Users/Chen/PycharmProjects/CSCI_6234_Final/recordings/cam221/clips/2026/04/13/cam221_20260413T010011Z.mp4 (691723 bytes)
[2026-04-12T21:00:53.424355] Starting 60-second capture -> /Users/Chen/PycharmProjects/CSCI_6234_Final/recordings/cam221/clips/2026/04/13/cam221_20260413T010053Z.mp4
[tls @ 0x7fb8aba04240] IO error: End of file
[https @ 0x7fb8abb04540] Error reading HTTP response: End of file
[tls @ 0x7fb8abb08900] IO error: End of file
[https @ 0x7fb8abb1ab80] Error reading HTTP response: End of file
[tls @ 0x7fb8abb347c0] IO error: End of file
[https @ 0x7fb8abb57fc0] Error reading HTTP response: End of file
[tls @ 0x7fb89af21440] IO error: End of file
[https @ 0x7fb89af47040] Error reading HTTP response: End of file
[tls @ 0x7fb8abc4ca00] IO error: End of file
[https @ 0x7fb8abc1a080] Error reading HTTP response: End of file
[tls @ 0x7fb8abc5a180] IO error: End of file
[https @ 0x7fb8abc51d00] Error reading HTTP response: End of file
[2026-04-12T21:01:34.824857] Saved clip /Users/Chen/PycharmProjects/CSCI_6234_Final/recordings/cam221/clips/2026/04/13/cam221_20260413T010053Z.mp4 (818283 bytes)
[2026-04-12T21:01:35.349388] Starting 60-second capture -> /Users/Chen/PycharmProjects/CSCI_6234_Final/recordings/cam221/clips/2026/04/13/cam221_20260413T010135Z.mp4
[tls @ 0x7fb513104380] IO error: End of file
[https @ 0x7fb513104240] Error reading HTTP response: End of file
[tls @ 0x7fb51270dc00] IO error: End of file
[https @ 0x7fb51270cc80] Error reading HTTP response: End of file
[tls @ 0x7fb513004140] IO error: End of file
[https @ 0x7fb513004080] Error reading HTTP response: End of file
[tls @ 0x7fb51303bdc0] IO error: End of file
[https @ 0x7fb513036840] Error reading HTTP response: End of file
[tls @ 0x7fb513055d80] IO error: End of file
[https @ 0x7fb5130575c0] Error reading HTTP response: End of file
[tls @ 0x7fb51310c080] IO error: End of file
[https @ 0x7fb51311d0c0] Error reading HTTP response: End of file
[tls @ 0x7fb512743c80] IO error: End of file
[https @ 0x7fb512751800] Error reading HTTP response: End of file
[tls @ 0x7fb523259700] IO error: End of file
[https @ 0x7fb52326e9c0] Error reading HTTP response: End of file
[2026-04-12T21:02:19.175865] Saved clip /Users/Chen/PycharmProjects/CSCI_6234_Final/recordings/cam221/clips/2026/04/13/cam221_20260413T010135Z.mp4 (726381 bytes)
[2026-04-12T21:02:19.698709] Starting 60-second capture -> /Users/Chen/PycharmProjects/CSCI_6234_Final/recordings/cam221/clips/2026/04/13/cam221_20260413T010219Z.mp4
[tls @ 0x7f8434a06900] IO error: End of file
[https @ 0x7f8434a067c0] Error reading HTTP response: End of file
[tls @ 0x7f8434e06e00] IO error: End of file
[https @ 0x7f8434e06d00] Error reading HTTP response: End of file
[tls @ 0x7f8434e05a40] IO error: End of file
[https @ 0x7f8434e408c0] Error reading HTTP response: End of file
[tls @ 0x7f8434e4c080] IO error: End of file
[https @ 0x7f8434e485c0] Error reading HTTP response: End of file
[tls @ 0x7f8434e1edc0] IO error: End of file
[https @ 0x7f8434e26d40] Error reading HTTP response: End of file
[tls @ 0x7f8434b1a380] IO error: End of file
[https @ 0x7f8434b3a000] Error reading HTTP response: End of file
[tls @ 0x7f8434e0a780] IO error: End of file
[https @ 0x7f8434e68d40] Error reading HTTP response: End of file
[tls @ 0x7f8434c67040] IO error: End of file
[https @ 0x7f8434c67e40] Error reading HTTP response: End of file
[2026-04-12T21:03:03.850359] Saved clip /Users/Chen/PycharmProjects/CSCI_6234_Final/recordings/cam221/clips/2026/04/13/cam221_20260413T010219Z.mp4 (706395 bytes)
[2026-04-12T21:03:04.371061] Starting 60-second capture -> /Users/Chen/PycharmProjects/CSCI_6234_Final/recordings/cam221/clips/2026/04/13/cam221_20260413T010304Z.mp4
[tls @ 0x7fe96f704500] IO error: End of file
[https @ 0x7fe96f7043c0] Error reading HTTP response: End of file
[tls @ 0x7fe95f705100] IO error: End of file
[https @ 0x7fe95f707640] Error reading HTTP response: End of file
[tls @ 0x7fe96f746980] IO error: End of file
[https @ 0x7fe96f720300] Error reading HTTP response: End of file
[tls @ 0x7fe95f731140] IO error: End of file
[https @ 0x7fe95f725c40] Error reading HTTP response: End of file
[tls @ 0x7fe96f720300] IO error: End of file
[https @ 0x7fe96f736080] Error reading HTTP response: End of file
[tls @ 0x7fe96f768ac0] IO error: End of file
[https @ 0x7fe96f71f840] Error reading HTTP response: End of file
[2026-04-12T21:03:46.144273] Saved clip /Users/Chen/PycharmProjects/CSCI_6234_Final/recordings/cam221/clips/2026/04/13/cam221_20260413T010304Z.mp4 (854817 bytes)
[2026-04-12T21:03:46.670407] Starting 60-second capture -> /Users/Chen/PycharmProjects/CSCI_6234_Final/recordings/cam221/clips/2026/04/13/cam221_20260413T010346Z.mp4
[tls @ 0x7fc9d3104680] IO error: End of file
[https @ 0x7fc9d3104540] Error reading HTTP response: End of file
[tls @ 0x7fc9e332ea40] IO error: End of file
[https @ 0x7fc9e3340c40] Error reading HTTP response: End of file
[tls @ 0x7fc9d3004700] IO error: End of file
[https @ 0x7fc9d3026700] Error reading HTTP response: End of file
[tls @ 0x7fc9d2707640] IO error: End of file
[https @ 0x7fc9d27092c0] Error reading HTTP response: End of file
[tls @ 0x7fc9e334a300] IO error: End of file
[https @ 0x7fc9e33242c0] Error reading HTTP response: End of file
[tls @ 0x7fc9d2704140] IO error: End of file
[https @ 0x7fc9d2704080] Error reading HTTP response: End of file
[tls @ 0x7fc9d3138e80] IO error: End of file
[https @ 0x7fc9d312a840] Error reading HTTP response: End of file
[2026-04-12T21:04:20.696602] Saved clip /Users/Chen/PycharmProjects/CSCI_6234_Final/recordings/cam221/clips/2026/04/13/cam221_20260413T010346Z.mp4 (837361 bytes)
[2026-04-12T21:04:21.220662] Starting 60-second capture -> /Users/Chen/PycharmProjects/CSCI_6234_Final/recordings/cam221/clips/2026/04/13/cam221_20260413T010421Z.mp4
[tls @ 0x7fe57e148a80] IO error: End of file
[https @ 0x7fe57e141640] Error reading HTTP response: End of file
[tls @ 0x7fe57e21ef80] IO error: End of file
[https @ 0x7fe56d70ce40] Error reading HTTP response: End of file
[tls @ 0x7fe57e148a80] IO error: End of file
[https @ 0x7fe57e1176c0] Error reading HTTP response: End of file
[tls @ 0x7fe57e449e80] IO error: End of file
[https @ 0x7fe57e4842c0] Error reading HTTP response: End of file
[tls @ 0x7fe57e148a80] IO error: End of file
[https @ 0x7fe57e414480] Error reading HTTP response: End of file
[tls @ 0x7fe56d710540] IO error: End of file
[https @ 0x7fe56d72bc80] Error reading HTTP response: End of file
[tls @ 0x7fe57e23a1c0] IO error: End of file
[https @ 0x7fe57e2049c0] Error reading HTTP response: End of file
[tls @ 0x7fe57e185800] IO error: End of file
[https @ 0x7fe57e165ac0] Error reading HTTP response: End of file
[2026-04-12T21:05:05.380761] Saved clip /Users/Chen/PycharmProjects/CSCI_6234_Final/recordings/cam221/clips/2026/04/13/cam221_20260413T010421Z.mp4 (1017785 bytes)
[2026-04-12T21:05:05.897447] Starting 60-second capture -> /Users/Chen/PycharmProjects/CSCI_6234_Final/recordings/cam221/clips/2026/04/13/cam221_20260413T010505Z.mp4
[tls @ 0x7fb6f6704680] IO error: End of file
[https @ 0x7fb6f6704540] Error reading HTTP response: End of file
[tls @ 0x7fb707017200] IO error: End of file
[https @ 0x7fb707017140] Error reading HTTP response: End of file
[tls @ 0x7fb6f67249c0] IO error: End of file
[https @ 0x7fb6f6714f00] Error reading HTTP response: End of file
[tls @ 0x7fb7067571c0] IO error: End of file
[https @ 0x7fb706749380] Error reading HTTP response: End of file
[tls @ 0x7fb706747bc0] IO error: End of file
[https @ 0x7fb7067535c0] Error reading HTTP response: End of file
[tls @ 0x7fb7067571c0] IO error: End of file
[https @ 0x7fb70670b380] Error reading HTTP response: End of file
[2026-04-12T21:05:47.950051] Saved clip /Users/Chen/PycharmProjects/CSCI_6234_Final/recordings/cam221/clips/2026/04/13/cam221_20260413T010505Z.mp4 (767570 bytes)
[2026-04-12T21:05:48.477471] Starting 60-second capture -> /Users/Chen/PycharmProjects/CSCI_6234_Final/recordings/cam221/clips/2026/04/13/cam221_20260413T010548Z.mp4
[tls @ 0x7fc689f04b40] IO error: End of file
[https @ 0x7fc689f04a00] Error reading HTTP response: End of file
[tls @ 0x7fc68a814a40] IO error: End of file
[https @ 0x7fc68a817f80] Error reading HTTP response: End of file
[tls @ 0x7fc689f5e7c0] IO error: End of file
[https @ 0x7fc689f5bec0] Error reading HTTP response: End of file
[tls @ 0x7fc689f11700] IO error: End of file
[https @ 0x7fc689f2fe40] Error reading HTTP response: End of file
[tls @ 0x7fc68a85cac0] IO error: End of file
[https @ 0x7fc68a858f00] Error reading HTTP response: End of file
[tls @ 0x7fc69ab1b6c0] IO error: End of file
[https @ 0x7fc69ab64000] Error reading HTTP response: End of file
[tls @ 0x7fc69ab3bb00] IO error: End of file
[https @ 0x7fc69ab61180] Error reading HTTP response: End of file
[2026-04-12T21:06:21.982286] Saved clip /Users/Chen/PycharmProjects/CSCI_6234_Final/recordings/cam221/clips/2026/04/13/cam221_20260413T010548Z.mp4 (790476 bytes)
[2026-04-12T21:06:22.515082] Starting 60-second capture -> /Users/Chen/PycharmProjects/CSCI_6234_Final/recordings/cam221/clips/2026/04/13/cam221_20260413T010622Z.mp4
[tls @ 0x7fd459b065c0] IO error: End of file
[https @ 0x7fd459b06280] Error reading HTTP response: End of file
[tls @ 0x7fd449908300] IO error: End of file
[https @ 0x7fd449914f80] Error reading HTTP response: End of file
[tls @ 0x7fd448f1e6c0] IO error: End of file
[https @ 0x7fd448f08fc0] Error reading HTTP response: End of file
[tls @ 0x7fd44980d780] IO error: End of file
[https @ 0x7fd4498664c0] Error reading HTTP response: End of file
[tls @ 0x7fd449815b00] IO error: End of file
[https @ 0x7fd44982b280] Error reading HTTP response: End of file
[tls @ 0x7fd44984ac80] IO error: End of file
[https @ 0x7fd449858b80] Error reading HTTP response: End of file
[2026-04-12T21:07:04.309143] Saved clip /Users/Chen/PycharmProjects/CSCI_6234_Final/recordings/cam221/clips/2026/04/13/cam221_20260413T010622Z.mp4 (826945 bytes)
[2026-04-12T21:07:04.830905] Starting 60-second capture -> /Users/Chen/PycharmProjects/CSCI_6234_Final/recordings/cam221/clips/2026/04/13/cam221_20260413T010704Z.mp4
[tls @ 0x7fd931004580] IO error: End of file
[https @ 0x7fd931104080] Error reading HTTP response: End of file
[tls @ 0x7fd931112ec0] IO error: End of file
[https @ 0x7fd931112e00] Error reading HTTP response: End of file
[tls @ 0x7fd93111a980] IO error: End of file
[https @ 0x7fd931114680] Error reading HTTP response: End of file
[tls @ 0x7fd917f0fdc0] IO error: End of file
[https @ 0x7fd917f13d00] Error reading HTTP response: End of file
[tls @ 0x7fd93102e980] IO error: End of file
[https @ 0x7fd931037100] Error reading HTTP response: End of file
[tls @ 0x7fd931050940] IO error: End of file
[https @ 0x7fd93100c140] Error reading HTTP response: End of file
[2026-04-12T21:07:46.585068] Saved clip /Users/Chen/PycharmProjects/CSCI_6234_Final/recordings/cam221/clips/2026/04/13/cam221_20260413T010704Z.mp4 (746237 bytes)
[2026-04-12T21:07:47.110893] Starting 60-second capture -> /Users/Chen/PycharmProjects/CSCI_6234_Final/recordings/cam221/clips/2026/04/13/cam221_20260413T010747Z.mp4
[tls @ 0x7f7f8c304800] IO error: End of file
[https @ 0x7f7f8c3046c0] Error reading HTTP response: End of file
[tls @ 0x7f7f7b7318c0] IO error: End of file
[https @ 0x7f7f7b72dd00] Error reading HTTP response: End of file
[tls @ 0x7f7f8b7079c0] IO error: End of file
[https @ 0x7f7f8b708540] Error reading HTTP response: End of file
[tls @ 0x7f7f5b7043c0] IO error: End of file
[https @ 0x7f7f5b704300] Error reading HTTP response: End of file
[tls @ 0x7f7f8c33d8c0] IO error: End of file
[https @ 0x7f7f8c34e0c0] Error reading HTTP response: End of file
[tls @ 0x7f7f7c03a780] IO error: End of file
[https @ 0x7f7f7c004080] Error reading HTTP response: End of file
[tls @ 0x7f7f7c022c40] IO error: End of file
[https @ 0x7f7f7c034e40] Error reading HTTP response: End of file
[2026-04-12T21:08:20.486991] Saved clip /Users/Chen/PycharmProjects/CSCI_6234_Final/recordings/cam221/clips/2026/04/13/cam221_20260413T010747Z.mp4 (850838 bytes)
[2026-04-12T21:08:21.010005] Starting 60-second capture -> /Users/Chen/PycharmProjects/CSCI_6234_Final/recordings/cam221/clips/2026/04/13/cam221_20260413T010821Z.mp4
[tls @ 0x7fe7e4d05ec0] IO error: End of file
[https @ 0x7fe7e4d05d80] Error reading HTTP response: End of file
[tls @ 0x7fe7e4a06980] IO error: End of file
[https @ 0x7fe7e4a068c0] Error reading HTTP response: End of file
[tls @ 0x7fe7e4a1b200] IO error: End of file
[https @ 0x7fe7e4a14340] Error reading HTTP response: End of file
[tls @ 0x7fe7b48043c0] IO error: End of file
[https @ 0x7fe7b4804300] Error reading HTTP response: End of file
[tls @ 0x7fe7e4c5b2c0] IO error: End of file
[https @ 0x7fe7e4c39a00] Error reading HTTP response: End of file
[tls @ 0x7fe7e4d07240] IO error: End of file
[https @ 0x7fe7e4a04fc0] Error reading HTTP response: End of file
[2026-04-12T21:09:03.236439] Saved clip /Users/Chen/PycharmProjects/CSCI_6234_Final/recordings/cam221/clips/2026/04/13/cam221_20260413T010821Z.mp4 (810315 bytes)
[2026-04-12T21:09:03.761389] Starting 60-second capture -> /Users/Chen/PycharmProjects/CSCI_6234_Final/recordings/cam221/clips/2026/04/13/cam221_20260413T010903Z.mp4
[tls @ 0x7fb9f6305b00] IO error: End of file
[https @ 0x7fb9f63059c0] Error reading HTTP response: End of file
[tls @ 0x7fb9e570be40] IO error: End of file
[https @ 0x7fb9e5722000] Error reading HTTP response: End of file
[tls @ 0x7fb9e585a840] IO error: End of file
[https @ 0x7fb9e5875000] Error reading HTTP response: End of file
[tls @ 0x7fb9f6332040] IO error: End of file
[https @ 0x7fb9f6341b40] Error reading HTTP response: End of file
[tls @ 0x7fb9e585a840] IO error: End of file
[https @ 0x7fb9e58409c0] Error reading HTTP response: End of file
[tls @ 0x7fb9f6229b40] IO error: End of file
[https @ 0x7fb9f6230540] Error reading HTTP response: End of file
[2026-04-12T21:09:45.417878] Saved clip /Users/Chen/PycharmProjects/CSCI_6234_Final/recordings/cam221/clips/2026/04/13/cam221_20260413T010903Z.mp4 (694823 bytes)
[2026-04-12T21:09:45.944467] Starting 60-second capture -> /Users/Chen/PycharmProjects/CSCI_6234_Final/recordings/cam221/clips/2026/04/13/cam221_20260413T010945Z.mp4
[tls @ 0x7fc58130a580] IO error: End of file
[https @ 0x7fc58130bf80] Error reading HTTP response: End of file
[tls @ 0x7fc58121f500] IO error: End of file
[https @ 0x7fc58121e040] Error reading HTTP response: End of file
[tls @ 0x7fc581253780] IO error: End of file
[https @ 0x7fc58127c7c0] Error reading HTTP response: End of file
[tls @ 0x7fc581406ec0] IO error: End of file
[https @ 0x7fc581406e00] Error reading HTTP response: End of file
[tls @ 0x7fc581253780] IO error: End of file
[https @ 0x7fc5812c7580] Error reading HTTP response: End of file
[tls @ 0x7fc581415980] IO error: End of file
[https @ 0x7fc5814183c0] Error reading HTTP response: End of file
[tls @ 0x7fc581526bc0] IO error: End of file
[https @ 0x7fc581532300] Error reading HTTP response: End of file
[tls @ 0x7fc5813103c0] IO error: End of file
[https @ 0x7fc581378c40] Error reading HTTP response: End of file
[tls @ 0x7fc581359640] IO error: End of file
[https @ 0x7fc581350e40] Error reading HTTP response: End of file
[2026-04-12T21:10:29.952418] Saved clip /Users/Chen/PycharmProjects/CSCI_6234_Final/recordings/cam221/clips/2026/04/13/cam221_20260413T010945Z.mp4 (713139 bytes)
[2026-04-12T21:10:30.479471] Starting 60-second capture -> /Users/Chen/PycharmProjects/CSCI_6234_Final/recordings/cam221/clips/2026/04/13/cam221_20260413T011030Z.mp4
[tls @ 0x7fd565c22040] IO error: End of file
[https @ 0x7fd565c2a640] Error reading HTTP response: End of file
[tls @ 0x7fd565c04680] IO error: End of file
[https @ 0x7fd565c04540] Error reading HTTP response: End of file
[tls @ 0x7fd565c22040] IO error: End of file
[https @ 0x7fd565c27940] Error reading HTTP response: End of file
[tls @ 0x7fd565d12d80] IO error: End of file
[https @ 0x7fd565d44600] Error reading HTTP response: End of file
[tls @ 0x7fd565c33800] IO error: End of file
[https @ 0x7fd565c41a80] Error reading HTTP response: End of file
[tls @ 0x7fd565c4a680] IO error: End of file
[https @ 0x7fd565c42580] Error reading HTTP response: End of file
[tls @ 0x7fd565c2aa00] IO error: End of file
[https @ 0x7fd565c187c0] Error reading HTTP response: End of file
[2026-04-12T21:11:19.529212] Saved clip /Users/Chen/PycharmProjects/CSCI_6234_Final/recordings/cam221/clips/2026/04/13/cam221_20260413T011030Z.mp4 (852831 bytes)
[2026-04-12T21:11:20.055159] Starting 60-second capture -> /Users/Chen/PycharmProjects/CSCI_6234_Final/recordings/cam221/clips/2026/04/13/cam221_20260413T011120Z.mp4
[tls @ 0x7f82fb704680] IO error: End of file
[https @ 0x7f82fb704540] Error reading HTTP response: End of file
[tls @ 0x7f82fc904840] IO error: End of file
[https @ 0x7f82fc904700] Error reading HTTP response: End of file
[tls @ 0x7f82fc824940] IO error: End of file
[https @ 0x7f82fc817f80] Error reading HTTP response: End of file
[tls @ 0x7f82fc833780] IO error: End of file
[https @ 0x7f82fc83fe80] Error reading HTTP response: End of file
[tls @ 0x7f830c3328c0] IO error: End of file
[https @ 0x7f830c308100] Error reading HTTP response: End of file
[2026-04-12T21:11:50.968568] Saved clip /Users/Chen/PycharmProjects/CSCI_6234_Final/recordings/cam221/clips/2026/04/13/cam221_20260413T011120Z.mp4 (851357 bytes)
[2026-04-12T21:11:51.487347] Starting 60-second capture -> /Users/Chen/PycharmProjects/CSCI_6234_Final/recordings/cam221/clips/2026/04/13/cam221_20260413T011151Z.mp4
[tls @ 0x7fcb71c04800] IO error: End of file
[https @ 0x7fcb71c046c0] Error reading HTTP response: End of file
[tls @ 0x7fcb71e07740] IO error: End of file
[https @ 0x7fcb71e0f200] Error reading HTTP response: End of file
[tls @ 0x7fcb71d17e00] IO error: End of file
[https @ 0x7fcb71d26400] Error reading HTTP response: End of file
[tls @ 0x7fcb71e0c800] IO error: End of file
[https @ 0x7fcb71e317c0] Error reading HTTP response: End of file
[tls @ 0x7fcb71c42940] IO error: End of file
[https @ 0x7fcb71c17580] Error reading HTTP response: End of file
[tls @ 0x7fcb71e0c800] IO error: End of file
[https @ 0x7fcb71e1a880] Error reading HTTP response: End of file
[tls @ 0x7fcb60f501c0] IO error: End of file
[https @ 0x7fcb60f49580] Error reading HTTP response: End of file
[tls @ 0x7fcb71d1f680] IO error: End of file
[https @ 0x7fcb71d1cc40] Error reading HTTP response: End of file
[2026-04-12T21:12:35.099050] Saved clip /Users/Chen/PycharmProjects/CSCI_6234_Final/recordings/cam221/clips/2026/04/13/cam221_20260413T011151Z.mp4 (819628 bytes)
[2026-04-12T21:12:35.619072] Starting 60-second capture -> /Users/Chen/PycharmProjects/CSCI_6234_Final/recordings/cam221/clips/2026/04/13/cam221_20260413T011235Z.mp4
[tls @ 0x7fa955305e80] IO error: End of file
[https @ 0x7fa955305d40] Error reading HTTP response: End of file
[tls @ 0x7fa955410e80] IO error: End of file
[https @ 0x7fa9554114c0] Error reading HTTP response: End of file
[tls @ 0x7fa95541b4c0] IO error: End of file
[https @ 0x7fa95541b6c0] Error reading HTTP response: End of file
[tls @ 0x7fa944773240] IO error: End of file
[https @ 0x7fa944765a00] Error reading HTTP response: End of file
[tls @ 0x7fa95533d700] IO error: End of file
[https @ 0x7fa955329000] Error reading HTTP response: End of file
[tls @ 0x7fa94476a040] IO error: End of file
[https @ 0x7fa944706400] Error reading HTTP response: End of file
[2026-04-12T21:13:17.194663] Saved clip /Users/Chen/PycharmProjects/CSCI_6234_Final/recordings/cam221/clips/2026/04/13/cam221_20260413T011235Z.mp4 (847993 bytes)
[2026-04-12T21:13:17.719209] Starting 60-second capture -> /Users/Chen/PycharmProjects/CSCI_6234_Final/recordings/cam221/clips/2026/04/13/cam221_20260413T011317Z.mp4
[tls @ 0x7fed06004280] IO error: End of file
[https @ 0x7fed060040c0] Error reading HTTP response: End of file
[tls @ 0x7fed162220c0] IO error: End of file
[https @ 0x7fed16233880] Error reading HTTP response: End of file
[tls @ 0x7fed1631a940] IO error: End of file
[https @ 0x7fed16327d00] Error reading HTTP response: End of file
[tls @ 0x7fed16269f00] IO error: End of file
[https @ 0x7fed16266340] Error reading HTTP response: End of file
[tls @ 0x7fed16242280] IO error: End of file
[https @ 0x7fed1621fe00] Error reading HTTP response: End of file
[tls @ 0x7fed16404700] IO error: End of file
[https @ 0x7fed16422f00] Error reading HTTP response: End of file
[2026-04-12T21:13:56.232233] Saved clip /Users/Chen/PycharmProjects/CSCI_6234_Final/recordings/cam221/clips/2026/04/13/cam221_20260413T011317Z.mp4 (689460 bytes)
[2026-04-12T21:13:56.760526] Starting 60-second capture -> /Users/Chen/PycharmProjects/CSCI_6234_Final/recordings/cam221/clips/2026/04/13/cam221_20260413T011356Z.mp4
[tls @ 0x7fd635f04500] IO error: End of file
[https @ 0x7fd635f043c0] Error reading HTTP response: End of file
[tls @ 0x7fd63680a2c0] IO error: End of file
[https @ 0x7fd63680c340] Error reading HTTP response: End of file
[tls @ 0x7fd63681d540] IO error: End of file
[https @ 0x7fd636819940] Error reading HTTP response: End of file
[tls @ 0x7fd635f14400] IO error: End of file
[https @ 0x7fd646c19800] Error reading HTTP response: End of file
[tls @ 0x7fd63681d540] IO error: End of file
[https @ 0x7fd636867400] Error reading HTTP response: End of file
[tls @ 0x7fd646c38180] IO error: End of file
[https @ 0x7fd646c18580] Error reading HTTP response: End of file
[tls @ 0x7fd646b29680] IO error: End of file
[https @ 0x7fd646b28c40] Error reading HTTP response: End of file
[2026-04-12T21:14:30.942049] Saved clip /Users/Chen/PycharmProjects/CSCI_6234_Final/recordings/cam221/clips/2026/04/13/cam221_20260413T011356Z.mp4 (766909 bytes)
[2026-04-12T21:14:31.460774] Starting 60-second capture -> /Users/Chen/PycharmProjects/CSCI_6234_Final/recordings/cam221/clips/2026/04/13/cam221_20260413T011431Z.mp4
[tls @ 0x7fdf91b05c80] IO error: End of file
[https @ 0x7fdf91b05b40] Error reading HTTP response: End of file
[tls @ 0x7fdf81911c80] IO error: End of file
[https @ 0x7fdf81923e80] Error reading HTTP response: End of file
[tls @ 0x7fdf81832340] IO error: End of file
[https @ 0x7fdf81829f00] Error reading HTTP response: End of file
[tls @ 0x7fdf91b16d40] IO error: End of file
[https @ 0x7fdf91b19080] Error reading HTTP response: End of file
[tls @ 0x7fdf91b1e180] IO error: End of file
[https @ 0x7fdf91b68480] Error reading HTTP response: End of file
[tls @ 0x7fdf91b2d640] IO error: End of file
[https @ 0x7fdf91b14000] Error reading HTTP response: End of file
[2026-04-12T21:15:13.326430] Saved clip /Users/Chen/PycharmProjects/CSCI_6234_Final/recordings/cam221/clips/2026/04/13/cam221_20260413T011431Z.mp4 (790795 bytes)
[2026-04-12T21:15:13.849562] Starting 60-second capture -> /Users/Chen/PycharmProjects/CSCI_6234_Final/recordings/cam221/clips/2026/04/13/cam221_20260413T011513Z.mp4
[tls @ 0x7f94e8005200] IO error: End of file
[https @ 0x7f94e8005140] Error reading HTTP response: End of file
[tls @ 0x7f94cef09000] IO error: End of file
[https @ 0x7f94cef10480] Error reading HTTP response: End of file
[tls @ 0x7f94efa1f780] IO error: End of file
[https @ 0x7f94efa31980] Error reading HTTP response: End of file
[tls @ 0x7f94e8005140] IO error: End of file
[https @ 0x7f94e800f280] Error reading HTTP response: End of file
[tls @ 0x7f94e8146b00] IO error: End of file
[https @ 0x7f94e813a9c0] Error reading HTTP response: End of file
[tls @ 0x7f94cef46400] IO error: End of file
[https @ 0x7f94cef33f80] Error reading HTTP response: End of file
[2026-04-12T21:15:54.956139] Saved clip /Users/Chen/PycharmProjects/CSCI_6234_Final/recordings/cam221/clips/2026/04/13/cam221_20260413T011513Z.mp4 (654502 bytes)
[2026-04-12T21:15:55.478952] Starting 60-second capture -> /Users/Chen/PycharmProjects/CSCI_6234_Final/recordings/cam221/clips/2026/04/13/cam221_20260413T011555Z.mp4
[tls @ 0x7feed771e640] IO error: End of file
[https @ 0x7feed7723200] Error reading HTTP response: End of file
[tls @ 0x7feee000b740] IO error: End of file
[https @ 0x7feee001d980] Error reading HTTP response: End of file
[tls @ 0x7feed771e640] IO error: End of file
[https @ 0x7feed7729900] Error reading HTTP response: End of file
[tls @ 0x7feee0131280] IO error: End of file
[https @ 0x7feee01333c0] Error reading HTTP response: End of file
[tls @ 0x7feee0035180] IO error: End of file
[https @ 0x7feee00580c0] Error reading HTTP response: End of file
[tls @ 0x7feee8273d40] IO error: End of file
[https @ 0x7feee82887c0] Error reading HTTP response: End of file
[tls @ 0x7feee004f380] IO error: End of file
[https @ 0x7feee003d740] Error reading HTTP response: End of file
[tls @ 0x7feee002adc0] IO error: End of file
[https @ 0x7feee0046580] Error reading HTTP response: End of file
[tls @ 0x7feed772bb40] IO error: End of file
[https @ 0x7feed7726d40] Error reading HTTP response: End of file
[2026-04-12T21:16:40.034886] Saved clip /Users/Chen/PycharmProjects/CSCI_6234_Final/recordings/cam221/clips/2026/04/13/cam221_20260413T011555Z.mp4 (739081 bytes)
[2026-04-12T21:16:40.556737] Starting 60-second capture -> /Users/Chen/PycharmProjects/CSCI_6234_Final/recordings/cam221/clips/2026/04/13/cam221_20260413T011640Z.mp4
[tls @ 0x7fe14f904200] IO error: End of file
[https @ 0x7fe12ef04480] Error reading HTTP response: End of file
[tls @ 0x7fe12ef10440] IO error: End of file
[https @ 0x7fe12ef10380] Error reading HTTP response: End of file
[tls @ 0x7fe14ef169c0] IO error: End of file
[https @ 0x7fe14ef11580] Error reading HTTP response: End of file
[tls @ 0x7fe14f94a880] IO error: End of file
[https @ 0x7fe14f9069c0] Error reading HTTP response: End of file
[tls @ 0x7fe14f85da80] IO error: End of file
[https @ 0x7fe14f829f80] Error reading HTTP response: End of file
[tls @ 0x7fe14f94a880] IO error: End of file
[https @ 0x7fe14f958f00] Error reading HTTP response: End of file
[2026-04-12T21:17:22.326637] Saved clip /Users/Chen/PycharmProjects/CSCI_6234_Final/recordings/cam221/clips/2026/04/13/cam221_20260413T011640Z.mp4 (714156 bytes)
[2026-04-12T21:17:22.853208] Starting 60-second capture -> /Users/Chen/PycharmProjects/CSCI_6234_Final/recordings/cam221/clips/2026/04/13/cam221_20260413T011722Z.mp4
[tls @ 0x7f8179004380] IO error: End of file
[https @ 0x7f8179004240] Error reading HTTP response: End of file
[tls @ 0x7f8179205740] IO error: End of file
[https @ 0x7f8179205640] Error reading HTTP response: End of file
[tls @ 0x7f816ff413c0] IO error: End of file
[https @ 0x7f816ff436c0] Error reading HTTP response: End of file
[tls @ 0x7f817910bb00] IO error: End of file
[https @ 0x7f817910ba40] Error reading HTTP response: End of file
[tls @ 0x7f816ff413c0] IO error: End of file
[https @ 0x7f816ff31180] Error reading HTTP response: End of file
[tls @ 0x7f8179040b40] IO error: End of file
[https @ 0x7f8179061100] Error reading HTTP response: End of file
[2026-04-12T21:18:04.670165] Saved clip /Users/Chen/PycharmProjects/CSCI_6234_Final/recordings/cam221/clips/2026/04/13/cam221_20260413T011722Z.mp4 (881540 bytes)
[2026-04-12T21:18:05.194097] Starting 60-second capture -> /Users/Chen/PycharmProjects/CSCI_6234_Final/recordings/cam221/clips/2026/04/13/cam221_20260413T011805Z.mp4
[tls @ 0x7f99bed04ec0] IO error: End of file
[https @ 0x7f99bed04d80] Error reading HTTP response: End of file
[tls @ 0x7f99bed05580] IO error: End of file
[https @ 0x7f99adf04a40] Error reading HTTP response: End of file
[tls @ 0x7f99adf3e2c0] IO error: End of file
[https @ 0x7f99adf20c80] Error reading HTTP response: End of file
[tls @ 0x7f99bec57e80] IO error: End of file
[https @ 0x7f99bec52cc0] Error reading HTTP response: End of file
[tls @ 0x7f99bec4fd80] IO error: End of file
[https @ 0x7f99bec43d40] Error reading HTTP response: End of file
[tls @ 0x7f99bed12080] IO error: End of file
[https @ 0x7f99bed59500] Error reading HTTP response: End of file
[tls @ 0x7f99adf1ed80] IO error: End of file
[https @ 0x7f99adf206c0] Error reading HTTP response: End of file
[tls @ 0x7f99adf6c040] IO error: End of file
[https @ 0x7f99adf69000] Error reading HTTP response: End of file
[2026-04-12T21:18:49.090484] Saved clip /Users/Chen/PycharmProjects/CSCI_6234_Final/recordings/cam221/clips/2026/04/13/cam221_20260413T011805Z.mp4 (767510 bytes)
[2026-04-12T21:18:49.611899] Starting 60-second capture -> /Users/Chen/PycharmProjects/CSCI_6234_Final/recordings/cam221/clips/2026/04/13/cam221_20260413T011849Z.mp4
[tls @ 0x7fec7ff04840] IO error: End of file
[https @ 0x7fec7ff05300] Error reading HTTP response: End of file
[tls @ 0x7fec8900d440] IO error: End of file
[https @ 0x7fec8900d380] Error reading HTTP response: End of file
[tls @ 0x7fec89022240] IO error: End of file
[https @ 0x7fec89034440] Error reading HTTP response: End of file
[tls @ 0x7fec6ff51e00] IO error: End of file
[https @ 0x7fec6ff51d40] Error reading HTTP response: End of file
[tls @ 0x7fec6ff060c0] IO error: End of file
[https @ 0x7fec6ff26880] Error reading HTTP response: End of file
[tls @ 0x7fec7ff30840] IO error: End of file
[https @ 0x7fec7ff30e40] Error reading HTTP response: End of file
[tls @ 0x7fec7ff08b40] IO error: End of file
[https @ 0x7fec7ff1fdc0] Error reading HTTP response: End of file
[tls @ 0x7fec78045200] IO error: End of file
[https @ 0x7fec78043640] Error reading HTTP response: End of file
[2026-04-12T21:19:34.504182] Saved clip /Users/Chen/PycharmProjects/CSCI_6234_Final/recordings/cam221/clips/2026/04/13/cam221_20260413T011849Z.mp4 (660143 bytes)
[2026-04-12T21:19:35.017553] Starting 60-second capture -> /Users/Chen/PycharmProjects/CSCI_6234_Final/recordings/cam221/clips/2026/04/13/cam221_20260413T011935Z.mp4
[tls @ 0x7fc7d14352c0] IO error: End of file
[https @ 0x7fc7d1428900] Error reading HTTP response: End of file
[tls @ 0x7fc7d14337c0] IO error: End of file
[https @ 0x7fc7d1427e00] Error reading HTTP response: End of file
[tls @ 0x7fc7c0704280] IO error: End of file
[https @ 0x7fc7c07040c0] Error reading HTTP response: End of file
[tls @ 0x7fc790725640] IO error: End of file
[https @ 0x7fc790718c80] Error reading HTTP response: End of file
[tls @ 0x7fc7c11046c0] IO error: End of file
[https @ 0x7fc7c1104580] Error reading HTTP response: End of file
[tls @ 0x7fc7c1032e80] IO error: End of file
[https @ 0x7fc7c103e2c0] Error reading HTTP response: End of file
[2026-04-12T21:20:16.072376] Saved clip /Users/Chen/PycharmProjects/CSCI_6234_Final/recordings/cam221/clips/2026/04/13/cam221_20260413T011935Z.mp4 (826196 bytes)
[2026-04-12T21:20:16.585281] Starting 60-second capture -> /Users/Chen/PycharmProjects/CSCI_6234_Final/recordings/cam221/clips/2026/04/13/cam221_20260413T012016Z.mp4
Error opening input file https://itsvideo.arlingtonva.us:8013/live/cam221.stream/playlist.m3u8.
[2026-04-12T21:20:16.730539] Recorder thread stopped
