[2026-04-12T16:17:35.057347] Recorder thread started
[2026-04-12T16:17:35.060963] Starting 60-second capture -> /Users/Chen/PycharmProjects/CSCI_6234_Final/recordings/cam223/clips/2026/04/12/cam223_20260412T201735Z.mp4
[tls @ 0x7f909cc04d00] IO error: End of file
[https @ 0x7f909cc04c00] Error reading HTTP response: End of file
[tls @ 0x7f908c9065c0] IO error: End of file
[https @ 0x7f908c905bc0] Error reading HTTP response: End of file
[tls @ 0x7f909cc46780] IO error: End of file
[https @ 0x7f909cc589c0] Error reading HTTP response: End of file
[tls @ 0x7f909cc7d100] IO error: End of file
[https @ 0x7f909cc8f300] Error reading HTTP response: End of file
[tls @ 0x7f909ca056c0] IO error: End of file
[https @ 0x7f909ca05440] Error reading HTTP response: End of file
[tls @ 0x7f908bf0d300] IO error: End of file
[https @ 0x7f908bf0b040] Error reading HTTP response: End of file
[tls @ 0x7f908c822840] IO error: End of file
[https @ 0x7f908c907fc0] Error reading HTTP response: End of file
[2026-04-12T16:18:17.578263] Saved clip /Users/Chen/PycharmProjects/CSCI_6234_Final/recordings/cam223/clips/2026/04/12/cam223_20260412T201735Z.mp4 (3106534 bytes)
[2026-04-12T16:18:18.086553] Starting 60-second capture -> /Users/Chen/PycharmProjects/CSCI_6234_Final/recordings/cam223/clips/2026/04/12/cam223_20260412T201818Z.mp4
[tls @ 0x7f830e804380] IO error: End of file
[https @ 0x7f830e804240] Error reading HTTP response: End of file
[tls @ 0x7f830e72c600] IO error: End of file
[https @ 0x7f830e738540] Error reading HTTP response: End of file
[tls @ 0x7f830e70e340] IO error: End of file
[https @ 0x7f830e71f240] Error reading HTTP response: End of file
[tls @ 0x7f831e73e280] IO error: End of file
[https @ 0x7f831e7416c0] Error reading HTTP response: End of file
[tls @ 0x7f830e82e540] IO error: End of file
[https @ 0x7f830e82cd40] Error reading HTTP response: End of file
[tls @ 0x7f830e804d80] IO error: End of file
[https @ 0x7f830e806240] Error reading HTTP response: End of file
[tls @ 0x7f831e76f540] IO error: End of file
[https @ 0x7f831e706f00] Error reading HTTP response: End of file
[2026-04-12T16:19:01.675454] Saved clip /Users/Chen/PycharmProjects/CSCI_6234_Final/recordings/cam223/clips/2026/04/12/cam223_20260412T201818Z.mp4 (3107119 bytes)
[2026-04-12T16:19:02.181342] Starting 60-second capture -> /Users/Chen/PycharmProjects/CSCI_6234_Final/recordings/cam223/clips/2026/04/12/cam223_20260412T201902Z.mp4
[tls @ 0x7fd9db221640] IO error: End of file
[https @ 0x7fd9db233880] Error reading HTTP response: End of file
[tls @ 0x7fd9db004440] IO error: End of file
[https @ 0x7fd9db02fbc0] Error reading HTTP response: End of file
[tls @ 0x7fd9db304b40] IO error: End of file
[https @ 0x7fd9db304a40] Error reading HTTP response: End of file
[tls @ 0x7fd9db326d40] IO error: End of file
[https @ 0x7fd9db304d00] Error reading HTTP response: End of file
[tls @ 0x7fd9db34acc0] IO error: End of file
[https @ 0x7fd9db35cec0] Error reading HTTP response: End of file
[tls @ 0x7fd9db342a40] IO error: End of file
[https @ 0x7fd9db35cf80] Error reading HTTP response: End of file
[tls @ 0x7fd9db33e240] IO error: End of file
[https @ 0x7fd9db304400] Error reading HTTP response: End of file
[2026-04-12T16:19:44.829296] Saved clip /Users/Chen/PycharmProjects/CSCI_6234_Final/recordings/cam223/clips/2026/04/12/cam223_20260412T201902Z.mp4 (3109211 bytes)
[2026-04-12T16:19:45.337639] Starting 60-second capture -> /Users/Chen/PycharmProjects/CSCI_6234_Final/recordings/cam223/clips/2026/04/12/cam223_20260412T201945Z.mp4
[tls @ 0x7ff355f04680] IO error: End of file
[https @ 0x7ff355f04540] Error reading HTTP response: End of file
[tls @ 0x7ff355f13bc0] IO error: End of file
[https @ 0x7ff355f04600] Error reading HTTP response: End of file
[tls @ 0x7ff366911c40] IO error: End of file
[https @ 0x7ff366909740] Error reading HTTP response: End of file
[tls @ 0x7ff355f13bc0] IO error: End of file
[https @ 0x7ff355f26d80] Error reading HTTP response: End of file
[tls @ 0x7ff35700ec40] IO error: End of file
[https @ 0x7ff3570084c0] Error reading HTTP response: End of file
[tls @ 0x7ff35704db80] IO error: End of file
[https @ 0x7ff357043ec0] Error reading HTTP response: End of file
[tls @ 0x7ff366a0ff40] IO error: End of file
[https @ 0x7ff366a10d40] Error reading HTTP response: End of file
[2026-04-12T16:20:28.357079] Saved clip /Users/Chen/PycharmProjects/CSCI_6234_Final/recordings/cam223/clips/2026/04/12/cam223_20260412T201945Z.mp4 (3112615 bytes)
[2026-04-12T16:20:28.865340] Starting 60-second capture -> /Users/Chen/PycharmProjects/CSCI_6234_Final/recordings/cam223/clips/2026/04/12/cam223_20260412T202028Z.mp4
[tls @ 0x7f7919d045c0] IO error: End of file
[https @ 0x7f7919d04240] Error reading HTTP response: End of file
[tls @ 0x7f7919a1f640] IO error: End of file
[https @ 0x7f7919a14c00] Error reading HTTP response: End of file
[tls @ 0x7f7919c29a80] IO error: End of file
[https @ 0x7f7919c1ca00] Error reading HTTP response: End of file
[tls @ 0x7f7919a4f780] IO error: End of file
[https @ 0x7f7919a06b40] Error reading HTTP response: End of file
[tls @ 0x7f7919b6c8c0] IO error: End of file
[https @ 0x7f7919b7d500] Error reading HTTP response: End of file
[tls @ 0x7f7919b33680] IO error: End of file
[https @ 0x7f7919b117c0] Error reading HTTP response: End of file
[tls @ 0x7f7919a4d140] IO error: End of file
[https @ 0x7f7919a3d980] Error reading HTTP response: End of file
[tls @ 0x7f7919d0ce00] IO error: End of file
[https @ 0x7f7919d10880] Error reading HTTP response: End of file
[2026-04-12T16:21:12.013025] Saved clip /Users/Chen/PycharmProjects/CSCI_6234_Final/recordings/cam223/clips/2026/04/12/cam223_20260412T202028Z.mp4 (3109020 bytes)
[2026-04-12T16:21:12.524393] Starting 60-second capture -> /Users/Chen/PycharmProjects/CSCI_6234_Final/recordings/cam223/clips/2026/04/12/cam223_20260412T202112Z.mp4
[tls @ 0x7f9de8f04940] IO error: End of file
[https @ 0x7f9de8f04800] Error reading HTTP response: End of file
[tls @ 0x7f9df9b2b3c0] IO error: End of file
[https @ 0x7f9df9b06240] Error reading HTTP response: End of file
[tls @ 0x7f9de8f3a580] IO error: End of file
[https @ 0x7f9de8f116c0] Error reading HTTP response: End of file
[tls @ 0x7f9de8f063c0] IO error: End of file
[https @ 0x7f9de8f04b40] Error reading HTTP response: End of file
[tls @ 0x7f9df9934fc0] IO error: End of file
[https @ 0x7f9df9930e00] Error reading HTTP response: End of file
[tls @ 0x7f9df9b21a80] IO error: End of file
[https @ 0x7f9df9b219c0] Error reading HTTP response: End of file
[2026-04-12T16:21:55.005360] Saved clip /Users/Chen/PycharmProjects/CSCI_6234_Final/recordings/cam223/clips/2026/04/12/cam223_20260412T202112Z.mp4 (3108562 bytes)
[2026-04-12T16:21:55.516472] Starting 60-second capture -> /Users/Chen/PycharmProjects/CSCI_6234_Final/recordings/cam223/clips/2026/04/12/cam223_20260412T202155Z.mp4
[tls @ 0x7fa8df004680] IO error: End of file
[https @ 0x7fa8df004540] Error reading HTTP response: End of file
[tls @ 0x7fa8ee78d900] IO error: End of file
[https @ 0x7fa8ee797040] Error reading HTTP response: End of file
[tls @ 0x7fa8ee78d900] IO error: End of file
[https @ 0x7fa8ee794200] Error reading HTTP response: End of file
[tls @ 0x7fa8ee72c540] IO error: End of file
[https @ 0x7fa8ee73e780] Error reading HTTP response: End of file
[tls @ 0x7fa8ee78d900] IO error: End of file
[https @ 0x7fa8ee797040] Error reading HTTP response: End of file
[2026-04-12T16:22:38.468540] Saved clip /Users/Chen/PycharmProjects/CSCI_6234_Final/recordings/cam223/clips/2026/04/12/cam223_20260412T202155Z.mp4 (3110255 bytes)
[2026-04-12T16:22:38.979447] Starting 60-second capture -> /Users/Chen/PycharmProjects/CSCI_6234_Final/recordings/cam223/clips/2026/04/12/cam223_20260412T202238Z.mp4
[tls @ 0x7fae29804680] IO error: End of file
[https @ 0x7fae29804540] Error reading HTTP response: End of file
[tls @ 0x7fae29868240] IO error: End of file
[https @ 0x7fae2989c640] Error reading HTTP response: End of file
[tls @ 0x7fae28f3cfc0] IO error: End of file
[https @ 0x7fae28f3c800] Error reading HTTP response: End of file
[tls @ 0x7fae39b1c780] IO error: End of file
[https @ 0x7fae39b1c6c0] Error reading HTTP response: End of file
[tls @ 0x7fae39b52080] IO error: End of file
[https @ 0x7fae39b4e4c0] Error reading HTTP response: End of file
[tls @ 0x7fae39b13a00] IO error: End of file
[https @ 0x7fae39b73540] Error reading HTTP response: End of file
[tls @ 0x7fae28f46580] IO error: End of file
[https @ 0x7fae28f2e340] Error reading HTTP response: End of file
[2026-04-12T16:23:22.188307] Saved clip /Users/Chen/PycharmProjects/CSCI_6234_Final/recordings/cam223/clips/2026/04/12/cam223_20260412T202238Z.mp4 (3115568 bytes)
[2026-04-12T16:23:22.698039] Starting 60-second capture -> /Users/Chen/PycharmProjects/CSCI_6234_Final/recordings/cam223/clips/2026/04/12/cam223_20260412T202322Z.mp4
[tls @ 0x7f8bc1205e00] IO error: End of file
[https @ 0x7f8bc1205cc0] Error reading HTTP response: End of file
[tls @ 0x7f8bc122e140] IO error: End of file
[https @ 0x7f8bc13de1c0] Error reading HTTP response: End of file
[tls @ 0x7f8bb1019a40] IO error: End of file
[https @ 0x7f8bb101ae40] Error reading HTTP response: End of file
[tls @ 0x7f8bc1373100] IO error: End of file
[https @ 0x7f8bc1304940] Error reading HTTP response: End of file
[tls @ 0x7f8bc122e140] IO error: End of file
[https @ 0x7f8bc1209b00] Error reading HTTP response: End of file
[tls @ 0x7f8b90704540] IO error: End of file
[https @ 0x7f8b90704480] Error reading HTTP response: End of file
[tls @ 0x7f8bb1008800] IO error: End of file
[https @ 0x7f8bb1005ac0] Error reading HTTP response: End of file
[2026-04-12T16:24:05.946015] Saved clip /Users/Chen/PycharmProjects/CSCI_6234_Final/recordings/cam223/clips/2026/04/12/cam223_20260412T202322Z.mp4 (3104767 bytes)
[2026-04-12T16:24:06.454259] Starting 60-second capture -> /Users/Chen/PycharmProjects/CSCI_6234_Final/recordings/cam223/clips/2026/04/12/cam223_20260412T202406Z.mp4
[tls @ 0x7fcaf0f04680] IO error: End of file
[https @ 0x7fcaf0f04540] Error reading HTTP response: End of file
[tls @ 0x7fcaf0f40d00] IO error: End of file
[https @ 0x7fcaf0f35040] Error reading HTTP response: End of file
[tls @ 0x7fcaf0f17900] IO error: End of file
[https @ 0x7fcaf0f29800] Error reading HTTP response: End of file
[tls @ 0x7fcaf0f35040] IO error: End of file
[https @ 0x7fcaf0f40d00] Error reading HTTP response: End of file
[tls @ 0x7fcb01b12040] IO error: End of file
[https @ 0x7fcb01b197c0] Error reading HTTP response: End of file
[tls @ 0x7fcb01b89000] IO error: End of file
[https @ 0x7fcb01b85440] Error reading HTTP response: End of file
[tls @ 0x7fcaf2004340] IO error: End of file
[https @ 0x7fcaf2004200] Error reading HTTP response: End of file
[2026-04-12T16:24:49.149672] Saved clip /Users/Chen/PycharmProjects/CSCI_6234_Final/recordings/cam223/clips/2026/04/12/cam223_20260412T202406Z.mp4 (3113977 bytes)
[2026-04-12T16:24:49.659265] Starting 60-second capture -> /Users/Chen/PycharmProjects/CSCI_6234_Final/recordings/cam223/clips/2026/04/12/cam223_20260412T202449Z.mp4
[tls @ 0x7fbd96705080] IO error: End of file
[https @ 0x7fbd96704b40] Error reading HTTP response: End of file
[tls @ 0x7fbda7111540] IO error: End of file
[https @ 0x7fbda7105bc0] Error reading HTTP response: End of file
[tls @ 0x7fbd97105700] IO error: End of file
[https @ 0x7fbd97105640] Error reading HTTP response: End of file
[tls @ 0x7fbd76704280] IO error: End of file
[https @ 0x7fbd767040c0] Error reading HTTP response: End of file
[tls @ 0x7fbda712c180] IO error: End of file
[https @ 0x7fbda713b3c0] Error reading HTTP response: End of file
[tls @ 0x7fbd9701a2c0] IO error: End of file
[https @ 0x7fbd9701a0c0] Error reading HTTP response: End of file
[tls @ 0x7fbd9674f400] IO error: End of file
[https @ 0x7fbd96705f80] Error reading HTTP response: End of file
[2026-04-12T16:25:32.453929] Saved clip /Users/Chen/PycharmProjects/CSCI_6234_Final/recordings/cam223/clips/2026/04/12/cam223_20260412T202449Z.mp4 (3112714 bytes)
[2026-04-12T16:25:32.962972] Starting 60-second capture -> /Users/Chen/PycharmProjects/CSCI_6234_Final/recordings/cam223/clips/2026/04/12/cam223_20260412T202532Z.mp4
[tls @ 0x7fb1f8804380] IO error: End of file
[https @ 0x7fb1f8804240] Error reading HTTP response: End of file
[tls @ 0x7fb1ff748a80] IO error: End of file
[https @ 0x7fb1ff738940] Error reading HTTP response: End of file
[tls @ 0x7fb1f8805180] IO error: End of file
[https @ 0x7fb1f88050c0] Error reading HTTP response: End of file
[tls @ 0x7fb1bf704200] IO error: End of file
[https @ 0x7fb1bf704140] Error reading HTTP response: End of file
[tls @ 0x7fb1ef751700] IO error: End of file
[https @ 0x7fb1ef746b40] Error reading HTTP response: End of file
[tls @ 0x7fb1ff73e600] IO error: End of file
[https @ 0x7fb1ff734bc0] Error reading HTTP response: End of file
[2026-04-12T16:26:09.936245] Saved clip /Users/Chen/PycharmProjects/CSCI_6234_Final/recordings/cam223/clips/2026/04/12/cam223_20260412T202532Z.mp4 (3109251 bytes)
[2026-04-12T16:26:10.444980] Starting 60-second capture -> /Users/Chen/PycharmProjects/CSCI_6234_Final/recordings/cam223/clips/2026/04/12/cam223_20260412T202610Z.mp4
[tls @ 0x7f9c15b04800] IO error: End of file
[https @ 0x7f9c15b046c0] Error reading HTTP response: End of file
[tls @ 0x7f9c15c1e500] IO error: End of file
[https @ 0x7f9c15c29ec0] Error reading HTTP response: End of file
[tls @ 0x7f9c04f09d40] IO error: End of file
[https @ 0x7f9c04f10080] Error reading HTTP response: End of file
[tls @ 0x7f9c15b33500] IO error: End of file
[https @ 0x7f9c15b32940] Error reading HTTP response: End of file
[tls @ 0x7f9c04f28c80] IO error: End of file
[https @ 0x7f9c04f69d80] Error reading HTTP response: End of file
[2026-04-12T16:26:53.020895] Saved clip /Users/Chen/PycharmProjects/CSCI_6234_Final/recordings/cam223/clips/2026/04/12/cam223_20260412T202610Z.mp4 (3111732 bytes)
[2026-04-12T16:26:53.528553] Starting 60-second capture -> /Users/Chen/PycharmProjects/CSCI_6234_Final/recordings/cam223/clips/2026/04/12/cam223_20260412T202653Z.mp4
[tls @ 0x7fe395d04500] IO error: End of file
[https @ 0x7fe395d043c0] Error reading HTTP response: End of file
[tls @ 0x7fe395c18200] IO error: End of file
[https @ 0x7fe395c1d700] Error reading HTTP response: End of file
[tls @ 0x7fe395a13740] IO error: End of file
[https @ 0x7fe395a1d140] Error reading HTTP response: End of file
[tls @ 0x7fe395b04140] IO error: End of file
[https @ 0x7fe395b04080] Error reading HTTP response: End of file
[tls @ 0x7fe395b1b400] IO error: End of file
[https @ 0x7fe395b19100] Error reading HTTP response: End of file
[2026-04-12T16:27:25.932345] Saved clip /Users/Chen/PycharmProjects/CSCI_6234_Final/recordings/cam223/clips/2026/04/12/cam223_20260412T202653Z.mp4 (3108084 bytes)
[2026-04-12T16:27:26.446300] Starting 60-second capture -> /Users/Chen/PycharmProjects/CSCI_6234_Final/recordings/cam223/clips/2026/04/12/cam223_20260412T202726Z.mp4
[tls @ 0x7fb61e005a00] IO error: End of file
[https @ 0x7fb61e01d3c0] Error reading HTTP response: End of file
[tls @ 0x7fb62e44d1c0] IO error: End of file
[https @ 0x7fb62e425400] Error reading HTTP response: End of file
[tls @ 0x7fb62e50d600] IO error: End of file
[https @ 0x7fb62e51b8c0] Error reading HTTP response: End of file
[tls @ 0x7fb61e02c300] IO error: End of file
[https @ 0x7fb61e032a40] Error reading HTTP response: End of file
[tls @ 0x7fb62e50d600] IO error: End of file
[https @ 0x7fb62e545640] Error reading HTTP response: End of file
[tls @ 0x7fb61e024900] IO error: End of file
[https @ 0x7fb61e033540] Error reading HTTP response: End of file
[2026-04-12T16:28:09.264085] Saved clip /Users/Chen/PycharmProjects/CSCI_6234_Final/recordings/cam223/clips/2026/04/12/cam223_20260412T202726Z.mp4 (3108572 bytes)
[2026-04-12T16:28:09.777680] Starting 60-second capture -> /Users/Chen/PycharmProjects/CSCI_6234_Final/recordings/cam223/clips/2026/04/12/cam223_20260412T202809Z.mp4
[tls @ 0x7fba7d2047c0] IO error: End of file
[https @ 0x7fba7d204300] Error reading HTTP response: End of file
[tls @ 0x7fba6c733740] IO error: End of file
[https @ 0x7fba6c74d1c0] Error reading HTTP response: End of file
[tls @ 0x7fba7d221400] IO error: End of file
[https @ 0x7fba7d221340] Error reading HTTP response: End of file
[tls @ 0x7fba7d109bc0] IO error: End of file
[https @ 0x7fba7d121f40] Error reading HTTP response: End of file
[tls @ 0x7fba6c8199c0] IO error: End of file
[https @ 0x7fba6c81a400] Error reading HTTP response: End of file
[tls @ 0x7fba7d15cc00] IO error: End of file
[https @ 0x7fba7d170a40] Error reading HTTP response: End of file
[tls @ 0x7fba7d183c40] IO error: End of file
[https @ 0x7fba7d12cb00] Error reading HTTP response: End of file
[2026-04-12T16:28:53.567603] Saved clip /Users/Chen/PycharmProjects/CSCI_6234_Final/recordings/cam223/clips/2026/04/12/cam223_20260412T202809Z.mp4 (3111446 bytes)
[2026-04-12T16:28:54.072666] Starting 60-second capture -> /Users/Chen/PycharmProjects/CSCI_6234_Final/recordings/cam223/clips/2026/04/12/cam223_20260412T202854Z.mp4
[tls @ 0x7f922e305b00] IO error: End of file
[https @ 0x7f922e304300] Error reading HTTP response: End of file
[tls @ 0x7f922e22eb40] IO error: End of file
[https @ 0x7f922e21b700] Error reading HTTP response: End of file
[tls @ 0x7f922e238180] IO error: End of file
[https @ 0x7f922e204780] Error reading HTTP response: End of file
[tls @ 0x7f921d706f80] IO error: End of file
[https @ 0x7f921d84b2c0] Error reading HTTP response: End of file
[tls @ 0x7f921d72de80] IO error: End of file
[https @ 0x7f921d722540] Error reading HTTP response: End of file
[tls @ 0x7f922e314a40] IO error: End of file
[https @ 0x7f922e319800] Error reading HTTP response: End of file
[2026-04-12T16:29:26.322795] Saved clip /Users/Chen/PycharmProjects/CSCI_6234_Final/recordings/cam223/clips/2026/04/12/cam223_20260412T202854Z.mp4 (3113088 bytes)
[2026-04-12T16:29:26.838224] Starting 60-second capture -> /Users/Chen/PycharmProjects/CSCI_6234_Final/recordings/cam223/clips/2026/04/12/cam223_20260412T202926Z.mp4
[tls @ 0x7fc424004680] IO error: End of file
[https @ 0x7fc424004540] Error reading HTTP response: End of file
[tls @ 0x7fc444b2e380] IO error: End of file
[https @ 0x7fc444b2aa40] Error reading HTTP response: End of file
[tls @ 0x7fc423f17d40] IO error: End of file
[https @ 0x7fc423f2db40] Error reading HTTP response: End of file
[tls @ 0x7fc4240050c0] IO error: End of file
[https @ 0x7fc424004fc0] Error reading HTTP response: End of file
[tls @ 0x7fc444c87680] IO error: End of file
[https @ 0x7fc444ca7600] Error reading HTTP response: End of file
[tls @ 0x7fc444c07f80] IO error: End of file
[https @ 0x7fc444c06980] Error reading HTTP response: End of file
[2026-04-12T16:30:10.741572] Saved clip /Users/Chen/PycharmProjects/CSCI_6234_Final/recordings/cam223/clips/2026/04/12/cam223_20260412T202926Z.mp4 (3107656 bytes)
[2026-04-12T16:30:11.249783] Starting 60-second capture -> /Users/Chen/PycharmProjects/CSCI_6234_Final/recordings/cam223/clips/2026/04/12/cam223_20260412T203011Z.mp4
[tls @ 0x7f7fc3004500] IO error: End of file
[https @ 0x7f7fc30043c0] Error reading HTTP response: End of file
[tls @ 0x7f7fc3212700] IO error: End of file
[https @ 0x7f7fc3223f00] Error reading HTTP response: End of file
[tls @ 0x7f7fc311dec0] IO error: End of file
[https @ 0x7f7fc31275c0] Error reading HTTP response: End of file
[tls @ 0x7f7fc2748a40] IO error: End of file
[https @ 0x7f7fc273d500] Error reading HTTP response: End of file
[tls @ 0x7f7fc3052200] IO error: End of file
[https @ 0x7f7fc306c880] Error reading HTTP response: End of file
[tls @ 0x7f7fc3140400] IO error: End of file
[https @ 0x7f7fc310fe40] Error reading HTTP response: End of file
[tls @ 0x7f7fc311f8c0] IO error: End of file
[https @ 0x7f7fc324eb40] Error reading HTTP response: End of file
[2026-04-12T16:30:54.064272] Saved clip /Users/Chen/PycharmProjects/CSCI_6234_Final/recordings/cam223/clips/2026/04/12/cam223_20260412T203011Z.mp4 (3114098 bytes)
[2026-04-12T16:30:54.576848] Starting 60-second capture -> /Users/Chen/PycharmProjects/CSCI_6234_Final/recordings/cam223/clips/2026/04/12/cam223_20260412T203054Z.mp4
[tls @ 0x7feefb004380] IO error: End of file
[https @ 0x7feefb004240] Error reading HTTP response: End of file
[tls @ 0x7fef0aa40100] IO error: End of file
[https @ 0x7fef0aa04980] Error reading HTTP response: End of file
[tls @ 0x7feef9f04ac0] IO error: End of file
[https @ 0x7feef9f04980] Error reading HTTP response: End of file
[tls @ 0x7feef9f5a680] IO error: End of file
[https @ 0x7feef9f3a800] Error reading HTTP response: End of file
[tls @ 0x7fef0aa35800] IO error: End of file
[https @ 0x7fef0aa0e0c0] Error reading HTTP response: End of file
[tls @ 0x7feefb01b680] IO error: End of file
[https @ 0x7feefb01c780] Error reading HTTP response: End of file
[tls @ 0x7feef9f5a680] IO error: End of file
[https @ 0x7feef9fb2780] Error reading HTTP response: End of file
[2026-04-12T16:31:37.125491] Saved clip /Users/Chen/PycharmProjects/CSCI_6234_Final/recordings/cam223/clips/2026/04/12/cam223_20260412T203054Z.mp4 (3106549 bytes)
[2026-04-12T16:31:37.630479] Starting 60-second capture -> /Users/Chen/PycharmProjects/CSCI_6234_Final/recordings/cam223/clips/2026/04/12/cam223_20260412T203137Z.mp4
[tls @ 0x7f7e8330ce80] IO error: End of file
[https @ 0x7f7e833092c0] Error reading HTTP response: End of file
[tls @ 0x7f7e83240c80] IO error: End of file
[https @ 0x7f7e8323b200] Error reading HTTP response: End of file
[tls @ 0x7f7e83145fc0] IO error: End of file
[https @ 0x7f7e8312ddc0] Error reading HTTP response: End of file
[tls @ 0x7f7e83341300] IO error: End of file
[https @ 0x7f7e83245000] Error reading HTTP response: End of file
[tls @ 0x7f7e83333880] IO error: End of file
[https @ 0x7f7e8332f240] Error reading HTTP response: End of file
[tls @ 0x7f7e83240c80] IO error: End of file
[https @ 0x7f7e8322ae80] Error reading HTTP response: End of file
[tls @ 0x7f7e83330580] IO error: End of file
[https @ 0x7f7e833addc0] Error reading HTTP response: End of file
[2026-04-12T16:32:20.258527] Saved clip /Users/Chen/PycharmProjects/CSCI_6234_Final/recordings/cam223/clips/2026/04/12/cam223_20260412T203137Z.mp4 (3103912 bytes)
[2026-04-12T16:32:20.762238] Starting 60-second capture -> /Users/Chen/PycharmProjects/CSCI_6234_Final/recordings/cam223/clips/2026/04/12/cam223_20260412T203220Z.mp4
[tls @ 0x7fcce3705c80] IO error: End of file
[https @ 0x7fcce3705b40] Error reading HTTP response: End of file
[tls @ 0x7fcce3525500] IO error: End of file
[https @ 0x7fcce3525080] Error reading HTTP response: End of file
[tls @ 0x7fccd27535c0] IO error: End of file
[https @ 0x7fccd2792180] Error reading HTTP response: End of file
[tls @ 0x7fccd27522c0] IO error: End of file
[https @ 0x7fccd270d240] Error reading HTTP response: End of file
[tls @ 0x7fcce374e380] IO error: End of file
[https @ 0x7fcce374fd80] Error reading HTTP response: End of file
[tls @ 0x7fcce3612a80] IO error: End of file
[https @ 0x7fcce3651980] Error reading HTTP response: End of file
[tls @ 0x7fcce374e380] IO error: End of file
[https @ 0x7fcce3721b80] Error reading HTTP response: End of file
[tls @ 0x7fcce3751bc0] IO error: Connection reset by peer
[https @ 0x7fcce3755dc0] Error reading HTTP response: Connection reset by peer
[in#0/hls @ 0x7fcce3304540] keepalive request failed for 'https://itsvideo.arlingtonva.us:8013/live/cam223.stream/media_w210285921_243558.ts' with error: 'Connection reset by peer' when opening url, retrying with new connection
[2026-04-12T16:33:03.641140] Saved clip /Users/Chen/PycharmProjects/CSCI_6234_Final/recordings/cam223/clips/2026/04/12/cam223_20260412T203220Z.mp4 (3110524 bytes)
[2026-04-12T16:33:04.150167] Starting 60-second capture -> /Users/Chen/PycharmProjects/CSCI_6234_Final/recordings/cam223/clips/2026/04/12/cam223_20260412T203304Z.mp4
[tls @ 0x7fdeccf04e40] IO error: End of file
[https @ 0x7fdeccf04d00] Error reading HTTP response: End of file
[tls @ 0x7fdeccf071c0] IO error: End of file
[https @ 0x7fdeccf070c0] Error reading HTTP response: End of file
[tls @ 0x7fdece12c080] IO error: End of file
[https @ 0x7fdece145d40] Error reading HTTP response: End of file
[tls @ 0x7fdece02b780] IO error: End of file
[https @ 0x7fdece03a7c0] Error reading HTTP response: End of file
[tls @ 0x7fdebcf15dc0] IO error: End of file
[https @ 0x7fdebcf20100] Error reading HTTP response: End of file
[tls @ 0x7fdece020080] IO error: End of file
[https @ 0x7fdebcf27400] Error reading HTTP response: End of file
[tls @ 0x7fdece153000] IO error: End of file
[https @ 0x7fdece154d40] Error reading HTTP response: End of file
[tls @ 0x7fdece0223c0] IO error: End of file
[https @ 0x7fdece02ac40] Error reading HTTP response: End of file
[2026-04-12T16:33:46.967775] Saved clip /Users/Chen/PycharmProjects/CSCI_6234_Final/recordings/cam223/clips/2026/04/12/cam223_20260412T203304Z.mp4 (3105753 bytes)
[2026-04-12T16:33:47.481527] Starting 60-second capture -> /Users/Chen/PycharmProjects/CSCI_6234_Final/recordings/cam223/clips/2026/04/12/cam223_20260412T203347Z.mp4
[tls @ 0x7fa0d0905c80] IO error: End of file
[https @ 0x7fa0d0905b40] Error reading HTTP response: End of file
[tls @ 0x7fa0d0837c40] IO error: End of file
[https @ 0x7fa0d0804f40] Error reading HTTP response: End of file
[tls @ 0x7fa0d090dd00] IO error: End of file
[https @ 0x7fa0d090d9c0] Error reading HTTP response: End of file
[tls @ 0x7fa0d0837c40] IO error: End of file
[https @ 0x7fa0d0843100] Error reading HTTP response: End of file
[tls @ 0x7fa0d090d9c0] IO error: End of file
[https @ 0x7fa0d0905d80] Error reading HTTP response: End of file
[tls @ 0x7fa0b7759800] IO error: End of file
[https @ 0x7fa0b776b480] Error reading HTTP response: End of file
[tls @ 0x7fa0b7735880] IO error: End of file
[https @ 0x7fa0b770cc40] Error reading HTTP response: End of file
[2026-04-12T16:34:29.977751] Saved clip /Users/Chen/PycharmProjects/CSCI_6234_Final/recordings/cam223/clips/2026/04/12/cam223_20260412T203347Z.mp4 (3111199 bytes)
[2026-04-12T16:34:30.481813] Starting 60-second capture -> /Users/Chen/PycharmProjects/CSCI_6234_Final/recordings/cam223/clips/2026/04/12/cam223_20260412T203430Z.mp4
[tls @ 0x7ff52c606800] IO error: End of file
[https @ 0x7ff52c6044c0] Error reading HTTP response: End of file
[tls @ 0x7ff51c118440] IO error: End of file
[https @ 0x7ff51c117900] Error reading HTTP response: End of file
[tls @ 0x7ff51c019e80] IO error: End of file
[https @ 0x7ff51c019dc0] Error reading HTTP response: End of file
[tls @ 0x7ff52c61cd40] IO error: End of file
[https @ 0x7ff52c65ef80] Error reading HTTP response: End of file
[tls @ 0x7ff51b722200] IO error: End of file
[https @ 0x7ff51b731a40] Error reading HTTP response: End of file
[tls @ 0x7ff51c02efc0] IO error: End of file
[https @ 0x7ff51c02fdc0] Error reading HTTP response: End of file
[tls @ 0x7ff51c009880] IO error: End of file
[https @ 0x7ff51c018440] Error reading HTTP response: End of file
[tls @ 0x7ff51c174380] IO error: End of file
[https @ 0x7ff51c143340] Error reading HTTP response: End of file
[2026-04-12T16:35:13.447924] Saved clip /Users/Chen/PycharmProjects/CSCI_6234_Final/recordings/cam223/clips/2026/04/12/cam223_20260412T203430Z.mp4 (3110962 bytes)
[2026-04-12T16:35:13.960928] Starting 60-second capture -> /Users/Chen/PycharmProjects/CSCI_6234_Final/recordings/cam223/clips/2026/04/12/cam223_20260412T203513Z.mp4
[tls @ 0x7fb162b04500] IO error: End of file
[https @ 0x7fb162b043c0] Error reading HTTP response: End of file
[tls @ 0x7fb162c144c0] IO error: End of file
[https @ 0x7fb162c09000] Error reading HTTP response: End of file
[tls @ 0x7fb162b06a00] IO error: End of file
[https @ 0x7fb162b06940] Error reading HTTP response: End of file
[tls @ 0x7fb162a5fb80] IO error: End of file
[https @ 0x7fb162a6c980] Error reading HTTP response: End of file
[tls @ 0x7fb162b521c0] IO error: End of file
[https @ 0x7fb162b04680] Error reading HTTP response: End of file
[tls @ 0x7fb162a51b80] IO error: End of file
[https @ 0x7fb162a5ce00] Error reading HTTP response: End of file
[tls @ 0x7fb162c076c0] IO error: End of file
[https @ 0x7fb162c0f540] Error reading HTTP response: End of file
[2026-04-12T16:35:46.478298] Saved clip /Users/Chen/PycharmProjects/CSCI_6234_Final/recordings/cam223/clips/2026/04/12/cam223_20260412T203513Z.mp4 (3113758 bytes)
[2026-04-12T16:35:46.986848] Starting 60-second capture -> /Users/Chen/PycharmProjects/CSCI_6234_Final/recordings/cam223/clips/2026/04/12/cam223_20260412T203546Z.mp4
[tls @ 0x7fb67e704cc0] IO error: End of file
[https @ 0x7fb67e704b80] Error reading HTTP response: End of file
[tls @ 0x7fb67f80d880] IO error: End of file
[https @ 0x7fb67f80f080] Error reading HTTP response: End of file
[tls @ 0x7fb67e748400] IO error: End of file
[https @ 0x7fb67e74a9c0] Error reading HTTP response: End of file
[tls @ 0x7fb68f237880] IO error: End of file
[https @ 0x7fb68f2064c0] Error reading HTTP response: End of file
[tls @ 0x7fb67f922480] IO error: End of file
[https @ 0x7fb67f923080] Error reading HTTP response: End of file
[tls @ 0x7fb67f90db80] IO error: End of file
[https @ 0x7fb67f90eb80] Error reading HTTP response: End of file
[tls @ 0x7fb67e725b40] IO error: End of file
[https @ 0x7fb67e716e40] Error reading HTTP response: End of file
[tls @ 0x7fb67f94d300] IO error: End of file
[https @ 0x7fb67f95f640] Error reading HTTP response: End of file
[2026-04-12T16:36:29.392448] Saved clip /Users/Chen/PycharmProjects/CSCI_6234_Final/recordings/cam223/clips/2026/04/12/cam223_20260412T203546Z.mp4 (3111855 bytes)
[2026-04-12T16:36:29.897647] Starting 60-second capture -> /Users/Chen/PycharmProjects/CSCI_6234_Final/recordings/cam223/clips/2026/04/12/cam223_20260412T203629Z.mp4
[tls @ 0x7fa552605b00] IO error: End of file
[https @ 0x7fa5526059c0] Error reading HTTP response: End of file
[tls @ 0x7fa541846d40] IO error: End of file
[https @ 0x7fa541843140] Error reading HTTP response: End of file
[tls @ 0x7fa54180f2c0] IO error: End of file
[https @ 0x7fa541812fc0] Error reading HTTP response: End of file
[tls @ 0x7fa55261c500] IO error: End of file
[https @ 0x7fa55262ef40] Error reading HTTP response: End of file
[tls @ 0x7fa54185d240] IO error: End of file
[https @ 0x7fa541843140] Error reading HTTP response: End of file
[tls @ 0x7fa540f23600] IO error: End of file
[https @ 0x7fa540f1ddc0] Error reading HTTP response: End of file
[tls @ 0x7fa552556f80] IO error: End of file
[https @ 0x7fa55255bb00] Error reading HTTP response: End of file
[2026-04-12T16:37:13.299555] Saved clip /Users/Chen/PycharmProjects/CSCI_6234_Final/recordings/cam223/clips/2026/04/12/cam223_20260412T203629Z.mp4 (3108411 bytes)
[2026-04-12T16:37:13.805602] Starting 60-second capture -> /Users/Chen/PycharmProjects/CSCI_6234_Final/recordings/cam223/clips/2026/04/12/cam223_20260412T203713Z.mp4
[tls @ 0x7fa4f6b04800] IO error: End of file
[https @ 0x7fa4f6b046c0] Error reading HTTP response: End of file
[tls @ 0x7fa4e682c540] IO error: End of file
[https @ 0x7fa4e683fe80] Error reading HTTP response: End of file
[tls @ 0x7fa4f6a09ac0] IO error: End of file
[https @ 0x7fa4f6a0a180] Error reading HTTP response: End of file
[tls @ 0x7fa4e5f3c340] IO error: End of file
[https @ 0x7fa4e5f2fc80] Error reading HTTP response: End of file
[tls @ 0x7fa4f6b1d4c0] IO error: End of file
[https @ 0x7fa4f6b1e9c0] Error reading HTTP response: End of file
[tls @ 0x7fa4e681ff80] IO error: End of file
[https @ 0x7fa4e6829940] Error reading HTTP response: End of file
[2026-04-12T16:37:46.051619] Saved clip /Users/Chen/PycharmProjects/CSCI_6234_Final/recordings/cam223/clips/2026/04/12/cam223_20260412T203713Z.mp4 (3108920 bytes)
[2026-04-12T16:37:46.565638] Starting 60-second capture -> /Users/Chen/PycharmProjects/CSCI_6234_Final/recordings/cam223/clips/2026/04/12/cam223_20260412T203746Z.mp4
[tls @ 0x7fcd02304a40] IO error: End of file
[https @ 0x7fcd02304900] Error reading HTTP response: End of file
[tls @ 0x7fcd02537fc0] IO error: End of file
[https @ 0x7fcd02538200] Error reading HTTP response: End of file
[tls @ 0x7fcd02306ec0] IO error: End of file
[https @ 0x7fcd02306dc0] Error reading HTTP response: End of file
[tls @ 0x7fcd02650740] IO error: End of file
[https @ 0x7fcd02604a00] Error reading HTTP response: End of file
[tls @ 0x7fcd0263bd80] IO error: End of file
[https @ 0x7fcd0261aa80] Error reading HTTP response: End of file
[tls @ 0x7fcd02650740] IO error: End of file
[https @ 0x7fcd0262b280] Error reading HTTP response: End of file
[tls @ 0x7fcd02366000] IO error: End of file
[https @ 0x7fcd02672800] Error reading HTTP response: End of file
[2026-04-12T16:38:29.243772] Saved clip /Users/Chen/PycharmProjects/CSCI_6234_Final/recordings/cam223/clips/2026/04/12/cam223_20260412T203746Z.mp4 (3108778 bytes)
[2026-04-12T16:38:29.758594] Starting 60-second capture -> /Users/Chen/PycharmProjects/CSCI_6234_Final/recordings/cam223/clips/2026/04/12/cam223_20260412T203829Z.mp4
[tls @ 0x7f9b6ac35740] IO error: End of file
[https @ 0x7f9b6ac35d40] Error reading HTTP response: End of file
[tls @ 0x7f9b6ab1de40] IO error: End of file
[https @ 0x7f9b6ab37500] Error reading HTTP response: End of file
[tls @ 0x7f9b6ab0b700] IO error: End of file
[https @ 0x7f9b6ab12c80] Error reading HTTP response: End of file
[tls @ 0x7f9b6ad8d3c0] IO error: End of file
[https @ 0x7f9b6ad70440] Error reading HTTP response: End of file
[tls @ 0x7f9b6aa1d380] IO error: End of file
[https @ 0x7f9b6aa1d2c0] Error reading HTTP response: End of file
[tls @ 0x7f9b6ab30780] IO error: End of file
[https @ 0x7f9b6ab5b1c0] Error reading HTTP response: End of file
[tls @ 0x7f9b6ad8d3c0] IO error: End of file
[https @ 0x7f9b6ad70440] Error reading HTTP response: End of file
[2026-04-12T16:39:12.585979] Saved clip /Users/Chen/PycharmProjects/CSCI_6234_Final/recordings/cam223/clips/2026/04/12/cam223_20260412T203829Z.mp4 (3110137 bytes)
[2026-04-12T16:39:13.093875] Starting 60-second capture -> /Users/Chen/PycharmProjects/CSCI_6234_Final/recordings/cam223/clips/2026/04/12/cam223_20260412T203913Z.mp4
[tls @ 0x7fe20f804500] IO error: End of file
[https @ 0x7fe20f8043c0] Error reading HTTP response: End of file
[tls @ 0x7fe21f157880] IO error: End of file
[https @ 0x7fe21f1577c0] Error reading HTTP response: End of file
[tls @ 0x7fe21f35f200] IO error: End of file
[https @ 0x7fe21f364740] Error reading HTTP response: End of file
[tls @ 0x7fe21f139400] IO error: End of file
[https @ 0x7fe21f130ac0] Error reading HTTP response: End of file
[2026-04-12T16:39:49.280364] Saved clip /Users/Chen/PycharmProjects/CSCI_6234_Final/recordings/cam223/clips/2026/04/12/cam223_20260412T203913Z.mp4 (3107913 bytes)
[2026-04-12T16:39:49.786598] Starting 60-second capture -> /Users/Chen/PycharmProjects/CSCI_6234_Final/recordings/cam223/clips/2026/04/12/cam223_20260412T203949Z.mp4
[tls @ 0x7f9654304380] IO error: End of file
[https @ 0x7f9654304240] Error reading HTTP response: End of file
[tls @ 0x7f965433b900] IO error: End of file
[https @ 0x7f965434db00] Error reading HTTP response: End of file
[tls @ 0x7f965441e5c0] IO error: End of file
[https @ 0x7f965441e500] Error reading HTTP response: End of file
[tls @ 0x7f965433b900] IO error: End of file
[https @ 0x7f965434db00] Error reading HTTP response: End of file
[2026-04-12T16:40:32.432930] Saved clip /Users/Chen/PycharmProjects/CSCI_6234_Final/recordings/cam223/clips/2026/04/12/cam223_20260412T203949Z.mp4 (3109194 bytes)
[2026-04-12T16:40:32.941394] Starting 60-second capture -> /Users/Chen/PycharmProjects/CSCI_6234_Final/recordings/cam223/clips/2026/04/12/cam223_20260412T204032Z.mp4
[tls @ 0x7f78fc8043c0] IO error: End of file
[https @ 0x7f78fc804280] Error reading HTTP response: End of file
[tls @ 0x7f790cb2b180] IO error: End of file
[https @ 0x7f790cb56b40] Error reading HTTP response: End of file
[tls @ 0x7f78fc80cd80] IO error: End of file
[https @ 0x7f78fc80b540] Error reading HTTP response: End of file
[tls @ 0x7f790ca46880] IO error: End of file
[https @ 0x7f790ca3b2c0] Error reading HTTP response: End of file
[2026-04-12T16:41:11.628976] Saved clip /Users/Chen/PycharmProjects/CSCI_6234_Final/recordings/cam223/clips/2026/04/12/cam223_20260412T204032Z.mp4 (3107444 bytes)
[2026-04-12T16:41:12.140929] Starting 60-second capture -> /Users/Chen/PycharmProjects/CSCI_6234_Final/recordings/cam223/clips/2026/04/12/cam223_20260412T204112Z.mp4
[tls @ 0x7f8f0c104500] IO error: End of file
[https @ 0x7f8f0c1043c0] Error reading HTTP response: End of file
[tls @ 0x7f8f0c1233c0] IO error: End of file
[https @ 0x7f8f0c122980] Error reading HTTP response: End of file
[tls @ 0x7f8f0b735cc0] IO error: End of file
[https @ 0x7f8f0b75f4c0] Error reading HTTP response: End of file
[tls @ 0x7f8f0b753c80] IO error: End of file
[https @ 0x7f8f0b737580] Error reading HTTP response: End of file
[tls @ 0x7f8f0c026280] IO error: End of file
[https @ 0x7f8f0c04c0c0] Error reading HTTP response: End of file
[2026-04-12T16:41:55.007553] Saved clip /Users/Chen/PycharmProjects/CSCI_6234_Final/recordings/cam223/clips/2026/04/12/cam223_20260412T204112Z.mp4 (3109288 bytes)
[2026-04-12T16:41:55.521242] Starting 60-second capture -> /Users/Chen/PycharmProjects/CSCI_6234_Final/recordings/cam223/clips/2026/04/12/cam223_20260412T204155Z.mp4
[tls @ 0x7fd69c704680] IO error: End of file
[https @ 0x7fd69c704540] Error reading HTTP response: End of file
[tls @ 0x7fd69c710080] IO error: End of file
[https @ 0x7fd69c73e280] Error reading HTTP response: End of file
[tls @ 0x7fd69d015040] IO error: End of file
[https @ 0x7fd69d00cf40] Error reading HTTP response: End of file
[tls @ 0x7fd69d020280] IO error: End of file
[https @ 0x7fd6ad350900] Error reading HTTP response: End of file
[tls @ 0x7fd69c75da00] IO error: End of file
[https @ 0x7fd69c75e000] Error reading HTTP response: End of file
[tls @ 0x7fd69c723040] IO error: End of file
[https @ 0x7fd69c764940] Error reading HTTP response: End of file
[tls @ 0x7fd6ad37d840] IO error: End of file
[https @ 0x7fd6ad35c240] Error reading HTTP response: End of file
[2026-04-12T16:42:38.507421] Saved clip /Users/Chen/PycharmProjects/CSCI_6234_Final/recordings/cam223/clips/2026/04/12/cam223_20260412T204155Z.mp4 (3113290 bytes)
[2026-04-12T16:42:39.013245] Starting 60-second capture -> /Users/Chen/PycharmProjects/CSCI_6234_Final/recordings/cam223/clips/2026/04/12/cam223_20260412T204239Z.mp4
[tls @ 0x7f8ead104d00] IO error: End of file
[https @ 0x7f8ead104c00] Error reading HTTP response: End of file
[tls @ 0x7f8ead315440] IO error: End of file
[https @ 0x7f8ead343dc0] Error reading HTTP response: End of file
[tls @ 0x7f8ead5078c0] IO error: End of file
[https @ 0x7f8ead528a00] Error reading HTTP response: End of file
[tls @ 0x7f8ead6053c0] IO error: End of file
[https @ 0x7f8ead6052c0] Error reading HTTP response: End of file
[tls @ 0x7f8ead606e80] IO error: End of file
[https @ 0x7f8ead622c00] Error reading HTTP response: End of file
[tls @ 0x7f8ead362f80] IO error: End of file
[https @ 0x7f8ead36a3c0] Error reading HTTP response: End of file
[2026-04-12T16:43:21.386727] Saved clip /Users/Chen/PycharmProjects/CSCI_6234_Final/recordings/cam223/clips/2026/04/12/cam223_20260412T204239Z.mp4 (3112253 bytes)
[2026-04-12T16:43:21.902941] Starting 60-second capture -> /Users/Chen/PycharmProjects/CSCI_6234_Final/recordings/cam223/clips/2026/04/12/cam223_20260412T204321Z.mp4
[tls @ 0x7feb44704680] IO error: End of file
[https @ 0x7feb44704540] Error reading HTTP response: End of file
[tls @ 0x7feb45131800] IO error: End of file
[https @ 0x7feb45131580] Error reading HTTP response: End of file
[tls @ 0x7feb4500c5c0] IO error: End of file
[https @ 0x7feb45015d00] Error reading HTTP response: End of file
[tls @ 0x7feb45131580] IO error: End of file
[https @ 0x7feb45130300] Error reading HTTP response: End of file
[tls @ 0x7feb44743040] IO error: End of file
[https @ 0x7feb44752000] Error reading HTTP response: End of file
[tls @ 0x7feb45130300] IO error: End of file
[https @ 0x7feb45131580] Error reading HTTP response: End of file
[tls @ 0x7feb45081f80] IO error: End of file
[https @ 0x7feb45094180] Error reading HTTP response: End of file
[2026-04-12T16:44:04.652049] Saved clip /Users/Chen/PycharmProjects/CSCI_6234_Final/recordings/cam223/clips/2026/04/12/cam223_20260412T204321Z.mp4 (3112141 bytes)
[2026-04-12T16:44:05.165690] Starting 60-second capture -> /Users/Chen/PycharmProjects/CSCI_6234_Final/recordings/cam223/clips/2026/04/12/cam223_20260412T204405Z.mp4
[tls @ 0x7fddc0804500] IO error: End of file
[https @ 0x7fddc08043c0] Error reading HTTP response: End of file
[tls @ 0x7fddc0831b00] IO error: End of file
[https @ 0x7fddb6f43e40] Error reading HTTP response: End of file
[tls @ 0x7fddd004a7c0] IO error: End of file
[https @ 0x7fddd0075dc0] Error reading HTTP response: End of file
[tls @ 0x7fddc0831b00] IO error: End of file
[https @ 0x7fddd006d300] Error reading HTTP response: End of file
[tls @ 0x7fddc0814ac0] IO error: End of file
[https @ 0x7fddc0821d80] Error reading HTTP response: End of file
[2026-04-12T16:44:48.032765] Saved clip /Users/Chen/PycharmProjects/CSCI_6234_Final/recordings/cam223/clips/2026/04/12/cam223_20260412T204405Z.mp4 (3116449 bytes)
[2026-04-12T16:44:48.546725] Starting 60-second capture -> /Users/Chen/PycharmProjects/CSCI_6234_Final/recordings/cam223/clips/2026/04/12/cam223_20260412T204448Z.mp4
[tls @ 0x7f9c4d204680] IO error: End of file
[https @ 0x7f9c4d204540] Error reading HTTP response: End of file
[tls @ 0x7f9c4d34fc00] IO error: End of file
[https @ 0x7f9c4d32ca40] Error reading HTTP response: End of file
[tls @ 0x7f9c3bf0b3c0] IO error: End of file
[https @ 0x7f9c3bf0b300] Error reading HTTP response: End of file
[tls @ 0x7f9c4d489500] IO error: End of file
[https @ 0x7f9c4d4961c0] Error reading HTTP response: End of file
[tls @ 0x7f9c4d47cd40] IO error: End of file
[https @ 0x7f9c4d471880] Error reading HTTP response: End of file
[tls @ 0x7f9c4d489500] IO error: End of file
[https @ 0x7f9c4d44da40] Error reading HTTP response: End of file
[tls @ 0x7f9c3bf3d200] IO error: End of file
[https @ 0x7f9c3bf39ec0] Error reading HTTP response: End of file
[2026-04-12T16:45:31.329112] Saved clip /Users/Chen/PycharmProjects/CSCI_6234_Final/recordings/cam223/clips/2026/04/12/cam223_20260412T204448Z.mp4 (3113474 bytes)
[2026-04-12T16:45:31.842533] Starting 60-second capture -> /Users/Chen/PycharmProjects/CSCI_6234_Final/recordings/cam223/clips/2026/04/12/cam223_20260412T204531Z.mp4
[tls @ 0x7fe04ec04dc0] IO error: End of file
[https @ 0x7fe04ec04c80] Error reading HTTP response: End of file
[tls @ 0x7fe04ec33900] IO error: End of file
[https @ 0x7fe04ec357c0] Error reading HTTP response: End of file
[tls @ 0x7fe04ea05680] IO error: End of file
[https @ 0x7fe04ea05580] Error reading HTTP response: End of file
[tls @ 0x7fe04ed3a700] IO error: End of file
[https @ 0x7fe04ed04d80] Error reading HTTP response: End of file
[tls @ 0x7fe04eb13880] IO error: End of file
[https @ 0x7fe04eb22ac0] Error reading HTTP response: End of file
[tls @ 0x7fe04ed3a700] IO error: End of file
[https @ 0x7fe04ed1c3c0] Error reading HTTP response: End of file
[tls @ 0x7fe04ea8a240] IO error: End of file
[https @ 0x7fe04ea81f40] Error reading HTTP response: End of file
[2026-04-12T16:46:16.438842] Saved clip /Users/Chen/PycharmProjects/CSCI_6234_Final/recordings/cam223/clips/2026/04/12/cam223_20260412T204531Z.mp4 (3109182 bytes)
[2026-04-12T16:46:16.950290] Starting 60-second capture -> /Users/Chen/PycharmProjects/CSCI_6234_Final/recordings/cam223/clips/2026/04/12/cam223_20260412T204616Z.mp4
[tls @ 0x7fd5e5305c80] IO error: End of file
[https @ 0x7fd5e5305b40] Error reading HTTP response: End of file
[tls @ 0x7fd5e5205ec0] IO error: End of file
[https @ 0x7fd5e5205d80] Error reading HTTP response: End of file
[tls @ 0x7fd5d4820ec0] IO error: End of file
[https @ 0x7fd5d4850e40] Error reading HTTP response: End of file
[tls @ 0x7fd5e5104280] IO error: End of file
[https @ 0x7fd5e51041c0] Error reading HTTP response: End of file
[tls @ 0x7fd5e5234600] IO error: End of file
[https @ 0x7fd5e521c3c0] Error reading HTTP response: End of file
[2026-04-12T16:46:59.879922] Saved clip /Users/Chen/PycharmProjects/CSCI_6234_Final/recordings/cam223/clips/2026/04/12/cam223_20260412T204616Z.mp4 (3113765 bytes)
[2026-04-12T16:47:00.391830] Starting 60-second capture -> /Users/Chen/PycharmProjects/CSCI_6234_Final/recordings/cam223/clips/2026/04/12/cam223_20260412T204700Z.mp4
[tls @ 0x7fcaf3b13580] IO error: End of file
[https @ 0x7fcaf3b13040] Error reading HTTP response: End of file
[tls @ 0x7fcaf2f28f80] IO error: End of file
[https @ 0x7fcaf2f1c5c0] Error reading HTTP response: End of file
[tls @ 0x7fcaf3a5c140] IO error: End of file
[https @ 0x7fcaf3a5f140] Error reading HTTP response: End of file
[tls @ 0x7fcaf3e48d00] IO error: End of file
[https @ 0x7fcaf3e24400] Error reading HTTP response: End of file
[tls @ 0x7fcaf3b141c0] IO error: End of file
[https @ 0x7fcaf3b14100] Error reading HTTP response: End of file
[2026-04-12T16:47:44.321868] Saved clip /Users/Chen/PycharmProjects/CSCI_6234_Final/recordings/cam223/clips/2026/04/12/cam223_20260412T204700Z.mp4 (3112772 bytes)
[2026-04-12T16:47:44.832948] Starting 60-second capture -> /Users/Chen/PycharmProjects/CSCI_6234_Final/recordings/cam223/clips/2026/04/12/cam223_20260412T204744Z.mp4
[tls @ 0x7fe2be704540] IO error: End of file
[https @ 0x7fe2be704380] Error reading HTTP response: End of file
[tls @ 0x7fe2cf02b740] IO error: End of file
[https @ 0x7fe2cf029500] Error reading HTTP response: End of file
[tls @ 0x7fe2ce749dc0] IO error: End of file
[https @ 0x7fe2ce729880] Error reading HTTP response: End of file
[tls @ 0x7fe2be7312c0] IO error: End of file
[https @ 0x7fe2be729d80] Error reading HTTP response: End of file
[tls @ 0x7fe2ce722100] IO error: End of file
[https @ 0x7fe2ce72a300] Error reading HTTP response: End of file
[2026-04-12T16:48:29.819105] Saved clip /Users/Chen/PycharmProjects/CSCI_6234_Final/recordings/cam223/clips/2026/04/12/cam223_20260412T204744Z.mp4 (3108802 bytes)
[2026-04-12T16:48:30.329794] Starting 60-second capture -> /Users/Chen/PycharmProjects/CSCI_6234_Final/recordings/cam223/clips/2026/04/12/cam223_20260412T204830Z.mp4
[tls @ 0x7f830d405b00] IO error: End of file
[https @ 0x7f830d404300] Error reading HTTP response: End of file
[tls @ 0x7f830d437c80] IO error: End of file
[https @ 0x7f830d44a840] Error reading HTTP response: End of file
[tls @ 0x7f830d227e00] IO error: End of file
[https @ 0x7f830d23a040] Error reading HTTP response: End of file
[tls @ 0x7f82fc76d100] IO error: End of file
[https @ 0x7f82fc76f840] Error reading HTTP response: End of file
[tls @ 0x7f82fc777b80] IO error: End of file
[https @ 0x7f82fc771140] Error reading HTTP response: End of file
[tls @ 0x7f830d320400] IO error: End of file
[https @ 0x7f830d3046c0] Error reading HTTP response: End of file
[tls @ 0x7f830d45dd80] IO error: End of file
[https @ 0x7f830d41f4c0] Error reading HTTP response: End of file
[2026-04-12T16:49:12.966929] Saved clip /Users/Chen/PycharmProjects/CSCI_6234_Final/recordings/cam223/clips/2026/04/12/cam223_20260412T204830Z.mp4 (3114053 bytes)
[2026-04-12T16:49:13.478163] Starting 60-second capture -> /Users/Chen/PycharmProjects/CSCI_6234_Final/recordings/cam223/clips/2026/04/12/cam223_20260412T204913Z.mp4
[tls @ 0x7fbdb7805b80] IO error: End of file
[https @ 0x7fbda6f04900] Error reading HTTP response: End of file
[tls @ 0x7fbdb6f31180] IO error: End of file
[https @ 0x7fbdb6f32840] Error reading HTTP response: End of file
[tls @ 0x7fbdb6f0dcc0] IO error: End of file
[https @ 0x7fbdb6f0dc00] Error reading HTTP response: End of file
[tls @ 0x7fbda6f440c0] IO error: End of file
[https @ 0x7fbda6f187c0] Error reading HTTP response: End of file
[tls @ 0x7fbda781dbc0] IO error: End of file
[https @ 0x7fbda7820140] Error reading HTTP response: End of file
[tls @ 0x7fbdb7820340] IO error: End of file
[https @ 0x7fbda6f97640] Error reading HTTP response: End of file
[2026-04-12T16:49:45.900322] Saved clip /Users/Chen/PycharmProjects/CSCI_6234_Final/recordings/cam223/clips/2026/04/12/cam223_20260412T204913Z.mp4 (3110442 bytes)
[2026-04-12T16:49:46.409606] Starting 60-second capture -> /Users/Chen/PycharmProjects/CSCI_6234_Final/recordings/cam223/clips/2026/04/12/cam223_20260412T204946Z.mp4
[tls @ 0x7fdb50704680] IO error: End of file
[https @ 0x7fdb50704540] Error reading HTTP response: End of file
[tls @ 0x7fdb50705400] IO error: End of file
[https @ 0x7fdb50705300] Error reading HTTP response: End of file
[tls @ 0x7fdb60708140] IO error: End of file
[https @ 0x7fdb60709f00] Error reading HTTP response: End of file
[tls @ 0x7fdb31004200] IO error: End of file
[https @ 0x7fdb31004140] Error reading HTTP response: End of file
[tls @ 0x7fdb30704280] IO error: End of file
[https @ 0x7fdb307040c0] Error reading HTTP response: End of file
[tls @ 0x7fdb5100c480] IO error: End of file
[https @ 0x7fdb51009a80] Error reading HTTP response: End of file
[2026-04-12T16:50:29.326208] Saved clip /Users/Chen/PycharmProjects/CSCI_6234_Final/recordings/cam223/clips/2026/04/12/cam223_20260412T204946Z.mp4 (3109668 bytes)
[2026-04-12T16:50:29.836108] Starting 60-second capture -> /Users/Chen/PycharmProjects/CSCI_6234_Final/recordings/cam223/clips/2026/04/12/cam223_20260412T205029Z.mp4
[tls @ 0x7feb41f07f00] IO error: End of file
[https @ 0x7feb41f07e00] Error reading HTTP response: End of file
[tls @ 0x7feb3294c300] IO error: End of file
[https @ 0x7feb32943780] Error reading HTTP response: End of file
[tls @ 0x7feb428057c0] IO error: End of file
[https @ 0x7feb428056c0] Error reading HTTP response: End of file
[tls @ 0x7feb32a04140] IO error: End of file
[https @ 0x7feb32a06940] Error reading HTTP response: End of file
[tls @ 0x7feb31f13100] IO error: End of file
[https @ 0x7feb31f0eec0] Error reading HTTP response: End of file
[tls @ 0x7feb3283f340] IO error: End of file
[https @ 0x7feb32831600] Error reading HTTP response: End of file
[tls @ 0x7feb32a09a00] IO error: End of file
[https @ 0x7feb32a08f40] Error reading HTTP response: End of file
[2026-04-12T16:51:12.658478] Saved clip /Users/Chen/PycharmProjects/CSCI_6234_Final/recordings/cam223/clips/2026/04/12/cam223_20260412T205029Z.mp4 (3108603 bytes)
[2026-04-12T16:51:13.170142] Starting 60-second capture -> /Users/Chen/PycharmProjects/CSCI_6234_Final/recordings/cam223/clips/2026/04/12/cam223_20260412T205113Z.mp4
[tls @ 0x7fca37f1a500] IO error: End of file
[https @ 0x7fca37f258c0] Error reading HTTP response: End of file
[tls @ 0x7fca48a6e340] IO error: End of file
[https @ 0x7fca48a26640] Error reading HTTP response: End of file
[tls @ 0x7fca48a533c0] IO error: End of file
[https @ 0x7fca48a43940] Error reading HTTP response: End of file
[tls @ 0x7fca37f4d100] IO error: End of file
[https @ 0x7fca37f5dec0] Error reading HTTP response: End of file
[tls @ 0x7fc9f7f04200] IO error: End of file
[https @ 0x7fc9f7f04140] Error reading HTTP response: End of file
[tls @ 0x7fca10c04240] IO error: End of file
[https @ 0x7fca10c04080] Error reading HTTP response: End of file
[2026-04-12T16:51:46.171116] Saved clip /Users/Chen/PycharmProjects/CSCI_6234_Final/recordings/cam223/clips/2026/04/12/cam223_20260412T205113Z.mp4 (3109943 bytes)
[2026-04-12T16:51:46.681999] Starting 60-second capture -> /Users/Chen/PycharmProjects/CSCI_6234_Final/recordings/cam223/clips/2026/04/12/cam223_20260412T205146Z.mp4
[tls @ 0x7fa17bf05100] IO error: End of file
[https @ 0x7fa17bf04b80] Error reading HTTP response: End of file
[tls @ 0x7fa18cb7b640] IO error: End of file
[https @ 0x7fa18cb8d840] Error reading HTTP response: End of file
[tls @ 0x7fa17bf0e140] IO error: End of file
[https @ 0x7fa17bf13440] Error reading HTTP response: End of file
[tls @ 0x7fa18cb7b640] IO error: End of file
[https @ 0x7fa18cb77a40] Error reading HTTP response: End of file
[tls @ 0x7fa17bf09200] IO error: End of file
[https @ 0x7fa17bf1c280] Error reading HTTP response: End of file
[tls @ 0x7fa18bf58ec0] IO error: End of file
[https @ 0x7fa18bf6b0c0] Error reading HTTP response: End of file
[tls @ 0x7fa14bf04540] IO error: End of file
[https @ 0x7fa14bf04480] Error reading HTTP response: End of file
[2026-04-12T16:52:29.426348] Saved clip /Users/Chen/PycharmProjects/CSCI_6234_Final/recordings/cam223/clips/2026/04/12/cam223_20260412T205146Z.mp4 (3111368 bytes)
[2026-04-12T16:52:29.934805] Starting 60-second capture -> /Users/Chen/PycharmProjects/CSCI_6234_Final/recordings/cam223/clips/2026/04/12/cam223_20260412T205229Z.mp4
[tls @ 0x7fe05b141680] IO error: End of file
[https @ 0x7fe05b14b780] Error reading HTTP response: End of file
[tls @ 0x7fe04a704b80] IO error: End of file
[https @ 0x7fe04a708380] Error reading HTTP response: End of file
[tls @ 0x7fe03a705e00] IO error: End of file
[https @ 0x7fe03a705c40] Error reading HTTP response: End of file
[tls @ 0x7fe01a72fd00] IO error: End of file
[https @ 0x7fe01a7372c0] Error reading HTTP response: End of file
[tls @ 0x7fe05b30f440] IO error: End of file
[https @ 0x7fe05b308a40] Error reading HTTP response: End of file
[tls @ 0x7fe01a71f980] IO error: End of file
[https @ 0x7fe01a7052c0] Error reading HTTP response: End of file
[tls @ 0x7fe05b30f440] IO error: End of file
[https @ 0x7fe05b30b840] Error reading HTTP response: End of file
[tls @ 0x7fe05a706e40] IO error: End of file
[https @ 0x7fe05a706d40] Error reading HTTP response: End of file
[2026-04-12T16:53:12.505045] Saved clip /Users/Chen/PycharmProjects/CSCI_6234_Final/recordings/cam223/clips/2026/04/12/cam223_20260412T205229Z.mp4 (3111142 bytes)
[2026-04-12T16:53:13.008552] Starting 60-second capture -> /Users/Chen/PycharmProjects/CSCI_6234_Final/recordings/cam223/clips/2026/04/12/cam223_20260412T205313Z.mp4
[tls @ 0x7f931c105b80] IO error: End of file
[https @ 0x7f931c105a80] Error reading HTTP response: End of file
[tls @ 0x7f931c33dd80] IO error: End of file
[https @ 0x7f931c32f740] Error reading HTTP response: End of file
[tls @ 0x7f931c20d200] IO error: End of file
[https @ 0x7f931c21f440] Error reading HTTP response: End of file
[tls @ 0x7f931c10b5c0] IO error: End of file
[https @ 0x7f931c10c8c0] Error reading HTTP response: End of file
[tls @ 0x7f931c050d40] IO error: End of file
[https @ 0x7f931c062f40] Error reading HTTP response: End of file
[tls @ 0x7f930c005c00] IO error: End of file
[https @ 0x7f930c006300] Error reading HTTP response: End of file
[tls @ 0x7f930c252dc0] IO error: End of file
[https @ 0x7f930c216b80] Error reading HTTP response: End of file
[tls @ 0x7f930b7065c0] IO error: End of file
[https @ 0x7f930b706240] Error reading HTTP response: End of file
[2026-04-12T16:53:55.910514] Saved clip /Users/Chen/PycharmProjects/CSCI_6234_Final/recordings/cam223/clips/2026/04/12/cam223_20260412T205313Z.mp4 (3114001 bytes)
[2026-04-12T16:53:56.422616] Starting 60-second capture -> /Users/Chen/PycharmProjects/CSCI_6234_Final/recordings/cam223/clips/2026/04/12/cam223_20260412T205356Z.mp4
[tls @ 0x7f9a43f04680] IO error: End of file
[https @ 0x7f9a43f04540] Error reading HTTP response: End of file
[tls @ 0x7f9a13f04200] IO error: End of file
[https @ 0x7f9a13f04140] Error reading HTTP response: End of file
[tls @ 0x7f9a43f3ca00] IO error: End of file
[https @ 0x7f9a43f4ec00] Error reading HTTP response: End of file
[tls @ 0x7f9a449166c0] IO error: End of file
[https @ 0x7f9a44917a00] Error reading HTTP response: End of file
[tls @ 0x7f9a4490a240] IO error: End of file
[https @ 0x7f9a44909300] Error reading HTTP response: End of file
[2026-04-12T16:54:39.455968] Saved clip /Users/Chen/PycharmProjects/CSCI_6234_Final/recordings/cam223/clips/2026/04/12/cam223_20260412T205356Z.mp4 (3105904 bytes)
[2026-04-12T16:54:39.963020] Starting 60-second capture -> /Users/Chen/PycharmProjects/CSCI_6234_Final/recordings/cam223/clips/2026/04/12/cam223_20260412T205439Z.mp4
[tls @ 0x7fa62cf05100] IO error: End of file
[https @ 0x7fa62cf04b80] Error reading HTTP response: End of file
[tls @ 0x7fa5fcf04240] IO error: End of file
[https @ 0x7fa5fcf04080] Error reading HTTP response: End of file
[tls @ 0x7fa62cf08c40] IO error: End of file
[https @ 0x7fa62cf08b80] Error reading HTTP response: End of file
[tls @ 0x7fa60cf04140] IO error: End of file
[https @ 0x7fa60cf15580] Error reading HTTP response: End of file
[tls @ 0x7fa5fcf17dc0] IO error: End of file
[https @ 0x7fa5fcf16bc0] Error reading HTTP response: End of file
[tls @ 0x7fa5fe01fa40] IO error: End of file
[https @ 0x7fa5fe024400] Error reading HTTP response: End of file
[tls @ 0x7fa5fe0051c0] IO error: End of file
[https @ 0x7fa5fe004dc0] Error reading HTTP response: End of file
[2026-04-12T16:55:22.217295] Saved clip /Users/Chen/PycharmProjects/CSCI_6234_Final/recordings/cam223/clips/2026/04/12/cam223_20260412T205439Z.mp4 (3108083 bytes)
[2026-04-12T16:55:22.725111] Starting 60-second capture -> /Users/Chen/PycharmProjects/CSCI_6234_Final/recordings/cam223/clips/2026/04/12/cam223_20260412T205522Z.mp4
[tls @ 0x7f8949f05100] IO error: End of file
[https @ 0x7f8949f04b80] Error reading HTTP response: End of file
[tls @ 0x7f894a8256c0] IO error: End of file
[https @ 0x7f894a812800] Error reading HTTP response: End of file
[tls @ 0x7f895ac23e80] IO error: End of file
[https @ 0x7f895ac2b440] Error reading HTTP response: End of file
[tls @ 0x7f894a925b80] IO error: End of file
[https @ 0x7f894a94c700] Error reading HTTP response: End of file
[tls @ 0x7f895ac3b040] IO error: End of file
[https @ 0x7f895ac2ee80] Error reading HTTP response: End of file
[tls @ 0x7f8949f42440] IO error: End of file
[https @ 0x7f8949f25580] Error reading HTTP response: End of file
[tls @ 0x7f895ac31a00] IO error: End of file
[https @ 0x7f895ac2ef40] Error reading HTTP response: End of file
[tls @ 0x7f894a8102c0] IO error: End of file
[https @ 0x7f894a80f300] Error reading HTTP response: End of file
[2026-04-12T16:56:06.649370] Saved clip /Users/Chen/PycharmProjects/CSCI_6234_Final/recordings/cam223/clips/2026/04/12/cam223_20260412T205522Z.mp4 (3117466 bytes)
[2026-04-12T16:56:07.160313] Starting 60-second capture -> /Users/Chen/PycharmProjects/CSCI_6234_Final/recordings/cam223/clips/2026/04/12/cam223_20260412T205607Z.mp4
[tls @ 0x7faf13f04680] IO error: End of file
[https @ 0x7faf13f04540] Error reading HTTP response: End of file
[tls @ 0x7faf14930b00] IO error: End of file
[https @ 0x7faf14933d40] Error reading HTTP response: End of file
[tls @ 0x7faf24b1dd40] IO error: End of file
[https @ 0x7faf24b1f040] Error reading HTTP response: End of file
[tls @ 0x7faf24b34600] IO error: End of file
[https @ 0x7faf24b34c00] Error reading HTTP response: End of file
[tls @ 0x7faf13f66680] IO error: End of file
[https @ 0x7faf13f77c80] Error reading HTTP response: End of file
[tls @ 0x7faf14930b00] IO error: End of file
[https @ 0x7faf14905a80] Error reading HTTP response: End of file
[tls @ 0x7faf149450c0] IO error: End of file
[https @ 0x7faf14948340] Error reading HTTP response: End of file
[2026-04-12T16:56:51.062480] Saved clip /Users/Chen/PycharmProjects/CSCI_6234_Final/recordings/cam223/clips/2026/04/12/cam223_20260412T205607Z.mp4 (3105481 bytes)
[2026-04-12T16:56:51.571706] Starting 60-second capture -> /Users/Chen/PycharmProjects/CSCI_6234_Final/recordings/cam223/clips/2026/04/12/cam223_20260412T205651Z.mp4
[tls @ 0x7fa422205c80] IO error: End of file
[https @ 0x7fa422205b40] Error reading HTTP response: End of file
[tls @ 0x7fa422264a00] IO error: End of file
[https @ 0x7fa42228c000] Error reading HTTP response: End of file
[tls @ 0x7fa42210e800] IO error: End of file
[https @ 0x7fa422104bc0] Error reading HTTP response: End of file
[tls @ 0x7fa4221049c0] IO error: End of file
[https @ 0x7fa422104880] Error reading HTTP response: End of file
[tls @ 0x7fa422264a00] IO error: End of file
[https @ 0x7fa42228c000] Error reading HTTP response: End of file
[2026-04-12T16:57:33.982519] Saved clip /Users/Chen/PycharmProjects/CSCI_6234_Final/recordings/cam223/clips/2026/04/12/cam223_20260412T205651Z.mp4 (3111569 bytes)
[2026-04-12T16:57:34.492245] Starting 60-second capture -> /Users/Chen/PycharmProjects/CSCI_6234_Final/recordings/cam223/clips/2026/04/12/cam223_20260412T205734Z.mp4
[tls @ 0x7fd3b2f04500] IO error: End of file
[https @ 0x7fd3b2f043c0] Error reading HTTP response: End of file
[tls @ 0x7fd3c3d33880] IO error: End of file
[https @ 0x7fd3c3d263c0] Error reading HTTP response: End of file
[tls @ 0x7fd3c3d05e40] IO error: End of file
[https @ 0x7fd3c3d05d00] Error reading HTTP response: End of file
[tls @ 0x7fd3c3c0bf80] IO error: End of file
[https @ 0x7fd3c3c11280] Error reading HTTP response: End of file
[tls @ 0x7fd3b2f57c40] IO error: End of file
[https @ 0x7fd3b2f57ac0] Error reading HTTP response: End of file
[tls @ 0x7fd3b3859f80] IO error: End of file
[https @ 0x7fd3b385b2c0] Error reading HTTP response: End of file
[tls @ 0x7fd3b2f57c40] IO error: End of file
[https @ 0x7fd3b2f75a80] Error reading HTTP response: End of file
[2026-04-12T16:58:17.502849] Saved clip /Users/Chen/PycharmProjects/CSCI_6234_Final/recordings/cam223/clips/2026/04/12/cam223_20260412T205734Z.mp4 (3103903 bytes)
[2026-04-12T16:58:18.014555] Starting 60-second capture -> /Users/Chen/PycharmProjects/CSCI_6234_Final/recordings/cam223/clips/2026/04/12/cam223_20260412T205818Z.mp4
[tls @ 0x7fc38ba05c80] IO error: End of file
[https @ 0x7fc38ba05b40] Error reading HTTP response: End of file
[tls @ 0x7fc37b92fc00] IO error: End of file
[https @ 0x7fc37b957200] Error reading HTTP response: End of file
[tls @ 0x7fc38ba0b280] IO error: End of file
[https @ 0x7fc38ba13700] Error reading HTTP response: End of file
[tls @ 0x7fc37b92fc00] IO error: End of file
[https @ 0x7fc37b941400] Error reading HTTP response: End of file
[tls @ 0x7fc38ba1c500] IO error: End of file
[https @ 0x7fc38ba27a80] Error reading HTTP response: End of file
[tls @ 0x7fc37b87a640] IO error: End of file
[https @ 0x7fc37b861ec0] Error reading HTTP response: End of file
[tls @ 0x7fc38ba1c500] IO error: End of file
[https @ 0x7fc38ba27200] Error reading HTTP response: End of file
[2026-04-12T16:59:01.030530] Saved clip /Users/Chen/PycharmProjects/CSCI_6234_Final/recordings/cam223/clips/2026/04/12/cam223_20260412T205818Z.mp4 (3114217 bytes)
[2026-04-12T16:59:01.542232] Starting 60-second capture -> /Users/Chen/PycharmProjects/CSCI_6234_Final/recordings/cam223/clips/2026/04/12/cam223_20260412T205901Z.mp4
[tls @ 0x7fd594104680] IO error: End of file
[https @ 0x7fd594104540] Error reading HTTP response: End of file
[tls @ 0x7fd594408980] IO error: End of file
[https @ 0x7fd594411a40] Error reading HTTP response: End of file
[tls @ 0x7fd594404840] IO error: End of file
[https @ 0x7fd594404700] Error reading HTTP response: End of file
[tls @ 0x7fd594408980] IO error: End of file
[https @ 0x7fd59441f280] Error reading HTTP response: End of file
[tls @ 0x7fd59444f0c0] IO error: End of file
[https @ 0x7fd59446aa80] Error reading HTTP response: End of file
[tls @ 0x7fd594408980] IO error: End of file
[https @ 0x7fd5944aba40] Error reading HTTP response: End of file
[tls @ 0x7fd594342c80] IO error: End of file
[https @ 0x7fd594341880] Error reading HTTP response: End of file
[2026-04-12T16:59:44.691981] Saved clip /Users/Chen/PycharmProjects/CSCI_6234_Final/recordings/cam223/clips/2026/04/12/cam223_20260412T205901Z.mp4 (3111557 bytes)
[2026-04-12T16:59:45.205337] Starting 60-second capture -> /Users/Chen/PycharmProjects/CSCI_6234_Final/recordings/cam223/clips/2026/04/12/cam223_20260412T205945Z.mp4
[tls @ 0x7fca99f04680] IO error: End of file
[https @ 0x7fca99f04540] Error reading HTTP response: End of file
[tls @ 0x7fcaaac08c40] IO error: End of file
[https @ 0x7fcaaac47e80] Error reading HTTP response: End of file
[tls @ 0x7fca99f06f00] IO error: End of file
[https @ 0x7fca99f06e40] Error reading HTTP response: End of file
[tls @ 0x7fca99f33040] IO error: End of file
[https @ 0x7fca99f14240] Error reading HTTP response: End of file
[tls @ 0x7fca99f28c40] IO error: End of file
[https @ 0x7fca99f09ec0] Error reading HTTP response: End of file
[tls @ 0x7fca99f33040] IO error: End of file
[https @ 0x7fca99f07c00] Error reading HTTP response: End of file
[tls @ 0x7fca99f28c40] IO error: End of file
[https @ 0x7fca99f14240] Error reading HTTP response: End of file
[2026-04-12T17:00:28.885835] Saved clip /Users/Chen/PycharmProjects/CSCI_6234_Final/recordings/cam223/clips/2026/04/12/cam223_20260412T205945Z.mp4 (3106002 bytes)
[2026-04-12T17:00:29.393711] Starting 60-second capture -> /Users/Chen/PycharmProjects/CSCI_6234_Final/recordings/cam223/clips/2026/04/12/cam223_20260412T210029Z.mp4
[tls @ 0x7feed9306880] IO error: End of file
[https @ 0x7feed9304700] Error reading HTTP response: End of file
[tls @ 0x7feec87a4f80] IO error: End of file
[https @ 0x7feec87848c0] Error reading HTTP response: End of file
[tls @ 0x7feec871ed40] IO error: End of file
[https @ 0x7feec8730500] Error reading HTTP response: End of file
[tls @ 0x7feed9240740] IO error: End of file
[https @ 0x7feed9252240] Error reading HTTP response: End of file
[tls @ 0x7feec9011e80] IO error: End of file
[https @ 0x7feec9011dc0] Error reading HTTP response: End of file
[tls @ 0x7feec90225c0] IO error: End of file
[https @ 0x7feec9034800] Error reading HTTP response: End of file
[tls @ 0x7feed9304780] IO error: End of file
[https @ 0x7feed93046c0] Error reading HTTP response: End of file
[2026-04-12T17:01:12.158771] Saved clip /Users/Chen/PycharmProjects/CSCI_6234_Final/recordings/cam223/clips/2026/04/12/cam223_20260412T210029Z.mp4 (3108564 bytes)
[2026-04-12T17:01:12.672322] Starting 60-second capture -> /Users/Chen/PycharmProjects/CSCI_6234_Final/recordings/cam223/clips/2026/04/12/cam223_20260412T210112Z.mp4
[tls @ 0x7fd9edc04180] IO error: End of file
[https @ 0x7fd9edb043c0] Error reading HTTP response: End of file
[tls @ 0x7fd9edb31880] IO error: End of file
[https @ 0x7fd9edb0e280] Error reading HTTP response: End of file
[tls @ 0x7fd9edd06c40] IO error: End of file
[https @ 0x7fd9edd06b40] Error reading HTTP response: End of file
[tls @ 0x7fd9eda4b300] IO error: End of file
[https @ 0x7fd9eda377c0] Error reading HTTP response: End of file
[tls @ 0x7fd9edd06cc0] IO error: End of file
[https @ 0x7fd9edd06c00] Error reading HTTP response: End of file
[tls @ 0x7fd9edd16800] IO error: End of file
[https @ 0x7fd9edd09940] Error reading HTTP response: End of file
[tls @ 0x7fd9edb0e280] IO error: End of file
[https @ 0x7fd9edb0ffc0] Error reading HTTP response: End of file
[2026-04-12T17:01:55.330818] Saved clip /Users/Chen/PycharmProjects/CSCI_6234_Final/recordings/cam223/clips/2026/04/12/cam223_20260412T210112Z.mp4 (3111072 bytes)
[2026-04-12T17:01:55.841643] Starting 60-second capture -> /Users/Chen/PycharmProjects/CSCI_6234_Final/recordings/cam223/clips/2026/04/12/cam223_20260412T210155Z.mp4
[tls @ 0x7ff748804680] IO error: End of file
[https @ 0x7ff748804540] Error reading HTTP response: End of file
[tls @ 0x7ff758805840] IO error: End of file
[https @ 0x7ff758805700] Error reading HTTP response: End of file
[tls @ 0x7ff73ff2b280] IO error: End of file
[https @ 0x7ff73ff1d440] Error reading HTTP response: End of file
[tls @ 0x7ff73ff060c0] IO error: End of file
[https @ 0x7ff73ff05fc0] Error reading HTTP response: End of file
[tls @ 0x7ff74ff7e780] IO error: End of file
[https @ 0x7ff74ff93800] Error reading HTTP response: End of file
[tls @ 0x7ff74ff081c0] IO error: End of file
[https @ 0x7ff74ffa3b40] Error reading HTTP response: End of file
[tls @ 0x7ff758889dc0] IO error: End of file
[https @ 0x7ff75882ca40] Error reading HTTP response: End of file
[tls @ 0x7ff73ff69dc0] IO error: End of file
[https @ 0x7ff73ff6ce00] Error reading HTTP response: End of file
[2026-04-12T17:02:38.747444] Saved clip /Users/Chen/PycharmProjects/CSCI_6234_Final/recordings/cam223/clips/2026/04/12/cam223_20260412T210155Z.mp4 (3107895 bytes)
[2026-04-12T17:02:39.262808] Starting 60-second capture -> /Users/Chen/PycharmProjects/CSCI_6234_Final/recordings/cam223/clips/2026/04/12/cam223_20260412T210239Z.mp4
[tls @ 0x7f7a1aa05080] IO error: End of file
[https @ 0x7f7a1aa04fc0] Error reading HTTP response: End of file
[tls @ 0x7f7a1ac7e0c0] IO error: End of file
[https @ 0x7f7a1ab1fc80] Error reading HTTP response: End of file
[tls @ 0x7f7a1ab16fc0] IO error: End of file
[https @ 0x7f7a1ab15280] Error reading HTTP response: End of file
[tls @ 0x7f7a1ac7e0c0] IO error: End of file
[https @ 0x7f7a1ac8f8c0] Error reading HTTP response: End of file
[tls @ 0x7f7a1ac71b00] IO error: End of file
[https @ 0x7f7a1ac165c0] Error reading HTTP response: End of file
[tls @ 0x7f7a1aa35b40] IO error: End of file
[https @ 0x7f7a1aa1b640] Error reading HTTP response: End of file
[tls @ 0x7f7a1ab09300] IO error: End of file
[https @ 0x7f7a1ab0d600] Error reading HTTP response: End of file
[2026-04-12T17:03:23.331343] Saved clip /Users/Chen/PycharmProjects/CSCI_6234_Final/recordings/cam223/clips/2026/04/12/cam223_20260412T210239Z.mp4 (3108887 bytes)
[2026-04-12T17:03:23.837937] Starting 60-second capture -> /Users/Chen/PycharmProjects/CSCI_6234_Final/recordings/cam223/clips/2026/04/12/cam223_20260412T210323Z.mp4
[tls @ 0x7f836b405b00] IO error: End of file
[https @ 0x7f836b405a40] Error reading HTTP response: End of file
[tls @ 0x7f836b441780] IO error: End of file
[https @ 0x7f836b443d40] Error reading HTTP response: End of file
[tls @ 0x7f834a80b380] IO error: End of file
[https @ 0x7f834a80b2c0] Error reading HTTP response: End of file
[tls @ 0x7f834a816a40] IO error: End of file
[https @ 0x7f834a81a540] Error reading HTTP response: End of file
[tls @ 0x7f834a762340] IO error: End of file
[https @ 0x7f834a75e740] Error reading HTTP response: End of file
[2026-04-12T17:03:56.000229] Saved clip /Users/Chen/PycharmProjects/CSCI_6234_Final/recordings/cam223/clips/2026/04/12/cam223_20260412T210323Z.mp4 (3114079 bytes)
[2026-04-12T17:03:56.517250] Starting 60-second capture -> /Users/Chen/PycharmProjects/CSCI_6234_Final/recordings/cam223/clips/2026/04/12/cam223_20260412T210356Z.mp4
[tls @ 0x7fd96890d180] IO error: End of file
[https @ 0x7fd9689106c0] Error reading HTTP response: End of file
[tls @ 0x7fd96884a240] IO error: End of file
[https @ 0x7fd96885c440] Error reading HTTP response: End of file
[tls @ 0x7fd95ff462c0] IO error: End of file
[https @ 0x7fd95ff46480] Error reading HTTP response: End of file
[tls @ 0x7fd970a22a00] IO error: End of file
[https @ 0x7fd970a1a500] Error reading HTTP response: End of file
[tls @ 0x7fd96884a240] IO error: End of file
[https @ 0x7fd96885c440] Error reading HTTP response: End of file
[tls @ 0x7fd970a49240] IO error: End of file
[https @ 0x7fd970a5a880] Error reading HTTP response: End of file
[2026-04-12T17:04:39.307091] Saved clip /Users/Chen/PycharmProjects/CSCI_6234_Final/recordings/cam223/clips/2026/04/12/cam223_20260412T210356Z.mp4 (3108911 bytes)
[2026-04-12T17:04:39.814721] Starting 60-second capture -> /Users/Chen/PycharmProjects/CSCI_6234_Final/recordings/cam223/clips/2026/04/12/cam223_20260412T210439Z.mp4
[tls @ 0x7fafd9804740] IO error: End of file
[https @ 0x7fafd9804600] Error reading HTTP response: End of file
[tls @ 0x7fafd9828300] IO error: End of file
[https @ 0x7fafd982a280] Error reading HTTP response: End of file
[tls @ 0x7fafd8707d80] IO error: End of file
[https @ 0x7fafd8707c40] Error reading HTTP response: End of file
[tls @ 0x7fafd8705400] IO error: End of file
[https @ 0x7fafd8707740] Error reading HTTP response: End of file
[tls @ 0x7fafd980c900] IO error: End of file
[https @ 0x7fafd982a280] Error reading HTTP response: End of file
[tls @ 0x7fafd9828300] IO error: End of file
[https @ 0x7fafd9810940] Error reading HTTP response: End of file
[tls @ 0x7fafe9224a40] IO error: End of file
[https @ 0x7fafe923f500] Error reading HTTP response: End of file
[2026-04-12T17:05:22.313080] Saved clip /Users/Chen/PycharmProjects/CSCI_6234_Final/recordings/cam223/clips/2026/04/12/cam223_20260412T210439Z.mp4 (3108518 bytes)
[2026-04-12T17:05:22.822495] Starting 60-second capture -> /Users/Chen/PycharmProjects/CSCI_6234_Final/recordings/cam223/clips/2026/04/12/cam223_20260412T210522Z.mp4
[tls @ 0x7f8fa5704680] IO error: End of file
[https @ 0x7f8fa5704540] Error reading HTTP response: End of file
[tls @ 0x7f8fa5732b80] IO error: End of file
[https @ 0x7f8fa573a400] Error reading HTTP response: End of file
[tls @ 0x7f8fa5728900] IO error: End of file
[https @ 0x7f8fa5724d00] Error reading HTTP response: End of file
[tls @ 0x7f8fb6406ac0] IO error: End of file
[https @ 0x7f8fb640a180] Error reading HTTP response: End of file
[tls @ 0x7f8fa57288c0] IO error: End of file
[https @ 0x7f8fa574c840] Error reading HTTP response: End of file
[tls @ 0x7f8fb6314040] IO error: End of file
[https @ 0x7f8fb6344980] Error reading HTTP response: End of file
[tls @ 0x7f8fa574f680] IO error: End of file
[https @ 0x7f8fa574dd80] Error reading HTTP response: End of file
[tls @ 0x7f8fb640a580] IO error: End of file
[https @ 0x7f8fb6409ec0] Error reading HTTP response: End of file
[2026-04-12T17:06:06.071890] Saved clip /Users/Chen/PycharmProjects/CSCI_6234_Final/recordings/cam223/clips/2026/04/12/cam223_20260412T210522Z.mp4 (3107331 bytes)
[2026-04-12T17:06:06.587396] Starting 60-second capture -> /Users/Chen/PycharmProjects/CSCI_6234_Final/recordings/cam223/clips/2026/04/12/cam223_20260412T210606Z.mp4
[tls @ 0x7fb4c1229100] IO error: End of file
[https @ 0x7fb4c121dc00] Error reading HTTP response: End of file
[tls @ 0x7fb4c12100c0] IO error: End of file
[https @ 0x7fb4c1239200] Error reading HTTP response: End of file
[tls @ 0x7fb4c131b340] IO error: End of file
[https @ 0x7fb4c1327d00] Error reading HTTP response: End of file
[tls @ 0x7fb4c12100c0] IO error: End of file
[https @ 0x7fb4c121dc00] Error reading HTTP response: End of file
[tls @ 0x7fb4c153a100] IO error: End of file
[https @ 0x7fb4c1554800] Error reading HTTP response: End of file
[tls @ 0x7fb4c1329680] IO error: End of file
[https @ 0x7fb4c132e940] Error reading HTTP response: End of file
[tls @ 0x7fb4c1346840] IO error: End of file
[https @ 0x7fb4c1346780] Error reading HTTP response: End of file
[tls @ 0x7fb4c14384c0] IO error: End of file
[https @ 0x7fb4c143f580] Error reading HTTP response: End of file
[2026-04-12T17:06:49.200081] Saved clip /Users/Chen/PycharmProjects/CSCI_6234_Final/recordings/cam223/clips/2026/04/12/cam223_20260412T210606Z.mp4 (3116417 bytes)
[2026-04-12T17:06:49.706814] Starting 60-second capture -> /Users/Chen/PycharmProjects/CSCI_6234_Final/recordings/cam223/clips/2026/04/12/cam223_20260412T210649Z.mp4
[tls @ 0x7fdb1d804500] IO error: End of file
[https @ 0x7fdb1d8043c0] Error reading HTTP response: End of file
[tls @ 0x7fdb1cf10740] IO error: End of file
[https @ 0x7fdb1cf14440] Error reading HTTP response: End of file
[tls @ 0x7fdb1d85f740] IO error: End of file
[https @ 0x7fdb1d845c40] Error reading HTTP response: End of file
[tls @ 0x7fdb1cf0ac40] IO error: End of file
[https @ 0x7fdb1cf12080] Error reading HTTP response: End of file
[tls @ 0x7fdb1d969d40] IO error: End of file
[https @ 0x7fdb1d9882c0] Error reading HTTP response: End of file
[tls @ 0x7fdb1da0bc00] IO error: End of file
[https @ 0x7fdb1da243c0] Error reading HTTP response: End of file
[tls @ 0x7fdb1d97d900] IO error: End of file
[https @ 0x7fdb1d951a40] Error reading HTTP response: End of file
[tls @ 0x7fdb1d80c640] IO error: End of file
[https @ 0x7fdb1d80db40] Error reading HTTP response: End of file
[2026-04-12T17:07:32.229719] Saved clip /Users/Chen/PycharmProjects/CSCI_6234_Final/recordings/cam223/clips/2026/04/12/cam223_20260412T210649Z.mp4 (3110107 bytes)
[2026-04-12T17:07:32.738302] Starting 60-second capture -> /Users/Chen/PycharmProjects/CSCI_6234_Final/recordings/cam223/clips/2026/04/12/cam223_20260412T210732Z.mp4
[tls @ 0x7fca75f04800] IO error: End of file
[https @ 0x7fca75f04480] Error reading HTTP response: End of file
[tls @ 0x7fca86b2fa40] IO error: End of file
[https @ 0x7fca75f27280] Error reading HTTP response: End of file
[tls @ 0x7fca75f14cc0] IO error: End of file
[https @ 0x7fca75f181c0] Error reading HTTP response: End of file
[tls @ 0x7fca75f207c0] IO error: End of file
[https @ 0x7fca75f20c00] Error reading HTTP response: End of file
[tls @ 0x7fca75f181c0] IO error: End of file
[https @ 0x7fca75f07a80] Error reading HTTP response: End of file
[tls @ 0x7fca76819a80] IO error: End of file
[https @ 0x7fca76828240] Error reading HTTP response: End of file
[tls @ 0x7fca76864e80] IO error: End of file
[https @ 0x7fca7680fb00] Error reading HTTP response: End of file
[tls @ 0x7fca76831900] IO error: End of file
[https @ 0x7fca76843b40] Error reading HTTP response: End of file
[2026-04-12T17:08:16.020355] Saved clip /Users/Chen/PycharmProjects/CSCI_6234_Final/recordings/cam223/clips/2026/04/12/cam223_20260412T210732Z.mp4 (3108979 bytes)
[2026-04-12T17:08:16.529517] Starting 60-second capture -> /Users/Chen/PycharmProjects/CSCI_6234_Final/recordings/cam223/clips/2026/04/12/cam223_20260412T210816Z.mp4
[tls @ 0x7fcef3916340] IO error: End of file
[https @ 0x7fcef39049c0] Error reading HTTP response: End of file
[tls @ 0x7fcef3b07ac0] IO error: End of file
[https @ 0x7fcef3b0f640] Error reading HTTP response: End of file
[tls @ 0x7fcef3b27e40] IO error: End of file
[https @ 0x7fcef3b27d80] Error reading HTTP response: End of file
[tls @ 0x7fcef3d67180] IO error: End of file
[https @ 0x7fcef3d0f580] Error reading HTTP response: End of file
[tls @ 0x7fcef3b50800] IO error: End of file
[https @ 0x7fcef3b4b0c0] Error reading HTTP response: End of file
[tls @ 0x7fcef393a540] IO error: End of file
[https @ 0x7fcef39049c0] Error reading HTTP response: End of file
[tls @ 0x7fcef3980500] IO error: End of file
[https @ 0x7fcef3940840] Error reading HTTP response: End of file
[tls @ 0x7fcef3c15780] IO error: End of file
[https @ 0x7fcef3c29340] Error reading HTTP response: End of file
[2026-04-12T17:08:59.280481] Saved clip /Users/Chen/PycharmProjects/CSCI_6234_Final/recordings/cam223/clips/2026/04/12/cam223_20260412T210816Z.mp4 (3114068 bytes)
[2026-04-12T17:08:59.790934] Starting 60-second capture -> /Users/Chen/PycharmProjects/CSCI_6234_Final/recordings/cam223/clips/2026/04/12/cam223_20260412T210859Z.mp4
[tls @ 0x7fda4bf04680] IO error: End of file
[https @ 0x7fda4bf04540] Error reading HTTP response: End of file
[tls @ 0x7fda4c830a80] IO error: End of file
[https @ 0x7fda4c854bc0] Error reading HTTP response: End of file
[tls @ 0x7fda4bf54fc0] IO error: End of file
[https @ 0x7fda4ca07a00] Error reading HTTP response: End of file
[tls @ 0x7fda4bf54fc0] IO error: End of file
[https @ 0x7fda4bf57b40] Error reading HTTP response: End of file
[2026-04-12T17:09:42.540044] Saved clip /Users/Chen/PycharmProjects/CSCI_6234_Final/recordings/cam223/clips/2026/04/12/cam223_20260412T210859Z.mp4 (3106983 bytes)
[2026-04-12T17:09:43.048313] Starting 60-second capture -> /Users/Chen/PycharmProjects/CSCI_6234_Final/recordings/cam223/clips/2026/04/12/cam223_20260412T210943Z.mp4
[tls @ 0x7fd8d9407a00] IO error: End of file
[https @ 0x7fd8d9407940] Error reading HTTP response: End of file
[tls @ 0x7fd8d925ac40] IO error: End of file
[https @ 0x7fd8d924f2c0] Error reading HTTP response: End of file
[tls @ 0x7fd8d93122c0] IO error: End of file
[https @ 0x7fd8d931e700] Error reading HTTP response: End of file
[tls @ 0x7fd8d934ce80] IO error: End of file
[https @ 0x7fd8d9357080] Error reading HTTP response: End of file
[tls @ 0x7fd8d920fc40] IO error: End of file
[https @ 0x7fd8d92049c0] Error reading HTTP response: End of file
[tls @ 0x7fd8d944c000] IO error: End of file
[https @ 0x7fd8d9448400] Error reading HTTP response: End of file
[2026-04-12T17:10:21.771124] Saved clip /Users/Chen/PycharmProjects/CSCI_6234_Final/recordings/cam223/clips/2026/04/12/cam223_20260412T210943Z.mp4 (3106908 bytes)
[2026-04-12T17:10:22.288996] Starting 60-second capture -> /Users/Chen/PycharmProjects/CSCI_6234_Final/recordings/cam223/clips/2026/04/12/cam223_20260412T211022Z.mp4
[tls @ 0x7f9f8f204400] IO error: End of file
[https @ 0x7f9f8f204240] Error reading HTTP response: End of file
[tls @ 0x7f9f8f567000] IO error: End of file
[https @ 0x7f9f8f505800] Error reading HTTP response: End of file
[tls @ 0x7f9f8f50b400] IO error: End of file
[https @ 0x7f9f8f51dc40] Error reading HTTP response: End of file
[tls @ 0x7f9f8f409940] IO error: End of file
[https @ 0x7f9f8f411280] Error reading HTTP response: End of file
[tls @ 0x7f9f8f240500] IO error: End of file
[https @ 0x7f9f8f2219c0] Error reading HTTP response: End of file
[tls @ 0x7f9f8f567000] IO error: End of file
[https @ 0x7f9f8f53d700] Error reading HTTP response: End of file
[tls @ 0x7f9f8f375600] IO error: End of file
[https @ 0x7f9f8f371a00] Error reading HTTP response: End of file
[2026-04-12T17:11:04.672209] Saved clip /Users/Chen/PycharmProjects/CSCI_6234_Final/recordings/cam223/clips/2026/04/12/cam223_20260412T211022Z.mp4 (3107491 bytes)
[2026-04-12T17:11:05.186059] Starting 60-second capture -> /Users/Chen/PycharmProjects/CSCI_6234_Final/recordings/cam223/clips/2026/04/12/cam223_20260412T211105Z.mp4
[tls @ 0x7fe8bce04680] IO error: End of file
[https @ 0x7fe8bce04540] Error reading HTTP response: End of file
[tls @ 0x7fe8bce72b00] IO error: End of file
[https @ 0x7fe8bce47a40] Error reading HTTP response: End of file
[tls @ 0x7fe8ac829cc0] IO error: End of file
[https @ 0x7fe8ac83bf00] Error reading HTTP response: End of file
[tls @ 0x7fe8bcd05c80] IO error: End of file
[https @ 0x7fe8bcd05bc0] Error reading HTTP response: End of file
[tls @ 0x7fe8bce10340] IO error: End of file
[https @ 0x7fe8bce0ab40] Error reading HTTP response: End of file
[tls @ 0x7fe8abf12700] IO error: End of file
[https @ 0x7fe8abf245c0] Error reading HTTP response: End of file
[tls @ 0x7fe8bce72b00] IO error: End of file
[https @ 0x7fe8bce484c0] Error reading HTTP response: End of file
[2026-04-12T17:11:47.930923] Saved clip /Users/Chen/PycharmProjects/CSCI_6234_Final/recordings/cam223/clips/2026/04/12/cam223_20260412T211105Z.mp4 (3110508 bytes)
[2026-04-12T17:11:48.443452] Starting 60-second capture -> /Users/Chen/PycharmProjects/CSCI_6234_Final/recordings/cam223/clips/2026/04/12/cam223_20260412T211148Z.mp4
[tls @ 0x7fba9df06ac0] IO error: End of file
[https @ 0x7fba9df06580] Error reading HTTP response: End of file
[tls @ 0x7fba9dd2f180] IO error: End of file
[https @ 0x7fba9dd407c0] Error reading HTTP response: End of file
[tls @ 0x7fba9df1ba00] IO error: End of file
[https @ 0x7fba9df1d780] Error reading HTTP response: End of file
[tls @ 0x7fba9d957580] IO error: End of file
[https @ 0x7fba9d904380] Error reading HTTP response: End of file
[2026-04-12T17:12:31.428498] Saved clip /Users/Chen/PycharmProjects/CSCI_6234_Final/recordings/cam223/clips/2026/04/12/cam223_20260412T211148Z.mp4 (3109070 bytes)
[2026-04-12T17:12:31.954260] Starting 60-second capture -> /Users/Chen/PycharmProjects/CSCI_6234_Final/recordings/cam223/clips/2026/04/12/cam223_20260412T211231Z.mp4
[tls @ 0x7fa59e304800] IO error: End of file
[https @ 0x7fa59e3046c0] Error reading HTTP response: End of file
[tls @ 0x7fa58d724740] IO error: End of file
[https @ 0x7fa58d72f580] Error reading HTTP response: End of file
[tls @ 0x7fa59e30d180] IO error: End of file
[https @ 0x7fa59e3116c0] Error reading HTTP response: End of file
[tls @ 0x7fa58d72f580] IO error: End of file
[https @ 0x7fa58d724740] Error reading HTTP response: End of file
[tls @ 0x7fa59e543880] IO error: End of file
[https @ 0x7fa59e54c500] Error reading HTTP response: End of file
[tls @ 0x7fa58d724740] IO error: End of file
[https @ 0x7fa58d724800] Error reading HTTP response: End of file
[tls @ 0x7fa58d742480] IO error: End of file
[https @ 0x7fa58d72ba40] Error reading HTTP response: End of file
[2026-04-12T17:13:14.967274] Saved clip /Users/Chen/PycharmProjects/CSCI_6234_Final/recordings/cam223/clips/2026/04/12/cam223_20260412T211231Z.mp4 (3114705 bytes)
[2026-04-12T17:13:15.474443] Starting 60-second capture -> /Users/Chen/PycharmProjects/CSCI_6234_Final/recordings/cam223/clips/2026/04/12/cam223_20260412T211315Z.mp4
[tls @ 0x7f80cb104500] IO error: End of file
[https @ 0x7f80cb1043c0] Error reading HTTP response: End of file
[tls @ 0x7f80cb156e80] IO error: End of file
[https @ 0x7f80cb156dc0] Error reading HTTP response: End of file
[tls @ 0x7f80ca732980] IO error: End of file
[https @ 0x7f80ca726580] Error reading HTTP response: End of file
[tls @ 0x7f80cb131900] IO error: End of file
[https @ 0x7f80cb1187c0] Error reading HTTP response: End of file
[tls @ 0x7f80cb156e80] IO error: End of file
[https @ 0x7f80cb156dc0] Error reading HTTP response: End of file
[tls @ 0x7f80db212e40] IO error: End of file
[https @ 0x7f80db20de40] Error reading HTTP response: End of file
[2026-04-12T17:13:58.424968] Saved clip /Users/Chen/PycharmProjects/CSCI_6234_Final/recordings/cam223/clips/2026/04/12/cam223_20260412T211315Z.mp4 (3114294 bytes)
[2026-04-12T17:13:58.941097] Starting 60-second capture -> /Users/Chen/PycharmProjects/CSCI_6234_Final/recordings/cam223/clips/2026/04/12/cam223_20260412T211358Z.mp4
[tls @ 0x7faa3bf04b40] IO error: End of file
[https @ 0x7faa3bf04a00] Error reading HTTP response: End of file
[tls @ 0x7faa3bf4e580] IO error: End of file
[https @ 0x7faa3bf60780] Error reading HTTP response: End of file
[tls @ 0x7faa3bf4e580] IO error: End of file
[https @ 0x7faa3bf4a980] Error reading HTTP response: End of file
[tls @ 0x7faa3bf1d080] IO error: End of file
[https @ 0x7faa3bf1a600] Error reading HTTP response: End of file
[tls @ 0x7faa4ca04380] IO error: End of file
[https @ 0x7faa3bf60780] Error reading HTTP response: End of file
[2026-04-12T17:14:41.976054] Saved clip /Users/Chen/PycharmProjects/CSCI_6234_Final/recordings/cam223/clips/2026/04/12/cam223_20260412T211358Z.mp4 (3108733 bytes)
[2026-04-12T17:14:42.484455] Starting 60-second capture -> /Users/Chen/PycharmProjects/CSCI_6234_Final/recordings/cam223/clips/2026/04/12/cam223_20260412T211442Z.mp4
[tls @ 0x7f7db7804680] IO error: End of file
[https @ 0x7f7db7804540] Error reading HTTP response: End of file
[tls @ 0x7f7db7b40980] IO error: End of file
[https @ 0x7f7db794ee40] Error reading HTTP response: End of file
[tls @ 0x7f7db7b1ca40] IO error: End of file
[https @ 0x7f7db7b18e40] Error reading HTTP response: End of file
[tls @ 0x7f7db7a2b480] IO error: End of file
[https @ 0x7f7db7a15580] Error reading HTTP response: End of file
[tls @ 0x7f7db783a280] IO error: End of file
[https @ 0x7f7db7941080] Error reading HTTP response: End of file
[tls @ 0x7f7db7941340] IO error: End of file
[https @ 0x7f7db794ee40] Error reading HTTP response: End of file
[tls @ 0x7f7db7a2b480] IO error: End of file
[https @ 0x7f7db7a04a00] Error reading HTTP response: End of file
[2026-04-12T17:15:25.106195] Saved clip /Users/Chen/PycharmProjects/CSCI_6234_Final/recordings/cam223/clips/2026/04/12/cam223_20260412T211442Z.mp4 (3107330 bytes)
[2026-04-12T17:15:25.619814] Starting 60-second capture -> /Users/Chen/PycharmProjects/CSCI_6234_Final/recordings/cam223/clips/2026/04/12/cam223_20260412T211525Z.mp4
[tls @ 0x7f7e66804380] IO error: End of file
[https @ 0x7f7e66804240] Error reading HTTP response: End of file
[tls @ 0x7f7e76355800] IO error: End of file
[https @ 0x7f7e76352700] Error reading HTTP response: End of file
[tls @ 0x7f7e6570d200] IO error: End of file
[https @ 0x7f7e65712080] Error reading HTTP response: End of file
[tls @ 0x7f7e6570d200] IO error: End of file
[https @ 0x7f7e65712140] Error reading HTTP response: End of file
[2026-04-12T17:16:08.971214] Saved clip /Users/Chen/PycharmProjects/CSCI_6234_Final/recordings/cam223/clips/2026/04/12/cam223_20260412T211525Z.mp4 (3110756 bytes)
[2026-04-12T17:16:09.481299] Starting 60-second capture -> /Users/Chen/PycharmProjects/CSCI_6234_Final/recordings/cam223/clips/2026/04/12/cam223_20260412T211609Z.mp4
[tls @ 0x7faca7d06100] IO error: End of file
[https @ 0x7faca7d05a40] Error reading HTTP response: End of file
[tls @ 0x7fac96735dc0] IO error: End of file
[https @ 0x7fac9672af00] Error reading HTTP response: End of file
[tls @ 0x7faca7d05b00] IO error: End of file
[https @ 0x7faca7d05a40] Error reading HTTP response: End of file
[tls @ 0x7fac9786d280] IO error: End of file
[https @ 0x7fac97869680] Error reading HTTP response: End of file
[2026-04-12T17:16:53.984489] Saved clip /Users/Chen/PycharmProjects/CSCI_6234_Final/recordings/cam223/clips/2026/04/12/cam223_20260412T211609Z.mp4 (3108975 bytes)
[2026-04-12T17:16:54.493943] Starting 60-second capture -> /Users/Chen/PycharmProjects/CSCI_6234_Final/recordings/cam223/clips/2026/04/12/cam223_20260412T211654Z.mp4
[tls @ 0x7fde3f104680] IO error: End of file
[https @ 0x7fde3f104540] Error reading HTTP response: End of file
[tls @ 0x7fde3f3065c0] IO error: End of file
[https @ 0x7fde3f306480] Error reading HTTP response: End of file
[tls @ 0x7fde3f142540] IO error: End of file
[https @ 0x7fde3f148900] Error reading HTTP response: End of file
[tls @ 0x7fde3f132f40] IO error: End of file
[https @ 0x7fde3f13e940] Error reading HTTP response: End of file
[tls @ 0x7fde3f21ab40] IO error: End of file
[https @ 0x7fde3f226d00] Error reading HTTP response: End of file
[tls @ 0x7fde3f09b440] IO error: End of file
[https @ 0x7fde3f018980] Error reading HTTP response: End of file
[tls @ 0x7fde3f10bcc0] IO error: End of file
[https @ 0x7fde3f13e940] Error reading HTTP response: End of file
[tls @ 0x7fde3f0897c0] IO error: End of file
[https @ 0x7fde3f085180] Error reading HTTP response: End of file
[2026-04-12T17:17:37.000903] Saved clip /Users/Chen/PycharmProjects/CSCI_6234_Final/recordings/cam223/clips/2026/04/12/cam223_20260412T211654Z.mp4 (3110767 bytes)
[2026-04-12T17:17:37.515015] Starting 60-second capture -> /Users/Chen/PycharmProjects/CSCI_6234_Final/recordings/cam223/clips/2026/04/12/cam223_20260412T211737Z.mp4
[tls @ 0x7f950b204b00] IO error: End of file
[https @ 0x7f950b2049c0] Error reading HTTP response: End of file
[tls @ 0x7f950b4167c0] IO error: End of file
[https @ 0x7f950b450500] Error reading HTTP response: End of file
[tls @ 0x7f950b4167c0] IO error: End of file
[https @ 0x7f950b451780] Error reading HTTP response: End of file
[tls @ 0x7f950b4167c0] IO error: End of file
[https @ 0x7f950b41c500] Error reading HTTP response: End of file
[tls @ 0x7f950b51f500] IO error: End of file
[https @ 0x7f950b523f40] Error reading HTTP response: End of file
[2026-04-12T17:18:21.696486] Saved clip /Users/Chen/PycharmProjects/CSCI_6234_Final/recordings/cam223/clips/2026/04/12/cam223_20260412T211737Z.mp4 (3105828 bytes)
[2026-04-12T17:18:22.218223] Starting 60-second capture -> /Users/Chen/PycharmProjects/CSCI_6234_Final/recordings/cam223/clips/2026/04/12/cam223_20260412T211822Z.mp4
[tls @ 0x7fcace004680] IO error: End of file
[https @ 0x7fcace004540] Error reading HTTP response: End of file
[tls @ 0x7fcade4550c0] IO error: End of file
[https @ 0x7fcade430980] Error reading HTTP response: End of file
[tls @ 0x7fcade41b240] IO error: End of file
[https @ 0x7fcade4308c0] Error reading HTTP response: End of file
[tls @ 0x7fcace11a5c0] IO error: End of file
[https @ 0x7fcace116040] Error reading HTTP response: End of file
[tls @ 0x7fcade41ba00] IO error: End of file
[https @ 0x7fcade431fc0] Error reading HTTP response: End of file
[tls @ 0x7fcade44cd40] IO error: End of file
[https @ 0x7fcace004cc0] Error reading HTTP response: End of file
[tls @ 0x7fcace00fd40] IO error: End of file
[https @ 0x7fcace00fc80] Error reading HTTP response: End of file
[2026-04-12T17:19:04.776532] Saved clip /Users/Chen/PycharmProjects/CSCI_6234_Final/recordings/cam223/clips/2026/04/12/cam223_20260412T211822Z.mp4 (3103173 bytes)
[2026-04-12T17:19:05.294273] Starting 60-second capture -> /Users/Chen/PycharmProjects/CSCI_6234_Final/recordings/cam223/clips/2026/04/12/cam223_20260412T211905Z.mp4
[tls @ 0x7ff65f006380] IO error: End of file
[https @ 0x7ff65f006240] Error reading HTTP response: End of file
[tls @ 0x7ff65e73d4c0] IO error: End of file
[https @ 0x7ff65e73ab40] Error reading HTTP response: End of file
[tls @ 0x7ff64e81c780] IO error: End of file
[https @ 0x7ff64e82acc0] Error reading HTTP response: End of file
[tls @ 0x7ff65f02f3c0] IO error: End of file
[https @ 0x7ff65f012840] Error reading HTTP response: End of file
[tls @ 0x7ff64e80ca40] IO error: End of file
[https @ 0x7ff64e816180] Error reading HTTP response: End of file
[2026-04-12T17:19:49.707882] Saved clip /Users/Chen/PycharmProjects/CSCI_6234_Final/recordings/cam223/clips/2026/04/12/cam223_20260412T211905Z.mp4 (3114055 bytes)
[2026-04-12T17:19:50.225960] Starting 60-second capture -> /Users/Chen/PycharmProjects/CSCI_6234_Final/recordings/cam223/clips/2026/04/12/cam223_20260412T211950Z.mp4
[tls @ 0x7fdb26004380] IO error: End of file
[https @ 0x7fdb26004240] Error reading HTTP response: End of file
[tls @ 0x7fdb25747840] IO error: End of file
[https @ 0x7fdb25747700] Error reading HTTP response: End of file
[tls @ 0x7fdb363095c0] IO error: End of file
[https @ 0x7fdb36316400] Error reading HTTP response: End of file
[tls @ 0x7fdb36329540] IO error: End of file
[https @ 0x7fdb36329700] Error reading HTTP response: End of file
[tls @ 0x7fdb36309580] IO error: End of file
[https @ 0x7fdb363418c0] Error reading HTTP response: End of file
[tls @ 0x7fdb2600f180] IO error: End of file
[https @ 0x7fdb2603d600] Error reading HTTP response: End of file
[tls @ 0x7fdb3646b040] IO error: End of file
[https @ 0x7fdb36464640] Error reading HTTP response: End of file
[2026-04-12T17:20:33.721754] Saved clip /Users/Chen/PycharmProjects/CSCI_6234_Final/recordings/cam223/clips/2026/04/12/cam223_20260412T211950Z.mp4 (3109448 bytes)
[2026-04-12T17:20:34.232358] Starting 60-second capture -> /Users/Chen/PycharmProjects/CSCI_6234_Final/recordings/cam223/clips/2026/04/12/cam223_20260412T212034Z.mp4
[tls @ 0x7fa1677282c0] IO error: End of file
[https @ 0x7fa167740180] Error reading HTTP response: End of file
[tls @ 0x7fa17002ff40] IO error: End of file
[https @ 0x7fa170037280] Error reading HTTP response: End of file
[tls @ 0x7fa17012b600] IO error: End of file
[https @ 0x7fa170133440] Error reading HTTP response: End of file
[tls @ 0x7fa17011fec0] IO error: End of file
[https @ 0x7fa178329740] Error reading HTTP response: End of file
[tls @ 0x7fa178314c40] IO error: End of file
[https @ 0x7fa1783049c0] Error reading HTTP response: End of file
[tls @ 0x7fa178337480] IO error: End of file
[https @ 0x7fa17835f900] Error reading HTTP response: End of file
[2026-04-12T17:21:06.446045] Saved clip /Users/Chen/PycharmProjects/CSCI_6234_Final/recordings/cam223/clips/2026/04/12/cam223_20260412T212034Z.mp4 (3105144 bytes)
[2026-04-12T17:21:06.962407] Starting 60-second capture -> /Users/Chen/PycharmProjects/CSCI_6234_Final/recordings/cam223/clips/2026/04/12/cam223_20260412T212106Z.mp4
[tls @ 0x7fc829704500] IO error: End of file
[https @ 0x7fc829704400] Error reading HTTP response: End of file
[tls @ 0x7fc83a35d7c0] IO error: End of file
[https @ 0x7fc83a34f580] Error reading HTTP response: End of file
[tls @ 0x7fc82a068500] IO error: End of file
[https @ 0x7fc82a064940] Error reading HTTP response: End of file
[tls @ 0x7fc829723d00] IO error: End of file
[https @ 0x7fc829721680] Error reading HTTP response: End of file
[2026-04-12T17:21:49.089961] Saved clip /Users/Chen/PycharmProjects/CSCI_6234_Final/recordings/cam223/clips/2026/04/12/cam223_20260412T212106Z.mp4 (3113709 bytes)
[2026-04-12T17:21:49.605865] Starting 60-second capture -> /Users/Chen/PycharmProjects/CSCI_6234_Final/recordings/cam223/clips/2026/04/12/cam223_20260412T212149Z.mp4
[tls @ 0x7fe59ff04940] IO error: End of file
[https @ 0x7fe59ff04800] Error reading HTTP response: End of file
[tls @ 0x7fe5b882c540] IO error: End of file
[https @ 0x7fe5b8853b40] Error reading HTTP response: End of file
[tls @ 0x7fe59ff09100] IO error: End of file
[https @ 0x7fe59ff04b40] Error reading HTTP response: End of file
[tls @ 0x7fe5b882c540] IO error: End of file
[https @ 0x7fe5b883dd40] Error reading HTTP response: End of file
[tls @ 0x7fe5b88168c0] IO error: End of file
[https @ 0x7fe5b8815dc0] Error reading HTTP response: End of file
[tls @ 0x7fe5b882c540] IO error: End of file
[https @ 0x7fe5b8887800] Error reading HTTP response: End of file
[tls @ 0x7fe5b897aac0] IO error: End of file
[https @ 0x7fe5b890e080] Error reading HTTP response: End of file
[2026-04-12T17:22:32.581638] Saved clip /Users/Chen/PycharmProjects/CSCI_6234_Final/recordings/cam223/clips/2026/04/12/cam223_20260412T212149Z.mp4 (3111466 bytes)
[2026-04-12T17:22:33.095172] Starting 60-second capture -> /Users/Chen/PycharmProjects/CSCI_6234_Final/recordings/cam223/clips/2026/04/12/cam223_20260412T212233Z.mp4
[tls @ 0x7fcf998048c0] IO error: End of file
[https @ 0x7fcf99804780] Error reading HTTP response: End of file
[tls @ 0x7fcfad0440c0] IO error: End of file
[https @ 0x7fcf99915f40] Error reading HTTP response: End of file
[tls @ 0x7fcf9870bf00] IO error: End of file
[https @ 0x7fcf98733bc0] Error reading HTTP response: End of file
[tls @ 0x7fcf9873bb00] IO error: End of file
[https @ 0x7fcf98751ac0] Error reading HTTP response: End of file
[tls @ 0x7fcfad0462c0] IO error: End of file
[https @ 0x7fcfad0465c0] Error reading HTTP response: End of file
[tls @ 0x7fcf9992b200] IO error: End of file
[https @ 0x7fcf99935940] Error reading HTTP response: End of file
[tls @ 0x7fcf998b4540] IO error: End of file
[https @ 0x7fcf998b0940] Error reading HTTP response: End of file
[tls @ 0x7fcf9871c880] IO error: End of file
[https @ 0x7fcf98730e00] Error reading HTTP response: End of file
[2026-04-12T17:23:16.243457] Saved clip /Users/Chen/PycharmProjects/CSCI_6234_Final/recordings/cam223/clips/2026/04/12/cam223_20260412T212233Z.mp4 (3111159 bytes)
[2026-04-12T17:23:16.752025] Starting 60-second capture -> /Users/Chen/PycharmProjects/CSCI_6234_Final/recordings/cam223/clips/2026/04/12/cam223_20260412T212316Z.mp4
[tls @ 0x7f8effa09540] IO error: End of file
[https @ 0x7f8eeef15cc0] Error reading HTTP response: End of file
[tls @ 0x7f8edef15a40] IO error: End of file
[https @ 0x7f8edef20e40] Error reading HTTP response: End of file
[tls @ 0x7f8eeef2a000] IO error: End of file
[https @ 0x7f8edef0bac0] Error reading HTTP response: End of file
[tls @ 0x7f8edef15a40] IO error: End of file
[https @ 0x7f8edef28940] Error reading HTTP response: End of file
[tls @ 0x7f8edef51040] IO error: End of file
[https @ 0x7f8edef4b080] Error reading HTTP response: End of file
[tls @ 0x7f8eeef44d00] IO error: End of file
[https @ 0x7f8eeef7bf00] Error reading HTTP response: End of file
[tls @ 0x7f8eeef1c6c0] IO error: End of file
[https @ 0x7f8eeef4c740] Error reading HTTP response: End of file
[2026-04-12T17:23:59.445442] Saved clip /Users/Chen/PycharmProjects/CSCI_6234_Final/recordings/cam223/clips/2026/04/12/cam223_20260412T212316Z.mp4 (3113873 bytes)
[2026-04-12T17:23:59.961199] Starting 60-second capture -> /Users/Chen/PycharmProjects/CSCI_6234_Final/recordings/cam223/clips/2026/04/12/cam223_20260412T212359Z.mp4
[tls @ 0x7fe171f04680] IO error: End of file
[https @ 0x7fe171f04540] Error reading HTTP response: End of file
[tls @ 0x7fe172b09840] IO error: End of file
[https @ 0x7fe172b24bc0] Error reading HTTP response: End of file
[tls @ 0x7fe172904480] IO error: End of file
[https @ 0x7fe172904380] Error reading HTTP response: End of file
[tls @ 0x7fe1729247c0] IO error: End of file
[https @ 0x7fe172919c40] Error reading HTTP response: End of file
[tls @ 0x7fe18293ff00] IO error: End of file
[https @ 0x7fe182946100] Error reading HTTP response: End of file
[tls @ 0x7fe182920a80] IO error: End of file
[https @ 0x7fe18295aa00] Error reading HTTP response: End of file
[tls @ 0x7fe18293e4c0] IO error: End of file
[https @ 0x7fe18293b980] Error reading HTTP response: End of file
[2026-04-12T17:24:42.580853] Saved clip /Users/Chen/PycharmProjects/CSCI_6234_Final/recordings/cam223/clips/2026/04/12/cam223_20260412T212359Z.mp4 (3106644 bytes)
[2026-04-12T17:24:43.094224] Starting 60-second capture -> /Users/Chen/PycharmProjects/CSCI_6234_Final/recordings/cam223/clips/2026/04/12/cam223_20260412T212443Z.mp4
[tls @ 0x7f88f3a05e00] IO error: End of file
[https @ 0x7f88f3a05cc0] Error reading HTTP response: End of file
[tls @ 0x7f88e400d1c0] IO error: End of file
[https @ 0x7f88e4004500] Error reading HTTP response: End of file
[tls @ 0x7f88e4004d80] IO error: End of file
[https @ 0x7f88e4004c80] Error reading HTTP response: End of file
[tls @ 0x7f88e2f1a480] IO error: End of file
[https @ 0x7f88e2f49bc0] Error reading HTTP response: End of file
[tls @ 0x7f88e4050040] IO error: End of file
[https @ 0x7f88e4062280] Error reading HTTP response: End of file
[tls @ 0x7f88e400ea40] IO error: End of file
[https @ 0x7f88e4004f40] Error reading HTTP response: End of file
[2026-04-12T17:25:16.171288] Saved clip /Users/Chen/PycharmProjects/CSCI_6234_Final/recordings/cam223/clips/2026/04/12/cam223_20260412T212443Z.mp4 (3112874 bytes)
[2026-04-12T17:25:16.683556] Starting 60-second capture -> /Users/Chen/PycharmProjects/CSCI_6234_Final/recordings/cam223/clips/2026/04/12/cam223_20260412T212516Z.mp4
[tls @ 0x7ff3b8f05080] IO error: End of file
[https @ 0x7ff3b8f049c0] Error reading HTTP response: End of file
[tls @ 0x7ff3c9c3e2c0] IO error: End of file
[https @ 0x7ff3c9c378c0] Error reading HTTP response: End of file
[tls @ 0x7ff3c9c13e40] IO error: End of file
[https @ 0x7ff3c9c22840] Error reading HTTP response: End of file
[tls @ 0x7ff3b9823300] IO error: End of file
[https @ 0x7ff3b9804100] Error reading HTTP response: End of file
[tls @ 0x7ff3c9b4a200] IO error: End of file
[https @ 0x7ff3c9b44200] Error reading HTTP response: End of file
[tls @ 0x7ff3c9b2bf00] IO error: End of file
[https @ 0x7ff3c9b44a40] Error reading HTTP response: End of file
[tls @ 0x7ff3c9c24480] IO error: End of file
[https @ 0x7ff3c9c23880] Error reading HTTP response: End of file
[2026-04-12T17:25:59.554014] Saved clip /Users/Chen/PycharmProjects/CSCI_6234_Final/recordings/cam223/clips/2026/04/12/cam223_20260412T212516Z.mp4 (3103515 bytes)
[2026-04-12T17:26:00.061978] Starting 60-second capture -> /Users/Chen/PycharmProjects/CSCI_6234_Final/recordings/cam223/clips/2026/04/12/cam223_20260412T212600Z.mp4
[tls @ 0x7f8cd7f04680] IO error: End of file
[https @ 0x7f8cd7f04540] Error reading HTTP response: End of file
[tls @ 0x7f8cd7f38f00] IO error: End of file
[https @ 0x7f8cd7f2cf00] Error reading HTTP response: End of file
[tls @ 0x7f8ce7f1fcc0] IO error: End of file
[https @ 0x7f8ce7f2e680] Error reading HTTP response: End of file
[tls @ 0x7f8ce1028ec0] IO error: End of file
[https @ 0x7f8ce102ec00] Error reading HTTP response: End of file
[tls @ 0x7f8cd7f04a00] IO error: End of file
[https @ 0x7f8cd7f4e600] Error reading HTTP response: End of file
[tls @ 0x7f8cd7f08c80] IO error: End of file
[https @ 0x7f8cd7f0a040] Error reading HTTP response: End of file
[tls @ 0x7f8cd7f04a00] IO error: End of file
[https @ 0x7f8cd7f587c0] Error reading HTTP response: End of file
[2026-04-12T17:26:42.570458] Saved clip /Users/Chen/PycharmProjects/CSCI_6234_Final/recordings/cam223/clips/2026/04/12/cam223_20260412T212600Z.mp4 (3105304 bytes)
[2026-04-12T17:26:43.078711] Starting 60-second capture -> /Users/Chen/PycharmProjects/CSCI_6234_Final/recordings/cam223/clips/2026/04/12/cam223_20260412T212643Z.mp4
[tls @ 0x7fa9c6204b80] IO error: End of file
[https @ 0x7fa9c6204a80] Error reading HTTP response: End of file
[tls @ 0x7fa9c650e2c0] IO error: End of file
[https @ 0x7fa9b4f8de00] Error reading HTTP response: End of file
[tls @ 0x7fa9c661a000] IO error: End of file
[https @ 0x7fa9c661b880] Error reading HTTP response: End of file
[tls @ 0x7fa9b4f06a00] IO error: End of file
[https @ 0x7fa9b4f06900] Error reading HTTP response: End of file
[tls @ 0x7fa9c650e2c0] IO error: End of file
[https @ 0x7fa9c651e3c0] Error reading HTTP response: End of file
[tls @ 0x7fa9b4f6f840] IO error: End of file
[https @ 0x7fa9b4f9bd00] Error reading HTTP response: End of file
[tls @ 0x7fa9b4f47900] IO error: End of file
[https @ 0x7fa9b4f5bc40] Error reading HTTP response: End of file
[2026-04-12T17:27:26.098050] Saved clip /Users/Chen/PycharmProjects/CSCI_6234_Final/recordings/cam223/clips/2026/04/12/cam223_20260412T212643Z.mp4 (3109552 bytes)
[2026-04-12T17:27:26.636833] Starting 60-second capture -> /Users/Chen/PycharmProjects/CSCI_6234_Final/recordings/cam223/clips/2026/04/12/cam223_20260412T212726Z.mp4
[tls @ 0x7fce45704500] IO error: End of file
[https @ 0x7fce457043c0] Error reading HTTP response: End of file
[tls @ 0x7fce4570dec0] IO error: End of file
[https @ 0x7fce4571d700] Error reading HTTP response: End of file
[tls @ 0x7fce461300c0] IO error: End of file
[https @ 0x7fce4612fc40] Error reading HTTP response: End of file
[tls @ 0x7fce461300c0] IO error: End of file
[https @ 0x7fce4612fe40] Error reading HTTP response: End of file
[2026-04-12T17:28:09.642656] Saved clip /Users/Chen/PycharmProjects/CSCI_6234_Final/recordings/cam223/clips/2026/04/12/cam223_20260412T212726Z.mp4 (3113781 bytes)
[2026-04-12T17:28:10.154711] Starting 60-second capture -> /Users/Chen/PycharmProjects/CSCI_6234_Final/recordings/cam223/clips/2026/04/12/cam223_20260412T212810Z.mp4
[tls @ 0x7fe2bf504280] IO error: End of file
[https @ 0x7fe2bf504180] Error reading HTTP response: End of file
[tls @ 0x7fe2bf317600] IO error: End of file
[https @ 0x7fe2bf317540] Error reading HTTP response: End of file
[tls @ 0x7fe2bf587f80] IO error: End of file
[https @ 0x7fe2bf57a140] Error reading HTTP response: End of file
[tls @ 0x7fe2ae750cc0] IO error: End of file
[https @ 0x7fe2ae75bd40] Error reading HTTP response: End of file
[2026-04-12T17:28:53.796375] Saved clip /Users/Chen/PycharmProjects/CSCI_6234_Final/recordings/cam223/clips/2026/04/12/cam223_20260412T212810Z.mp4 (3113532 bytes)
[2026-04-12T17:28:54.310447] Starting 60-second capture -> /Users/Chen/PycharmProjects/CSCI_6234_Final/recordings/cam223/clips/2026/04/12/cam223_20260412T212854Z.mp4
[tls @ 0x7fe6443062c0] IO error: End of file
[https @ 0x7fe644306200] Error reading HTTP response: End of file
[tls @ 0x7fe634858180] IO error: End of file
[https @ 0x7fe63484ccc0] Error reading HTTP response: End of file
[tls @ 0x7fe644418140] IO error: End of file
[https @ 0x7fe64441f700] Error reading HTTP response: End of file
[tls @ 0x7fe644305f40] IO error: End of file
[https @ 0x7fe644342280] Error reading HTTP response: End of file
[tls @ 0x7fe644346080] IO error: End of file
[https @ 0x7fe644328c80] Error reading HTTP response: End of file
[tls @ 0x7fe644343240] IO error: End of file
[https @ 0x7fe644325940] Error reading HTTP response: End of file
[2026-04-12T17:29:37.000436] Saved clip /Users/Chen/PycharmProjects/CSCI_6234_Final/recordings/cam223/clips/2026/04/12/cam223_20260412T212854Z.mp4 (3113073 bytes)
[2026-04-12T17:29:37.510586] Starting 60-second capture -> /Users/Chen/PycharmProjects/CSCI_6234_Final/recordings/cam223/clips/2026/04/12/cam223_20260412T212937Z.mp4
[tls @ 0x7fd80a405080] IO error: End of file
[https @ 0x7fd80a404ac0] Error reading HTTP response: End of file
[tls @ 0x7fd7f8f30000] IO error: End of file
[https @ 0x7fd7f8f2d980] Error reading HTTP response: End of file
[tls @ 0x7fd80a50e980] IO error: End of file
[https @ 0x7fd80a54bc40] Error reading HTTP response: End of file
[tls @ 0x7fd7fa004480] IO error: End of file
[https @ 0x7fd7fa004380] Error reading HTTP response: End of file
[tls @ 0x7fd80a61ad00] IO error: End of file
[https @ 0x7fd80a45dc80] Error reading HTTP response: End of file
[tls @ 0x7fd80a64bd40] IO error: End of file
[https @ 0x7fd80a608900] Error reading HTTP response: End of file
[2026-04-12T17:30:21.323941] Saved clip /Users/Chen/PycharmProjects/CSCI_6234_Final/recordings/cam223/clips/2026/04/12/cam223_20260412T212937Z.mp4 (3109329 bytes)
[2026-04-12T17:30:21.836434] Starting 60-second capture -> /Users/Chen/PycharmProjects/CSCI_6234_Final/recordings/cam223/clips/2026/04/12/cam223_20260412T213021Z.mp4
[tls @ 0x7fe03242ce00] IO error: End of file
[https @ 0x7fe032415180] Error reading HTTP response: End of file
[tls @ 0x7fe03242ce00] IO error: End of file
[https @ 0x7fe03247cec0] Error reading HTTP response: End of file
[tls @ 0x7fe0325634c0] IO error: End of file
[https @ 0x7fe03255f8c0] Error reading HTTP response: End of file
[tls @ 0x7fe03221dc40] IO error: End of file
[https @ 0x7fe03223b540] Error reading HTTP response: End of file
[tls @ 0x7fe03224e180] IO error: End of file
[https @ 0x7fe032204440] Error reading HTTP response: End of file
[tls @ 0x7fe03232a280] IO error: End of file
[https @ 0x7fe03232a1c0] Error reading HTTP response: End of file
[tls @ 0x7fe032336180] IO error: End of file
[https @ 0x7fe03233f740] Error reading HTTP response: End of file
[2026-04-12T17:31:05.263824] Saved clip /Users/Chen/PycharmProjects/CSCI_6234_Final/recordings/cam223/clips/2026/04/12/cam223_20260412T213021Z.mp4 (3116959 bytes)
[2026-04-12T17:31:05.777809] Starting 60-second capture -> /Users/Chen/PycharmProjects/CSCI_6234_Final/recordings/cam223/clips/2026/04/12/cam223_20260412T213105Z.mp4
[tls @ 0x7fecce004500] IO error: End of file
[https @ 0x7fecce0043c0] Error reading HTTP response: End of file
[tls @ 0x7fecce14e840] IO error: End of file
[https @ 0x7fecce14d580] Error reading HTTP response: End of file
[tls @ 0x7fecce14e840] IO error: End of file
[https @ 0x7fecce148500] Error reading HTTP response: End of file
[tls @ 0x7fecce14e840] IO error: End of file
[https @ 0x7fecce14d580] Error reading HTTP response: End of file
[2026-04-12T17:31:48.872837] Saved clip /Users/Chen/PycharmProjects/CSCI_6234_Final/recordings/cam223/clips/2026/04/12/cam223_20260412T213105Z.mp4 (3110654 bytes)
[2026-04-12T17:31:49.386587] Starting 60-second capture -> /Users/Chen/PycharmProjects/CSCI_6234_Final/recordings/cam223/clips/2026/04/12/cam223_20260412T213149Z.mp4
[tls @ 0x7fb529a04500] IO error: End of file
[https @ 0x7fb529a043c0] Error reading HTTP response: End of file
[tls @ 0x7fb529c21100] IO error: End of file
[https @ 0x7fb529c05680] Error reading HTTP response: End of file
[tls @ 0x7fb529b37940] IO error: End of file
[https @ 0x7fb529b2d680] Error reading HTTP response: End of file
[tls @ 0x7fb529c211c0] IO error: End of file
[https @ 0x7fb529c21100] Error reading HTTP response: End of file
[tls @ 0x7fb529ba73c0] IO error: End of file
[https @ 0x7fb529bae940] Error reading HTTP response: End of file
[tls @ 0x7fb529b8bfc0] IO error: End of file
[https @ 0x7fb529b8e540] Error reading HTTP response: End of file
[2026-04-12T17:32:33.159059] Saved clip /Users/Chen/PycharmProjects/CSCI_6234_Final/recordings/cam223/clips/2026/04/12/cam223_20260412T213149Z.mp4 (3105892 bytes)
[2026-04-12T17:32:33.676836] Starting 60-second capture -> /Users/Chen/PycharmProjects/CSCI_6234_Final/recordings/cam223/clips/2026/04/12/cam223_20260412T213233Z.mp4
[tls @ 0x7fba95704680] IO error: End of file
[https @ 0x7fba95704540] Error reading HTTP response: End of file
[tls @ 0x7fba95724600] IO error: End of file
[https @ 0x7fba95718600] Error reading HTTP response: End of file
[tls @ 0x7fba95724600] IO error: End of file
[https @ 0x7fba95719100] Error reading HTTP response: End of file
[tls @ 0x7fbaa6217800] IO error: End of file
[https @ 0x7fbaa6221680] Error reading HTTP response: End of file
[2026-04-12T17:33:09.332136] Saved clip /Users/Chen/PycharmProjects/CSCI_6234_Final/recordings/cam223/clips/2026/04/12/cam223_20260412T213233Z.mp4 (3117175 bytes)
[2026-04-12T17:33:09.844573] Starting 60-second capture -> /Users/Chen/PycharmProjects/CSCI_6234_Final/recordings/cam223/clips/2026/04/12/cam223_20260412T213309Z.mp4
[tls @ 0x7fd9a6704380] IO error: End of file
[https @ 0x7fd9a6704240] Error reading HTTP response: End of file
[tls @ 0x7fd9a6868a00] IO error: End of file
[https @ 0x7fd9a684d580] Error reading HTTP response: End of file
[tls @ 0x7fd9b7006600] IO error: End of file
[https @ 0x7fd9b7008880] Error reading HTTP response: End of file
[tls @ 0x7fd9a6960780] IO error: End of file
[https @ 0x7fd9a6957780] Error reading HTTP response: End of file
[2026-04-12T17:33:53.091851] Saved clip /Users/Chen/PycharmProjects/CSCI_6234_Final/recordings/cam223/clips/2026/04/12/cam223_20260412T213309Z.mp4 (3121643 bytes)
[2026-04-12T17:33:53.599490] Starting 60-second capture -> /Users/Chen/PycharmProjects/CSCI_6234_Final/recordings/cam223/clips/2026/04/12/cam223_20260412T213353Z.mp4
[tls @ 0x7f98d3a0d280] IO error: End of file
[https @ 0x7f98d3a0d140] Error reading HTTP response: End of file
[tls @ 0x7f98d3ca9300] IO error: End of file
[https @ 0x7f98d3ca2900] Error reading HTTP response: End of file
[tls @ 0x7f98d3b133c0] IO error: End of file
[https @ 0x7f98d3b2dc40] Error reading HTTP response: End of file
[tls @ 0x7f98d2f2d480] IO error: End of file
[https @ 0x7f98d2f3f680] Error reading HTTP response: End of file
[tls @ 0x7f98d3a0f700] IO error: End of file
[https @ 0x7f98d3a0ecc0] Error reading HTTP response: End of file
[tls @ 0x7f98d3b133c0] IO error: End of file
[https @ 0x7f98d3b1b9c0] Error reading HTTP response: End of file
[2026-04-12T17:34:26.172753] Saved clip /Users/Chen/PycharmProjects/CSCI_6234_Final/recordings/cam223/clips/2026/04/12/cam223_20260412T213353Z.mp4 (3111179 bytes)
[2026-04-12T17:34:26.690322] Starting 60-second capture -> /Users/Chen/PycharmProjects/CSCI_6234_Final/recordings/cam223/clips/2026/04/12/cam223_20260412T213426Z.mp4
[tls @ 0x7fce04505c80] IO error: End of file
[https @ 0x7fce04505b40] Error reading HTTP response: End of file
[tls @ 0x7fce04304280] IO error: End of file
[https @ 0x7fce043041c0] Error reading HTTP response: End of file
[tls @ 0x7fce04563380] IO error: End of file
[https @ 0x7fce04561e40] Error reading HTTP response: End of file
[tls @ 0x7fce04408c00] IO error: End of file
[https @ 0x7fce044108c0] Error reading HTTP response: End of file
[tls @ 0x7fcdf2f19300] IO error: End of file
[https @ 0x7fcdf2f22d80] Error reading HTTP response: End of file
[tls @ 0x7fce04519a40] IO error: End of file
[https @ 0x7fce04561e40] Error reading HTTP response: End of file
[2026-04-12T17:35:10.809844] Saved clip /Users/Chen/PycharmProjects/CSCI_6234_Final/recordings/cam223/clips/2026/04/12/cam223_20260412T213426Z.mp4 (3110118 bytes)
[2026-04-12T17:35:11.319136] Starting 60-second capture -> /Users/Chen/PycharmProjects/CSCI_6234_Final/recordings/cam223/clips/2026/04/12/cam223_20260412T213511Z.mp4
[tls @ 0x7f9b49c04e40] IO error: End of file
[https @ 0x7f9b49c05800] Error reading HTTP response: End of file
[tls @ 0x7f9b49804a40] IO error: End of file
[https @ 0x7f9b49804980] Error reading HTTP response: End of file
[tls @ 0x7f9b49a0a740] IO error: End of file
[https @ 0x7f9b49a39d00] Error reading HTTP response: End of file
[tls @ 0x7f9b49a3c3c0] IO error: End of file
[https @ 0x7f9b49a6f740] Error reading HTTP response: End of file
[tls @ 0x7f9b49a0a740] IO error: End of file
[https @ 0x7f9b49ab3b40] Error reading HTTP response: End of file
[tls @ 0x7f9b4997d6c0] IO error: End of file
[https @ 0x7f9b49979580] Error reading HTTP response: End of file
[tls @ 0x7f9b49998280] IO error: End of file
[https @ 0x7f9b49951640] Error reading HTTP response: End of file
[2026-04-12T17:35:54.612374] Saved clip /Users/Chen/PycharmProjects/CSCI_6234_Final/recordings/cam223/clips/2026/04/12/cam223_20260412T213511Z.mp4 (3110662 bytes)
[2026-04-12T17:35:55.117890] Starting 60-second capture -> /Users/Chen/PycharmProjects/CSCI_6234_Final/recordings/cam223/clips/2026/04/12/cam223_20260412T213555Z.mp4
[tls @ 0x7fc87c404840] IO error: End of file
[https @ 0x7fc87c405300] Error reading HTTP response: End of file
[tls @ 0x7fc86af04140] IO error: End of file
[https @ 0x7fc86af1b3c0] Error reading HTTP response: End of file
[tls @ 0x7fc86bb049c0] IO error: Connection reset by peer
[https @ 0x7fc86bb048c0] Error reading HTTP response: Connection reset by peer
[in#0/hls @ 0x7fc87c104540] keepalive request failed for 'https://itsvideo.arlingtonva.us:8013/live/cam223.stream/media_w1780795566_243938.ts' with error: 'Connection reset by peer' when opening url, retrying with new connection
[tls @ 0x7fc86b807280] IO error: End of file
[https @ 0x7fc86b805300] Error reading HTTP response: End of file
[tls @ 0x7fc86b809880] IO error: End of file
[https @ 0x7fc86b8097c0] Error reading HTTP response: End of file
[tls @ 0x7fc86b937340] IO error: End of file
[https @ 0x7fc86b948780] Error reading HTTP response: End of file
[tls @ 0x7fc86b91a400] IO error: End of file
[https @ 0x7fc86b914bc0] Error reading HTTP response: End of file
[2026-04-12T17:36:41.828143] Saved clip /Users/Chen/PycharmProjects/CSCI_6234_Final/recordings/cam223/clips/2026/04/12/cam223_20260412T213555Z.mp4 (3109188 bytes)
[2026-04-12T17:36:42.337844] Starting 60-second capture -> /Users/Chen/PycharmProjects/CSCI_6234_Final/recordings/cam223/clips/2026/04/12/cam223_20260412T213642Z.mp4
[tls @ 0x7fb219d04500] IO error: End of file
[https @ 0x7fb219d043c0] Error reading HTTP response: End of file
[tls @ 0x7fb208f234c0] IO error: End of file
[https @ 0x7fb208f578c0] Error reading HTTP response: End of file
[tls @ 0x7fb20a0637c0] IO error: End of file
[https @ 0x7fb20a0759c0] Error reading HTTP response: End of file
[tls @ 0x7fb20a053500] IO error: End of file
[https @ 0x7fb20a049ec0] Error reading HTTP response: End of file
[tls @ 0x7fb20a0637c0] IO error: End of file
[https @ 0x7fb20a05fbc0] Error reading HTTP response: End of file
[tls @ 0x7fb219d30e80] IO error: End of file
[https @ 0x7fb219d044c0] Error reading HTTP response: End of file
[tls @ 0x7fb219d076c0] IO error: End of file
[https @ 0x7fb219d0fa40] Error reading HTTP response: End of file
[2026-04-12T17:37:25.956496] Saved clip /Users/Chen/PycharmProjects/CSCI_6234_Final/recordings/cam223/clips/2026/04/12/cam223_20260412T213642Z.mp4 (3106125 bytes)
[2026-04-12T17:37:26.470002] Starting 60-second capture -> /Users/Chen/PycharmProjects/CSCI_6234_Final/recordings/cam223/clips/2026/04/12/cam223_20260412T213726Z.mp4
[tls @ 0x7fb929f04500] IO error: End of file
[https @ 0x7fb929f043c0] Error reading HTTP response: End of file
[tls @ 0x7fb93ab7df00] IO error: End of file
[https @ 0x7fb93ab95780] Error reading HTTP response: End of file
[tls @ 0x7fb929f04600] IO error: End of file
[https @ 0x7fb929f0a740] Error reading HTTP response: End of file
[tls @ 0x7fb8f9f04200] IO error: End of file
[https @ 0x7fb8f9f04140] Error reading HTTP response: End of file
[2026-04-12T17:38:10.442167] Saved clip /Users/Chen/PycharmProjects/CSCI_6234_Final/recordings/cam223/clips/2026/04/12/cam223_20260412T213726Z.mp4 (3108234 bytes)
[2026-04-12T17:38:10.952152] Starting 60-second capture -> /Users/Chen/PycharmProjects/CSCI_6234_Final/recordings/cam223/clips/2026/04/12/cam223_20260412T213810Z.mp4
[tls @ 0x7feaeb105a40] IO error: End of file
[https @ 0x7feaeb105980] Error reading HTTP response: End of file
[tls @ 0x7feaeb206500] IO error: End of file
[https @ 0x7feaeb20e840] Error reading HTTP response: End of file
[tls @ 0x7feaab004280] IO error: End of file
[https @ 0x7feaab0040c0] Error reading HTTP response: End of file
[tls @ 0x7feada705a00] IO error: End of file
[https @ 0x7feada705900] Error reading HTTP response: End of file
[2026-04-12T17:38:43.812947] Recorder thread stopped
[2026-04-12T17:39:02.736311] Recorder thread started
[2026-04-12T17:39:02.738654] Starting 60-second capture -> /Users/Chen/PycharmProjects/CSCI_6234_Final/recordings/cam223/clips/2026/04/12/cam223_20260412T213902Z.mp4
[tls @ 0x7ff00b305a00] IO error: End of file
[https @ 0x7ff00b305480] Error reading HTTP response: End of file
[tls @ 0x7ff00b609ac0] IO error: End of file
[https @ 0x7ff00b617640] Error reading HTTP response: End of file
[tls @ 0x7ff00b706440] IO error: End of file
[https @ 0x7ff00b706340] Error reading HTTP response: End of file
[tls @ 0x7ff00b708f80] IO error: End of file
[https @ 0x7ff00b705dc0] Error reading HTTP response: End of file
[tls @ 0x7ff00b71de40] IO error: End of file
[https @ 0x7ff00b71a1c0] Error reading HTTP response: End of file
[tls @ 0x7ff00b708f80] IO error: End of file
[https @ 0x7ff00b720380] Error reading HTTP response: End of file
[tls @ 0x7ff00b46af00] IO error: End of file
[https @ 0x7ff00b46aa80] Error reading HTTP response: End of file
[2026-04-12T17:39:45.256969] Saved clip /Users/Chen/PycharmProjects/CSCI_6234_Final/recordings/cam223/clips/2026/04/12/cam223_20260412T213902Z.mp4 (3108682 bytes)
[2026-04-12T17:39:45.766367] Starting 60-second capture -> /Users/Chen/PycharmProjects/CSCI_6234_Final/recordings/cam223/clips/2026/04/12/cam223_20260412T213945Z.mp4
[tls @ 0x7fcdf2b04680] IO error: End of file
[https @ 0x7fcdf2b04540] Error reading HTTP response: End of file
[tls @ 0x7fcdf2b0cc00] IO error: End of file
[https @ 0x7fcdf2b04780] Error reading HTTP response: End of file
[tls @ 0x7fcdf2b08100] IO error: End of file
[https @ 0x7fcdf2b08040] Error reading HTTP response: End of file
[tls @ 0x7fcdf2d0cfc0] IO error: End of file
[https @ 0x7fcdf2d1c880] Error reading HTTP response: End of file
[tls @ 0x7fcdf2e3be00] IO error: End of file
[https @ 0x7fcdf2e3b1c0] Error reading HTTP response: End of file
[tls @ 0x7fcdf2b10240] IO error: End of file
[https @ 0x7fcdf2d2a140] Error reading HTTP response: End of file
[tls @ 0x7fcdf2c2bb80] IO error: End of file
[https @ 0x7fcdf2c4f440] Error reading HTTP response: End of file
[2026-04-12T17:40:28.113960] Saved clip /Users/Chen/PycharmProjects/CSCI_6234_Final/recordings/cam223/clips/2026/04/12/cam223_20260412T213945Z.mp4 (3112480 bytes)
[2026-04-12T17:40:28.625781] Starting 60-second capture -> /Users/Chen/PycharmProjects/CSCI_6234_Final/recordings/cam223/clips/2026/04/12/cam223_20260412T214028Z.mp4
[tls @ 0x7f8062708900] IO error: End of file
[https @ 0x7f80627087c0] Error reading HTTP response: End of file
[tls @ 0x7f80327043c0] IO error: End of file
[https @ 0x7f8032704300] Error reading HTTP response: End of file
[tls @ 0x7f806270bec0] IO error: End of file
[https @ 0x7f806270bdc0] Error reading HTTP response: End of file
[tls @ 0x7f8042704280] IO error: End of file
[https @ 0x7f80427040c0] Error reading HTTP response: End of file
[tls @ 0x7f8032704600] IO error: End of file
[https @ 0x7f8032704540] Error reading HTTP response: End of file
[tls @ 0x7f8022705900] IO error: End of file
[https @ 0x7f8022707380] Error reading HTTP response: End of file
[tls @ 0x7f804270e740] IO error: End of file
[https @ 0x7f8042727fc0] Error reading HTTP response: End of file
[2026-04-12T17:41:10.945878] Saved clip /Users/Chen/PycharmProjects/CSCI_6234_Final/recordings/cam223/clips/2026/04/12/cam223_20260412T214028Z.mp4 (3111670 bytes)
[2026-04-12T17:41:11.454084] Starting 60-second capture -> /Users/Chen/PycharmProjects/CSCI_6234_Final/recordings/cam223/clips/2026/04/12/cam223_20260412T214111Z.mp4
[tls @ 0x7fc35b706580] IO error: End of file
[https @ 0x7fc35b7064c0] Error reading HTTP response: End of file
[tls @ 0x7fc35b045780] IO error: End of file
[https @ 0x7fc35b057980] Error reading HTTP response: End of file
[tls @ 0x7fc35b606080] IO error: End of file
[https @ 0x7fc35b605fc0] Error reading HTTP response: End of file
[tls @ 0x7fc31a7069c0] IO error: End of file
[https @ 0x7fc31a706900] Error reading HTTP response: End of file
[tls @ 0x7fc31a706840] IO error: End of file
[https @ 0x7fc31a706680] Error reading HTTP response: End of file
[tls @ 0x7fc34b805500] IO error: End of file
[https @ 0x7fc34b805440] Error reading HTTP response: End of file
[tls @ 0x7fc2fa704240] IO error: End of file
[https @ 0x7fc2fa704080] Error reading HTTP response: End of file
[tls @ 0x7fc35b60ad00] IO error: End of file
[https @ 0x7fc35b60c1c0] Error reading HTTP response: End of file
[2026-04-12T17:41:54.980733] Saved clip /Users/Chen/PycharmProjects/CSCI_6234_Final/recordings/cam223/clips/2026/04/12/cam223_20260412T214111Z.mp4 (3112069 bytes)
[2026-04-12T17:41:55.494468] Starting 60-second capture -> /Users/Chen/PycharmProjects/CSCI_6234_Final/recordings/cam223/clips/2026/04/12/cam223_20260412T214155Z.mp4
[tls @ 0x7faefe804500] IO error: End of file
[https @ 0x7faefe8043c0] Error reading HTTP response: End of file
[tls @ 0x7faefe810280] IO error: End of file
[https @ 0x7faefe817f40] Error reading HTTP response: End of file
[tls @ 0x7faefea1b2c0] IO error: End of file
[https @ 0x7faefea22880] Error reading HTTP response: End of file
[tls @ 0x7faefd714500] IO error: End of file
[https @ 0x7faefd714140] Error reading HTTP response: End of file
[tls @ 0x7faecd704900] IO error: End of file
[https @ 0x7faecd704840] Error reading HTTP response: End of file
[tls @ 0x7faefe930dc0] IO error: End of file
[https @ 0x7faefe930d00] Error reading HTTP response: End of file
[tls @ 0x7faefd712ec0] IO error: End of file
[https @ 0x7faefd704200] Error reading HTTP response: End of file
[2026-04-12T17:42:38.046918] Saved clip /Users/Chen/PycharmProjects/CSCI_6234_Final/recordings/cam223/clips/2026/04/12/cam223_20260412T214155Z.mp4 (3111470 bytes)
[2026-04-12T17:42:38.560321] Starting 60-second capture -> /Users/Chen/PycharmProjects/CSCI_6234_Final/recordings/cam223/clips/2026/04/12/cam223_20260412T214238Z.mp4
[tls @ 0x7ff013904140] IO error: End of file
[https @ 0x7ff023a05840] Error reading HTTP response: End of file
[tls @ 0x7ff023a0aa40] IO error: End of file
[https @ 0x7ff023a21900] Error reading HTTP response: End of file
[tls @ 0x7ff0139050c0] IO error: End of file
[https @ 0x7ff013905940] Error reading HTTP response: End of file
[tls @ 0x7ff023a0aa40] IO error: End of file
[https @ 0x7ff023a05800] Error reading HTTP response: End of file
[tls @ 0x7ff0138045c0] IO error: End of file
[https @ 0x7ff013875fc0] Error reading HTTP response: End of file
[tls @ 0x7ff013904900] IO error: End of file
[https @ 0x7ff013905900] Error reading HTTP response: End of file
[2026-04-12T17:43:20.648899] Saved clip /Users/Chen/PycharmProjects/CSCI_6234_Final/recordings/cam223/clips/2026/04/12/cam223_20260412T214238Z.mp4 (3109522 bytes)
[2026-04-12T17:43:21.163416] Starting 60-second capture -> /Users/Chen/PycharmProjects/CSCI_6234_Final/recordings/cam223/clips/2026/04/12/cam223_20260412T214321Z.mp4
[tls @ 0x7f859af04a40] IO error: End of file
[https @ 0x7f859af04900] Error reading HTTP response: End of file
[tls @ 0x7f859b848b80] IO error: End of file
[https @ 0x7f859b83e2c0] Error reading HTTP response: End of file
[tls @ 0x7f859b808a00] IO error: End of file
[https @ 0x7f859b8187c0] Error reading HTTP response: End of file
[tls @ 0x7f859b923800] IO error: End of file
[https @ 0x7f859b910740] Error reading HTTP response: End of file
[tls @ 0x7f859af4d040] IO error: End of file
[https @ 0x7f859af4e440] Error reading HTTP response: End of file
[tls @ 0x7f859b848b80] IO error: End of file
[https @ 0x7f859b81dbc0] Error reading HTTP response: End of file
[tls @ 0x7f859b983ac0] IO error: End of file
[https @ 0x7f859b981d00] Error reading HTTP response: End of file
[2026-04-12T17:44:04.963750] Saved clip /Users/Chen/PycharmProjects/CSCI_6234_Final/recordings/cam223/clips/2026/04/12/cam223_20260412T214321Z.mp4 (3107342 bytes)
[2026-04-12T17:44:05.477657] Starting 60-second capture -> /Users/Chen/PycharmProjects/CSCI_6234_Final/recordings/cam223/clips/2026/04/12/cam223_20260412T214405Z.mp4
[tls @ 0x7f9642a0a9c0] IO error: End of file
[https @ 0x7f9642a0a900] Error reading HTTP response: End of file
[tls @ 0x7f964291f240] IO error: End of file
[https @ 0x7f9642926600] Error reading HTTP response: End of file
[tls @ 0x7f9642a36980] IO error: End of file
[https @ 0x7f9642a28b80] Error reading HTTP response: End of file
[tls @ 0x7f9642d4c640] IO error: End of file
[https @ 0x7f9642d09d40] Error reading HTTP response: End of file
[tls @ 0x7f9642d31200] IO error: End of file
[https @ 0x7f9642d181c0] Error reading HTTP response: End of file
[tls @ 0x7f9642a09380] IO error: End of file
[https @ 0x7f9642a1d2c0] Error reading HTTP response: End of file
[tls @ 0x7f9642a16740] IO error: End of file
[https @ 0x7f9642a1d980] Error reading HTTP response: End of file
[tls @ 0x7f9642d52500] IO error: End of file
[https @ 0x7f9642d23ec0] Error reading HTTP response: End of file
[2026-04-12T17:44:49.416859] Saved clip /Users/Chen/PycharmProjects/CSCI_6234_Final/recordings/cam223/clips/2026/04/12/cam223_20260412T214405Z.mp4 (3110231 bytes)
[2026-04-12T17:44:49.932268] Starting 60-second capture -> /Users/Chen/PycharmProjects/CSCI_6234_Final/recordings/cam223/clips/2026/04/12/cam223_20260412T214449Z.mp4
[tls @ 0x7ff409f05100] IO error: End of file
[https @ 0x7ff409f04b80] Error reading HTTP response: End of file
[tls @ 0x7ff41a933140] IO error: End of file
[https @ 0x7ff41a965e80] Error reading HTTP response: End of file
[tls @ 0x7ff40a9049c0] IO error: End of file
[https @ 0x7ff40a9048c0] Error reading HTTP response: End of file
[tls @ 0x7ff40a871c40] IO error: End of file
[https @ 0x7ff40a87d800] Error reading HTTP response: End of file
[tls @ 0x7ff40a865a80] IO error: End of file
[https @ 0x7ff40a85e200] Error reading HTTP response: End of file
[tls @ 0x7ff409f84440] IO error: End of file
[https @ 0x7ff41a965e80] Error reading HTTP response: End of file
[tls @ 0x7ff409f0a080] IO error: End of file
[https @ 0x7ff409f2f8c0] Error reading HTTP response: End of file
[2026-04-12T17:45:32.773967] Saved clip /Users/Chen/PycharmProjects/CSCI_6234_Final/recordings/cam223/clips/2026/04/12/cam223_20260412T214449Z.mp4 (3110680 bytes)
[2026-04-12T17:45:33.285966] Starting 60-second capture -> /Users/Chen/PycharmProjects/CSCI_6234_Final/recordings/cam223/clips/2026/04/12/cam223_20260412T214533Z.mp4
[tls @ 0x7fb3f6a05c80] IO error: End of file
[https @ 0x7fb3f6a05bc0] Error reading HTTP response: End of file
[tls @ 0x7fb3f6a06b80] IO error: End of file
[https @ 0x7fb3f6a06ac0] Error reading HTTP response: End of file
[tls @ 0x7fb3e5f170c0] IO error: End of file
[https @ 0x7fb3e5f044c0] Error reading HTTP response: End of file
[tls @ 0x7fb3f6a04500] IO error: End of file
[https @ 0x7fb3f6a08900] Error reading HTTP response: End of file
[tls @ 0x7fb3f6a24c00] IO error: End of file
[https @ 0x7fb3f6a18c00] Error reading HTTP response: End of file
[tls @ 0x7fb3e5f38280] IO error: End of file
[https @ 0x7fb3e5f2d3c0] Error reading HTTP response: End of file
[tls @ 0x7fb3e69402c0] IO error: End of file
[https @ 0x7fb3e695c5c0] Error reading HTTP response: End of file
[tls @ 0x7fb3e69601c0] IO error: End of file
[https @ 0x7fb3e69597c0] Error reading HTTP response: End of file
[tls @ 0x7fb3e691e400] IO error: End of file
[https @ 0x7fb3e691a800] Error reading HTTP response: End of file
[2026-04-12T17:46:16.260519] Saved clip /Users/Chen/PycharmProjects/CSCI_6234_Final/recordings/cam223/clips/2026/04/12/cam223_20260412T214533Z.mp4 (3108785 bytes)
[2026-04-12T17:46:16.773311] Starting 60-second capture -> /Users/Chen/PycharmProjects/CSCI_6234_Final/recordings/cam223/clips/2026/04/12/cam223_20260412T214616Z.mp4
[tls @ 0x7fbc57904680] IO error: End of file
[https @ 0x7fbc57904540] Error reading HTTP response: End of file
[tls @ 0x7fbc57a1bf80] IO error: End of file
[https @ 0x7fbc57a0fd00] Error reading HTTP response: End of file
[tls @ 0x7fbc5780f100] IO error: End of file
[https @ 0x7fbc57816c40] Error reading HTTP response: End of file
[tls @ 0x7fbc57926940] IO error: End of file
[https @ 0x7fbc5792e800] Error reading HTTP response: End of file
[tls @ 0x7fbc56f049c0] IO error: End of file
[https @ 0x7fbc56f04900] Error reading HTTP response: End of file
[tls @ 0x7fbc36f04200] IO error: End of file
[https @ 0x7fbc36f04100] Error reading HTTP response: End of file
[tls @ 0x7fbc76f07fc0] IO error: End of file
[https @ 0x7fbc76f05480] Error reading HTTP response: End of file
[2026-04-12T17:46:59.681100] Saved clip /Users/Chen/PycharmProjects/CSCI_6234_Final/recordings/cam223/clips/2026/04/12/cam223_20260412T214616Z.mp4 (3113893 bytes)
[2026-04-12T17:47:00.194898] Starting 60-second capture -> /Users/Chen/PycharmProjects/CSCI_6234_Final/recordings/cam223/clips/2026/04/12/cam223_20260412T214700Z.mp4
[tls @ 0x7fcede704340] IO error: End of file
[https @ 0x7fcede704200] Error reading HTTP response: End of file
[tls @ 0x7fcece864640] IO error: End of file
[https @ 0x7fcece850800] Error reading HTTP response: End of file
[tls @ 0x7fcece864640] IO error: End of file
[https @ 0x7fcece83c280] Error reading HTTP response: End of file
[tls @ 0x7fcedf006140] IO error: End of file
[https @ 0x7fcedf006000] Error reading HTTP response: End of file
[tls @ 0x7fcedf02e3c0] IO error: End of file
[https @ 0x7fcedf0405c0] Error reading HTTP response: End of file
[tls @ 0x7fcedf080b80] IO error: End of file
[https @ 0x7fcedf092d80] Error reading HTTP response: End of file
[2026-04-12T17:47:44.571665] Saved clip /Users/Chen/PycharmProjects/CSCI_6234_Final/recordings/cam223/clips/2026/04/12/cam223_20260412T214700Z.mp4 (3104960 bytes)
[2026-04-12T17:47:45.081841] Starting 60-second capture -> /Users/Chen/PycharmProjects/CSCI_6234_Final/recordings/cam223/clips/2026/04/12/cam223_20260412T214745Z.mp4
[tls @ 0x7f8e75f05100] IO error: End of file
[https @ 0x7f8e75f04b80] Error reading HTTP response: End of file
[tls @ 0x7f8e870078c0] IO error: End of file
[https @ 0x7f8e87004380] Error reading HTTP response: End of file
[tls @ 0x7f8e76807100] IO error: End of file
[https @ 0x7f8e76804300] Error reading HTTP response: End of file
[tls @ 0x7f8e75fbda40] IO error: End of file
[https @ 0x7f8e75fcfc80] Error reading HTTP response: End of file
[tls @ 0x7f8e76816a80] IO error: End of file
[https @ 0x7f8e76816d00] Error reading HTTP response: End of file
[tls @ 0x7f8e7694a980] IO error: End of file
[https @ 0x7f8e7695cb80] Error reading HTTP response: End of file
[tls @ 0x7f8e87004480] IO error: End of file
[https @ 0x7f8e87004200] Error reading HTTP response: End of file
[2026-04-12T17:48:30.268596] Saved clip /Users/Chen/PycharmProjects/CSCI_6234_Final/recordings/cam223/clips/2026/04/12/cam223_20260412T214745Z.mp4 (3113130 bytes)
[2026-04-12T17:48:30.783651] Starting 60-second capture -> /Users/Chen/PycharmProjects/CSCI_6234_Final/recordings/cam223/clips/2026/04/12/cam223_20260412T214830Z.mp4
[tls @ 0x7fd6b6104b00] IO error: End of file
[https @ 0x7fd6b61049c0] Error reading HTTP response: End of file
[tls @ 0x7fd6b5764fc0] IO error: End of file
[https @ 0x7fd6b57771c0] Error reading HTTP response: End of file
[tls @ 0x7fd6b57267c0] IO error: End of file
[https @ 0x7fd6b5777280] Error reading HTTP response: End of file
[tls @ 0x7fd6b571a340] IO error: End of file
[https @ 0x7fd6b578df40] Error reading HTTP response: End of file
[tls @ 0x7fd6b57267c0] IO error: End of file
[https @ 0x7fd6b5788080] Error reading HTTP response: End of file
[tls @ 0x7fd6b571a340] IO error: End of file
[https @ 0x7fd6b578e000] Error reading HTTP response: End of file
[tls @ 0x7fd6b6135840] IO error: End of file
[https @ 0x7fd6b614b240] Error reading HTTP response: End of file
[2026-04-12T17:49:13.366632] Saved clip /Users/Chen/PycharmProjects/CSCI_6234_Final/recordings/cam223/clips/2026/04/12/cam223_20260412T214830Z.mp4 (3109356 bytes)
[2026-04-12T17:49:13.880227] Starting 60-second capture -> /Users/Chen/PycharmProjects/CSCI_6234_Final/recordings/cam223/clips/2026/04/12/cam223_20260412T214913Z.mp4
[tls @ 0x7fd595f04680] IO error: End of file
[https @ 0x7fd595f04540] Error reading HTTP response: End of file
[tls @ 0x7fd5a6a29400] IO error: End of file
[https @ 0x7fd5a6a25800] Error reading HTTP response: End of file
[tls @ 0x7fd595f242c0] IO error: End of file
[https @ 0x7fd595f24dc0] Error reading HTTP response: End of file
[tls @ 0x7fd5a6a29400] IO error: End of file
[https @ 0x7fd5a6a3a900] Error reading HTTP response: End of file
[tls @ 0x7fd595f273c0] IO error: End of file
[https @ 0x7fd595f41d80] Error reading HTTP response: End of file
[tls @ 0x7fd59682dac0] IO error: End of file
[https @ 0x7fd596828e80] Error reading HTTP response: End of file
[2026-04-12T17:49:46.399645] Saved clip /Users/Chen/PycharmProjects/CSCI_6234_Final/recordings/cam223/clips/2026/04/12/cam223_20260412T214913Z.mp4 (3106789 bytes)
[2026-04-12T17:49:46.910883] Starting 60-second capture -> /Users/Chen/PycharmProjects/CSCI_6234_Final/recordings/cam223/clips/2026/04/12/cam223_20260412T214946Z.mp4
[tls @ 0x7fa5c6f04680] IO error: End of file
[https @ 0x7fa5c6f04540] Error reading HTTP response: End of file
[tls @ 0x7fa5d6f1c3c0] IO error: End of file
[https @ 0x7fa5d6f307c0] Error reading HTTP response: End of file
[tls @ 0x7fa5d6f1c3c0] IO error: End of file
[https @ 0x7fa5d6f2ec80] Error reading HTTP response: End of file
[tls @ 0x7fa5d7804f40] IO error: End of file
[https @ 0x7fa5d7804e00] Error reading HTTP response: End of file
[tls @ 0x7fa5c784ddc0] IO error: End of file
[https @ 0x7fa5c784a200] Error reading HTTP response: End of file
[tls @ 0x7fa5d784e0c0] IO error: End of file
[https @ 0x7fa5d7804800] Error reading HTTP response: End of file
[2026-04-12T17:50:29.604407] Saved clip /Users/Chen/PycharmProjects/CSCI_6234_Final/recordings/cam223/clips/2026/04/12/cam223_20260412T214946Z.mp4 (3108392 bytes)
[2026-04-12T17:50:30.117817] Starting 60-second capture -> /Users/Chen/PycharmProjects/CSCI_6234_Final/recordings/cam223/clips/2026/04/12/cam223_20260412T215030Z.mp4
[tls @ 0x7fee93804680] IO error: End of file
[https @ 0x7fee93804540] Error reading HTTP response: End of file
[tls @ 0x7fee9390f740] IO error: End of file
[https @ 0x7fee93942080] Error reading HTTP response: End of file
[tls @ 0x7fee9382e5c0] IO error: End of file
[https @ 0x7fee93845800] Error reading HTTP response: End of file
[tls @ 0x7fee93815500] IO error: End of file
[https @ 0x7fee93818a00] Error reading HTTP response: End of file
[tls @ 0x7fee9382e5c0] IO error: End of file
[https @ 0x7fee93846300] Error reading HTTP response: End of file
[tls @ 0x7fee93968780] IO error: End of file
[https @ 0x7fee9395d8c0] Error reading HTTP response: End of file
[2026-04-12T17:51:13.105026] Saved clip /Users/Chen/PycharmProjects/CSCI_6234_Final/recordings/cam223/clips/2026/04/12/cam223_20260412T215030Z.mp4 (3110313 bytes)
[2026-04-12T17:51:13.614064] Starting 60-second capture -> /Users/Chen/PycharmProjects/CSCI_6234_Final/recordings/cam223/clips/2026/04/12/cam223_20260412T215113Z.mp4
[tls @ 0x7fbe42f04680] IO error: End of file
[https @ 0x7fbe42f04540] Error reading HTTP response: End of file
[tls @ 0x7fbe43807dc0] IO error: End of file
[https @ 0x7fbe43807680] Error reading HTTP response: End of file
[tls @ 0x7fbe43a249c0] IO error: End of file
[https @ 0x7fbe43a24900] Error reading HTTP response: End of file
[tls @ 0x7fbe42f33500] IO error: End of file
[https @ 0x7fbe42f10940] Error reading HTTP response: End of file
[tls @ 0x7fbe43941140] IO error: End of file
[https @ 0x7fbe439519c0] Error reading HTTP response: End of file
[tls @ 0x7fbe42f4da80] IO error: End of file
[https @ 0x7fbe43a249c0] Error reading HTTP response: End of file
[tls @ 0x7fbe43a26700] IO error: End of file
[https @ 0x7fbe43a300c0] Error reading HTTP response: End of file
[2026-04-12T17:51:46.063325] Saved clip /Users/Chen/PycharmProjects/CSCI_6234_Final/recordings/cam223/clips/2026/04/12/cam223_20260412T215113Z.mp4 (3111583 bytes)
[2026-04-12T17:51:46.576339] Starting 60-second capture -> /Users/Chen/PycharmProjects/CSCI_6234_Final/recordings/cam223/clips/2026/04/12/cam223_20260412T215146Z.mp4
[tls @ 0x7fa428004380] IO error: End of file
[https @ 0x7fa428004240] Error reading HTTP response: End of file
[tls @ 0x7fa42f829640] IO error: End of file
[https @ 0x7fa42f811480] Error reading HTTP response: End of file
[tls @ 0x7fa42ef1e1c0] IO error: End of file
[https @ 0x7fa42ef30380] Error reading HTTP response: End of file
[tls @ 0x7fa41ef103c0] IO error: End of file
[https @ 0x7fa41ef17d80] Error reading HTTP response: End of file
[tls @ 0x7fa42ef8c840] IO error: End of file
[https @ 0x7fa42ef88c40] Error reading HTTP response: End of file
[tls @ 0x7fa41ef103c0] IO error: End of file
[https @ 0x7fa41ef23900] Error reading HTTP response: End of file
[tls @ 0x7fa42f83b900] IO error: End of file
[https @ 0x7fa42f83a500] Error reading HTTP response: End of file
[2026-04-12T17:52:29.225854] Saved clip /Users/Chen/PycharmProjects/CSCI_6234_Final/recordings/cam223/clips/2026/04/12/cam223_20260412T215146Z.mp4 (3111045 bytes)
[2026-04-12T17:52:29.742226] Starting 60-second capture -> /Users/Chen/PycharmProjects/CSCI_6234_Final/recordings/cam223/clips/2026/04/12/cam223_20260412T215229Z.mp4
[tls @ 0x7fb473104500] IO error: End of file
[https @ 0x7fb4731043c0] Error reading HTTP response: End of file
[tls @ 0x7fb4732352c0] IO error: End of file
[https @ 0x7fb473229400] Error reading HTTP response: End of file
[tls @ 0x7fb461f14340] IO error: End of file
[https @ 0x7fb461f12580] Error reading HTTP response: End of file
[tls @ 0x7fb46285f180] IO error: End of file
[https @ 0x7fb46283f7c0] Error reading HTTP response: End of file
[tls @ 0x7fb462833ec0] IO error: End of file
[https @ 0x7fb462823d40] Error reading HTTP response: End of file
[tls @ 0x7fb46285f180] IO error: End of file
[https @ 0x7fb462818700] Error reading HTTP response: End of file
[tls @ 0x7fb473213f40] IO error: End of file
[https @ 0x7fb473255d80] Error reading HTTP response: End of file
[2026-04-12T17:53:12.440827] Saved clip /Users/Chen/PycharmProjects/CSCI_6234_Final/recordings/cam223/clips/2026/04/12/cam223_20260412T215229Z.mp4 (3113894 bytes)
[2026-04-12T17:53:12.958703] Starting 60-second capture -> /Users/Chen/PycharmProjects/CSCI_6234_Final/recordings/cam223/clips/2026/04/12/cam223_20260412T215312Z.mp4
[tls @ 0x7feb8a804680] IO error: End of file
[https @ 0x7feb8a804540] Error reading HTTP response: End of file
[tls @ 0x7feb89f0e1c0] IO error: End of file
[https @ 0x7feb89f114c0] Error reading HTTP response: End of file
[tls @ 0x7feb8a8061c0] IO error: End of file
[https @ 0x7feb8a806100] Error reading HTTP response: End of file
[tls @ 0x7feb8a836f40] IO error: End of file
[https @ 0x7feb8a833340] Error reading HTTP response: End of file
[tls @ 0x7feb9ab0b580] IO error: End of file
[https @ 0x7feb8a962500] Error reading HTTP response: End of file
[tls @ 0x7feb8a80bb80] IO error: End of file
[https @ 0x7feb8a8365c0] Error reading HTTP response: End of file
[2026-04-12T17:53:46.085239] Saved clip /Users/Chen/PycharmProjects/CSCI_6234_Final/recordings/cam223/clips/2026/04/12/cam223_20260412T215312Z.mp4 (3112660 bytes)
[2026-04-12T17:53:46.596744] Starting 60-second capture -> /Users/Chen/PycharmProjects/CSCI_6234_Final/recordings/cam223/clips/2026/04/12/cam223_20260412T215346Z.mp4
[tls @ 0x7fc30c7048c0] IO error: End of file
[https @ 0x7fc30c704800] Error reading HTTP response: End of file
[tls @ 0x7fc31d20eec0] IO error: End of file
[https @ 0x7fc31d23fe80] Error reading HTTP response: End of file
[tls @ 0x7fc31d111100] IO error: End of file
[https @ 0x7fc31d104680] Error reading HTTP response: End of file
[tls @ 0x7fc31d20eec0] IO error: End of file
[https @ 0x7fc31d23d480] Error reading HTTP response: End of file
[tls @ 0x7fc31d110040] IO error: End of file
[https @ 0x7fc31d1129c0] Error reading HTTP response: End of file
[tls @ 0x7fc30c721fc0] IO error: End of file
[https @ 0x7fc30c7180c0] Error reading HTTP response: End of file
[tls @ 0x7fc31d134500] IO error: End of file
[https @ 0x7fc31d113600] Error reading HTTP response: End of file
[2026-04-12T17:54:29.694234] Saved clip /Users/Chen/PycharmProjects/CSCI_6234_Final/recordings/cam223/clips/2026/04/12/cam223_20260412T215346Z.mp4 (3111109 bytes)
[2026-04-12T17:54:30.208987] Starting 60-second capture -> /Users/Chen/PycharmProjects/CSCI_6234_Final/recordings/cam223/clips/2026/04/12/cam223_20260412T215430Z.mp4
[tls @ 0x7fe632a04680] IO error: End of file
[https @ 0x7fe632a04540] Error reading HTTP response: End of file
[tls @ 0x7fe632d08440] IO error: End of file
[https @ 0x7fe632d08dc0] Error reading HTTP response: End of file
[tls @ 0x7fe632a059c0] IO error: End of file
[https @ 0x7fe632a058c0] Error reading HTTP response: End of file
[tls @ 0x7fe632b78cc0] IO error: End of file
[https @ 0x7fe632b5d780] Error reading HTTP response: End of file
[tls @ 0x7fe632d22ec0] IO error: End of file
[https @ 0x7fe632d25200] Error reading HTTP response: End of file
[tls @ 0x7fe632b2db00] IO error: End of file
[https @ 0x7fe632b9d480] Error reading HTTP response: End of file
[tls @ 0x7fe632b96c40] IO error: End of file
[https @ 0x7fe632b85900] Error reading HTTP response: End of file
[2026-04-12T17:55:13.202055] Saved clip /Users/Chen/PycharmProjects/CSCI_6234_Final/recordings/cam223/clips/2026/04/12/cam223_20260412T215430Z.mp4 (3107815 bytes)
[2026-04-12T17:55:13.716139] Starting 60-second capture -> /Users/Chen/PycharmProjects/CSCI_6234_Final/recordings/cam223/clips/2026/04/12/cam223_20260412T215513Z.mp4
[tls @ 0x7fde5ef063c0] IO error: End of file
[https @ 0x7fde5ef062c0] Error reading HTTP response: End of file
[tls @ 0x7fde58113a00] IO error: End of file
[https @ 0x7fde58125700] Error reading HTTP response: End of file
[tls @ 0x7fde58026c80] IO error: End of file
[https @ 0x7fde58038e80] Error reading HTTP response: End of file
[tls @ 0x7fde58104340] IO error: End of file
[https @ 0x7fde58104280] Error reading HTTP response: End of file
[tls @ 0x7fde4ef18d40] IO error: End of file
[https @ 0x7fde4ef0f740] Error reading HTTP response: End of file
[tls @ 0x7fde5804d680] IO error: End of file
[https @ 0x7fde58053140] Error reading HTTP response: End of file
[2026-04-12T17:55:46.176056] Saved clip /Users/Chen/PycharmProjects/CSCI_6234_Final/recordings/cam223/clips/2026/04/12/cam223_20260412T215513Z.mp4 (3112281 bytes)
[2026-04-12T17:55:46.687801] Starting 60-second capture -> /Users/Chen/PycharmProjects/CSCI_6234_Final/recordings/cam223/clips/2026/04/12/cam223_20260412T215546Z.mp4
[tls @ 0x7ff2a0804680] IO error: End of file
[https @ 0x7ff2a0804540] Error reading HTTP response: End of file
[tls @ 0x7ff2a7fce0c0] IO error: End of file
[https @ 0x7ff2a7ff5680] Error reading HTTP response: End of file
[tls @ 0x7ff2a0805580] IO error: End of file
[https @ 0x7ff2a0805480] Error reading HTTP response: End of file
[tls @ 0x7ff2b8804300] IO error: End of file
[https @ 0x7ff2b8805280] Error reading HTTP response: End of file
[tls @ 0x7ff2a0a05b40] IO error: End of file
[https @ 0x7ff2a0a05a80] Error reading HTTP response: End of file
[tls @ 0x7ff2a7f50100] IO error: End of file
[https @ 0x7ff2a7f55400] Error reading HTTP response: End of file
[tls @ 0x7ff2a7fce0c0] IO error: End of file
[https @ 0x7ff2a7ff5680] Error reading HTTP response: End of file
[2026-04-12T17:56:29.452038] Saved clip /Users/Chen/PycharmProjects/CSCI_6234_Final/recordings/cam223/clips/2026/04/12/cam223_20260412T215546Z.mp4 (3102015 bytes)
[2026-04-12T17:56:29.966466] Starting 60-second capture -> /Users/Chen/PycharmProjects/CSCI_6234_Final/recordings/cam223/clips/2026/04/12/cam223_20260412T215629Z.mp4
[tls @ 0x7f9f0c304500] IO error: End of file
[https @ 0x7f9f0c3043c0] Error reading HTTP response: End of file
[tls @ 0x7f9f0c45e7c0] IO error: End of file
[https @ 0x7f9f0c43d200] Error reading HTTP response: End of file
[tls @ 0x7f9f0c45e7c0] IO error: End of file
[https @ 0x7f9f0c43bdc0] Error reading HTTP response: End of file
[tls @ 0x7f9f0c121780] IO error: End of file
[https @ 0x7f9f0c1049c0] Error reading HTTP response: End of file
[tls @ 0x7f9f0c134a40] IO error: End of file
[https @ 0x7f9f0c121500] Error reading HTTP response: End of file
[tls @ 0x7f9f0c11aa80] IO error: End of file
[https @ 0x7f9f0c125400] Error reading HTTP response: End of file
[2026-04-12T17:57:14.970039] Saved clip /Users/Chen/PycharmProjects/CSCI_6234_Final/recordings/cam223/clips/2026/04/12/cam223_20260412T215629Z.mp4 (3110783 bytes)
[2026-04-12T17:57:15.485329] Starting 60-second capture -> /Users/Chen/PycharmProjects/CSCI_6234_Final/recordings/cam223/clips/2026/04/12/cam223_20260412T215715Z.mp4
[tls @ 0x7faf09804680] IO error: End of file
[https @ 0x7faf09804540] Error reading HTTP response: End of file
[tls @ 0x7faf0980d3c0] IO error: End of file
[https @ 0x7faf0981ccc0] Error reading HTTP response: End of file
[tls @ 0x7faf09807f80] IO error: End of file
[https @ 0x7faf09807ec0] Error reading HTTP response: End of file
[tls @ 0x7faf19a773c0] IO error: End of file
[https @ 0x7faf19a48580] Error reading HTTP response: End of file
[tls @ 0x7faf098364c0] IO error: End of file
[https @ 0x7faf0981ccc0] Error reading HTTP response: End of file
[tls @ 0x7faf0981b880] IO error: End of file
[https @ 0x7faf0981bb80] Error reading HTTP response: End of file
[2026-04-12T17:57:58.178529] Saved clip /Users/Chen/PycharmProjects/CSCI_6234_Final/recordings/cam223/clips/2026/04/12/cam223_20260412T215715Z.mp4 (3112185 bytes)
[2026-04-12T17:57:58.693348] Starting 60-second capture -> /Users/Chen/PycharmProjects/CSCI_6234_Final/recordings/cam223/clips/2026/04/12/cam223_20260412T215758Z.mp4
[tls @ 0x7f77c11062c0] IO error: End of file
[https @ 0x7f77c1106200] Error reading HTTP response: End of file
[tls @ 0x7f77c131cb40] IO error: End of file
[https @ 0x7f77c1316140] Error reading HTTP response: End of file
[tls @ 0x7f77b0744fc0] IO error: End of file
[https @ 0x7f77b0755880] Error reading HTTP response: End of file
[tls @ 0x7f77c110e380] IO error: End of file
[https @ 0x7f77c1106200] Error reading HTTP response: End of file
[tls @ 0x7f77b07135c0] IO error: End of file
[https @ 0x7f77b0733bc0] Error reading HTTP response: End of file
[tls @ 0x7f77c1260940] IO error: End of file
[https @ 0x7f77c1260880] Error reading HTTP response: End of file
[tls @ 0x7f77c128f780] IO error: End of file
[https @ 0x7f77c128b140] Error reading HTTP response: End of file
[2026-04-12T17:58:41.445793] Saved clip /Users/Chen/PycharmProjects/CSCI_6234_Final/recordings/cam223/clips/2026/04/12/cam223_20260412T215758Z.mp4 (3107966 bytes)
[2026-04-12T17:58:41.961113] Starting 60-second capture -> /Users/Chen/PycharmProjects/CSCI_6234_Final/recordings/cam223/clips/2026/04/12/cam223_20260412T215841Z.mp4
[tls @ 0x7ff0c0005b00] IO error: End of file
[https @ 0x7ff0c0004300] Error reading HTTP response: End of file
[tls @ 0x7ff0a6f1f100] IO error: End of file
[https @ 0x7ff0a6f2cc00] Error reading HTTP response: End of file
[tls @ 0x7ff0a6f1f100] IO error: End of file
[https @ 0x7ff0a6f10c00] Error reading HTTP response: End of file
[tls @ 0x7ff0a6f1f100] IO error: End of file
[https @ 0x7ff0a6f10cc0] Error reading HTTP response: End of file
[2026-04-12T17:59:24.667396] Saved clip /Users/Chen/PycharmProjects/CSCI_6234_Final/recordings/cam223/clips/2026/04/12/cam223_20260412T215841Z.mp4 (3116968 bytes)
[2026-04-12T17:59:25.180492] Starting 60-second capture -> /Users/Chen/PycharmProjects/CSCI_6234_Final/recordings/cam223/clips/2026/04/12/cam223_20260412T215925Z.mp4
[tls @ 0x7f953a7048c0] IO error: End of file
[https @ 0x7f953a704800] Error reading HTTP response: End of file
[tls @ 0x7f954b3672c0] IO error: End of file
[https @ 0x7f954b358780] Error reading HTTP response: End of file
[tls @ 0x7f953a707600] IO error: End of file
[https @ 0x7f953a707500] Error reading HTTP response: End of file
[tls @ 0x7f954b20d640] IO error: End of file
[https @ 0x7f954b23db80] Error reading HTTP response: End of file
[tls @ 0x7f954b2580c0] IO error: End of file
[https @ 0x7f954b204f40] Error reading HTTP response: End of file
[tls @ 0x7f953b80cd80] IO error: End of file
[https @ 0x7f953b805f40] Error reading HTTP response: End of file
[tls @ 0x7f953a727000] IO error: End of file
[https @ 0x7f953a7210c0] Error reading HTTP response: End of file
[2026-04-12T18:00:08.438363] Saved clip /Users/Chen/PycharmProjects/CSCI_6234_Final/recordings/cam223/clips/2026/04/12/cam223_20260412T215925Z.mp4 (3108265 bytes)
[2026-04-12T18:00:08.953254] Starting 60-second capture -> /Users/Chen/PycharmProjects/CSCI_6234_Final/recordings/cam223/clips/2026/04/12/cam223_20260412T220008Z.mp4
[tls @ 0x7fd5e4204680] IO error: End of file
[https @ 0x7fd5e4204540] Error reading HTTP response: End of file
[tls @ 0x7fd5e4408ac0] IO error: End of file
[https @ 0x7fd5e4404080] Error reading HTTP response: End of file
[tls @ 0x7fd5e418eec0] IO error: End of file
[https @ 0x7fd5e41a10c0] Error reading HTTP response: End of file
[tls @ 0x7fd5e4247480] IO error: End of file
[https @ 0x7fd5e426c7c0] Error reading HTTP response: End of file
[2026-04-12T18:00:51.996344] Saved clip /Users/Chen/PycharmProjects/CSCI_6234_Final/recordings/cam223/clips/2026/04/12/cam223_20260412T220008Z.mp4 (3109767 bytes)
[2026-04-12T18:00:52.511575] Starting 60-second capture -> /Users/Chen/PycharmProjects/CSCI_6234_Final/recordings/cam223/clips/2026/04/12/cam223_20260412T220052Z.mp4
[tls @ 0x7fae0c105c80] IO error: End of file
[https @ 0x7fae0c105b40] Error reading HTTP response: End of file
[tls @ 0x7fae0c120480] IO error: End of file
[https @ 0x7fae0c12a6c0] Error reading HTTP response: End of file
[tls @ 0x7fadfb70e400] IO error: End of file
[https @ 0x7fadfb71a600] Error reading HTTP response: End of file
[tls @ 0x7fadfb71f840] IO error: End of file
[https @ 0x7fadfb71f1c0] Error reading HTTP response: End of file
[tls @ 0x7fadfb7165c0] IO error: End of file
[https @ 0x7fadfb70e3c0] Error reading HTTP response: End of file
[tls @ 0x7fadfb71f840] IO error: End of file
[https @ 0x7fadfb70fe40] Error reading HTTP response: End of file
[tls @ 0x7fadfb815800] IO error: End of file
[https @ 0x7fadfb882700] Error reading HTTP response: End of file
[2026-04-12T18:01:35.388258] Saved clip /Users/Chen/PycharmProjects/CSCI_6234_Final/recordings/cam223/clips/2026/04/12/cam223_20260412T220052Z.mp4 (3114594 bytes)
[2026-04-12T18:01:35.904794] Starting 60-second capture -> /Users/Chen/PycharmProjects/CSCI_6234_Final/recordings/cam223/clips/2026/04/12/cam223_20260412T220135Z.mp4
[tls @ 0x7fabb6a04680] IO error: End of file
[https @ 0x7fabb6a04540] Error reading HTTP response: End of file
[tls @ 0x7fabb6c050c0] IO error: End of file
[https @ 0x7fabb6c05000] Error reading HTTP response: End of file
[tls @ 0x7fabb6a33b80] IO error: End of file
[https @ 0x7fabb6a33ac0] Error reading HTTP response: End of file
[tls @ 0x7fabb6b205c0] IO error: End of file
[https @ 0x7fabb6b17240] Error reading HTTP response: End of file
[tls @ 0x7fabb6a35500] IO error: End of file
[https @ 0x7fabb6c05000] Error reading HTTP response: End of file
[tls @ 0x7fabb6d05900] IO error: End of file
[https @ 0x7fabb6d0a5c0] Error reading HTTP response: End of file
[2026-04-12T18:02:19.077401] Saved clip /Users/Chen/PycharmProjects/CSCI_6234_Final/recordings/cam223/clips/2026/04/12/cam223_20260412T220135Z.mp4 (3114520 bytes)
[2026-04-12T18:02:19.591138] Starting 60-second capture -> /Users/Chen/PycharmProjects/CSCI_6234_Final/recordings/cam223/clips/2026/04/12/cam223_20260412T220219Z.mp4
[tls @ 0x7feb44004680] IO error: End of file
[https @ 0x7feb44004540] Error reading HTTP response: End of file
[tls @ 0x7feb440168c0] IO error: End of file
[https @ 0x7feb44029880] Error reading HTTP response: End of file
[tls @ 0x7feb43f427c0] IO error: End of file
[https @ 0x7feb43f1cf80] Error reading HTTP response: End of file
[tls @ 0x7feb44031440] IO error: End of file
[https @ 0x7feb440604c0] Error reading HTTP response: End of file
[tls @ 0x7feb5482d840] IO error: End of file
[https @ 0x7feb5483fa40] Error reading HTTP response: End of file
[tls @ 0x7feb23f06880] IO error: End of file
[https @ 0x7feb23f067c0] Error reading HTTP response: End of file
[tls @ 0x7feb44142a80] IO error: End of file
[https @ 0x7feb441391c0] Error reading HTTP response: End of file
[tls @ 0x7feb13f53000] IO error: End of file
[https @ 0x7feb13f54440] Error reading HTTP response: End of file
[2026-04-12T18:03:02.069454] Saved clip /Users/Chen/PycharmProjects/CSCI_6234_Final/recordings/cam223/clips/2026/04/12/cam223_20260412T220219Z.mp4 (3116495 bytes)
[2026-04-12T18:03:02.575027] Starting 60-second capture -> /Users/Chen/PycharmProjects/CSCI_6234_Final/recordings/cam223/clips/2026/04/12/cam223_20260412T220302Z.mp4
[tls @ 0x7fcf31804680] IO error: End of file
[https @ 0x7fcf31804580] Error reading HTTP response: End of file
[tls @ 0x7fcf38a564c0] IO error: End of file
[https @ 0x7fcf38a68700] Error reading HTTP response: End of file
[tls @ 0x7fcf20004140] IO error: End of file
[https @ 0x7fcf17f04200] Error reading HTTP response: End of file
[tls @ 0x7fcf3186e140] IO error: End of file
[https @ 0x7fcf31880340] Error reading HTTP response: End of file
[tls @ 0x7fcf17f12fc0] IO error: End of file
[https @ 0x7fcf17f0f3c0] Error reading HTTP response: End of file
[tls @ 0x7fcf17f1fc80] IO error: End of file
[https @ 0x7fcf17f20100] Error reading HTTP response: End of file
[tls @ 0x7fcf20105e00] IO error: End of file
[https @ 0x7fcf2017d800] Error reading HTTP response: End of file
[tls @ 0x7fcf38904c00] IO error: End of file
[https @ 0x7fcf38907300] Error reading HTTP response: End of file
[2026-04-12T18:03:46.223910] Saved clip /Users/Chen/PycharmProjects/CSCI_6234_Final/recordings/cam223/clips/2026/04/12/cam223_20260412T220302Z.mp4 (3108614 bytes)
[2026-04-12T18:03:46.738013] Starting 60-second capture -> /Users/Chen/PycharmProjects/CSCI_6234_Final/recordings/cam223/clips/2026/04/12/cam223_20260412T220346Z.mp4
[tls @ 0x7fc04ff05f00] IO error: End of file
[https @ 0x7fc04ff05b40] Error reading HTTP response: End of file
[tls @ 0x7fc04ff171c0] IO error: End of file
[https @ 0x7fc04ff1e740] Error reading HTTP response: End of file
[tls @ 0x7fc03ff2d580] IO error: End of file
[https @ 0x7fc03ff33e80] Error reading HTTP response: End of file
[tls @ 0x7fc048825300] IO error: End of file
[https @ 0x7fc048820100] Error reading HTTP response: End of file
[tls @ 0x7fc04ff6bbc0] IO error: End of file
[https @ 0x7fc04ff68000] Error reading HTTP response: End of file
[tls @ 0x7fc048831c80] IO error: End of file
[https @ 0x7fc048825300] Error reading HTTP response: End of file
[tls @ 0x7fc04881c200] IO error: End of file
[https @ 0x7fc048817bc0] Error reading HTTP response: End of file
[2026-04-12T18:04:29.624383] Saved clip /Users/Chen/PycharmProjects/CSCI_6234_Final/recordings/cam223/clips/2026/04/12/cam223_20260412T220346Z.mp4 (3109394 bytes)
[2026-04-12T18:04:30.134548] Starting 60-second capture -> /Users/Chen/PycharmProjects/CSCI_6234_Final/recordings/cam223/clips/2026/04/12/cam223_20260412T220430Z.mp4
[tls @ 0x7ff04b5054c0] IO error: End of file
[https @ 0x7ff04b505400] Error reading HTTP response: End of file
[tls @ 0x7ff04b628980] IO error: End of file
[https @ 0x7ff04b64a380] Error reading HTTP response: End of file
[tls @ 0x7ff04b562100] IO error: End of file
[https @ 0x7ff04b561d80] Error reading HTTP response: End of file
[tls @ 0x7ff04b628980] IO error: End of file
[https @ 0x7ff04b64a380] Error reading HTTP response: End of file
[2026-04-12T18:05:13.069306] Saved clip /Users/Chen/PycharmProjects/CSCI_6234_Final/recordings/cam223/clips/2026/04/12/cam223_20260412T220430Z.mp4 (3118343 bytes)
[2026-04-12T18:05:13.583505] Starting 60-second capture -> /Users/Chen/PycharmProjects/CSCI_6234_Final/recordings/cam223/clips/2026/04/12/cam223_20260412T220513Z.mp4
[tls @ 0x7fa1d53050c0] IO error: End of file
[https @ 0x7fa1d5304f80] Error reading HTTP response: End of file
[tls @ 0x7fa1a4704200] IO error: End of file
[https @ 0x7fa1a4704140] Error reading HTTP response: End of file
[tls @ 0x7fa1d5309f80] IO error: End of file
[https @ 0x7fa1d5309540] Error reading HTTP response: End of file
[tls @ 0x7fa1d520c080] IO error: End of file
[https @ 0x7fa1d520ba00] Error reading HTTP response: End of file
[tls @ 0x7fa1d5456bc0] IO error: End of file
[https @ 0x7fa1d5416880] Error reading HTTP response: End of file
[tls @ 0x7fa1d540e340] IO error: End of file
[https @ 0x7fa1d5405580] Error reading HTTP response: End of file
[2026-04-12T18:05:47.823342] Saved clip /Users/Chen/PycharmProjects/CSCI_6234_Final/recordings/cam223/clips/2026/04/12/cam223_20260412T220513Z.mp4 (3107145 bytes)
[2026-04-12T18:05:48.335826] Starting 60-second capture -> /Users/Chen/PycharmProjects/CSCI_6234_Final/recordings/cam223/clips/2026/04/12/cam223_20260412T220548Z.mp4
[tls @ 0x7fd1d3204840] IO error: End of file
[https @ 0x7fd1d3205300] Error reading HTTP response: End of file
[tls @ 0x7fd1c3033940] IO error: End of file
[https @ 0x7fd1c3004080] Error reading HTTP response: End of file
[tls @ 0x7fd1d3326540] IO error: End of file
[https @ 0x7fd1d333b440] Error reading HTTP response: End of file
[tls @ 0x7fd1c3011680] IO error: End of file
[https @ 0x7fd1c3010d00] Error reading HTTP response: End of file
[tls @ 0x7fd1c2704140] IO error: End of file
[https @ 0x7fd1c2704080] Error reading HTTP response: End of file
[tls @ 0x7fd1c3031e80] IO error: End of file
[https @ 0x7fd1c3011680] Error reading HTTP response: End of file
[2026-04-12T18:06:31.306348] Saved clip /Users/Chen/PycharmProjects/CSCI_6234_Final/recordings/cam223/clips/2026/04/12/cam223_20260412T220548Z.mp4 (3117797 bytes)
[2026-04-12T18:06:31.819353] Starting 60-second capture -> /Users/Chen/PycharmProjects/CSCI_6234_Final/recordings/cam223/clips/2026/04/12/cam223_20260412T220631Z.mp4
[tls @ 0x7f8b21104140] IO error: End of file
[https @ 0x7f8b21004240] Error reading HTTP response: End of file
[tls @ 0x7f8b2100f200] IO error: End of file
[https @ 0x7f8b2100f840] Error reading HTTP response: End of file
[tls @ 0x7f8b21205240] IO error: End of file
[https @ 0x7f8b21205180] Error reading HTTP response: End of file
[tls @ 0x7f8b211446c0] IO error: End of file
[https @ 0x7f8b21146200] Error reading HTTP response: End of file
[tls @ 0x7f8b2100f200] IO error: End of file
[https @ 0x7f8b2100f840] Error reading HTTP response: End of file
[tls @ 0x7f8b17f4ee80] IO error: End of file
[https @ 0x7f8b17f610c0] Error reading HTTP response: End of file
[tls @ 0x7f8b17f05640] IO error: End of file
[https @ 0x7f8b17f06400] Error reading HTTP response: End of file
[2026-04-12T18:07:14.399424] Saved clip /Users/Chen/PycharmProjects/CSCI_6234_Final/recordings/cam223/clips/2026/04/12/cam223_20260412T220631Z.mp4 (3113655 bytes)
[2026-04-12T18:07:14.909195] Starting 60-second capture -> /Users/Chen/PycharmProjects/CSCI_6234_Final/recordings/cam223/clips/2026/04/12/cam223_20260412T220714Z.mp4
[tls @ 0x7f9b1950c800] IO error: End of file
[https @ 0x7f9b1950c740] Error reading HTTP response: End of file
[tls @ 0x7f9b19206e00] IO error: End of file
[https @ 0x7f9b1922ba40] Error reading HTTP response: End of file
[tls @ 0x7f9b195107c0] IO error: End of file
[https @ 0x7f9b19510700] Error reading HTTP response: End of file
[tls @ 0x7f9b19206e00] IO error: End of file
[https @ 0x7f9b19244480] Error reading HTTP response: End of file
[tls @ 0x7f9b193c2500] IO error: End of file
[https @ 0x7f9b193d4700] Error reading HTTP response: End of file
[tls @ 0x7f9b19545d80] IO error: End of file
[https @ 0x7f9b19548f80] Error reading HTTP response: End of file
[tls @ 0x7f9b19283400] IO error: End of file
[https @ 0x7f9b19295600] Error reading HTTP response: End of file
[2026-04-12T18:07:57.965747] Saved clip /Users/Chen/PycharmProjects/CSCI_6234_Final/recordings/cam223/clips/2026/04/12/cam223_20260412T220714Z.mp4 (3107835 bytes)
[2026-04-12T18:07:58.476446] Starting 60-second capture -> /Users/Chen/PycharmProjects/CSCI_6234_Final/recordings/cam223/clips/2026/04/12/cam223_20260412T220758Z.mp4
[tls @ 0x7fa2d0f04680] IO error: End of file
[https @ 0x7fa2d0f04540] Error reading HTTP response: End of file
[tls @ 0x7fa2e1b2df00] IO error: End of file
[https @ 0x7fa2e1b31940] Error reading HTTP response: End of file
[tls @ 0x7fa2d20049c0] IO error: End of file
[https @ 0x7fa2d2004880] Error reading HTTP response: End of file
[tls @ 0x7fa2e1a06440] IO error: End of file
[https @ 0x7fa2e1a1a080] Error reading HTTP response: End of file
[tls @ 0x7fa2d2004880] IO error: End of file
[https @ 0x7fa2d2004980] Error reading HTTP response: End of file
[tls @ 0x7fa2e1b1b740] IO error: End of file
[https @ 0x7fa2e1b17d00] Error reading HTTP response: End of file
[tls @ 0x7fa2e1b08280] IO error: End of file
[https @ 0x7fa2e1b081c0] Error reading HTTP response: End of file
[2026-04-12T18:08:41.142034] Saved clip /Users/Chen/PycharmProjects/CSCI_6234_Final/recordings/cam223/clips/2026/04/12/cam223_20260412T220758Z.mp4 (3111573 bytes)
[2026-04-12T18:08:41.655692] Starting 60-second capture -> /Users/Chen/PycharmProjects/CSCI_6234_Final/recordings/cam223/clips/2026/04/12/cam223_20260412T220841Z.mp4
[tls @ 0x7f78f9204380] IO error: End of file
[https @ 0x7f78f9204240] Error reading HTTP response: End of file
[tls @ 0x7f78f9148d00] IO error: End of file
[https @ 0x7f78f91480c0] Error reading HTTP response: End of file
[tls @ 0x7f78f923c9c0] IO error: End of file
[https @ 0x7f78f925ca40] Error reading HTTP response: End of file
[tls @ 0x7f78f9339c00] IO error: End of file
[https @ 0x7f78f9358680] Error reading HTTP response: End of file
[tls @ 0x7f78f9215280] IO error: End of file
[https @ 0x7f78f9216580] Error reading HTTP response: End of file
[2026-04-12T18:09:24.612651] Saved clip /Users/Chen/PycharmProjects/CSCI_6234_Final/recordings/cam223/clips/2026/04/12/cam223_20260412T220841Z.mp4 (3108052 bytes)
[2026-04-12T18:09:25.126795] Starting 60-second capture -> /Users/Chen/PycharmProjects/CSCI_6234_Final/recordings/cam223/clips/2026/04/12/cam223_20260412T220925Z.mp4
[tls @ 0x7feaae804680] IO error: End of file
[https @ 0x7feaae804540] Error reading HTTP response: End of file
[tls @ 0x7feaae904080] IO error: End of file
[https @ 0x7feaae904300] Error reading HTTP response: End of file
[tls @ 0x7feabe905fc0] IO error: End of file
[https @ 0x7feabe905f00] Error reading HTTP response: End of file
[tls @ 0x7feaae814740] IO error: End of file
[https @ 0x7feaae813040] Error reading HTTP response: End of file
[tls @ 0x7feaae8327c0] IO error: End of file
[https @ 0x7feaae84df40] Error reading HTTP response: End of file
[tls @ 0x7feabe943000] IO error: End of file
[https @ 0x7feabe910b40] Error reading HTTP response: End of file
[tls @ 0x7feaae84f680] IO error: End of file
[https @ 0x7feaae827dc0] Error reading HTTP response: End of file
[2026-04-12T18:10:07.920780] Saved clip /Users/Chen/PycharmProjects/CSCI_6234_Final/recordings/cam223/clips/2026/04/12/cam223_20260412T220925Z.mp4 (3114381 bytes)
[2026-04-12T18:10:08.441831] Starting 60-second capture -> /Users/Chen/PycharmProjects/CSCI_6234_Final/recordings/cam223/clips/2026/04/12/cam223_20260412T221008Z.mp4
[tls @ 0x7f7a8e704600] IO error: End of file
[https @ 0x7f7a8e704500] Error reading HTTP response: End of file
[tls @ 0x7f7a8e72ddc0] IO error: End of file
[https @ 0x7f7a8e73f5c0] Error reading HTTP response: End of file
[tls @ 0x7f7a8f239580] IO error: End of file
[https @ 0x7f7a8f2402c0] Error reading HTTP response: End of file
[tls @ 0x7f7a8f020200] IO error: End of file
[https @ 0x7f7a8f0239c0] Error reading HTTP response: End of file
[tls @ 0x7f7a8f051700] IO error: End of file
[https @ 0x7f7a8f06a880] Error reading HTTP response: End of file
[tls @ 0x7f7a8e7563c0] IO error: End of file
[https @ 0x7f7a8e7586c0] Error reading HTTP response: End of file
[2026-04-12T18:10:51.263597] Saved clip /Users/Chen/PycharmProjects/CSCI_6234_Final/recordings/cam223/clips/2026/04/12/cam223_20260412T221008Z.mp4 (3112463 bytes)
[2026-04-12T18:10:51.781567] Starting 60-second capture -> /Users/Chen/PycharmProjects/CSCI_6234_Final/recordings/cam223/clips/2026/04/12/cam223_20260412T221051Z.mp4
[tls @ 0x7fa52f204680] IO error: End of file
[https @ 0x7fa52f204540] Error reading HTTP response: End of file
[tls @ 0x7fa52f218b80] IO error: End of file
[https @ 0x7fa52f225bc0] Error reading HTTP response: End of file
[tls @ 0x7fa51f90db00] IO error: End of file
[https @ 0x7fa51f90cb00] Error reading HTTP response: End of file
[tls @ 0x7fa51e718580] IO error: End of file
[https @ 0x7fa51e758fc0] Error reading HTTP response: End of file
[tls @ 0x7fa52f25cb40] IO error: End of file
[https @ 0x7fa52f257300] Error reading HTTP response: End of file
[tls @ 0x7fa52f269580] IO error: End of file
[https @ 0x7fa52f225bc0] Error reading HTTP response: End of file
[2026-04-12T18:11:34.669500] Saved clip /Users/Chen/PycharmProjects/CSCI_6234_Final/recordings/cam223/clips/2026/04/12/cam223_20260412T221051Z.mp4 (3104622 bytes)
[2026-04-12T18:11:35.180423] Starting 60-second capture -> /Users/Chen/PycharmProjects/CSCI_6234_Final/recordings/cam223/clips/2026/04/12/cam223_20260412T221135Z.mp4
[tls @ 0x7f9bc6f04800] IO error: End of file
[https @ 0x7f9bc6f046c0] Error reading HTTP response: End of file
[tls @ 0x7f9bc6f1c000] IO error: End of file
[https @ 0x7f9bc6f3ff00] Error reading HTTP response: End of file
[tls @ 0x7f9bc6f18000] IO error: End of file
[https @ 0x7f9bc6f0ac80] Error reading HTTP response: End of file
[tls @ 0x7f9bc6f1c000] IO error: End of file
[https @ 0x7f9bc6f185c0] Error reading HTTP response: End of file
[tls @ 0x7f9bc782b580] IO error: End of file
[https @ 0x7f9bc78102c0] Error reading HTTP response: End of file
[tls @ 0x7f9bb6f19d80] IO error: End of file
[https @ 0x7f9bb6f0ee40] Error reading HTTP response: End of file
[tls @ 0x7f9bc6f0edc0] IO error: End of file
[https @ 0x7f9bc6f20e80] Error reading HTTP response: End of file
[2026-04-12T18:12:17.949567] Saved clip /Users/Chen/PycharmProjects/CSCI_6234_Final/recordings/cam223/clips/2026/04/12/cam223_20260412T221135Z.mp4 (3108703 bytes)
[2026-04-12T18:12:18.470467] Starting 60-second capture -> /Users/Chen/PycharmProjects/CSCI_6234_Final/recordings/cam223/clips/2026/04/12/cam223_20260412T221218Z.mp4
[tls @ 0x7fe7e6905c80] IO error: End of file
[https @ 0x7fe7e6905b40] Error reading HTTP response: End of file
[tls @ 0x7fe7e6a36340] IO error: End of file
[https @ 0x7fe7e6a56280] Error reading HTTP response: End of file
[tls @ 0x7fe7e681d3c0] IO error: End of file
[https @ 0x7fe7e6a30a00] Error reading HTTP response: End of file
[tls @ 0x7fe7e692c680] IO error: End of file
[https @ 0x7fe7e6916380] Error reading HTTP response: End of file
[tls @ 0x7fe7e681d3c0] IO error: End of file
[https @ 0x7fe7e68279c0] Error reading HTTP response: End of file
[tls @ 0x7fe7e3764d00] IO error: End of file
[https @ 0x7fe7e3767040] Error reading HTTP response: End of file
[2026-04-12T18:13:00.885034] Saved clip /Users/Chen/PycharmProjects/CSCI_6234_Final/recordings/cam223/clips/2026/04/12/cam223_20260412T221218Z.mp4 (3107929 bytes)
[2026-04-12T18:13:01.395207] Starting 60-second capture -> /Users/Chen/PycharmProjects/CSCI_6234_Final/recordings/cam223/clips/2026/04/12/cam223_20260412T221301Z.mp4
[tls @ 0x7f9d0c004680] IO error: End of file
[https @ 0x7f9d0c004540] Error reading HTTP response: End of file
[tls @ 0x7f9d0c01f880] IO error: End of file
[https @ 0x7f9d0c028800] Error reading HTTP response: End of file
[tls @ 0x7f9d1c22cd40] IO error: End of file
[https @ 0x7f9d1c23ef40] Error reading HTTP response: End of file
[tls @ 0x7f9d1c22cd40] IO error: End of file
[https @ 0x7f9d1c229140] Error reading HTTP response: End of file
[tls @ 0x7f9d0b70ce40] IO error: End of file
[https @ 0x7f9d0b714000] Error reading HTTP response: End of file
[2026-04-12T18:13:44.758034] Saved clip /Users/Chen/PycharmProjects/CSCI_6234_Final/recordings/cam223/clips/2026/04/12/cam223_20260412T221301Z.mp4 (3111548 bytes)
[2026-04-12T18:13:45.277819] Starting 60-second capture -> /Users/Chen/PycharmProjects/CSCI_6234_Final/recordings/cam223/clips/2026/04/12/cam223_20260412T221345Z.mp4
[tls @ 0x7fcf23804380] IO error: End of file
[https @ 0x7fcf23804240] Error reading HTTP response: End of file
[tls @ 0x7fcf33335840] IO error: End of file
[https @ 0x7fcf3333e440] Error reading HTTP response: End of file
[tls @ 0x7fcf33236980] IO error: End of file
[https @ 0x7fcf3323ed80] Error reading HTTP response: End of file
[tls @ 0x7fcf3324a840] IO error: End of file
[https @ 0x7fcf33204980] Error reading HTTP response: End of file
[tls @ 0x7fcf33214940] IO error: End of file
[https @ 0x7fcf3322c700] Error reading HTTP response: End of file
[tls @ 0x7fcf2383c140] IO error: End of file
[https @ 0x7fcf23846140] Error reading HTTP response: End of file
[tls @ 0x7fcf33216d80] IO error: End of file
[https @ 0x7fcf33240140] Error reading HTTP response: End of file
[2026-04-12T18:14:28.258458] Saved clip /Users/Chen/PycharmProjects/CSCI_6234_Final/recordings/cam223/clips/2026/04/12/cam223_20260412T221345Z.mp4 (3111309 bytes)
[2026-04-12T18:14:28.775922] Starting 60-second capture -> /Users/Chen/PycharmProjects/CSCI_6234_Final/recordings/cam223/clips/2026/04/12/cam223_20260412T221428Z.mp4
[tls @ 0x7f9757104680] IO error: End of file
[https @ 0x7f9757104580] Error reading HTTP response: End of file
[tls @ 0x7f9757145f80] IO error: End of file
[https @ 0x7f9757146ac0] Error reading HTTP response: End of file
[tls @ 0x7f97572141c0] IO error: End of file
[https @ 0x7f9757214100] Error reading HTTP response: End of file
[tls @ 0x7f9757411d40] IO error: End of file
[https @ 0x7f97574161c0] Error reading HTTP response: End of file
[tls @ 0x7f9757116180] IO error: End of file
[https @ 0x7f97571148c0] Error reading HTTP response: End of file
[tls @ 0x7f9757411d40] IO error: End of file
[https @ 0x7f97574155c0] Error reading HTTP response: End of file
[2026-04-12T18:15:11.770683] Saved clip /Users/Chen/PycharmProjects/CSCI_6234_Final/recordings/cam223/clips/2026/04/12/cam223_20260412T221428Z.mp4 (3117401 bytes)
[2026-04-12T18:15:12.292264] Starting 60-second capture -> /Users/Chen/PycharmProjects/CSCI_6234_Final/recordings/cam223/clips/2026/04/12/cam223_20260412T221512Z.mp4
[tls @ 0x7fd53e904340] IO error: End of file
[https @ 0x7fd53e904200] Error reading HTTP response: End of file
[tls @ 0x7fd51df3eac0] IO error: End of file
[https @ 0x7fd51df55a00] Error reading HTTP response: End of file
[tls @ 0x7fd51df22100] IO error: End of file
[https @ 0x7fd51df24d80] Error reading HTTP response: End of file
[tls @ 0x7fd53e929b80] IO error: End of file
[https @ 0x7fd53e92a180] Error reading HTTP response: End of file
[tls @ 0x7fd51df10080] IO error: End of file
[https @ 0x7fd51df43080] Error reading HTTP response: End of file
[tls @ 0x7fd53e92a180] IO error: End of file
[https @ 0x7fd53e912cc0] Error reading HTTP response: End of file
[tls @ 0x7fd53e929d40] IO error: End of file
[https @ 0x7fd53e92a240] Error reading HTTP response: End of file
[tls @ 0x7fd51e02be40] IO error: End of file
[https @ 0x7fd51e01fe40] Error reading HTTP response: End of file
[2026-04-12T18:15:56.493223] Saved clip /Users/Chen/PycharmProjects/CSCI_6234_Final/recordings/cam223/clips/2026/04/12/cam223_20260412T221512Z.mp4 (3106890 bytes)
[2026-04-12T18:15:57.014708] Starting 60-second capture -> /Users/Chen/PycharmProjects/CSCI_6234_Final/recordings/cam223/clips/2026/04/12/cam223_20260412T221557Z.mp4
[tls @ 0x7fb586a04ec0] IO error: End of file
[https @ 0x7fb586a04dc0] Error reading HTTP response: End of file
[tls @ 0x7fb586c0f6c0] IO error: End of file
[https @ 0x7fb586c12f80] Error reading HTTP response: End of file
[tls @ 0x7fb586c1c600] IO error: End of file
[https @ 0x7fb586c14600] Error reading HTTP response: End of file
[tls @ 0x7fb586b2acc0] IO error: End of file
[https @ 0x7fb586b77dc0] Error reading HTTP response: End of file
[tls @ 0x7fb586ba4480] IO error: End of file
[https @ 0x7fb586bb6680] Error reading HTTP response: End of file
[tls @ 0x7fb586a08000] IO error: End of file
[https @ 0x7fb586a2bf80] Error reading HTTP response: End of file
[tls @ 0x7fb555f04200] IO error: End of file
[https @ 0x7fb555f04140] Error reading HTTP response: End of file
[tls @ 0x7fb586a28b80] IO error: End of file
[https @ 0x7fb586a26840] Error reading HTTP response: End of file
[2026-04-12T18:16:39.763692] Saved clip /Users/Chen/PycharmProjects/CSCI_6234_Final/recordings/cam223/clips/2026/04/12/cam223_20260412T221557Z.mp4 (3114623 bytes)
[2026-04-12T18:16:40.281675] Starting 60-second capture -> /Users/Chen/PycharmProjects/CSCI_6234_Final/recordings/cam223/clips/2026/04/12/cam223_20260412T221640Z.mp4
[tls @ 0x7fef27f04680] IO error: End of file
[https @ 0x7fef27f04540] Error reading HTTP response: End of file
[tls @ 0x7fef3111c980] IO error: End of file
[https @ 0x7fef3111c8c0] Error reading HTTP response: End of file
[tls @ 0x7fef31109f00] IO error: End of file
[https @ 0x7fef31107240] Error reading HTTP response: End of file
[tls @ 0x7fef310612c0] IO error: End of file
[https @ 0x7fef31042200] Error reading HTTP response: End of file
[tls @ 0x7fef31136580] IO error: End of file
[https @ 0x7fef31140b80] Error reading HTTP response: End of file
[tls @ 0x7fef311436c0] IO error: End of file
[https @ 0x7fef311608c0] Error reading HTTP response: End of file
[tls @ 0x7fef31231100] IO error: End of file
[https @ 0x7fef31232900] Error reading HTTP response: End of file
[2026-04-12T18:17:22.610554] Saved clip /Users/Chen/PycharmProjects/CSCI_6234_Final/recordings/cam223/clips/2026/04/12/cam223_20260412T221640Z.mp4 (3109019 bytes)
[2026-04-12T18:17:23.128758] Starting 60-second capture -> /Users/Chen/PycharmProjects/CSCI_6234_Final/recordings/cam223/clips/2026/04/12/cam223_20260412T221723Z.mp4
[tls @ 0x7faa23204ac0] IO error: End of file
[https @ 0x7faa232049c0] Error reading HTTP response: End of file
[tls @ 0x7faa234076c0] IO error: End of file
[https @ 0x7faa23407600] Error reading HTTP response: End of file
[tls @ 0x7faa2341a980] IO error: End of file
[https @ 0x7faa23411ac0] Error reading HTTP response: End of file
[tls @ 0x7faa12729fc0] IO error: End of file
[https @ 0x7faa12708040] Error reading HTTP response: End of file
[tls @ 0x7faa23379cc0] IO error: End of file
[https @ 0x7faa233a8900] Error reading HTTP response: End of file
[tls @ 0x7faa12711080] IO error: End of file
[https @ 0x7faa12705f00] Error reading HTTP response: End of file
[tls @ 0x7faa2338cac0] IO error: End of file
[https @ 0x7faa23377b00] Error reading HTTP response: End of file
[2026-04-12T18:17:56.313380] Saved clip /Users/Chen/PycharmProjects/CSCI_6234_Final/recordings/cam223/clips/2026/04/12/cam223_20260412T221723Z.mp4 (3111874 bytes)
[2026-04-12T18:17:56.828190] Starting 60-second capture -> /Users/Chen/PycharmProjects/CSCI_6234_Final/recordings/cam223/clips/2026/04/12/cam223_20260412T221756Z.mp4
[tls @ 0x7fe6c5704680] IO error: End of file
[https @ 0x7fe6c5704540] Error reading HTTP response: End of file
[tls @ 0x7fe6c6032cc0] IO error: End of file
[https @ 0x7fe6c604c340] Error reading HTTP response: End of file
[tls @ 0x7fe6c5724140] IO error: End of file
[https @ 0x7fe6c5736340] Error reading HTTP response: End of file
[tls @ 0x7fe6c6110740] IO error: End of file
[https @ 0x7fe6c6117a40] Error reading HTTP response: End of file
[tls @ 0x7fe6c604b980] IO error: End of file
[https @ 0x7fe6c6060340] Error reading HTTP response: End of file
[2026-04-12T18:18:39.862648] Saved clip /Users/Chen/PycharmProjects/CSCI_6234_Final/recordings/cam223/clips/2026/04/12/cam223_20260412T221756Z.mp4 (3117714 bytes)
[2026-04-12T18:18:40.374051] Starting 60-second capture -> /Users/Chen/PycharmProjects/CSCI_6234_Final/recordings/cam223/clips/2026/04/12/cam223_20260412T221840Z.mp4
[tls @ 0x7fc1e5f04480] IO error: End of file
[https @ 0x7fc1f6a04f40] Error reading HTTP response: End of file
[tls @ 0x7fc1f6a28d00] IO error: End of file
[https @ 0x7fc1f6a38700] Error reading HTTP response: End of file
[tls @ 0x7fc1e7004f40] IO error: End of file
[https @ 0x7fc1e7004e40] Error reading HTTP response: End of file
[tls @ 0x7fc1f6b3d880] IO error: End of file
[https @ 0x7fc1f6b66040] Error reading HTTP response: End of file
[tls @ 0x7fc1f6a82580] IO error: End of file
[https @ 0x7fc1f6a38700] Error reading HTTP response: End of file
[tls @ 0x7fc1f6a28d00] IO error: End of file
[https @ 0x7fc1f6a20980] Error reading HTTP response: End of file
[tls @ 0x7fc1f6a0b800] IO error: End of file
[https @ 0x7fc1f6a08c40] Error reading HTTP response: End of file
[2026-04-12T18:19:23.401794] Saved clip /Users/Chen/PycharmProjects/CSCI_6234_Final/recordings/cam223/clips/2026/04/12/cam223_20260412T221840Z.mp4 (3115239 bytes)
[2026-04-12T18:19:23.912532] Starting 60-second capture -> /Users/Chen/PycharmProjects/CSCI_6234_Final/recordings/cam223/clips/2026/04/12/cam223_20260412T221923Z.mp4
[tls @ 0x7f9d95a06100] IO error: End of file
[https @ 0x7f9d95a06000] Error reading HTTP response: End of file
[tls @ 0x7f9d95a48680] IO error: End of file
[https @ 0x7f9d84746600] Error reading HTTP response: End of file
[tls @ 0x7f9d84723b00] IO error: End of file
[https @ 0x7f9d84728540] Error reading HTTP response: End of file
[tls @ 0x7f9d95a27040] IO error: End of file
[https @ 0x7f9d95a1a9c0] Error reading HTTP response: End of file
[tls @ 0x7f9d84734d40] IO error: End of file
[https @ 0x7f9d847428c0] Error reading HTTP response: End of file
[tls @ 0x7f9d95a21700] IO error: End of file
[https @ 0x7f9d95a73280] Error reading HTTP response: End of file
[2026-04-12T18:19:55.934812] Saved clip /Users/Chen/PycharmProjects/CSCI_6234_Final/recordings/cam223/clips/2026/04/12/cam223_20260412T221923Z.mp4 (3113735 bytes)
[2026-04-12T18:19:56.454774] Starting 60-second capture -> /Users/Chen/PycharmProjects/CSCI_6234_Final/recordings/cam223/clips/2026/04/12/cam223_20260412T221956Z.mp4
[tls @ 0x7ff2e0f04140] IO error: End of file
[https @ 0x7ff2f1a05b40] Error reading HTTP response: End of file
[tls @ 0x7ff2e1809dc0] IO error: End of file
[https @ 0x7ff2e1809d00] Error reading HTTP response: End of file
[tls @ 0x7ff2e1905380] IO error: End of file
[https @ 0x7ff2e1905280] Error reading HTTP response: End of file
[tls @ 0x7ff2e0f41b80] IO error: End of file
[https @ 0x7ff2e0f14580] Error reading HTTP response: End of file
[tls @ 0x7ff2e0f4bb00] IO error: End of file
[https @ 0x7ff2e0f55300] Error reading HTTP response: End of file
[tls @ 0x7ff2e1807900] IO error: End of file
[https @ 0x7ff2e1807800] Error reading HTTP response: End of file
[tls @ 0x7ff2f1a3ed40] IO error: End of file
[https @ 0x7ff2f1a43680] Error reading HTTP response: End of file
[2026-04-12T18:20:38.998924] Saved clip /Users/Chen/PycharmProjects/CSCI_6234_Final/recordings/cam223/clips/2026/04/12/cam223_20260412T221956Z.mp4 (3107825 bytes)
[2026-04-12T18:20:39.534267] Starting 60-second capture -> /Users/Chen/PycharmProjects/CSCI_6234_Final/recordings/cam223/clips/2026/04/12/cam223_20260412T222039Z.mp4
[tls @ 0x7fcebb304800] IO error: End of file
[https @ 0x7fcebb3046c0] Error reading HTTP response: End of file
[tls @ 0x7fcebb409ec0] IO error: End of file
[https @ 0x7fcebb409240] Error reading HTTP response: End of file
[tls @ 0x7fcebb370a00] IO error: End of file
[https @ 0x7fcebb34ae80] Error reading HTTP response: End of file
[tls @ 0x7fcebb433640] IO error: End of file
[https @ 0x7fcebb409600] Error reading HTTP response: End of file
[tls @ 0x7fcebb370a00] IO error: End of file
[https @ 0x7fcebb38ee40] Error reading HTTP response: End of file
[tls @ 0x7fcebb32ec00] IO error: End of file
[https @ 0x7fcebb327180] Error reading HTTP response: End of file
[tls @ 0x7fcebb370a00] IO error: End of file
[https @ 0x7fcebb38d3c0] Error reading HTTP response: End of file
[tls @ 0x7fcebb41de40] IO error: End of file
[https @ 0x7fce99f22680] Error reading HTTP response: End of file
[2026-04-12T18:21:22.189932] Saved clip /Users/Chen/PycharmProjects/CSCI_6234_Final/recordings/cam223/clips/2026/04/12/cam223_20260412T222039Z.mp4 (3108779 bytes)
[2026-04-12T18:21:22.711442] Starting 60-second capture -> /Users/Chen/PycharmProjects/CSCI_6234_Final/recordings/cam223/clips/2026/04/12/cam223_20260412T222122Z.mp4
[tls @ 0x7f8a8db04a80] IO error: End of file
[https @ 0x7f8a8db04940] Error reading HTTP response: End of file
[tls @ 0x7f8a8dd08d40] IO error: End of file
[https @ 0x7f8a8dd08c00] Error reading HTTP response: End of file
[tls @ 0x7f8a7cf34f80] IO error: End of file
[https @ 0x7f8a7cf36900] Error reading HTTP response: End of file
[tls @ 0x7f8a7cf29040] IO error: End of file
[https @ 0x7f8a7cf04ec0] Error reading HTTP response: End of file
[tls @ 0x7f8a8dd1e180] IO error: End of file
[https @ 0x7f8a8dd31f40] Error reading HTTP response: End of file
[tls @ 0x7f8a8db18640] IO error: End of file
[https @ 0x7f8a8db065c0] Error reading HTTP response: End of file
[tls @ 0x7f8a8dd3eb40] IO error: End of file
[https @ 0x7f8a8dd410c0] Error reading HTTP response: End of file
[2026-04-12T18:22:05.181426] Saved clip /Users/Chen/PycharmProjects/CSCI_6234_Final/recordings/cam223/clips/2026/04/12/cam223_20260412T222122Z.mp4 (3108791 bytes)
[2026-04-12T18:22:05.701775] Starting 60-second capture -> /Users/Chen/PycharmProjects/CSCI_6234_Final/recordings/cam223/clips/2026/04/12/cam223_20260412T222205Z.mp4
[tls @ 0x7fa74bd05440] IO error: End of file
[https @ 0x7fa74bd05300] Error reading HTTP response: End of file
[tls @ 0x7fa74bb0ed00] IO error: End of file
[https @ 0x7fa74bb0f740] Error reading HTTP response: End of file
[tls @ 0x7fa74bc57c40] IO error: End of file
[https @ 0x7fa74bc65e80] Error reading HTTP response: End of file
[tls @ 0x7fa74bc198c0] IO error: End of file
[https @ 0x7fa74bc16280] Error reading HTTP response: End of file
[tls @ 0x7fa74bd25f80] IO error: End of file
[https @ 0x7fa74bd26c00] Error reading HTTP response: End of file
[tls @ 0x7fa74bc19240] IO error: End of file
[https @ 0x7fa74bc667c0] Error reading HTTP response: End of file
[tls @ 0x7fa72af28c80] IO error: End of file
[https @ 0x7fa72af06d40] Error reading HTTP response: End of file
[tls @ 0x7fa72af33e80] IO error: End of file
[https @ 0x7fa72af14580] Error reading HTTP response: End of file
[2026-04-12T18:22:48.988173] Saved clip /Users/Chen/PycharmProjects/CSCI_6234_Final/recordings/cam223/clips/2026/04/12/cam223_20260412T222205Z.mp4 (3104743 bytes)
[2026-04-12T18:22:49.515142] Starting 60-second capture -> /Users/Chen/PycharmProjects/CSCI_6234_Final/recordings/cam223/clips/2026/04/12/cam223_20260412T222249Z.mp4
[tls @ 0x7fd16c904500] IO error: End of file
[https @ 0x7fd16c9043c0] Error reading HTTP response: End of file
[tls @ 0x7fd16ca103c0] IO error: End of file
[https @ 0x7fd16ca10300] Error reading HTTP response: End of file
[tls @ 0x7fd16c94a2c0] IO error: End of file
[https @ 0x7fd16c95afc0] Error reading HTTP response: End of file
[tls @ 0x7fd16c957c80] IO error: End of file
[https @ 0x7fd16c954280] Error reading HTTP response: End of file
[tls @ 0x7fd15c852300] IO error: End of file
[https @ 0x7fd15c830880] Error reading HTTP response: End of file
[tls @ 0x7fd16cb41d80] IO error: End of file
[https @ 0x7fd16cb4f940] Error reading HTTP response: End of file
[tls @ 0x7fd16cb30980] IO error: End of file
[https @ 0x7fd16cb2ff80] Error reading HTTP response: End of file
[tls @ 0x7fd15c852300] IO error: End of file
[https @ 0x7fd15c862180] Error reading HTTP response: End of file
[2026-04-12T18:23:32.371771] Saved clip /Users/Chen/PycharmProjects/CSCI_6234_Final/recordings/cam223/clips/2026/04/12/cam223_20260412T222249Z.mp4 (3113391 bytes)
[2026-04-12T18:23:32.898547] Starting 60-second capture -> /Users/Chen/PycharmProjects/CSCI_6234_Final/recordings/cam223/clips/2026/04/12/cam223_20260412T222332Z.mp4
[tls @ 0x7fe800215700] IO error: End of file
[https @ 0x7fe8002155c0] Error reading HTTP response: End of file
[tls @ 0x7fe8002363c0] IO error: End of file
[https @ 0x7fe800239440] Error reading HTTP response: End of file
[tls @ 0x7fe7f8850ac0] IO error: End of file
[https @ 0x7fe7f8845140] Error reading HTTP response: End of file
[tls @ 0x7fe7f880d880] IO error: End of file
[https @ 0x7fe7f8845c40] Error reading HTTP response: End of file
[tls @ 0x7fe7ef70f340] IO error: End of file
[https @ 0x7fe7ef72b280] Error reading HTTP response: End of file
[tls @ 0x7fe7ef738d80] IO error: End of file
[https @ 0x7fe7ef70fb80] Error reading HTTP response: End of file
[tls @ 0x7fe7ef746b80] IO error: End of file
[https @ 0x7fe7f8845c40] Error reading HTTP response: End of file
[tls @ 0x7fe7df74c980] IO error: End of file
[https @ 0x7fe7df75c800] Error reading HTTP response: End of file
[tls @ 0x7fe7df73d900] IO error: End of file
[https @ 0x7fe7df73e680] Error reading HTTP response: End of file
[2026-04-12T18:24:15.986402] Saved clip /Users/Chen/PycharmProjects/CSCI_6234_Final/recordings/cam223/clips/2026/04/12/cam223_20260412T222332Z.mp4 (3105599 bytes)
[2026-04-12T18:24:16.498538] Starting 60-second capture -> /Users/Chen/PycharmProjects/CSCI_6234_Final/recordings/cam223/clips/2026/04/12/cam223_20260412T222416Z.mp4
[tls @ 0x7fd2fdf17180] IO error: End of file
[https @ 0x7fd2fdf16b00] Error reading HTTP response: End of file
[tls @ 0x7fd2fe82e440] IO error: End of file
[https @ 0x7fd2fe859700] Error reading HTTP response: End of file
[tls @ 0x7fd2fdf1d840] IO error: End of file
[https @ 0x7fd2fdf1d780] Error reading HTTP response: End of file
[tls @ 0x7fd2fe82e440] IO error: End of file
[https @ 0x7fd2fe8625c0] Error reading HTTP response: End of file
[tls @ 0x7fd2fdf4df80] IO error: End of file
[https @ 0x7fd2fdf04440] Error reading HTTP response: End of file
[tls @ 0x7fd2fe85b940] IO error: End of file
[https @ 0x7fd2fe859700] Error reading HTTP response: End of file
[tls @ 0x7fd2fe953240] IO error: End of file
[https @ 0x7fd2fe81a1c0] Error reading HTTP response: End of file
[2026-04-12T18:24:59.094091] Saved clip /Users/Chen/PycharmProjects/CSCI_6234_Final/recordings/cam223/clips/2026/04/12/cam223_20260412T222416Z.mp4 (3109313 bytes)
[2026-04-12T18:24:59.616053] Starting 60-second capture -> /Users/Chen/PycharmProjects/CSCI_6234_Final/recordings/cam223/clips/2026/04/12/cam223_20260412T222459Z.mp4
[tls @ 0x7fef9e204800] IO error: End of file
[https @ 0x7fef9e2046c0] Error reading HTTP response: End of file
[tls @ 0x7fef7d84c200] IO error: End of file
[https @ 0x7fef7d84ef00] Error reading HTTP response: End of file
[tls @ 0x7fef9e313480] IO error: End of file
[https @ 0x7fef9e311440] Error reading HTTP response: End of file
[tls @ 0x7fef7cf29640] IO error: End of file
[https @ 0x7fef7cf04440] Error reading HTTP response: End of file
[tls @ 0x7fef7cf5b340] IO error: End of file
[https @ 0x7fef7cf1ef00] Error reading HTTP response: End of file
[tls @ 0x7fef9e004240] IO error: End of file
[https @ 0x7fef9e004140] Error reading HTTP response: End of file
[tls @ 0x7fef6cf44fc0] IO error: End of file
[https @ 0x7fef6cf57200] Error reading HTTP response: End of file
[2026-04-12T18:25:42.736838] Saved clip /Users/Chen/PycharmProjects/CSCI_6234_Final/recordings/cam223/clips/2026/04/12/cam223_20260412T222459Z.mp4 (3111434 bytes)
[2026-04-12T18:25:43.246022] Starting 60-second capture -> /Users/Chen/PycharmProjects/CSCI_6234_Final/recordings/cam223/clips/2026/04/12/cam223_20260412T222543Z.mp4
[tls @ 0x7f99e931e640] IO error: End of file
[https @ 0x7f99e9323900] Error reading HTTP response: End of file
[tls @ 0x7f99e931e640] IO error: End of file
[https @ 0x7f99e934fa40] Error reading HTTP response: End of file
[tls @ 0x7f99e9404940] IO error: End of file
[https @ 0x7f99e9430840] Error reading HTTP response: End of file
[tls @ 0x7f99e940fe00] IO error: End of file
[https @ 0x7f99e941e7c0] Error reading HTTP response: End of file
[2026-04-12T18:26:19.723262] Saved clip /Users/Chen/PycharmProjects/CSCI_6234_Final/recordings/cam223/clips/2026/04/12/cam223_20260412T222543Z.mp4 (3113501 bytes)
[2026-04-12T18:26:20.234440] Starting 60-second capture -> /Users/Chen/PycharmProjects/CSCI_6234_Final/recordings/cam223/clips/2026/04/12/cam223_20260412T222620Z.mp4
[tls @ 0x7fd7ae806940] IO error: End of file
[https @ 0x7fd7ae8051c0] Error reading HTTP response: End of file
[tls @ 0x7fd7aea062c0] IO error: End of file
[https @ 0x7fd7aea06200] Error reading HTTP response: End of file
[tls @ 0x7fd7ba804240] IO error: End of file
[https @ 0x7fd7ba804080] Error reading HTTP response: End of file
[tls @ 0x7fd7aed0d140] IO error: End of file
[https @ 0x7fd7aed0efc0] Error reading HTTP response: End of file
[tls @ 0x7fd7aea06200] IO error: End of file
[https @ 0x7fd7ba867380] Error reading HTTP response: End of file
[tls @ 0x7fd7ba86c100] IO error: End of file
[https @ 0x7fd7ba83ca00] Error reading HTTP response: End of file
[tls @ 0x7fd7aef04280] IO error: End of file
[https @ 0x7fd7aef040c0] Error reading HTTP response: End of file
[tls @ 0x7fd7aef45340] IO error: End of file
[https @ 0x7fd7aef57540] Error reading HTTP response: End of file
[2026-04-12T18:27:02.734043] Saved clip /Users/Chen/PycharmProjects/CSCI_6234_Final/recordings/cam223/clips/2026/04/12/cam223_20260412T222620Z.mp4 (3111079 bytes)
[2026-04-12T18:27:03.248236] Starting 60-second capture -> /Users/Chen/PycharmProjects/CSCI_6234_Final/recordings/cam223/clips/2026/04/12/cam223_20260412T222703Z.mp4
[tls @ 0x7fa8b9204800] IO error: End of file
[https @ 0x7fa8b92046c0] Error reading HTTP response: End of file
[tls @ 0x7fa8b9004580] IO error: End of file
[https @ 0x7fa8b9004480] Error reading HTTP response: End of file
[tls @ 0x7fa8b8708e80] IO error: End of file
[https @ 0x7fa8b871b1c0] Error reading HTTP response: End of file
[tls @ 0x7fa8b9336c00] IO error: End of file
[https @ 0x7fa8b9336b40] Error reading HTTP response: End of file
[tls @ 0x7fa858704540] IO error: End of file
[https @ 0x7fa858704480] Error reading HTTP response: End of file
[tls @ 0x7fa899024940] IO error: End of file
[https @ 0x7fa8b93336c0] Error reading HTTP response: End of file
[2026-04-12T18:27:36.360471] Saved clip /Users/Chen/PycharmProjects/CSCI_6234_Final/recordings/cam223/clips/2026/04/12/cam223_20260412T222703Z.mp4 (3112332 bytes)
[2026-04-12T18:27:36.872201] Starting 60-second capture -> /Users/Chen/PycharmProjects/CSCI_6234_Final/recordings/cam223/clips/2026/04/12/cam223_20260412T222736Z.mp4
[tls @ 0x7fe8e7004e40] IO error: End of file
[https @ 0x7fe8e7004d00] Error reading HTTP response: End of file
[tls @ 0x7fe8f674cbc0] IO error: End of file
[https @ 0x7fe8f6751d80] Error reading HTTP response: End of file
[tls @ 0x7fe8f6725e80] IO error: End of file
[https @ 0x7fe8f6727280] Error reading HTTP response: End of file
[tls @ 0x7fe8e7047b00] IO error: End of file
[https @ 0x7fe8e7059d00] Error reading HTTP response: End of file
[tls @ 0x7fe8d6704580] IO error: End of file
[https @ 0x7fe8d6704080] Error reading HTTP response: End of file
[tls @ 0x7fe8d6707400] IO error: End of file
[https @ 0x7fe8d670ca00] Error reading HTTP response: End of file
[tls @ 0x7fe8d671d1c0] IO error: End of file
[https @ 0x7fe8d6724c00] Error reading HTTP response: End of file
[2026-04-12T18:28:19.295708] Saved clip /Users/Chen/PycharmProjects/CSCI_6234_Final/recordings/cam223/clips/2026/04/12/cam223_20260412T222736Z.mp4 (3113692 bytes)
[2026-04-12T18:28:19.807691] Starting 60-second capture -> /Users/Chen/PycharmProjects/CSCI_6234_Final/recordings/cam223/clips/2026/04/12/cam223_20260412T222819Z.mp4
[tls @ 0x7fb7e4f04a80] IO error: End of file
[https @ 0x7fb7e4f04980] Error reading HTTP response: End of file
[tls @ 0x7fb7e6106f40] IO error: End of file
[https @ 0x7fb7e6106900] Error reading HTTP response: End of file
[tls @ 0x7fb7e4f23c40] IO error: End of file
[https @ 0x7fb7e4f182c0] Error reading HTTP response: End of file
[tls @ 0x7fb7a4f04200] IO error: End of file
[https @ 0x7fb7a4f04140] Error reading HTTP response: End of file
[2026-04-12T18:29:03.023993] Saved clip /Users/Chen/PycharmProjects/CSCI_6234_Final/recordings/cam223/clips/2026/04/12/cam223_20260412T222819Z.mp4 (3106710 bytes)
[2026-04-12T18:29:03.537474] Starting 60-second capture -> /Users/Chen/PycharmProjects/CSCI_6234_Final/recordings/cam223/clips/2026/04/12/cam223_20260412T222903Z.mp4
[tls @ 0x7fc6eef04b40] IO error: End of file
[https @ 0x7fc6eef04a00] Error reading HTTP response: End of file
[tls @ 0x7fc6ef812400] IO error: End of file
[https @ 0x7fc6ef80e140] Error reading HTTP response: End of file
[tls @ 0x7fc6fef443c0] IO error: End of file
[https @ 0x7fc6fef407c0] Error reading HTTP response: End of file
[tls @ 0x7fc6cef04280] IO error: End of file
[https @ 0x7fc6cef040c0] Error reading HTTP response: End of file
[tls @ 0x7fc70ef07ac0] IO error: End of file
[https @ 0x7fc70ef07a00] Error reading HTTP response: End of file
[2026-04-12T18:29:35.669201] Saved clip /Users/Chen/PycharmProjects/CSCI_6234_Final/recordings/cam223/clips/2026/04/12/cam223_20260412T222903Z.mp4 (3110468 bytes)
[2026-04-12T18:29:36.181793] Starting 60-second capture -> /Users/Chen/PycharmProjects/CSCI_6234_Final/recordings/cam223/clips/2026/04/12/cam223_20260412T222936Z.mp4
[tls @ 0x7fe2bff08d40] IO error: End of file
[https @ 0x7fe2bff08c40] Error reading HTTP response: End of file
[tls @ 0x7fe29ff07540] IO error: End of file
[https @ 0x7fe29ff097c0] Error reading HTTP response: End of file
[tls @ 0x7fe2a880a580] IO error: End of file
[https @ 0x7fe2a88058c0] Error reading HTTP response: End of file
[tls @ 0x7fe2a8a04b80] IO error: End of file
[https @ 0x7fe2a8a04ac0] Error reading HTTP response: End of file
[2026-04-12T18:30:18.969275] Saved clip /Users/Chen/PycharmProjects/CSCI_6234_Final/recordings/cam223/clips/2026/04/12/cam223_20260412T222936Z.mp4 (3121618 bytes)
[2026-04-12T18:30:19.480391] Starting 60-second capture -> /Users/Chen/PycharmProjects/CSCI_6234_Final/recordings/cam223/clips/2026/04/12/cam223_20260412T223019Z.mp4
[tls @ 0x7fd563804500] IO error: End of file
[https @ 0x7fd5638043c0] Error reading HTTP response: End of file
[tls @ 0x7fd563a2a680] IO error: End of file
[https @ 0x7fd563a2d0c0] Error reading HTTP response: End of file
[tls @ 0x7fd56391e240] IO error: End of file
[https @ 0x7fd563910400] Error reading HTTP response: End of file
[tls @ 0x7fd572785300] IO error: End of file
[https @ 0x7fd572797500] Error reading HTTP response: End of file
[tls @ 0x7fd56382f1c0] IO error: End of file
[https @ 0x7fd563824300] Error reading HTTP response: End of file
[tls @ 0x7fd56391e240] IO error: End of file
[https @ 0x7fd563910400] Error reading HTTP response: End of file
[2026-04-12T18:31:02.469990] Saved clip /Users/Chen/PycharmProjects/CSCI_6234_Final/recordings/cam223/clips/2026/04/12/cam223_20260412T223019Z.mp4 (3113874 bytes)
[2026-04-12T18:31:02.980198] Starting 60-second capture -> /Users/Chen/PycharmProjects/CSCI_6234_Final/recordings/cam223/clips/2026/04/12/cam223_20260412T223102Z.mp4
[tls @ 0x7f7c4ca06bc0] IO error: End of file
[https @ 0x7f7c4ca0b400] Error reading HTTP response: End of file
[tls @ 0x7f7c4cb04140] IO error: End of file
[https @ 0x7f7c4cb04080] Error reading HTTP response: End of file
[tls @ 0x7f7c4c8577c0] IO error: End of file
[https @ 0x7f7c4c853c00] Error reading HTTP response: End of file
[tls @ 0x7f7c4c805e40] IO error: End of file
[https @ 0x7f7c4c804400] Error reading HTTP response: End of file
[tls @ 0x7f7c4cb04080] IO error: End of file
[https @ 0x7f7bfbf055c0] Error reading HTTP response: End of file
[tls @ 0x7f7bfbf29f00] IO error: End of file
[https @ 0x7f7bfbf33600] Error reading HTTP response: End of file
[tls @ 0x7f7bfbf43100] IO error: End of file
[https @ 0x7f7bfbf55340] Error reading HTTP response: End of file
[tls @ 0x7f7c4c866e80] IO error: End of file
[https @ 0x7f7c4c850dc0] Error reading HTTP response: End of file
[2026-04-12T18:31:45.998763] Saved clip /Users/Chen/PycharmProjects/CSCI_6234_Final/recordings/cam223/clips/2026/04/12/cam223_20260412T223102Z.mp4 (3112830 bytes)
[2026-04-12T18:31:46.509428] Starting 60-second capture -> /Users/Chen/PycharmProjects/CSCI_6234_Final/recordings/cam223/clips/2026/04/12/cam223_20260412T223146Z.mp4
[tls @ 0x7fa8b8004500] IO error: End of file
[https @ 0x7fa8b80043c0] Error reading HTTP response: End of file
[tls @ 0x7fa8c0136f40] IO error: End of file
[https @ 0x7fa8c0169800] Error reading HTTP response: End of file
[tls @ 0x7fa8c0016680] IO error: End of file
[https @ 0x7fa8c00288c0] Error reading HTTP response: End of file
[tls @ 0x7fa8b82040c0] IO error: End of file
[https @ 0x7fa8b8204f00] Error reading HTTP response: End of file
[tls @ 0x7fa8b8142d80] IO error: End of file
[https @ 0x7fa8b8007bc0] Error reading HTTP response: End of file
[tls @ 0x7fa8af726100] IO error: End of file
[https @ 0x7fa8af722040] Error reading HTTP response: End of file
[tls @ 0x7fa8b813d4c0] IO error: End of file
[https @ 0x7fa8b810a7c0] Error reading HTTP response: End of file
[2026-04-12T18:32:29.334998] Saved clip /Users/Chen/PycharmProjects/CSCI_6234_Final/recordings/cam223/clips/2026/04/12/cam223_20260412T223146Z.mp4 (3106019 bytes)
[2026-04-12T18:32:29.841248] Starting 60-second capture -> /Users/Chen/PycharmProjects/CSCI_6234_Final/recordings/cam223/clips/2026/04/12/cam223_20260412T223229Z.mp4
[tls @ 0x7fe851323700] IO error: End of file
[https @ 0x7fe851335900] Error reading HTTP response: End of file
[tls @ 0x7fe820704280] IO error: End of file
[https @ 0x7fe8207040c0] Error reading HTTP response: End of file
[tls @ 0x7fe851323700] IO error: End of file
[https @ 0x7fe851335900] Error reading HTTP response: End of file
[tls @ 0x7fe85070ba80] IO error: End of file
[https @ 0x7fe85070b980] Error reading HTTP response: End of file
[tls @ 0x7fe851206440] IO error: End of file
[https @ 0x7fe851207bc0] Error reading HTTP response: End of file
[tls @ 0x7fe841206580] IO error: End of file
[https @ 0x7fe841211140] Error reading HTTP response: End of file
[2026-04-12T18:33:12.561521] Saved clip /Users/Chen/PycharmProjects/CSCI_6234_Final/recordings/cam223/clips/2026/04/12/cam223_20260412T223229Z.mp4 (3111013 bytes)
[2026-04-12T18:33:13.072637] Starting 60-second capture -> /Users/Chen/PycharmProjects/CSCI_6234_Final/recordings/cam223/clips/2026/04/12/cam223_20260412T223313Z.mp4
[tls @ 0x7f810af04680] IO error: End of file
[https @ 0x7f810af04540] Error reading HTTP response: End of file
[tls @ 0x7f811b99e280] IO error: End of file
[https @ 0x7f811b9acb00] Error reading HTTP response: End of file
[tls @ 0x7f811b809ac0] IO error: End of file
[https @ 0x7f811b809a00] Error reading HTTP response: End of file
[tls @ 0x7f811b809d00] IO error: End of file
[https @ 0x7f811b8051c0] Error reading HTTP response: End of file
[tls @ 0x7f811af0bb40] IO error: End of file
[https @ 0x7f811af09600] Error reading HTTP response: End of file
[tls @ 0x7f810c229500] IO error: End of file
[https @ 0x7f810c24db40] Error reading HTTP response: End of file
[tls @ 0x7f810c504bc0] IO error: End of file
[https @ 0x7f810c504480] Error reading HTTP response: End of file
[tls @ 0x7f811b9b06c0] IO error: End of file
[https @ 0x7f811b9c2900] Error reading HTTP response: End of file
[2026-04-12T18:33:55.711640] Saved clip /Users/Chen/PycharmProjects/CSCI_6234_Final/recordings/cam223/clips/2026/04/12/cam223_20260412T223313Z.mp4 (3110673 bytes)
[2026-04-12T18:33:56.221793] Starting 60-second capture -> /Users/Chen/PycharmProjects/CSCI_6234_Final/recordings/cam223/clips/2026/04/12/cam223_20260412T223356Z.mp4
[tls @ 0x7f96a0104500] IO error: End of file
[https @ 0x7f96a01043c0] Error reading HTTP response: End of file
[tls @ 0x7f96a0320cc0] IO error: End of file
[https @ 0x7f96a0320500] Error reading HTTP response: End of file
[tls @ 0x7f96a02048c0] IO error: End of file
[https @ 0x7f96a0204780] Error reading HTTP response: End of file
[tls @ 0x7f96a00042c0] IO error: End of file
[https @ 0x7f96a0004200] Error reading HTTP response: End of file
[tls @ 0x7f96a026e6c0] IO error: End of file
[https @ 0x7f96a0266500] Error reading HTTP response: End of file
[tls @ 0x7f96a0004200] IO error: End of file
[https @ 0x7f96a00042c0] Error reading HTTP response: End of file
[tls @ 0x7f96a033bdc0] IO error: End of file
[https @ 0x7f96a0335bc0] Error reading HTTP response: End of file
[2026-04-12T18:34:38.809751] Saved clip /Users/Chen/PycharmProjects/CSCI_6234_Final/recordings/cam223/clips/2026/04/12/cam223_20260412T223356Z.mp4 (3110844 bytes)
[2026-04-12T18:34:39.325217] Starting 60-second capture -> /Users/Chen/PycharmProjects/CSCI_6234_Final/recordings/cam223/clips/2026/04/12/cam223_20260412T223439Z.mp4
[tls @ 0x7fab03b04500] IO error: End of file
[https @ 0x7fab03b043c0] Error reading HTTP response: End of file
[tls @ 0x7fab03b38680] IO error: End of file
[https @ 0x7fab03b04480] Error reading HTTP response: End of file
[tls @ 0x7fab03b09a80] IO error: End of file
[https @ 0x7fab03b131c0] Error reading HTTP response: End of file
[tls @ 0x7fab02f59d40] IO error: End of file
[https @ 0x7fab02f6bf40] Error reading HTTP response: End of file
[tls @ 0x7fab03a138c0] IO error: End of file
[https @ 0x7fab03a25ac0] Error reading HTTP response: End of file
[tls @ 0x7faad2f04080] IO error: End of file
[https @ 0x7faad2f04fc0] Error reading HTTP response: End of file
[tls @ 0x7fab03b13d00] IO error: End of file
[https @ 0x7fab03b0c100] Error reading HTTP response: End of file
[2026-04-12T18:35:22.019696] Saved clip /Users/Chen/PycharmProjects/CSCI_6234_Final/recordings/cam223/clips/2026/04/12/cam223_20260412T223439Z.mp4 (3113914 bytes)
[2026-04-12T18:35:22.530981] Starting 60-second capture -> /Users/Chen/PycharmProjects/CSCI_6234_Final/recordings/cam223/clips/2026/04/12/cam223_20260412T223522Z.mp4
[tls @ 0x7fa09af04680] IO error: End of file
[https @ 0x7fa09af04540] Error reading HTTP response: End of file
[tls @ 0x7fa09b9144c0] IO error: End of file
[https @ 0x7fa09b915e00] Error reading HTTP response: End of file
[tls @ 0x7fa09ba04280] IO error: End of file
[https @ 0x7fa09ba040c0] Error reading HTTP response: End of file
[tls @ 0x7fa09b9102c0] IO error: End of file
[https @ 0x7fa09b914fc0] Error reading HTTP response: End of file
[tls @ 0x7fa09b914600] IO error: End of file
[https @ 0x7fa09b915dc0] Error reading HTTP response: End of file
[2026-04-12T18:36:05.053596] Saved clip /Users/Chen/PycharmProjects/CSCI_6234_Final/recordings/cam223/clips/2026/04/12/cam223_20260412T223522Z.mp4 (3108356 bytes)
[2026-04-12T18:36:05.567153] Starting 60-second capture -> /Users/Chen/PycharmProjects/CSCI_6234_Final/recordings/cam223/clips/2026/04/12/cam223_20260412T223605Z.mp4
[tls @ 0x7fb0b5f57a40] IO error: End of file
[https @ 0x7fb0b5f69c40] Error reading HTTP response: End of file
[tls @ 0x7fb0a7004240] IO error: End of file
[https @ 0x7fb0a7004080] Error reading HTTP response: End of file
[tls @ 0x7fb0a71049c0] IO error: End of file
[https @ 0x7fb0a71048c0] Error reading HTTP response: End of file
[tls @ 0x7fb0a72056c0] IO error: End of file
[https @ 0x7fb0a7205b40] Error reading HTTP response: End of file
[tls @ 0x7fb0a7107c80] IO error: End of file
[https @ 0x7fb0a710a100] Error reading HTTP response: End of file
[tls @ 0x7fb0b7107ac0] IO error: End of file
[https @ 0x7fb0b71070c0] Error reading HTTP response: End of file
[2026-04-12T18:36:48.742205] Saved clip /Users/Chen/PycharmProjects/CSCI_6234_Final/recordings/cam223/clips/2026/04/12/cam223_20260412T223605Z.mp4 (3117791 bytes)
[2026-04-12T18:36:49.256990] Starting 60-second capture -> /Users/Chen/PycharmProjects/CSCI_6234_Final/recordings/cam223/clips/2026/04/12/cam223_20260412T223649Z.mp4
[tls @ 0x7fba72204680] IO error: End of file
[https @ 0x7fba72204540] Error reading HTTP response: End of file
[tls @ 0x7fba32004200] IO error: End of file
[https @ 0x7fba32004100] Error reading HTTP response: End of file
[tls @ 0x7fba72504a00] IO error: End of file
[https @ 0x7fba72504900] Error reading HTTP response: End of file
[tls @ 0x7fba7227fc80] IO error: End of file
[https @ 0x7fba72274780] Error reading HTTP response: End of file
[tls @ 0x7fba72504900] IO error: End of file
[https @ 0x7fba72508340] Error reading HTTP response: End of file
[tls @ 0x7fba7227fc80] IO error: End of file
[https @ 0x7fba7220f600] Error reading HTTP response: End of file
[tls @ 0x7fba72112d00] IO error: End of file
[https @ 0x7fba72114000] Error reading HTTP response: End of file
[2026-04-12T18:37:31.764873] Saved clip /Users/Chen/PycharmProjects/CSCI_6234_Final/recordings/cam223/clips/2026/04/12/cam223_20260412T223649Z.mp4 (3108232 bytes)
[2026-04-12T18:37:32.273720] Starting 60-second capture -> /Users/Chen/PycharmProjects/CSCI_6234_Final/recordings/cam223/clips/2026/04/12/cam223_20260412T223732Z.mp4
[tls @ 0x7fe9be705100] IO error: End of file
[https @ 0x7fe9be704b80] Error reading HTTP response: End of file
[tls @ 0x7fe9de70fc40] IO error: End of file
[https @ 0x7fe9de734780] Error reading HTTP response: End of file
[tls @ 0x7fe9bf604200] IO error: End of file
[https @ 0x7fe9bf604140] Error reading HTTP response: End of file
[tls @ 0x7fe96f004200] IO error: End of file
[https @ 0x7fe96f004140] Error reading HTTP response: End of file
[2026-04-12T18:38:14.918217] Saved clip /Users/Chen/PycharmProjects/CSCI_6234_Final/recordings/cam223/clips/2026/04/12/cam223_20260412T223732Z.mp4 (3105423 bytes)
[2026-04-12T18:38:15.428634] Starting 60-second capture -> /Users/Chen/PycharmProjects/CSCI_6234_Final/recordings/cam223/clips/2026/04/12/cam223_20260412T223815Z.mp4
[tls @ 0x7fca6b306400] IO error: End of file
[https @ 0x7fca6b306300] Error reading HTTP response: End of file
[tls @ 0x7fca6b306280] IO error: End of file
[https @ 0x7fca6b3063c0] Error reading HTTP response: End of file
[tls @ 0x7fca6a70a780] IO error: End of file
[https @ 0x7fca6a70a640] Error reading HTTP response: End of file
[tls @ 0x7fca5a714840] IO error: End of file
[https @ 0x7fca5a714d00] Error reading HTTP response: End of file
[tls @ 0x7fca6b03e9c0] IO error: End of file
[https @ 0x7fca6b004400] Error reading HTTP response: End of file
[tls @ 0x7fca6b306280] IO error: End of file
[https @ 0x7fca6b308340] Error reading HTTP response: End of file
[tls @ 0x7fca6b226b00] IO error: End of file
[https @ 0x7fca6b229a00] Error reading HTTP response: End of file
[2026-04-12T18:38:58.264036] Saved clip /Users/Chen/PycharmProjects/CSCI_6234_Final/recordings/cam223/clips/2026/04/12/cam223_20260412T223815Z.mp4 (3116498 bytes)
[2026-04-12T18:38:58.773060] Starting 60-second capture -> /Users/Chen/PycharmProjects/CSCI_6234_Final/recordings/cam223/clips/2026/04/12/cam223_20260412T223858Z.mp4
[tls @ 0x7fe2e5c04500] IO error: End of file
[https @ 0x7fe2e5c043c0] Error reading HTTP response: End of file
[tls @ 0x7fe2e5b042c0] IO error: End of file
[https @ 0x7fe2e5b04200] Error reading HTTP response: End of file
[tls @ 0x7fe2e5c10bc0] IO error: End of file
[https @ 0x7fe2e5c16cc0] Error reading HTTP response: End of file
[tls @ 0x7fe2e5b0ee80] IO error: End of file
[https @ 0x7fe2e5b0edc0] Error reading HTTP response: End of file
[tls @ 0x7fe2e5d7da40] IO error: End of file
[https @ 0x7fe2e5d7e4c0] Error reading HTTP response: End of file
[tls @ 0x7fe2e5c19480] IO error: End of file
[https @ 0x7fe2e5c193c0] Error reading HTTP response: End of file
[tls @ 0x7fe2e5d7da40] IO error: End of file
[https @ 0x7fe2e5c0b4c0] Error reading HTTP response: End of file
[2026-04-12T18:39:41.407856] Saved clip /Users/Chen/PycharmProjects/CSCI_6234_Final/recordings/cam223/clips/2026/04/12/cam223_20260412T223858Z.mp4 (3116424 bytes)
[2026-04-12T18:39:41.920588] Starting 60-second capture -> /Users/Chen/PycharmProjects/CSCI_6234_Final/recordings/cam223/clips/2026/04/12/cam223_20260412T223941Z.mp4
[tls @ 0x7fba42f05100] IO error: End of file
[https @ 0x7fba42f04b80] Error reading HTTP response: End of file
[tls @ 0x7fba42f06080] IO error: End of file
[https @ 0x7fba42f05f80] Error reading HTTP response: End of file
[tls @ 0x7fba53904cc0] IO error: End of file
[https @ 0x7fba53904300] Error reading HTTP response: End of file
[tls @ 0x7fba43935f80] IO error: End of file
[https @ 0x7fba439303c0] Error reading HTTP response: End of file
[tls @ 0x7fba43a0bc80] IO error: End of file
[https @ 0x7fba43859e40] Error reading HTTP response: End of file
[tls @ 0x7fba4380d900] IO error: End of file
[https @ 0x7fba43859f00] Error reading HTTP response: End of file
[tls @ 0x7fba53856e00] IO error: End of file
[https @ 0x7fba53869000] Error reading HTTP response: End of file
[tls @ 0x7fba43935f80] IO error: End of file
[https @ 0x7fba439303c0] Error reading HTTP response: End of file
[2026-04-12T18:40:24.448800] Saved clip /Users/Chen/PycharmProjects/CSCI_6234_Final/recordings/cam223/clips/2026/04/12/cam223_20260412T223941Z.mp4 (3115714 bytes)
[2026-04-12T18:40:24.959520] Starting 60-second capture -> /Users/Chen/PycharmProjects/CSCI_6234_Final/recordings/cam223/clips/2026/04/12/cam223_20260412T224024Z.mp4
[tls @ 0x7f93f500b140] IO error: End of file
[https @ 0x7f93f500b000] Error reading HTTP response: End of file
[tls @ 0x7f93f5148880] IO error: End of file
[https @ 0x7f93f5144c80] Error reading HTTP response: End of file
[tls @ 0x7f93f501c200] IO error: End of file
[https @ 0x7f93f5022d80] Error reading HTTP response: End of file
[tls @ 0x7f93d5004500] IO error: End of file
[https @ 0x7f93d5004440] Error reading HTTP response: End of file
[tls @ 0x7f93f501ab80] IO error: End of file
[https @ 0x7f93f501c000] Error reading HTTP response: End of file
[tls @ 0x7f93f5406c00] IO error: End of file
[https @ 0x7f93f5406b00] Error reading HTTP response: End of file
[tls @ 0x7f93f5449680] IO error: End of file
[https @ 0x7f93f545b880] Error reading HTTP response: End of file
[tls @ 0x7f93b4704540] IO error: End of file
[https @ 0x7f93b4704480] Error reading HTTP response: End of file
[2026-04-12T18:41:08.142779] Saved clip /Users/Chen/PycharmProjects/CSCI_6234_Final/recordings/cam223/clips/2026/04/12/cam223_20260412T224024Z.mp4 (3109301 bytes)
[2026-04-12T18:41:08.655473] Starting 60-second capture -> /Users/Chen/PycharmProjects/CSCI_6234_Final/recordings/cam223/clips/2026/04/12/cam223_20260412T224108Z.mp4
[tls @ 0x7f7f99204680] IO error: End of file
[https @ 0x7f7f99204540] Error reading HTTP response: End of file
[tls @ 0x7f7f887053c0] IO error: End of file
[https @ 0x7f7f88710280] Error reading HTTP response: End of file
[tls @ 0x7f7f88710400] IO error: End of file
[https @ 0x7f7f88710340] Error reading HTTP response: End of file
[tls @ 0x7f7f990257c0] IO error: End of file
[https @ 0x7f7f99025bc0] Error reading HTTP response: End of file
[tls @ 0x7f7f99135f00] IO error: End of file
[https @ 0x7f7f99104140] Error reading HTTP response: End of file
[2026-04-12T18:41:51.486500] Saved clip /Users/Chen/PycharmProjects/CSCI_6234_Final/recordings/cam223/clips/2026/04/12/cam223_20260412T224108Z.mp4 (3113126 bytes)
[2026-04-12T18:41:51.995997] Starting 60-second capture -> /Users/Chen/PycharmProjects/CSCI_6234_Final/recordings/cam223/clips/2026/04/12/cam223_20260412T224151Z.mp4
[tls @ 0x7f7b06004500] IO error: End of file
[https @ 0x7f7b060043c0] Error reading HTTP response: End of file
[tls @ 0x7f7b06104140] IO error: End of file
[https @ 0x7f7b06104200] Error reading HTTP response: End of file
[tls @ 0x7f7b16008180] IO error: End of file
[https @ 0x7f7b160080c0] Error reading HTTP response: End of file
[tls @ 0x7f7b05708d00] IO error: End of file
[https @ 0x7f7b05708c40] Error reading HTTP response: End of file
[tls @ 0x7f7b15759d40] IO error: End of file
[https @ 0x7f7b1576bf40] Error reading HTTP response: End of file
[tls @ 0x7f7aa6004200] IO error: End of file
[https @ 0x7f7aa6004140] Error reading HTTP response: End of file
[2026-04-12T18:42:34.950935] Saved clip /Users/Chen/PycharmProjects/CSCI_6234_Final/recordings/cam223/clips/2026/04/12/cam223_20260412T224151Z.mp4 (3109800 bytes)
[2026-04-12T18:42:35.461971] Starting 60-second capture -> /Users/Chen/PycharmProjects/CSCI_6234_Final/recordings/cam223/clips/2026/04/12/cam223_20260412T224235Z.mp4
[tls @ 0x7fa036705400] IO error: End of file
[https @ 0x7fa036704ec0] Error reading HTTP response: End of file
[tls @ 0x7fa026705dc0] IO error: End of file
[https @ 0x7fa0371327c0] Error reading HTTP response: End of file
[tls @ 0x7fa047005140] IO error: End of file
[https @ 0x7fa047005080] Error reading HTTP response: End of file
[tls @ 0x7fa047149800] IO error: End of file
[https @ 0x7fa04715ba00] Error reading HTTP response: End of file
[tls @ 0x7fa0371327c0] IO error: End of file
[https @ 0x7fa03711a2c0] Error reading HTTP response: End of file
[tls @ 0x7fa046776500] IO error: End of file
[https @ 0x7fa04677dec0] Error reading HTTP response: End of file
[tls @ 0x7fa026707c00] IO error: End of file
[https @ 0x7fa026705f00] Error reading HTTP response: End of file
[2026-04-12T18:43:18.077215] Saved clip /Users/Chen/PycharmProjects/CSCI_6234_Final/recordings/cam223/clips/2026/04/12/cam223_20260412T224235Z.mp4 (3111811 bytes)
[2026-04-12T18:43:18.589633] Starting 60-second capture -> /Users/Chen/PycharmProjects/CSCI_6234_Final/recordings/cam223/clips/2026/04/12/cam223_20260412T224318Z.mp4
[tls @ 0x7fce25f08a00] IO error: End of file
[https @ 0x7fce25f08900] Error reading HTTP response: End of file
[tls @ 0x7fce26c061c0] IO error: End of file
[https @ 0x7fce26c06100] Error reading HTTP response: End of file
[tls @ 0x7fce26856e00] IO error: End of file
[https @ 0x7fce26869000] Error reading HTTP response: End of file
[tls @ 0x7fce26835280] IO error: End of file
[https @ 0x7fce26885b80] Error reading HTTP response: End of file
[tls @ 0x7fce26e06f40] IO error: End of file
[https @ 0x7fce26e06e80] Error reading HTTP response: End of file
[tls @ 0x7fce26e42000] IO error: End of file
[https @ 0x7fce26e3e400] Error reading HTTP response: End of file
[tls @ 0x7fce26a20080] IO error: End of file
[https @ 0x7fce26a29040] Error reading HTTP response: End of file
[2026-04-12T18:44:00.932220] Saved clip /Users/Chen/PycharmProjects/CSCI_6234_Final/recordings/cam223/clips/2026/04/12/cam223_20260412T224318Z.mp4 (3115733 bytes)
[2026-04-12T18:44:01.440443] Starting 60-second capture -> /Users/Chen/PycharmProjects/CSCI_6234_Final/recordings/cam223/clips/2026/04/12/cam223_20260412T224401Z.mp4
[tls @ 0x7fae6ca04680] IO error: End of file
[https @ 0x7fae6ca04540] Error reading HTTP response: End of file
[tls @ 0x7fae6cd04ec0] IO error: End of file
[https @ 0x7fae6cc23840] Error reading HTTP response: End of file
[tls @ 0x7fae6cc14900] IO error: End of file
[https @ 0x7fae6cc17e00] Error reading HTTP response: End of file
[tls @ 0x7fae6c904b40] IO error: End of file
[https @ 0x7fae6c904a00] Error reading HTTP response: End of file
[tls @ 0x7fae6bf56780] IO error: End of file
[https @ 0x7fae6bf52b80] Error reading HTTP response: End of file
[tls @ 0x7fae6c8b4fc0] IO error: End of file
[https @ 0x7fae6c8c71c0] Error reading HTTP response: End of file
[tls @ 0x7fae6ca09540] IO error: End of file
[https @ 0x7fae6ca05f00] Error reading HTTP response: End of file
[2026-04-12T18:44:44.087285] Saved clip /Users/Chen/PycharmProjects/CSCI_6234_Final/recordings/cam223/clips/2026/04/12/cam223_20260412T224401Z.mp4 (3110901 bytes)
[2026-04-12T18:44:44.598174] Starting 60-second capture -> /Users/Chen/PycharmProjects/CSCI_6234_Final/recordings/cam223/clips/2026/04/12/cam223_20260412T224444Z.mp4
[tls @ 0x7fdda3404800] IO error: End of file
[https @ 0x7fdda34046c0] Error reading HTTP response: End of file
[tls @ 0x7fdda3704080] IO error: End of file
[https @ 0x7fdda3510840] Error reading HTTP response: End of file
[tls @ 0x7fdda334f740] IO error: End of file
[https @ 0x7fdda3361940] Error reading HTTP response: End of file
[tls @ 0x7fdda368d980] IO error: End of file
[https @ 0x7fdda3689d80] Error reading HTTP response: End of file
[tls @ 0x7fdda3737980] IO error: End of file
[https @ 0x7fdda374a140] Error reading HTTP response: End of file
[tls @ 0x7fdda3769700] IO error: End of file
[https @ 0x7fdd6271ac40] Error reading HTTP response: End of file
[tls @ 0x7fdda3504d00] IO error: End of file
[https @ 0x7fdda3504b80] Error reading HTTP response: End of file
[2026-04-12T18:45:26.823115] Saved clip /Users/Chen/PycharmProjects/CSCI_6234_Final/recordings/cam223/clips/2026/04/12/cam223_20260412T224444Z.mp4 (3116031 bytes)
[2026-04-12T18:45:27.338552] Starting 60-second capture -> /Users/Chen/PycharmProjects/CSCI_6234_Final/recordings/cam223/clips/2026/04/12/cam223_20260412T224527Z.mp4
[tls @ 0x7fbc81d05a80] IO error: End of file
[https @ 0x7fbc81d05940] Error reading HTTP response: End of file
[tls @ 0x7fbc81b17d80] IO error: End of file
[https @ 0x7fbc81b0d4c0] Error reading HTTP response: End of file
[tls @ 0x7fbc81d4af40] IO error: End of file
[https @ 0x7fbc81d77480] Error reading HTTP response: End of file
[tls @ 0x7fbc70f3a300] IO error: End of file
[https @ 0x7fbc81c18380] Error reading HTTP response: End of file
[2026-04-12T18:46:11.092492] Saved clip /Users/Chen/PycharmProjects/CSCI_6234_Final/recordings/cam223/clips/2026/04/12/cam223_20260412T224527Z.mp4 (3108819 bytes)
[2026-04-12T18:46:11.608530] Starting 60-second capture -> /Users/Chen/PycharmProjects/CSCI_6234_Final/recordings/cam223/clips/2026/04/12/cam223_20260412T224611Z.mp4
[tls @ 0x7fa2c8f04680] IO error: End of file
[https @ 0x7fa2c8f04540] Error reading HTTP response: End of file
[tls @ 0x7fa2d9b2c500] IO error: End of file
[https @ 0x7fa2d9b04200] Error reading HTTP response: End of file
[tls @ 0x7fa2d9985180] IO error: End of file
[https @ 0x7fa2d99787c0] Error reading HTTP response: End of file
[tls @ 0x7fa2d9934f80] IO error: End of file
[https @ 0x7fa2d995d6c0] Error reading HTTP response: End of file
[tls @ 0x7fa2d9b2c500] IO error: End of file
[https @ 0x7fa2d9b04200] Error reading HTTP response: End of file
[tls @ 0x7fa2d9b1dc40] IO error: End of file
[https @ 0x7fa2d9b1db80] Error reading HTTP response: End of file
[2026-04-12T18:46:54.961158] Saved clip /Users/Chen/PycharmProjects/CSCI_6234_Final/recordings/cam223/clips/2026/04/12/cam223_20260412T224611Z.mp4 (3107950 bytes)
[2026-04-12T18:46:55.479337] Starting 60-second capture -> /Users/Chen/PycharmProjects/CSCI_6234_Final/recordings/cam223/clips/2026/04/12/cam223_20260412T224655Z.mp4
[tls @ 0x7fa963d04680] IO error: End of file
[https @ 0x7fa963d04540] Error reading HTTP response: End of file
[tls @ 0x7fa963e19dc0] IO error: End of file
[https @ 0x7fa963e04140] Error reading HTTP response: End of file
[tls @ 0x7fa963e09200] IO error: End of file
[https @ 0x7fa963e11700] Error reading HTTP response: End of file
[tls @ 0x7fa963e19dc0] IO error: End of file
[https @ 0x7fa963e04200] Error reading HTTP response: End of file
[tls @ 0x7fa963f67b00] IO error: End of file
[https @ 0x7fa963f66380] Error reading HTTP response: End of file
[tls @ 0x7fa967848680] IO error: End of file
[https @ 0x7fa9678204c0] Error reading HTTP response: End of file
[tls @ 0x7fa963e19dc0] IO error: End of file
[https @ 0x7fa963e3e800] Error reading HTTP response: End of file
[2026-04-12T18:47:38.342106] Saved clip /Users/Chen/PycharmProjects/CSCI_6234_Final/recordings/cam223/clips/2026/04/12/cam223_20260412T224655Z.mp4 (3108435 bytes)
[2026-04-12T18:47:38.860707] Starting 60-second capture -> /Users/Chen/PycharmProjects/CSCI_6234_Final/recordings/cam223/clips/2026/04/12/cam223_20260412T224738Z.mp4
[tls @ 0x7fb076704140] IO error: End of file
[https @ 0x7fb077004540] Error reading HTTP response: End of file
[tls @ 0x7fb076715900] IO error: End of file
[https @ 0x7fb076704800] Error reading HTTP response: End of file
[tls @ 0x7fb077005240] IO error: End of file
[https @ 0x7fb077005140] Error reading HTTP response: End of file
[tls @ 0x7fb08719e800] IO error: End of file
[https @ 0x7fb0871af880] Error reading HTTP response: End of file
[tls @ 0x7fb07703b9c0] IO error: End of file
[https @ 0x7fb07703dd00] Error reading HTTP response: End of file
[tls @ 0x7fb087235c00] IO error: End of file
[https @ 0x7fb087236ec0] Error reading HTTP response: End of file
[tls @ 0x7fb07703dd00] IO error: End of file
[https @ 0x7fb07701d200] Error reading HTTP response: End of file
[2026-04-12T18:48:22.945276] Saved clip /Users/Chen/PycharmProjects/CSCI_6234_Final/recordings/cam223/clips/2026/04/12/cam223_20260412T224738Z.mp4 (3113831 bytes)
[2026-04-12T18:48:23.460220] Starting 60-second capture -> /Users/Chen/PycharmProjects/CSCI_6234_Final/recordings/cam223/clips/2026/04/12/cam223_20260412T224823Z.mp4
[tls @ 0x7fd789204680] IO error: End of file
[https @ 0x7fd789204540] Error reading HTTP response: End of file
[tls @ 0x7fd789368c80] IO error: End of file
[https @ 0x7fd789368e00] Error reading HTTP response: End of file
[tls @ 0x7fd789504840] IO error: Connection reset by peer
[https @ 0x7fd789504700] Error reading HTTP response: Connection reset by peer
[in#0/hls @ 0x7fd7890048c0] keepalive request failed for 'https://itsvideo.arlingtonva.us:8013/live/cam223.stream/media_w1633656975_244372.ts' with error: 'Connection reset by peer' when opening url, retrying with new connection
[tls @ 0x7fd789421800] IO error: End of file
[https @ 0x7fd78940ffc0] Error reading HTTP response: End of file
[tls @ 0x7fd789215440] IO error: End of file
[https @ 0x7fd789211840] Error reading HTTP response: End of file
[tls @ 0x7fd789207340] IO error: End of file
[https @ 0x7fd789206bc0] Error reading HTTP response: End of file
[2026-04-12T18:48:57.181856] Saved clip /Users/Chen/PycharmProjects/CSCI_6234_Final/recordings/cam223/clips/2026/04/12/cam223_20260412T224823Z.mp4 (3112921 bytes)
[2026-04-12T18:48:57.694828] Starting 60-second capture -> /Users/Chen/PycharmProjects/CSCI_6234_Final/recordings/cam223/clips/2026/04/12/cam223_20260412T224857Z.mp4
[tls @ 0x7fa1d7805080] IO error: End of file
[https @ 0x7fa1d7804500] Error reading HTTP response: End of file
[tls @ 0x7fa1d6f16900] IO error: End of file
[https @ 0x7fa1d6f16b00] Error reading HTTP response: End of file
[tls @ 0x7fa1d7825d00] IO error: End of file
[https @ 0x7fa1d7835440] Error reading HTTP response: End of file
[tls @ 0x7fa1d7845040] IO error: End of file
[https @ 0x7fa1d78444c0] Error reading HTTP response: End of file
[tls @ 0x7fa1d6f16740] IO error: End of file
[https @ 0x7fa1d6f16900] Error reading HTTP response: End of file
[tls @ 0x7fa1d7910ac0] IO error: End of file
[https @ 0x7fa1d790f180] Error reading HTTP response: End of file
[2026-04-12T18:49:40.390816] Saved clip /Users/Chen/PycharmProjects/CSCI_6234_Final/recordings/cam223/clips/2026/04/12/cam223_20260412T224857Z.mp4 (3113342 bytes)
[2026-04-12T18:49:40.907154] Starting 60-second capture -> /Users/Chen/PycharmProjects/CSCI_6234_Final/recordings/cam223/clips/2026/04/12/cam223_20260412T224940Z.mp4
[tls @ 0x7f9066804640] IO error: End of file
[https @ 0x7f9066804500] Error reading HTTP response: End of file
[tls @ 0x7f9066809c40] IO error: End of file
[https @ 0x7f9066817ec0] Error reading HTTP response: End of file
[tls @ 0x7f90669042c0] IO error: End of file
[https @ 0x7f9066904200] Error reading HTTP response: End of file
[tls @ 0x7f9035f04200] IO error: End of file
[https @ 0x7f9035f04140] Error reading HTTP response: End of file
[tls @ 0x7f9025f04280] IO error: End of file
[https @ 0x7f9025f040c0] Error reading HTTP response: End of file
[2026-04-12T18:50:23.589246] Saved clip /Users/Chen/PycharmProjects/CSCI_6234_Final/recordings/cam223/clips/2026/04/12/cam223_20260412T224940Z.mp4 (3110195 bytes)
[2026-04-12T18:50:24.098117] Starting 60-second capture -> /Users/Chen/PycharmProjects/CSCI_6234_Final/recordings/cam223/clips/2026/04/12/cam223_20260412T225024Z.mp4
[tls @ 0x7faa8801ca00] IO error: End of file
[https @ 0x7faa8801ff00] Error reading HTTP response: End of file
[tls @ 0x7faa27804200] IO error: End of file
[https @ 0x7faa27804140] Error reading HTTP response: End of file
[tls @ 0x7faa67204240] IO error: End of file
[https @ 0x7faa67204080] Error reading HTTP response: End of file
[tls @ 0x7faa66f6aec0] IO error: End of file
[https @ 0x7faa66f7d0c0] Error reading HTTP response: End of file
[2026-04-12T18:50:56.265277] Saved clip /Users/Chen/PycharmProjects/CSCI_6234_Final/recordings/cam223/clips/2026/04/12/cam223_20260412T225024Z.mp4 (3114331 bytes)
[2026-04-12T18:50:56.776592] Starting 60-second capture -> /Users/Chen/PycharmProjects/CSCI_6234_Final/recordings/cam223/clips/2026/04/12/cam223_20260412T225056Z.mp4
[tls @ 0x7f80a0104680] IO error: End of file
[https @ 0x7f80a0104580] Error reading HTTP response: End of file
[tls @ 0x7f80a0022280] IO error: End of file
[https @ 0x7f80a00221c0] Error reading HTTP response: End of file
[tls @ 0x7f80a020d580] IO error: End of file
[https @ 0x7f80a020dbc0] Error reading HTTP response: End of file
[tls @ 0x7f8096f15600] IO error: End of file
[https @ 0x7f8096f18b00] Error reading HTTP response: End of file
[tls @ 0x7f80a7857380] IO error: End of file
[https @ 0x7f80a78695c0] Error reading HTTP response: End of file
[tls @ 0x7f8096f14ec0] IO error: End of file
[https @ 0x7f8096f5edc0] Error reading HTTP response: End of file
[2026-04-12T18:51:39.654970] Saved clip /Users/Chen/PycharmProjects/CSCI_6234_Final/recordings/cam223/clips/2026/04/12/cam223_20260412T225056Z.mp4 (3114311 bytes)
[2026-04-12T18:51:40.169524] Starting 60-second capture -> /Users/Chen/PycharmProjects/CSCI_6234_Final/recordings/cam223/clips/2026/04/12/cam223_20260412T225140Z.mp4
[tls @ 0x7fdcb41049c0] IO error: End of file
[https @ 0x7fdcb4104880] Error reading HTTP response: End of file
[tls @ 0x7fdca490a100] IO error: End of file
[https @ 0x7fdca490a040] Error reading HTTP response: End of file
[tls @ 0x7fdca370a140] IO error: End of file
[https @ 0x7fdca3716300] Error reading HTTP response: End of file
[tls @ 0x7fdca3726200] IO error: End of file
[https @ 0x7fdca372c380] Error reading HTTP response: End of file
[tls @ 0x7fdca3720f80] IO error: End of file
[https @ 0x7fdca3720ec0] Error reading HTTP response: End of file
[tls @ 0x7fdca372b6c0] IO error: End of file
[https @ 0x7fdca372b600] Error reading HTTP response: End of file
[tls @ 0x7fdca4928bc0] IO error: End of file
[https @ 0x7fdca4a11dc0] Error reading HTTP response: End of file
[2026-04-12T18:52:22.723258] Saved clip /Users/Chen/PycharmProjects/CSCI_6234_Final/recordings/cam223/clips/2026/04/12/cam223_20260412T225140Z.mp4 (3109619 bytes)
[2026-04-12T18:52:23.233526] Starting 60-second capture -> /Users/Chen/PycharmProjects/CSCI_6234_Final/recordings/cam223/clips/2026/04/12/cam223_20260412T225223Z.mp4
[tls @ 0x7fd4c9007880] IO error: End of file
[https @ 0x7fd4c9005c40] Error reading HTTP response: End of file
[tls @ 0x7fd4b904f940] IO error: End of file
[https @ 0x7fd4b9051f40] Error reading HTTP response: End of file
[tls @ 0x7fd4b9235d40] IO error: End of file
[https @ 0x7fd4b922f340] Error reading HTTP response: End of file
[tls @ 0x7fd4b9205440] IO error: End of file
[https @ 0x7fd4b9205340] Error reading HTTP response: End of file
[2026-04-12T18:53:02.377058] Saved clip /Users/Chen/PycharmProjects/CSCI_6234_Final/recordings/cam223/clips/2026/04/12/cam223_20260412T225223Z.mp4 (3114833 bytes)
[2026-04-12T18:53:02.890048] Starting 60-second capture -> /Users/Chen/PycharmProjects/CSCI_6234_Final/recordings/cam223/clips/2026/04/12/cam223_20260412T225302Z.mp4
[tls @ 0x7fae0b005e80] IO error: End of file
[https @ 0x7fae0b005d80] Error reading HTTP response: End of file
[tls @ 0x7fadfb004940] IO error: End of file
[https @ 0x7fadfb004340] Error reading HTTP response: End of file
[tls @ 0x7fadfa7049c0] IO error: End of file
[https @ 0x7fadfa7048c0] Error reading HTTP response: End of file
[tls @ 0x7fadfb10de40] IO error: End of file
[https @ 0x7fadfb10d180] Error reading HTTP response: End of file
[tls @ 0x7fadfb0043c0] IO error: End of file
[https @ 0x7fadfb005300] Error reading HTTP response: End of file
[2026-04-12T18:53:45.164908] Saved clip /Users/Chen/PycharmProjects/CSCI_6234_Final/recordings/cam223/clips/2026/04/12/cam223_20260412T225302Z.mp4 (3114621 bytes)
[2026-04-12T18:53:45.677537] Starting 60-second capture -> /Users/Chen/PycharmProjects/CSCI_6234_Final/recordings/cam223/clips/2026/04/12/cam223_20260412T225345Z.mp4
[tls @ 0x7fc035705c80] IO error: End of file
[https @ 0x7fc035705b40] Error reading HTTP response: End of file
[tls @ 0x7fc016120500] IO error: End of file
[https @ 0x7fc01611ff40] Error reading HTTP response: End of file
[tls @ 0x7fc015705900] IO error: End of file
[https @ 0x7fc015705800] Error reading HTTP response: End of file
[tls @ 0x7fc016120580] IO error: End of file
[https @ 0x7fc0161204c0] Error reading HTTP response: End of file
[tls @ 0x7fc01606ec80] IO error: End of file
[https @ 0x7fc016063e00] Error reading HTTP response: End of file
[tls @ 0x7fc03570b800] IO error: End of file
[https @ 0x7fc035760bc0] Error reading HTTP response: End of file
[tls @ 0x7fc01606ec80] IO error: End of file
[https @ 0x7fc016063300] Error reading HTTP response: End of file
[2026-04-12T18:54:28.924807] Saved clip /Users/Chen/PycharmProjects/CSCI_6234_Final/recordings/cam223/clips/2026/04/12/cam223_20260412T225345Z.mp4 (3111751 bytes)
[2026-04-12T18:54:29.439759] Starting 60-second capture -> /Users/Chen/PycharmProjects/CSCI_6234_Final/recordings/cam223/clips/2026/04/12/cam223_20260412T225429Z.mp4
[tls @ 0x7fc419304680] IO error: End of file
[https @ 0x7fc419304540] Error reading HTTP response: End of file
[tls @ 0x7fc41944a3c0] IO error: End of file
[https @ 0x7fc4194467c0] Error reading HTTP response: End of file
[tls @ 0x7fc419404d40] IO error: End of file
[https @ 0x7fc419410480] Error reading HTTP response: End of file
[tls @ 0x7fc419340f00] IO error: End of file
[https @ 0x7fc419358400] Error reading HTTP response: End of file
[tls @ 0x7fc41966edc0] IO error: End of file
[https @ 0x7fc419665dc0] Error reading HTTP response: End of file
[tls @ 0x7fc41954e6c0] IO error: End of file
[https @ 0x7fc41954e5c0] Error reading HTTP response: End of file
[tls @ 0x7fc41930ca40] IO error: End of file
[https @ 0x7fc4193727c0] Error reading HTTP response: End of file
[2026-04-12T18:55:13.536329] Saved clip /Users/Chen/PycharmProjects/CSCI_6234_Final/recordings/cam223/clips/2026/04/12/cam223_20260412T225429Z.mp4 (3111912 bytes)
[2026-04-12T18:55:14.052023] Starting 60-second capture -> /Users/Chen/PycharmProjects/CSCI_6234_Final/recordings/cam223/clips/2026/04/12/cam223_20260412T225514Z.mp4
[tls @ 0x7fe725704680] IO error: End of file
[https @ 0x7fe725704540] Error reading HTTP response: End of file
[tls @ 0x7fe72622d700] IO error: End of file
[https @ 0x7fe72623b280] Error reading HTTP response: End of file
[tls @ 0x7fe72572c000] IO error: End of file
[https @ 0x7fe72572d7c0] Error reading HTTP response: End of file
[tls @ 0x7fe72606a580] IO error: End of file
[https @ 0x7fe7260669c0] Error reading HTTP response: End of file
[tls @ 0x7fe72601d300] IO error: End of file
[https @ 0x7fe726044900] Error reading HTTP response: End of file
[tls @ 0x7fe7261048c0] IO error: End of file
[https @ 0x7fe72611f880] Error reading HTTP response: End of file
[2026-04-12T18:55:46.596889] Saved clip /Users/Chen/PycharmProjects/CSCI_6234_Final/recordings/cam223/clips/2026/04/12/cam223_20260412T225514Z.mp4 (3105112 bytes)
[2026-04-12T18:55:47.113538] Starting 60-second capture -> /Users/Chen/PycharmProjects/CSCI_6234_Final/recordings/cam223/clips/2026/04/12/cam223_20260412T225547Z.mp4
[tls @ 0x7fb40d704680] IO error: End of file
[https @ 0x7fb40d704540] Error reading HTTP response: End of file
[tls @ 0x7fb40e255740] IO error: End of file
[https @ 0x7fb40e22d9c0] Error reading HTTP response: End of file
[tls @ 0x7fb40e204840] IO error: Connection reset by peer
[https @ 0x7fb40e204700] Error reading HTTP response: Connection reset by peer
[in#0/hls @ 0x7fb41e1048c0] keepalive request failed for 'https://itsvideo.arlingtonva.us:8013/live/cam223.stream/media_w438332713_244417.ts' with error: 'Connection reset by peer' when opening url, retrying with new connection
[tls @ 0x7fb40e161bc0] IO error: End of file
[https @ 0x7fb40e173080] Error reading HTTP response: End of file
[tls @ 0x7fb40e140540] IO error: End of file
[https @ 0x7fb40e134040] Error reading HTTP response: End of file
[tls @ 0x7fb40e00b3c0] IO error: End of file
[https @ 0x7fb40e019a00] Error reading HTTP response: End of file
[tls @ 0x7fb40e011000] IO error: End of file
[https @ 0x7fb40e013140] Error reading HTTP response: End of file
[2026-04-12T18:56:29.864475] Saved clip /Users/Chen/PycharmProjects/CSCI_6234_Final/recordings/cam223/clips/2026/04/12/cam223_20260412T225547Z.mp4 (3105709 bytes)
[2026-04-12T18:56:30.378935] Starting 60-second capture -> /Users/Chen/PycharmProjects/CSCI_6234_Final/recordings/cam223/clips/2026/04/12/cam223_20260412T225630Z.mp4
[tls @ 0x7fd21a004680] IO error: End of file
[https @ 0x7fd21a004540] Error reading HTTP response: End of file
[tls @ 0x7fd21971dc40] IO error: End of file
[https @ 0x7fd219727080] Error reading HTTP response: End of file
[tls @ 0x7fd21971dc40] IO error: End of file
[https @ 0x7fd21971ee80] Error reading HTTP response: End of file
[tls @ 0x7fd22a30dd00] IO error: End of file
[https @ 0x7fd22a31ff00] Error reading HTTP response: End of file
[tls @ 0x7fd22a243380] IO error: End of file
[https @ 0x7fd22a234d40] Error reading HTTP response: End of file
[tls @ 0x7fd22a364000] IO error: End of file
[https @ 0x7fd22a36e7c0] Error reading HTTP response: End of file
[2026-04-12T18:57:13.161759] Saved clip /Users/Chen/PycharmProjects/CSCI_6234_Final/recordings/cam223/clips/2026/04/12/cam223_20260412T225630Z.mp4 (3114369 bytes)
[2026-04-12T18:57:13.680914] Starting 60-second capture -> /Users/Chen/PycharmProjects/CSCI_6234_Final/recordings/cam223/clips/2026/04/12/cam223_20260412T225713Z.mp4
[tls @ 0x7fc86a404680] IO error: End of file
[https @ 0x7fc86a404540] Error reading HTTP response: End of file
[tls @ 0x7fc8597662c0] IO error: End of file
[https @ 0x7fc8597784c0] Error reading HTTP response: End of file
[tls @ 0x7fc86a33c880] IO error: End of file
[https @ 0x7fc86a33ba40] Error reading HTTP response: End of file
[tls @ 0x7fc86a33b900] IO error: End of file
[https @ 0x7fc86a33b840] Error reading HTTP response: End of file
[tls @ 0x7fc86a4131c0] IO error: End of file
[https @ 0x7fc86a412440] Error reading HTTP response: End of file
[tls @ 0x7fc86a235ec0] IO error: End of file
[https @ 0x7fc86a229500] Error reading HTTP response: End of file
[2026-04-12T18:57:47.587055] Saved clip /Users/Chen/PycharmProjects/CSCI_6234_Final/recordings/cam223/clips/2026/04/12/cam223_20260412T225713Z.mp4 (3110011 bytes)
[2026-04-12T18:57:48.098296] Starting 60-second capture -> /Users/Chen/PycharmProjects/CSCI_6234_Final/recordings/cam223/clips/2026/04/12/cam223_20260412T225748Z.mp4
[tls @ 0x7fc957f04800] IO error: End of file
[https @ 0x7fc957f046c0] Error reading HTTP response: End of file
[tls @ 0x7fc95010e980] IO error: End of file
[https @ 0x7fc9501042c0] Error reading HTTP response: End of file
[tls @ 0x7fc957f05600] IO error: End of file
[https @ 0x7fc957f05500] Error reading HTTP response: End of file
[tls @ 0x7fc957f0e940] IO error: End of file
[https @ 0x7fc957f25b00] Error reading HTTP response: End of file
[tls @ 0x7fc957f05500] IO error: End of file
[https @ 0x7fc957f1a9c0] Error reading HTTP response: End of file
[2026-04-12T18:58:30.686505] Saved clip /Users/Chen/PycharmProjects/CSCI_6234_Final/recordings/cam223/clips/2026/04/12/cam223_20260412T225748Z.mp4 (3112004 bytes)
[2026-04-12T18:58:31.197022] Starting 60-second capture -> /Users/Chen/PycharmProjects/CSCI_6234_Final/recordings/cam223/clips/2026/04/12/cam223_20260412T225831Z.mp4
[tls @ 0x7fa9f5904380] IO error: End of file
[https @ 0x7fa9f5904240] Error reading HTTP response: End of file
[tls @ 0x7fa9f5981480] IO error: End of file
[https @ 0x7fa9f5955dc0] Error reading HTTP response: End of file
[tls @ 0x7fa9f5830900] IO error: End of file
[https @ 0x7fa9f5842b00] Error reading HTTP response: End of file
[tls @ 0x7fa9f5b19840] IO error: End of file
[https @ 0x7fa9f5b22980] Error reading HTTP response: End of file
[tls @ 0x7fa9f59b4e00] IO error: End of file
[https @ 0x7fa9f59b7100] Error reading HTTP response: End of file
[tls @ 0x7faa06508540] IO error: End of file
[https @ 0x7faa065081c0] Error reading HTTP response: End of file
[tls @ 0x7fa9f5a8fe40] IO error: End of file
[https @ 0x7fa9f5aa1a80] Error reading HTTP response: End of file
[2026-04-12T18:59:13.632649] Saved clip /Users/Chen/PycharmProjects/CSCI_6234_Final/recordings/cam223/clips/2026/04/12/cam223_20260412T225831Z.mp4 (3105590 bytes)
[2026-04-12T18:59:14.145211] Starting 60-second capture -> /Users/Chen/PycharmProjects/CSCI_6234_Final/recordings/cam223/clips/2026/04/12/cam223_20260412T225914Z.mp4
[tls @ 0x7fd187305c80] IO error: End of file
[https @ 0x7fd187305b40] Error reading HTTP response: End of file
[tls @ 0x7fd18726bd40] IO error: End of file
[https @ 0x7fd187268140] Error reading HTTP response: End of file
[tls @ 0x7fd18734ac00] IO error: End of file
[https @ 0x7fd187342400] Error reading HTTP response: End of file
[tls @ 0x7fd1767296c0] IO error: End of file
[https @ 0x7fd176725a00] Error reading HTTP response: End of file
[tls @ 0x7fd176737e40] IO error: End of file
[https @ 0x7fd176734280] Error reading HTTP response: End of file
[tls @ 0x7fd187319040] IO error: End of file
[https @ 0x7fd187363b80] Error reading HTTP response: End of file
[2026-04-12T18:59:46.682096] Saved clip /Users/Chen/PycharmProjects/CSCI_6234_Final/recordings/cam223/clips/2026/04/12/cam223_20260412T225914Z.mp4 (3112098 bytes)
[2026-04-12T18:59:47.197678] Starting 60-second capture -> /Users/Chen/PycharmProjects/CSCI_6234_Final/recordings/cam223/clips/2026/04/12/cam223_20260412T225947Z.mp4
[tls @ 0x7fd302704680] IO error: End of file
[https @ 0x7fd302704580] Error reading HTTP response: End of file
[tls @ 0x7fd302712b40] IO error: End of file
[https @ 0x7fd30271ad00] Error reading HTTP response: End of file
[tls @ 0x7fd302706ec0] IO error: End of file
[https @ 0x7fd302706dc0] Error reading HTTP response: End of file
[tls @ 0x7fd302712b40] IO error: End of file
[https @ 0x7fd302706f80] Error reading HTTP response: End of file
[tls @ 0x7fd3027075c0] IO error: End of file
[https @ 0x7fd313282380] Error reading HTTP response: End of file
[tls @ 0x7fd313270180] IO error: End of file
[https @ 0x7fd31326c580] Error reading HTTP response: End of file
[tls @ 0x7fd302704780] IO error: End of file
[https @ 0x7fd30271ad00] Error reading HTTP response: End of file
[2026-04-12T19:00:30.315271] Saved clip /Users/Chen/PycharmProjects/CSCI_6234_Final/recordings/cam223/clips/2026/04/12/cam223_20260412T225947Z.mp4 (3112134 bytes)
[2026-04-12T19:00:30.848725] Starting 60-second capture -> /Users/Chen/PycharmProjects/CSCI_6234_Final/recordings/cam223/clips/2026/04/12/cam223_20260412T230030Z.mp4
[tls @ 0x7fa16ff05240] IO error: End of file
[https @ 0x7fa16ff05100] Error reading HTTP response: End of file
[tls @ 0x7fa16ff1e200] IO error: End of file
[https @ 0x7fa16ff2bd80] Error reading HTTP response: End of file
[tls @ 0x7fa17880b2c0] IO error: End of file
[https @ 0x7fa17880b1c0] Error reading HTTP response: End of file
[tls @ 0x7fa15ff735c0] IO error: End of file
[https @ 0x7fa15ff6f9c0] Error reading HTTP response: End of file
[tls @ 0x7fa15ff76780] IO error: End of file
[https @ 0x7fa15ff765c0] Error reading HTTP response: End of file
[tls @ 0x7fa16ff1e200] IO error: End of file
[https @ 0x7fa16ff2b280] Error reading HTTP response: End of file
[tls @ 0x7fa1688318c0] IO error: End of file
[https @ 0x7fa1688141c0] Error reading HTTP response: End of file
[2026-04-12T19:01:13.790129] Saved clip /Users/Chen/PycharmProjects/CSCI_6234_Final/recordings/cam223/clips/2026/04/12/cam223_20260412T230030Z.mp4 (3106638 bytes)
[2026-04-12T19:01:14.315117] Starting 60-second capture -> /Users/Chen/PycharmProjects/CSCI_6234_Final/recordings/cam223/clips/2026/04/12/cam223_20260412T230114Z.mp4
[tls @ 0x7fd422a05280] IO error: End of file
[https @ 0x7fd422a04d00] Error reading HTTP response: End of file
[tls @ 0x7fd41204b680] IO error: End of file
[https @ 0x7fd412052c00] Error reading HTTP response: End of file
[tls @ 0x7fd422a2e7c0] IO error: End of file
[https @ 0x7fd422a37700] Error reading HTTP response: End of file
[tls @ 0x7fd41172afc0] IO error: End of file
[https @ 0x7fd41172d7c0] Error reading HTTP response: End of file
[tls @ 0x7fd412040380] IO error: End of file
[https @ 0x7fd412052c00] Error reading HTTP response: End of file
[tls @ 0x7fd422a1a0c0] IO error: End of file
[https @ 0x7fd422a13840] Error reading HTTP response: End of file
[2026-04-12T19:01:46.853254] Saved clip /Users/Chen/PycharmProjects/CSCI_6234_Final/recordings/cam223/clips/2026/04/12/cam223_20260412T230114Z.mp4 (3102831 bytes)
[2026-04-12T19:01:47.379884] Starting 60-second capture -> /Users/Chen/PycharmProjects/CSCI_6234_Final/recordings/cam223/clips/2026/04/12/cam223_20260412T230147Z.mp4
[tls @ 0x7fe118105c80] IO error: End of file
[https @ 0x7fe118105b40] Error reading HTTP response: End of file
[tls @ 0x7fe10f7166c0] IO error: End of file
[https @ 0x7fe10f7288c0] Error reading HTTP response: End of file
[tls @ 0x7fe10f752d00] IO error: End of file
[https @ 0x7fe10f730c40] Error reading HTTP response: End of file
[tls @ 0x7fe10f7379c0] IO error: End of file
[https @ 0x7fe10f71a6c0] Error reading HTTP response: End of file
[tls @ 0x7fe11f75ac80] IO error: End of file
[https @ 0x7fe11f76ce80] Error reading HTTP response: End of file
[tls @ 0x7fe1181123c0] IO error: End of file
[https @ 0x7fe10f734840] Error reading HTTP response: End of file
[tls @ 0x7fe10f7541c0] IO error: End of file
[https @ 0x7fe10f70dc40] Error reading HTTP response: End of file
[tls @ 0x7fe118039d40] IO error: End of file
[https @ 0x7fe11801b040] Error reading HTTP response: End of file
[2026-04-12T19:02:30.153425] Saved clip /Users/Chen/PycharmProjects/CSCI_6234_Final/recordings/cam223/clips/2026/04/12/cam223_20260412T230147Z.mp4 (3112424 bytes)
[2026-04-12T19:02:30.688321] Starting 60-second capture -> /Users/Chen/PycharmProjects/CSCI_6234_Final/recordings/cam223/clips/2026/04/12/cam223_20260412T230230Z.mp4
[tls @ 0x7fcac9704540] IO error: End of file
[https @ 0x7fcac9704400] Error reading HTTP response: End of file
[tls @ 0x7fcaca04a9c0] IO error: End of file
[https @ 0x7fcaca029d80] Error reading HTTP response: End of file
[tls @ 0x7fcac9731c80] IO error: End of file
[https @ 0x7fcac972c6c0] Error reading HTTP response: End of file
[tls @ 0x7fcada210200] IO error: End of file
[https @ 0x7fcada21dd80] Error reading HTTP response: End of file
[2026-04-12T19:03:13.227961] Saved clip /Users/Chen/PycharmProjects/CSCI_6234_Final/recordings/cam223/clips/2026/04/12/cam223_20260412T230230Z.mp4 (3110534 bytes)
[2026-04-12T19:03:13.751451] Starting 60-second capture -> /Users/Chen/PycharmProjects/CSCI_6234_Final/recordings/cam223/clips/2026/04/12/cam223_20260412T230313Z.mp4
[tls @ 0x7fa301c05bc0] IO error: End of file
[https @ 0x7fa301c05a80] Error reading HTTP response: End of file
[tls @ 0x7fa301b2c640] IO error: End of file
[https @ 0x7fa301b40180] Error reading HTTP response: End of file
[tls @ 0x7fa301b1a280] IO error: End of file
[https @ 0x7fa301e23180] Error reading HTTP response: End of file
[tls @ 0x7fa301e2bb80] IO error: End of file
[https @ 0x7fa301e04380] Error reading HTTP response: End of file
[tls @ 0x7fa301c54fc0] IO error: End of file
[https @ 0x7fa301c60a00] Error reading HTTP response: End of file
[2026-04-12T19:03:46.033819] Saved clip /Users/Chen/PycharmProjects/CSCI_6234_Final/recordings/cam223/clips/2026/04/12/cam223_20260412T230313Z.mp4 (3113743 bytes)
[2026-04-12T19:03:46.551182] Starting 60-second capture -> /Users/Chen/PycharmProjects/CSCI_6234_Final/recordings/cam223/clips/2026/04/12/cam223_20260412T230346Z.mp4
[tls @ 0x7fd2ebb04440] IO error: End of file
[https @ 0x7fd2ebb04300] Error reading HTTP response: End of file
[tls @ 0x7fd2eba306c0] IO error: End of file
[https @ 0x7fd2eba1aa40] Error reading HTTP response: End of file
[tls @ 0x7fd2ebc1b080] IO error: End of file
[https @ 0x7fd2eba0ee80] Error reading HTTP response: End of file
[tls @ 0x7fd2eba306c0] IO error: End of file
[https @ 0x7fd2eba0b0c0] Error reading HTTP response: End of file
[tls @ 0x7fd2eba27c80] IO error: End of file
[https @ 0x7fd2eba27bc0] Error reading HTTP response: End of file
[tls @ 0x7fd2ebc38cc0] IO error: End of file
[https @ 0x7fd2ebd0a680] Error reading HTTP response: End of file
[2026-04-12T19:04:29.163847] Saved clip /Users/Chen/PycharmProjects/CSCI_6234_Final/recordings/cam223/clips/2026/04/12/cam223_20260412T230346Z.mp4 (3108608 bytes)
[2026-04-12T19:04:29.678824] Starting 60-second capture -> /Users/Chen/PycharmProjects/CSCI_6234_Final/recordings/cam223/clips/2026/04/12/cam223_20260412T230429Z.mp4
[tls @ 0x7fb57f705b80] IO error: End of file
[https @ 0x7fb578004240] Error reading HTTP response: End of file
[tls @ 0x7fb56f7408c0] IO error: End of file
[https @ 0x7fb56f734040] Error reading HTTP response: End of file
[tls @ 0x7fb56f7408c0] IO error: End of file
[https @ 0x7fb56f742cc0] Error reading HTTP response: End of file
[tls @ 0x7fb57f716680] IO error: End of file
[https @ 0x7fb57f717a80] Error reading HTTP response: End of file
[tls @ 0x7fb578024700] IO error: End of file
[https @ 0x7fb578004d80] Error reading HTTP response: End of file
[tls @ 0x7fb57800acc0] IO error: End of file
[https @ 0x7fb5780454c0] Error reading HTTP response: End of file
[2026-04-12T19:05:12.482526] Saved clip /Users/Chen/PycharmProjects/CSCI_6234_Final/recordings/cam223/clips/2026/04/12/cam223_20260412T230429Z.mp4 (3106293 bytes)
[2026-04-12T19:05:12.997572] Starting 60-second capture -> /Users/Chen/PycharmProjects/CSCI_6234_Final/recordings/cam223/clips/2026/04/12/cam223_20260412T230512Z.mp4
[tls @ 0x7fa7e0914580] IO error: End of file
[https @ 0x7fa7e09144c0] Error reading HTTP response: End of file
[tls @ 0x7fa7e0942140] IO error: End of file
[https @ 0x7fa7e0941a40] Error reading HTTP response: End of file
[tls @ 0x7fa7d7f5e640] IO error: End of file
[https @ 0x7fa7d7f56b80] Error reading HTTP response: End of file
[tls @ 0x7fa7e0942140] IO error: End of file
[https @ 0x7fa7e0853b80] Error reading HTTP response: End of file
[tls @ 0x7fa7e8a29880] IO error: End of file
[https @ 0x7fa7e8a1ef80] Error reading HTTP response: End of file
[2026-04-12T19:05:55.838041] Saved clip /Users/Chen/PycharmProjects/CSCI_6234_Final/recordings/cam223/clips/2026/04/12/cam223_20260412T230512Z.mp4 (3112649 bytes)
[2026-04-12T19:05:56.352780] Starting 60-second capture -> /Users/Chen/PycharmProjects/CSCI_6234_Final/recordings/cam223/clips/2026/04/12/cam223_20260412T230556Z.mp4
[tls @ 0x7f8842204200] IO error: End of file
[https @ 0x7f8831704540] Error reading HTTP response: End of file
[tls @ 0x7f8842236040] IO error: End of file
[https @ 0x7f88422406c0] Error reading HTTP response: End of file
[tls @ 0x7f884231f080] IO error: End of file
[https @ 0x7f8842331280] Error reading HTTP response: End of file
[tls @ 0x7f88423162c0] IO error: End of file
[https @ 0x7f8842310e80] Error reading HTTP response: End of file
[tls @ 0x7f8842236040] IO error: End of file
[https @ 0x7f88422406c0] Error reading HTTP response: End of file
[tls @ 0x7f8831739800] IO error: End of file
[https @ 0x7f8831710a80] Error reading HTTP response: End of file
[2026-04-12T19:06:39.266626] Saved clip /Users/Chen/PycharmProjects/CSCI_6234_Final/recordings/cam223/clips/2026/04/12/cam223_20260412T230556Z.mp4 (3112601 bytes)
[2026-04-12T19:06:39.780917] Starting 60-second capture -> /Users/Chen/PycharmProjects/CSCI_6234_Final/recordings/cam223/clips/2026/04/12/cam223_20260412T230639Z.mp4
[tls @ 0x7f846f806440] IO error: End of file
[https @ 0x7f846f806380] Error reading HTTP response: End of file
[tls @ 0x7f844ef56c80] IO error: End of file
[https @ 0x7f844ef3f7c0] Error reading HTTP response: End of file
[tls @ 0x7f844ef276c0] IO error: End of file
[https @ 0x7f844ef25440] Error reading HTTP response: End of file
[tls @ 0x7f846ef1a6c0] IO error: End of file
[https @ 0x7f846ef1e580] Error reading HTTP response: End of file
[tls @ 0x7f846f830e40] IO error: End of file
[https @ 0x7f846f80c500] Error reading HTTP response: End of file
[tls @ 0x7f8458058140] IO error: End of file
[https @ 0x7f84580587c0] Error reading HTTP response: End of file
[tls @ 0x7f8458045d00] IO error: End of file
[https @ 0x7f845805b1c0] Error reading HTTP response: End of file
[2026-04-12T19:07:22.705939] Saved clip /Users/Chen/PycharmProjects/CSCI_6234_Final/recordings/cam223/clips/2026/04/12/cam223_20260412T230639Z.mp4 (3110134 bytes)
[2026-04-12T19:07:23.224347] Starting 60-second capture -> /Users/Chen/PycharmProjects/CSCI_6234_Final/recordings/cam223/clips/2026/04/12/cam223_20260412T230723Z.mp4
[tls @ 0x7fb221a04e00] IO error: End of file
[https @ 0x7fb221a04900] Error reading HTTP response: End of file
[tls @ 0x7fb220f07fc0] IO error: End of file
[https @ 0x7fb220f07f00] Error reading HTTP response: End of file
[tls @ 0x7fb221b54d80] IO error: End of file
[https @ 0x7fb221b75e80] Error reading HTTP response: End of file
[tls @ 0x7fb221a10f00] IO error: End of file
[https @ 0x7fb221a11540] Error reading HTTP response: End of file
[2026-04-12T19:08:00.278550] Saved clip /Users/Chen/PycharmProjects/CSCI_6234_Final/recordings/cam223/clips/2026/04/12/cam223_20260412T230723Z.mp4 (3110158 bytes)
[2026-04-12T19:08:00.803645] Starting 60-second capture -> /Users/Chen/PycharmProjects/CSCI_6234_Final/recordings/cam223/clips/2026/04/12/cam223_20260412T230800Z.mp4
[tls @ 0x7f913690e5c0] IO error: End of file
[https @ 0x7f91369140c0] Error reading HTTP response: End of file
[tls @ 0x7f914720da00] IO error: End of file
[https @ 0x7f914722c700] Error reading HTTP response: End of file
[tls @ 0x7f914720da00] IO error: End of file
[https @ 0x7f9147208100] Error reading HTTP response: End of file
[tls @ 0x7f91472079c0] IO error: End of file
[https @ 0x7f9147207880] Error reading HTTP response: End of file
[tls @ 0x7f914720da00] IO error: End of file
[https @ 0x7f914722c700] Error reading HTTP response: End of file
[tls @ 0x7f913690e5c0] IO error: End of file
[https @ 0x7f913691b340] Error reading HTTP response: End of file
[2026-04-12T19:08:43.621117] Saved clip /Users/Chen/PycharmProjects/CSCI_6234_Final/recordings/cam223/clips/2026/04/12/cam223_20260412T230800Z.mp4 (3111614 bytes)
[2026-04-12T19:08:44.139297] Starting 60-second capture -> /Users/Chen/PycharmProjects/CSCI_6234_Final/recordings/cam223/clips/2026/04/12/cam223_20260412T230844Z.mp4
[tls @ 0x7fca73404d40] IO error: End of file
[https @ 0x7fca73404c80] Error reading HTTP response: End of file
[tls @ 0x7fca735305c0] IO error: End of file
[https @ 0x7fca7352c9c0] Error reading HTTP response: End of file
[tls @ 0x7fca73321280] IO error: End of file
[https @ 0x7fca7335cc80] Error reading HTTP response: End of file
[tls @ 0x7fca73313000] IO error: End of file
[https @ 0x7fca73357700] Error reading HTTP response: End of file
[tls @ 0x7fca73344700] IO error: End of file
[https @ 0x7fca73344640] Error reading HTTP response: End of file
[tls @ 0x7fca7342bcc0] IO error: End of file
[https @ 0x7fca7343d800] Error reading HTTP response: End of file
[2026-04-12T19:09:16.192845] Saved clip /Users/Chen/PycharmProjects/CSCI_6234_Final/recordings/cam223/clips/2026/04/12/cam223_20260412T230844Z.mp4 (3114077 bytes)
[2026-04-12T19:09:16.707283] Starting 60-second capture -> /Users/Chen/PycharmProjects/CSCI_6234_Final/recordings/cam223/clips/2026/04/12/cam223_20260412T230916Z.mp4
[tls @ 0x7f7821404e40] IO error: End of file
[https @ 0x7f7821404240] Error reading HTTP response: End of file
[tls @ 0x7f782143ab40] IO error: End of file
[https @ 0x7f782143e300] Error reading HTTP response: End of file
[tls @ 0x7f782132bb80] IO error: End of file
[https @ 0x7f7821321a00] Error reading HTTP response: End of file
[tls @ 0x7f7821414200] IO error: End of file
[https @ 0x7f7821413680] Error reading HTTP response: End of file
[tls @ 0x7f782143ab40] IO error: End of file
[https @ 0x7f782143e300] Error reading HTTP response: End of file
[tls @ 0x7f7821515840] IO error: End of file
[https @ 0x7f782152de40] Error reading HTTP response: End of file
[2026-04-12T19:10:00.857155] Saved clip /Users/Chen/PycharmProjects/CSCI_6234_Final/recordings/cam223/clips/2026/04/12/cam223_20260412T230916Z.mp4 (3112682 bytes)
[2026-04-12T19:10:01.372986] Starting 60-second capture -> /Users/Chen/PycharmProjects/CSCI_6234_Final/recordings/cam223/clips/2026/04/12/cam223_20260412T231001Z.mp4
[tls @ 0x7fbdab60acc0] IO error: End of file
[https @ 0x7fbdab707e80] Error reading HTTP response: End of file
[tls @ 0x7fbdab60acc0] IO error: End of file
[https @ 0x7fbdab62c700] Error reading HTTP response: End of file
[tls @ 0x7fbdab739100] IO error: End of file
[https @ 0x7fbdab723b40] Error reading HTTP response: End of file
[tls @ 0x7fbdab60acc0] IO error: End of file
[https @ 0x7fbdab62c700] Error reading HTTP response: End of file
[2026-04-12T19:10:44.303425] Saved clip /Users/Chen/PycharmProjects/CSCI_6234_Final/recordings/cam223/clips/2026/04/12/cam223_20260412T231001Z.mp4 (3108152 bytes)
[2026-04-12T19:10:44.823341] Starting 60-second capture -> /Users/Chen/PycharmProjects/CSCI_6234_Final/recordings/cam223/clips/2026/04/12/cam223_20260412T231044Z.mp4
[tls @ 0x7ff5c5b042c0] IO error: End of file
[https @ 0x7ff5c5b041c0] Error reading HTTP response: End of file
[tls @ 0x7ff5c5b3c540] IO error: End of file
[https @ 0x7ff5c5b3fe80] Error reading HTTP response: End of file
[tls @ 0x7ff5b4f215c0] IO error: End of file
[https @ 0x7ff5b4f1a300] Error reading HTTP response: End of file
[tls @ 0x7ff5c5b3c540] IO error: End of file
[https @ 0x7ff5c5b38940] Error reading HTTP response: End of file
[2026-04-12T19:11:27.389440] Saved clip /Users/Chen/PycharmProjects/CSCI_6234_Final/recordings/cam223/clips/2026/04/12/cam223_20260412T231044Z.mp4 (3108804 bytes)
[2026-04-12T19:11:27.911081] Starting 60-second capture -> /Users/Chen/PycharmProjects/CSCI_6234_Final/recordings/cam223/clips/2026/04/12/cam223_20260412T231127Z.mp4
[tls @ 0x7f9606f05080] IO error: End of file
[https @ 0x7f9606f04b40] Error reading HTTP response: End of file
[tls @ 0x7f96178096c0] IO error: End of file
[https @ 0x7f961781b8c0] Error reading HTTP response: End of file
[tls @ 0x7f9607833e00] IO error: End of file
[https @ 0x7f9607838100] Error reading HTTP response: End of file
[tls @ 0x7f960782bf80] IO error: End of file
[https @ 0x7f9607828cc0] Error reading HTTP response: End of file
[tls @ 0x7f96178278c0] IO error: End of file
[https @ 0x7f9617880840] Error reading HTTP response: End of file
[tls @ 0x7f9606f387c0] IO error: End of file
[https @ 0x7f9606f34040] Error reading HTTP response: End of file
[tls @ 0x7f9616f4f9c0] IO error: End of file
[https @ 0x7f9616f178c0] Error reading HTTP response: End of file
[tls @ 0x7f960786b1c0] IO error: End of file
[https @ 0x7f96078675c0] Error reading HTTP response: End of file
[2026-04-12T19:12:10.559943] Saved clip /Users/Chen/PycharmProjects/CSCI_6234_Final/recordings/cam223/clips/2026/04/12/cam223_20260412T231127Z.mp4 (3107446 bytes)
[2026-04-12T19:12:11.076298] Starting 60-second capture -> /Users/Chen/PycharmProjects/CSCI_6234_Final/recordings/cam223/clips/2026/04/12/cam223_20260412T231211Z.mp4
[tls @ 0x7fbe5a305e00] IO error: End of file
[https @ 0x7fbe5a305cc0] Error reading HTTP response: End of file
[tls @ 0x7fbe4a09e6c0] IO error: End of file
[https @ 0x7fbe4a068240] Error reading HTTP response: End of file
[tls @ 0x7fbe5a204cc0] IO error: End of file
[https @ 0x7fbe5a204bc0] Error reading HTTP response: End of file
[tls @ 0x7fbe5a316a80] IO error: End of file
[https @ 0x7fbe5a33e040] Error reading HTTP response: End of file
[tls @ 0x7fbe5a209180] IO error: End of file
[https @ 0x7fbe5a219640] Error reading HTTP response: End of file
[tls @ 0x7fbe49704c80] IO error: End of file
[https @ 0x7fbe49706f00] Error reading HTTP response: End of file
[tls @ 0x7fbe5a316a80] IO error: End of file
[https @ 0x7fbe5a33e040] Error reading HTTP response: End of file
[2026-04-12T19:12:53.891597] Saved clip /Users/Chen/PycharmProjects/CSCI_6234_Final/recordings/cam223/clips/2026/04/12/cam223_20260412T231211Z.mp4 (3107664 bytes)
[2026-04-12T19:12:54.410548] Starting 60-second capture -> /Users/Chen/PycharmProjects/CSCI_6234_Final/recordings/cam223/clips/2026/04/12/cam223_20260412T231254Z.mp4
[tls @ 0x7f948b004680] IO error: End of file
[https @ 0x7f948b004540] Error reading HTTP response: End of file
[tls @ 0x7f948b14bf40] IO error: End of file
[https @ 0x7f948b14f480] Error reading HTTP response: End of file
[tls @ 0x7f949b209480] IO error: End of file
[https @ 0x7f949b227640] Error reading HTTP response: End of file
[tls @ 0x7f948a70a280] IO error: End of file
[https @ 0x7f948a70a1c0] Error reading HTTP response: End of file
[tls @ 0x7f948b01fc80] IO error: End of file
[https @ 0x7f948b01fbc0] Error reading HTTP response: End of file
[tls @ 0x7f948b01d640] IO error: End of file
[https @ 0x7f948b01b200] Error reading HTTP response: End of file
[2026-04-12T19:13:37.047850] Saved clip /Users/Chen/PycharmProjects/CSCI_6234_Final/recordings/cam223/clips/2026/04/12/cam223_20260412T231254Z.mp4 (3108138 bytes)
[2026-04-12T19:13:37.568134] Starting 60-second capture -> /Users/Chen/PycharmProjects/CSCI_6234_Final/recordings/cam223/clips/2026/04/12/cam223_20260412T231337Z.mp4
[tls @ 0x7fee23205c80] IO error: End of file
[https @ 0x7fee23205b40] Error reading HTTP response: End of file
[tls @ 0x7fee13037280] IO error: End of file
[https @ 0x7fee1300b4c0] Error reading HTTP response: End of file
[tls @ 0x7fee1300b300] IO error: End of file
[https @ 0x7fee1300b240] Error reading HTTP response: End of file
[tls @ 0x7fee13114440] IO error: End of file
[https @ 0x7fee1310ed00] Error reading HTTP response: End of file
[tls @ 0x7fee12757800] IO error: End of file
[https @ 0x7fee12753c00] Error reading HTTP response: End of file
[tls @ 0x7fee1272ee40] IO error: End of file
[https @ 0x7fee12721040] Error reading HTTP response: End of file
[tls @ 0x7fee13012500] IO error: End of file
[https @ 0x7fee13004680] Error reading HTTP response: End of file
[2026-04-12T19:14:20.447426] Saved clip /Users/Chen/PycharmProjects/CSCI_6234_Final/recordings/cam223/clips/2026/04/12/cam223_20260412T231337Z.mp4 (3107661 bytes)
[2026-04-12T19:14:20.967073] Starting 60-second capture -> /Users/Chen/PycharmProjects/CSCI_6234_Final/recordings/cam223/clips/2026/04/12/cam223_20260412T231420Z.mp4
[tls @ 0x7fe993004680] IO error: End of file
[https @ 0x7fe993004540] Error reading HTTP response: End of file
[tls @ 0x7fe99321e6c0] IO error: End of file
[https @ 0x7fe993226380] Error reading HTTP response: End of file
[tls @ 0x7fe993212400] IO error: End of file
[https @ 0x7fe993212f80] Error reading HTTP response: End of file
[tls @ 0x7fe99272cc80] IO error: End of file
[https @ 0x7fe99272cbc0] Error reading HTTP response: End of file
[tls @ 0x7fe992704140] IO error: End of file
[https @ 0x7fe992704080] Error reading HTTP response: End of file
[tls @ 0x7fe99317f700] IO error: End of file
[https @ 0x7fe993191900] Error reading HTTP response: End of file
[tls @ 0x7fe99316a4c0] IO error: End of file
[https @ 0x7fe99317bb00] Error reading HTTP response: End of file
[2026-04-12T19:15:03.879474] Saved clip /Users/Chen/PycharmProjects/CSCI_6234_Final/recordings/cam223/clips/2026/04/12/cam223_20260412T231420Z.mp4 (3111878 bytes)
[2026-04-12T19:15:04.396144] Starting 60-second capture -> /Users/Chen/PycharmProjects/CSCI_6234_Final/recordings/cam223/clips/2026/04/12/cam223_20260412T231504Z.mp4
[tls @ 0x7f9db2304680] IO error: End of file
[https @ 0x7f9db2304580] Error reading HTTP response: End of file
[tls @ 0x7f9db2449140] IO error: End of file
[https @ 0x7f9db24492c0] Error reading HTTP response: End of file
[tls @ 0x7f9da1704c80] IO error: End of file
[https @ 0x7f9da1704b80] Error reading HTTP response: End of file
[tls @ 0x7f9da1709cc0] IO error: End of file
[https @ 0x7f9da1704a00] Error reading HTTP response: End of file
[tls @ 0x7f9db2406340] IO error: End of file
[https @ 0x7f9db24581c0] Error reading HTTP response: End of file
[tls @ 0x7f9da1704500] IO error: End of file
[https @ 0x7f9da1704440] Error reading HTTP response: End of file
[tls @ 0x7f9da1705d00] IO error: End of file
[https @ 0x7f9da1705c40] Error reading HTTP response: End of file
[2026-04-12T19:15:47.150695] Saved clip /Users/Chen/PycharmProjects/CSCI_6234_Final/recordings/cam223/clips/2026/04/12/cam223_20260412T231504Z.mp4 (3109859 bytes)
[2026-04-12T19:15:47.668855] Starting 60-second capture -> /Users/Chen/PycharmProjects/CSCI_6234_Final/recordings/cam223/clips/2026/04/12/cam223_20260412T231547Z.mp4
[tls @ 0x7f9469105a00] IO error: End of file
[https @ 0x7f9469105480] Error reading HTTP response: End of file
[tls @ 0x7f9459a1ed40] IO error: End of file
[https @ 0x7f9459a2e580] Error reading HTTP response: End of file
[tls @ 0x7f94599049c0] IO error: End of file
[https @ 0x7f94599048c0] Error reading HTTP response: End of file
[tls @ 0x7f9459a1ed40] IO error: End of file
[https @ 0x7f9459a22f00] Error reading HTTP response: End of file
[tls @ 0x7f9459a1ed40] IO error: End of file
[https @ 0x7f9459a776c0] Error reading HTTP response: End of file
[2026-04-12T19:16:30.266333] Saved clip /Users/Chen/PycharmProjects/CSCI_6234_Final/recordings/cam223/clips/2026/04/12/cam223_20260412T231547Z.mp4 (3107044 bytes)
[2026-04-12T19:16:30.780140] Starting 60-second capture -> /Users/Chen/PycharmProjects/CSCI_6234_Final/recordings/cam223/clips/2026/04/12/cam223_20260412T231630Z.mp4
[tls @ 0x7fd7de004680] IO error: End of file
[https @ 0x7fd7de004540] Error reading HTTP response: End of file
[tls @ 0x7fd7de083980] IO error: End of file
[https @ 0x7fd7de095b80] Error reading HTTP response: End of file
[tls @ 0x7fd7dd704140] IO error: End of file
[https @ 0x7fd7dd704080] Error reading HTTP response: End of file
[tls @ 0x7fd7de083980] IO error: End of file
[https @ 0x7fd7de095b80] Error reading HTTP response: End of file
[tls @ 0x7fd7ee106000] IO error: End of file
[https @ 0x7fd7ee105ec0] Error reading HTTP response: End of file
[2026-04-12T19:17:13.622919] Saved clip /Users/Chen/PycharmProjects/CSCI_6234_Final/recordings/cam223/clips/2026/04/12/cam223_20260412T231630Z.mp4 (3107580 bytes)
[2026-04-12T19:17:14.139112] Starting 60-second capture -> /Users/Chen/PycharmProjects/CSCI_6234_Final/recordings/cam223/clips/2026/04/12/cam223_20260412T231714Z.mp4
[tls @ 0x7f87f8704680] IO error: End of file
[https @ 0x7f87f8704540] Error reading HTTP response: End of file
[tls @ 0x7f87f87452c0] IO error: End of file
[https @ 0x7f87f8704600] Error reading HTTP response: End of file
[tls @ 0x7f87f9008800] IO error: End of file
[https @ 0x7f87f900d040] Error reading HTTP response: End of file
[tls @ 0x7f87f91a2f80] IO error: End of file
[https @ 0x7f87f91954c0] Error reading HTTP response: End of file
[tls @ 0x7f87f9008800] IO error: End of file
[https @ 0x7f87f9009b40] Error reading HTTP response: End of file
[2026-04-12T19:17:46.232918] Saved clip /Users/Chen/PycharmProjects/CSCI_6234_Final/recordings/cam223/clips/2026/04/12/cam223_20260412T231714Z.mp4 (3109669 bytes)
[2026-04-12T19:17:46.751293] Starting 60-second capture -> /Users/Chen/PycharmProjects/CSCI_6234_Final/recordings/cam223/clips/2026/04/12/cam223_20260412T231746Z.mp4
[tls @ 0x7fd524b04680] IO error: End of file
[https @ 0x7fd524b04540] Error reading HTTP response: End of file
[tls @ 0x7fd523f07980] IO error: End of file
[https @ 0x7fd523f084c0] Error reading HTTP response: End of file
[tls @ 0x7fd524b0c500] IO error: End of file
[https @ 0x7fd524b0bac0] Error reading HTTP response: End of file
[tls @ 0x7fd524c89780] IO error: End of file
[https @ 0x7fd524b26000] Error reading HTTP response: End of file
[tls @ 0x7fd4a3f04280] IO error: End of file
[https @ 0x7fd4a3f040c0] Error reading HTTP response: End of file
[tls @ 0x7fd524c491c0] IO error: End of file
[https @ 0x7fd524c4c440] Error reading HTTP response: End of file
[2026-04-12T19:18:30.826432] Saved clip /Users/Chen/PycharmProjects/CSCI_6234_Final/recordings/cam223/clips/2026/04/12/cam223_20260412T231746Z.mp4 (3110395 bytes)
[2026-04-12T19:18:31.341476] Starting 60-second capture -> /Users/Chen/PycharmProjects/CSCI_6234_Final/recordings/cam223/clips/2026/04/12/cam223_20260412T231831Z.mp4
[tls @ 0x7f81e2704680] IO error: End of file
[https @ 0x7f81e2704540] Error reading HTTP response: End of file
[tls @ 0x7f81e3404980] IO error: End of file
[https @ 0x7f81e3404080] Error reading HTTP response: End of file
[tls @ 0x7f81e31049c0] IO error: End of file
[https @ 0x7f81e31048c0] Error reading HTTP response: End of file
[tls @ 0x7f81f2734200] IO error: End of file
[https @ 0x7f81f275b800] Error reading HTTP response: End of file
[tls @ 0x7f81e3304540] IO error: End of file
[https @ 0x7f81e3304480] Error reading HTTP response: End of file
[tls @ 0x7f81e3109ec0] IO error: End of file
[https @ 0x7f81e31096c0] Error reading HTTP response: End of file
[tls @ 0x7f81e3458f40] IO error: End of file
[https @ 0x7f81e345cc80] Error reading HTTP response: End of file
[2026-04-12T19:19:14.092706] Saved clip /Users/Chen/PycharmProjects/CSCI_6234_Final/recordings/cam223/clips/2026/04/12/cam223_20260412T231831Z.mp4 (3115428 bytes)
[2026-04-12T19:19:14.612735] Starting 60-second capture -> /Users/Chen/PycharmProjects/CSCI_6234_Final/recordings/cam223/clips/2026/04/12/cam223_20260412T231914Z.mp4
[tls @ 0x7fa259104680] IO error: End of file
[https @ 0x7fa259104540] Error reading HTTP response: End of file
[tls @ 0x7fa260a79d80] IO error: End of file
[https @ 0x7fa260a75540] Error reading HTTP response: End of file
[tls @ 0x7fa24ff08100] IO error: End of file
[https @ 0x7fa24ff08ac0] Error reading HTTP response: End of file
[tls @ 0x7fa24ff281c0] IO error: End of file
[https @ 0x7fa24ff3a3c0] Error reading HTTP response: End of file
[tls @ 0x7fa259047bc0] IO error: End of file
[https @ 0x7fa259084080] Error reading HTTP response: End of file
[tls @ 0x7fa260a79d80] IO error: End of file
[https @ 0x7fa260a64500] Error reading HTTP response: End of file
[tls @ 0x7fa259036800] IO error: End of file
[https @ 0x7fa25902b980] Error reading HTTP response: End of file
[2026-04-12T19:19:57.620340] Saved clip /Users/Chen/PycharmProjects/CSCI_6234_Final/recordings/cam223/clips/2026/04/12/cam223_20260412T231914Z.mp4 (3111192 bytes)
[2026-04-12T19:19:58.137494] Starting 60-second capture -> /Users/Chen/PycharmProjects/CSCI_6234_Final/recordings/cam223/clips/2026/04/12/cam223_20260412T231958Z.mp4
[tls @ 0x7fa330804800] IO error: End of file
[https @ 0x7fa3308046c0] Error reading HTTP response: End of file
[tls @ 0x7fa33091a940] IO error: End of file
[https @ 0x7fa33091a880] Error reading HTTP response: End of file
[tls @ 0x7fa338807840] IO error: End of file
[https @ 0x7fa338807740] Error reading HTTP response: End of file
[tls @ 0x7fa330834100] IO error: End of file
[https @ 0x7fa330840940] Error reading HTTP response: End of file
[tls @ 0x7fa330917900] IO error: End of file
[https @ 0x7fa330917840] Error reading HTTP response: End of file
[2026-04-12T19:20:40.633155] Saved clip /Users/Chen/PycharmProjects/CSCI_6234_Final/recordings/cam223/clips/2026/04/12/cam223_20260412T231958Z.mp4 (3111413 bytes)
[2026-04-12T19:20:41.143098] Starting 60-second capture -> /Users/Chen/PycharmProjects/CSCI_6234_Final/recordings/cam223/clips/2026/04/12/cam223_20260412T232041Z.mp4
[tls @ 0x7f9eccf043c0] IO error: End of file
[https @ 0x7f9eccf04280] Error reading HTTP response: End of file
[tls @ 0x7f9eedf06440] IO error: End of file
[https @ 0x7f9eedf06380] Error reading HTTP response: End of file
[tls @ 0x7f9eedd07bc0] IO error: End of file
[https @ 0x7f9eedd07ac0] Error reading HTTP response: End of file
[tls @ 0x7f9eedf06ac0] IO error: End of file
[https @ 0x7f9eedf06440] Error reading HTTP response: End of file
[tls @ 0x7f9eccf50d40] IO error: End of file
[https @ 0x7f9eccf04700] Error reading HTTP response: End of file
[tls @ 0x7f9ebcf04200] IO error: End of file
[https @ 0x7f9ebcf04140] Error reading HTTP response: End of file
[tls @ 0x7f9eccf50d40] IO error: End of file
[https @ 0x7f9eccf32e40] Error reading HTTP response: End of file
[2026-04-12T19:21:23.934457] Saved clip /Users/Chen/PycharmProjects/CSCI_6234_Final/recordings/cam223/clips/2026/04/12/cam223_20260412T232041Z.mp4 (3111051 bytes)
[2026-04-12T19:21:24.450726] Starting 60-second capture -> /Users/Chen/PycharmProjects/CSCI_6234_Final/recordings/cam223/clips/2026/04/12/cam223_20260412T232124Z.mp4
[tls @ 0x7f77e1405740] IO error: End of file
[https @ 0x7f77e1204240] Error reading HTTP response: End of file
[tls @ 0x7f77e1154080] IO error: End of file
[https @ 0x7f77e11788c0] Error reading HTTP response: End of file
[tls @ 0x7f77e140ac00] IO error: End of file
[https @ 0x7f77e1412340] Error reading HTTP response: End of file
[tls @ 0x7f77e1154080] IO error: End of file
[https @ 0x7f77e1274540] Error reading HTTP response: End of file
[tls @ 0x7f77e1307580] IO error: End of file
[https @ 0x7f77e143cc80] Error reading HTTP response: End of file
[tls @ 0x7f77e131d6c0] IO error: End of file
[https @ 0x7f77e1320400] Error reading HTTP response: End of file
[tls @ 0x7f77e131fec0] IO error: End of file
[https @ 0x7f77e13205c0] Error reading HTTP response: End of file
[2026-04-12T19:22:07.222590] Saved clip /Users/Chen/PycharmProjects/CSCI_6234_Final/recordings/cam223/clips/2026/04/12/cam223_20260412T232124Z.mp4 (3113504 bytes)
[2026-04-12T19:22:07.739107] Starting 60-second capture -> /Users/Chen/PycharmProjects/CSCI_6234_Final/recordings/cam223/clips/2026/04/12/cam223_20260412T232207Z.mp4
[tls @ 0x7fc0b6a04680] IO error: End of file
[https @ 0x7fc0b6a04540] Error reading HTTP response: End of file
[tls @ 0x7fc0b6d3d480] IO error: End of file
[https @ 0x7fc0b6d41b80] Error reading HTTP response: End of file
[tls @ 0x7fc0b6c0e640] IO error: End of file
[https @ 0x7fc0b6c20980] Error reading HTTP response: End of file
[tls @ 0x7fc0b6a450c0] IO error: End of file
[https @ 0x7fc0b6a53300] Error reading HTTP response: End of file
[tls @ 0x7fc0b6c51100] IO error: End of file
[https @ 0x7fc0b6c63300] Error reading HTTP response: End of file
[tls @ 0x7fc0b6d544c0] IO error: End of file
[https @ 0x7fc0b6d68c40] Error reading HTTP response: End of file
[tls @ 0x7fc0b6b137c0] IO error: End of file
[https @ 0x7fc0b6b1a240] Error reading HTTP response: End of file
[2026-04-12T19:22:50.207962] Saved clip /Users/Chen/PycharmProjects/CSCI_6234_Final/recordings/cam223/clips/2026/04/12/cam223_20260412T232207Z.mp4 (3110123 bytes)
[2026-04-12T19:22:50.720900] Starting 60-second capture -> /Users/Chen/PycharmProjects/CSCI_6234_Final/recordings/cam223/clips/2026/04/12/cam223_20260412T232250Z.mp4
[tls @ 0x7f8b5e205b00] IO error: End of file
[https @ 0x7f8b5e2059c0] Error reading HTTP response: End of file
[tls @ 0x7f8b4d73fa40] IO error: End of file
[https @ 0x7f8b4d751c80] Error reading HTTP response: End of file
[tls @ 0x7f8b4e1049c0] IO error: End of file
[https @ 0x7f8b4e1048c0] Error reading HTTP response: End of file
[tls @ 0x7f8b4e00b700] IO error: End of file
[https @ 0x7f8b4e00f940] Error reading HTTP response: End of file
[tls @ 0x7f8b4e00d480] IO error: End of file
[https @ 0x7f8b4e00d340] Error reading HTTP response: End of file
[tls @ 0x7f8b5e234f40] IO error: End of file
[https @ 0x7f8b5e21a980] Error reading HTTP response: End of file
[tls @ 0x7f8b5e22e780] IO error: End of file
[https @ 0x7f8b5e234240] Error reading HTTP response: End of file
[2026-04-12T19:23:33.395661] Saved clip /Users/Chen/PycharmProjects/CSCI_6234_Final/recordings/cam223/clips/2026/04/12/cam223_20260412T232250Z.mp4 (3109884 bytes)
[2026-04-12T19:23:33.913849] Starting 60-second capture -> /Users/Chen/PycharmProjects/CSCI_6234_Final/recordings/cam223/clips/2026/04/12/cam223_20260412T232333Z.mp4
[tls @ 0x7ff712f04cc0] IO error: End of file
[https @ 0x7ff712f04b80] Error reading HTTP response: End of file
[tls @ 0x7ff714018980] IO error: End of file
[https @ 0x7ff714015700] Error reading HTTP response: End of file
[tls @ 0x7ff722f59c00] IO error: End of file
[https @ 0x7ff722f6be00] Error reading HTTP response: End of file
[tls @ 0x7ff7239057c0] IO error: End of file
[https @ 0x7ff72390aa00] Error reading HTTP response: End of file
[tls @ 0x7ff712f3e640] IO error: End of file
[https @ 0x7ff712f41800] Error reading HTTP response: End of file
[2026-04-12T19:24:06.459356] Saved clip /Users/Chen/PycharmProjects/CSCI_6234_Final/recordings/cam223/clips/2026/04/12/cam223_20260412T232333Z.mp4 (3109077 bytes)
[2026-04-12T19:24:06.977167] Starting 60-second capture -> /Users/Chen/PycharmProjects/CSCI_6234_Final/recordings/cam223/clips/2026/04/12/cam223_20260412T232406Z.mp4
[tls @ 0x7f93f3204500] IO error: End of file
[https @ 0x7f93f3204400] Error reading HTTP response: End of file
[tls @ 0x7f93f343a3c0] IO error: End of file
[https @ 0x7f93f346ae40] Error reading HTTP response: End of file
[tls @ 0x7f93f3339ac0] IO error: End of file
[https @ 0x7f93f3335f00] Error reading HTTP response: End of file
[tls @ 0x7f93f334bdc0] IO error: End of file
[https @ 0x7f93f334bd00] Error reading HTTP response: End of file
[tls @ 0x7f93f340b040] IO error: End of file
[https @ 0x7f93f340ba00] Error reading HTTP response: End of file
[tls @ 0x7f93f340dec0] IO error: End of file
[https @ 0x7f93f3463b40] Error reading HTTP response: End of file
[tls @ 0x7f93f3321680] IO error: End of file
[https @ 0x7f93f3320740] Error reading HTTP response: End of file
[2026-04-12T19:24:50.011680] Saved clip /Users/Chen/PycharmProjects/CSCI_6234_Final/recordings/cam223/clips/2026/04/12/cam223_20260412T232406Z.mp4 (3111940 bytes)
[2026-04-12T19:24:50.529844] Starting 60-second capture -> /Users/Chen/PycharmProjects/CSCI_6234_Final/recordings/cam223/clips/2026/04/12/cam223_20260412T232450Z.mp4
[tls @ 0x7fc0aa304500] IO error: End of file
[https @ 0x7fc0aa3043c0] Error reading HTTP response: End of file
[tls @ 0x7fc0aa454b00] IO error: End of file
[https @ 0x7fc0aa45fcc0] Error reading HTTP response: End of file
[tls @ 0x7fc0aa504e40] IO error: End of file
[https @ 0x7fc0aa504d00] Error reading HTTP response: End of file
[tls @ 0x7fc0aa504080] IO error: End of file
[https @ 0x7fc0aa519c40] Error reading HTTP response: End of file
[tls @ 0x7fc0aa504cc0] IO error: End of file
[https @ 0x7fc0aa504200] Error reading HTTP response: End of file
[tls @ 0x7fc0aa414380] IO error: End of file
[https @ 0x7fc0aa40eb80] Error reading HTTP response: End of file
[tls @ 0x7fc0aa44dac0] IO error: End of file
[https @ 0x7fc0aa45fcc0] Error reading HTTP response: End of file
[tls @ 0x7fc0aa507cc0] IO error: End of file
[https @ 0x7fc0aa507c00] Error reading HTTP response: End of file
[2026-04-12T19:25:35.679170] Saved clip /Users/Chen/PycharmProjects/CSCI_6234_Final/recordings/cam223/clips/2026/04/12/cam223_20260412T232450Z.mp4 (3107487 bytes)
[2026-04-12T19:25:36.196461] Starting 60-second capture -> /Users/Chen/PycharmProjects/CSCI_6234_Final/recordings/cam223/clips/2026/04/12/cam223_20260412T232536Z.mp4
[tls @ 0x7feb2ae04680] IO error: End of file
[https @ 0x7feb2ae04540] Error reading HTTP response: End of file
[tls @ 0x7feb2ae08b00] IO error: End of file
[https @ 0x7feb2ae0f3c0] Error reading HTTP response: End of file
[tls @ 0x7feb2ae66440] IO error: End of file
[https @ 0x7feb2ae27b00] Error reading HTTP response: End of file
[tls @ 0x7feb2e810300] IO error: End of file
[https @ 0x7feb2e810240] Error reading HTTP response: End of file
[tls @ 0x7feb2aea7e00] IO error: End of file
[https @ 0x7feb2aea4200] Error reading HTTP response: End of file
[tls @ 0x7feb2e80fe80] IO error: End of file
[https @ 0x7feb2e810100] Error reading HTTP response: End of file
[tls @ 0x7feb2af40c40] IO error: End of file
[https @ 0x7feb2af40b80] Error reading HTTP response: End of file
[tls @ 0x7feb2e8130c0] IO error: End of file
[https @ 0x7feb2e80fe80] Error reading HTTP response: End of file
[2026-04-12T19:26:18.861629] Saved clip /Users/Chen/PycharmProjects/CSCI_6234_Final/recordings/cam223/clips/2026/04/12/cam223_20260412T232536Z.mp4 (3115400 bytes)
[2026-04-12T19:26:19.376071] Starting 60-second capture -> /Users/Chen/PycharmProjects/CSCI_6234_Final/recordings/cam223/clips/2026/04/12/cam223_20260412T232619Z.mp4
[tls @ 0x7fdebff04680] IO error: End of file
[https @ 0x7fdebff04540] Error reading HTTP response: End of file
[tls @ 0x7fdec9137cc0] IO error: End of file
[https @ 0x7fdec9124a40] Error reading HTTP response: End of file
[tls @ 0x7fdec9026340] IO error: End of file
[https @ 0x7fdec9022740] Error reading HTTP response: End of file
[tls @ 0x7fdec906c740] IO error: End of file
[https @ 0x7fdec907e940] Error reading HTTP response: End of file
[tls @ 0x7fdec914ed80] IO error: End of file
[https @ 0x7fdec914b180] Error reading HTTP response: End of file
[tls @ 0x7fdebff0ba00] IO error: End of file
[https @ 0x7fdebff2c300] Error reading HTTP response: End of file
[tls @ 0x7fdec9245d40] IO error: End of file
[https @ 0x7fdec923ab00] Error reading HTTP response: End of file
[2026-04-12T19:27:02.215705] Saved clip /Users/Chen/PycharmProjects/CSCI_6234_Final/recordings/cam223/clips/2026/04/12/cam223_20260412T232619Z.mp4 (3114166 bytes)
[2026-04-12T19:27:02.731545] Starting 60-second capture -> /Users/Chen/PycharmProjects/CSCI_6234_Final/recordings/cam223/clips/2026/04/12/cam223_20260412T232702Z.mp4
[tls @ 0x7fd3ab005080] IO error: End of file
[https @ 0x7fd3ab004b40] Error reading HTTP response: End of file
[tls @ 0x7fd3bb128000] IO error: End of file
[https @ 0x7fd3bb12a780] Error reading HTTP response: End of file
[tls @ 0x7fd3ab015f00] IO error: End of file
[https @ 0x7fd3ab019400] Error reading HTTP response: End of file
[tls @ 0x7fd3ab050d40] IO error: End of file
[https @ 0x7fd3ab071fc0] Error reading HTTP response: End of file
[tls @ 0x7fd3ab050d40] IO error: End of file
[https @ 0x7fd3ab0624c0] Error reading HTTP response: End of file
[tls @ 0x7fd3bb127cc0] IO error: End of file
[https @ 0x7fd3bb128580] Error reading HTTP response: End of file
[tls @ 0x7fd3ab03d200] IO error: End of file
[https @ 0x7fd3ab039640] Error reading HTTP response: End of file
[2026-04-12T19:27:45.782317] Saved clip /Users/Chen/PycharmProjects/CSCI_6234_Final/recordings/cam223/clips/2026/04/12/cam223_20260412T232702Z.mp4 (3116092 bytes)
[2026-04-12T19:27:46.300704] Starting 60-second capture -> /Users/Chen/PycharmProjects/CSCI_6234_Final/recordings/cam223/clips/2026/04/12/cam223_20260412T232746Z.mp4
[tls @ 0x7fa58d908e40] IO error: End of file
[https @ 0x7fa58dc05700] Error reading HTTP response: End of file
[tls @ 0x7fa58db7de80] IO error: End of file
[https @ 0x7fa58db33d40] Error reading HTTP response: End of file
[tls @ 0x7fa58d93b780] IO error: End of file
[https @ 0x7fa58d951c40] Error reading HTTP response: End of file
[tls @ 0x7fa58db1e280] IO error: End of file
[https @ 0x7fa58db12340] Error reading HTTP response: End of file
[tls @ 0x7fa58da2b4c0] IO error: End of file
[https @ 0x7fa58da40880] Error reading HTTP response: End of file
[tls @ 0x7fa58d972bc0] IO error: End of file
[https @ 0x7fa58d974f00] Error reading HTTP response: End of file
[2026-04-12T19:28:29.114838] Saved clip /Users/Chen/PycharmProjects/CSCI_6234_Final/recordings/cam223/clips/2026/04/12/cam223_20260412T232746Z.mp4 (3106582 bytes)
[2026-04-12T19:28:29.630675] Starting 60-second capture -> /Users/Chen/PycharmProjects/CSCI_6234_Final/recordings/cam223/clips/2026/04/12/cam223_20260412T232829Z.mp4
[tls @ 0x7fe606104680] IO error: End of file
[https @ 0x7fe606104540] Error reading HTTP response: End of file
[tls @ 0x7fe606204ec0] IO error: End of file
[https @ 0x7fe6062171c0] Error reading HTTP response: End of file
[tls @ 0x7fe606235540] IO error: End of file
[https @ 0x7fe60624c4c0] Error reading HTTP response: End of file
[tls @ 0x7fe606208d80] IO error: End of file
[https @ 0x7fe60621aa00] Error reading HTTP response: End of file
[tls @ 0x7fe60625a940] IO error: End of file
[https @ 0x7fe6062040c0] Error reading HTTP response: End of file
[tls @ 0x7fe606384f00] IO error: End of file
[https @ 0x7fe60632fbc0] Error reading HTTP response: End of file
[tls @ 0x7fe60625a980] IO error: End of file
[https @ 0x7fe60625a8c0] Error reading HTTP response: End of file
[tls @ 0x7fe60620c100] IO error: End of file
[https @ 0x7fe6062119c0] Error reading HTTP response: End of file
[2026-04-12T19:29:12.320172] Saved clip /Users/Chen/PycharmProjects/CSCI_6234_Final/recordings/cam223/clips/2026/04/12/cam223_20260412T232829Z.mp4 (3114446 bytes)
[2026-04-12T19:29:12.833212] Starting 60-second capture -> /Users/Chen/PycharmProjects/CSCI_6234_Final/recordings/cam223/clips/2026/04/12/cam223_20260412T232912Z.mp4
[tls @ 0x7f8abcb15fc0] IO error: End of file
[https @ 0x7f8abcb15f00] Error reading HTTP response: End of file
[tls @ 0x7f8abcc34440] IO error: End of file
[https @ 0x7f8abcc18880] Error reading HTTP response: End of file
[tls @ 0x7f8abca0a540] IO error: End of file
[https @ 0x7f8abca49400] Error reading HTTP response: End of file
[tls @ 0x7f8abcb476c0] IO error: End of file
[https @ 0x7f8abcb84fc0] Error reading HTTP response: End of file
[2026-04-12T19:29:55.282035] Saved clip /Users/Chen/PycharmProjects/CSCI_6234_Final/recordings/cam223/clips/2026/04/12/cam223_20260412T232912Z.mp4 (3105719 bytes)
[2026-04-12T19:29:55.799230] Starting 60-second capture -> /Users/Chen/PycharmProjects/CSCI_6234_Final/recordings/cam223/clips/2026/04/12/cam223_20260412T232955Z.mp4
[tls @ 0x7fb7aeb04840] IO error: End of file
[https @ 0x7fb7aeb04700] Error reading HTTP response: End of file
[tls @ 0x7fb7aea44e00] IO error: End of file
[https @ 0x7fb7aea3f380] Error reading HTTP response: End of file
[tls @ 0x7fb7aea44e00] IO error: End of file
[https @ 0x7fb7aea4f2c0] Error reading HTTP response: End of file
[tls @ 0x7fb7aea44e00] IO error: End of file
[https @ 0x7fb7aea3f380] Error reading HTTP response: End of file
[2026-04-12T19:30:38.518672] Saved clip /Users/Chen/PycharmProjects/CSCI_6234_Final/recordings/cam223/clips/2026/04/12/cam223_20260412T232955Z.mp4 (3111421 bytes)
[2026-04-12T19:30:39.032313] Starting 60-second capture -> /Users/Chen/PycharmProjects/CSCI_6234_Final/recordings/cam223/clips/2026/04/12/cam223_20260412T233039Z.mp4
[tls @ 0x7fa613a04680] IO error: End of file
[https @ 0x7fa613a04540] Error reading HTTP response: End of file
[tls @ 0x7fa613d22e00] IO error: End of file
[https @ 0x7fa613d3e900] Error reading HTTP response: End of file
[tls @ 0x7fa613904140] IO error: End of file
[https @ 0x7fa6139046c0] Error reading HTTP response: End of file
[tls @ 0x7fa613b44cc0] IO error: End of file
[https @ 0x7fa613b56ec0] Error reading HTTP response: End of file
[tls @ 0x7fa613c06900] IO error: End of file
[https @ 0x7fa613c04080] Error reading HTTP response: End of file
[tls @ 0x7fa613b32080] IO error: End of file
[https @ 0x7fa613b0f600] Error reading HTTP response: End of file
[2026-04-12T19:31:21.289792] Saved clip /Users/Chen/PycharmProjects/CSCI_6234_Final/recordings/cam223/clips/2026/04/12/cam223_20260412T233039Z.mp4 (3108096 bytes)
[2026-04-12T19:31:21.806766] Starting 60-second capture -> /Users/Chen/PycharmProjects/CSCI_6234_Final/recordings/cam223/clips/2026/04/12/cam223_20260412T233121Z.mp4
[tls @ 0x7fee82704140] IO error: End of file
[https @ 0x7fee93c059c0] Error reading HTTP response: End of file
[tls @ 0x7fee93b2b640] IO error: End of file
[https @ 0x7fee93b2ee00] Error reading HTTP response: End of file
[tls @ 0x7fee93c31340] IO error: End of file
[https @ 0x7fee93c05980] Error reading HTTP response: End of file
[tls @ 0x7fee93b05d80] IO error: End of file
[https @ 0x7fee93b15a40] Error reading HTTP response: End of file
[tls @ 0x7fee93c31340] IO error: End of file
[https @ 0x7fee93c62c80] Error reading HTTP response: End of file
[tls @ 0x7fee8270ddc0] IO error: End of file
[https @ 0x7fee82706fc0] Error reading HTTP response: End of file
[2026-04-12T19:32:04.685395] Saved clip /Users/Chen/PycharmProjects/CSCI_6234_Final/recordings/cam223/clips/2026/04/12/cam223_20260412T233121Z.mp4 (3109506 bytes)
[2026-04-12T19:32:05.203249] Starting 60-second capture -> /Users/Chen/PycharmProjects/CSCI_6234_Final/recordings/cam223/clips/2026/04/12/cam223_20260412T233205Z.mp4
[tls @ 0x7fa96ca05b00] IO error: End of file
[https @ 0x7fa96ca059c0] Error reading HTTP response: End of file
[tls @ 0x7fa95c114100] IO error: End of file
[https @ 0x7fa95c125080] Error reading HTTP response: End of file
[tls @ 0x7fa95c1049c0] IO error: End of file
[https @ 0x7fa95c1048c0] Error reading HTTP response: End of file
[tls @ 0x7fa95c114100] IO error: End of file
[https @ 0x7fa95c104100] Error reading HTTP response: End of file
[tls @ 0x7fa95bf307c0] IO error: End of file
[https @ 0x7fa95bf22980] Error reading HTTP response: End of file
[tls @ 0x7fa95c1048c0] IO error: End of file
[https @ 0x7fa95c18cfc0] Error reading HTTP response: End of file
[tls @ 0x7fa95c073780] IO error: End of file
[https @ 0x7fa95c0799c0] Error reading HTTP response: End of file
[2026-04-12T19:32:47.861612] Saved clip /Users/Chen/PycharmProjects/CSCI_6234_Final/recordings/cam223/clips/2026/04/12/cam223_20260412T233205Z.mp4 (3104346 bytes)
[2026-04-12T19:32:48.381142] Starting 60-second capture -> /Users/Chen/PycharmProjects/CSCI_6234_Final/recordings/cam223/clips/2026/04/12/cam223_20260412T233248Z.mp4
[tls @ 0x7f9615904500] IO error: End of file
[https @ 0x7f96159043c0] Error reading HTTP response: End of file
[tls @ 0x7f9614f08380] IO error: End of file
[https @ 0x7f9614f04440] Error reading HTTP response: End of file
[tls @ 0x7f961590b240] IO error: End of file
[https @ 0x7f961590b700] Error reading HTTP response: End of file
[tls @ 0x7f9614f084c0] IO error: End of file
[https @ 0x7f9614f08380] Error reading HTTP response: End of file
[tls @ 0x7f9625805500] IO error: End of file
[https @ 0x7f9625804440] Error reading HTTP response: End of file
[tls @ 0x7f9625a639c0] IO error: End of file
[https @ 0x7f9625a88d80] Error reading HTTP response: End of file
[2026-04-12T19:33:31.010729] Saved clip /Users/Chen/PycharmProjects/CSCI_6234_Final/recordings/cam223/clips/2026/04/12/cam223_20260412T233248Z.mp4 (3112204 bytes)
[2026-04-12T19:33:31.525319] Starting 60-second capture -> /Users/Chen/PycharmProjects/CSCI_6234_Final/recordings/cam223/clips/2026/04/12/cam223_20260412T233331Z.mp4
[tls @ 0x7fdf01c05b00] IO error: End of file
[https @ 0x7fdf01c059c0] Error reading HTTP response: End of file
[tls @ 0x7fdf01c90340] IO error: End of file
[https @ 0x7fdf01ca2580] Error reading HTTP response: End of file
[tls @ 0x7fdef0f09540] IO error: End of file
[https @ 0x7fdef0f09480] Error reading HTTP response: End of file
[tls @ 0x7fdf01c90340] IO error: End of file
[https @ 0x7fdf01c8c780] Error reading HTTP response: End of file
[tls @ 0x7fdf01b050c0] IO error: End of file
[https @ 0x7fdf01b10180] Error reading HTTP response: End of file
[tls @ 0x7fdf01c3ae80] IO error: End of file
[https @ 0x7fdf01cb0940] Error reading HTTP response: End of file
[tls @ 0x7fdf01ca79c0] IO error: End of file
[https @ 0x7fdf01c39d80] Error reading HTTP response: End of file
[2026-04-12T19:34:13.871104] Saved clip /Users/Chen/PycharmProjects/CSCI_6234_Final/recordings/cam223/clips/2026/04/12/cam223_20260412T233331Z.mp4 (3111706 bytes)
[2026-04-12T19:34:14.389615] Starting 60-second capture -> /Users/Chen/PycharmProjects/CSCI_6234_Final/recordings/cam223/clips/2026/04/12/cam223_20260412T233414Z.mp4
[tls @ 0x7fb2aa704b40] IO error: End of file
[https @ 0x7fb2aa704a00] Error reading HTTP response: End of file
[tls @ 0x7fb2aa73fe40] IO error: End of file
[https @ 0x7fb2aa76d180] Error reading HTTP response: End of file
[tls @ 0x7fb28a704280] IO error: End of file
[https @ 0x7fb28a7040c0] Error reading HTTP response: End of file
[tls @ 0x7fb2aa73fe40] IO error: End of file
[https @ 0x7fb2bb151500] Error reading HTTP response: End of file
[2026-04-12T19:34:57.278861] Saved clip /Users/Chen/PycharmProjects/CSCI_6234_Final/recordings/cam223/clips/2026/04/12/cam223_20260412T233414Z.mp4 (3112225 bytes)
[2026-04-12T19:34:57.797239] Starting 60-second capture -> /Users/Chen/PycharmProjects/CSCI_6234_Final/recordings/cam223/clips/2026/04/12/cam223_20260412T233457Z.mp4
[tls @ 0x7fcbe3a05880] IO error: End of file
[https @ 0x7fcbe3a056c0] Error reading HTTP response: End of file
[tls @ 0x7fcbe3b52580] IO error: End of file
[https @ 0x7fcbe3c2d3c0] Error reading HTTP response: End of file
[tls @ 0x7fcbe3b6ddc0] IO error: End of file
[https @ 0x7fcbe3b8aa00] Error reading HTTP response: End of file
[tls @ 0x7fcbe3b97ac0] IO error: End of file
[https @ 0x7fcbe3b9a0c0] Error reading HTTP response: End of file
[tls @ 0x7fcbe3a4ce40] IO error: End of file
[https @ 0x7fcbe3a39280] Error reading HTTP response: End of file
[tls @ 0x7fcbd2f07e80] IO error: End of file
[https @ 0x7fcbd2f7b280] Error reading HTTP response: End of file
[2026-04-12T19:35:40.631303] Saved clip /Users/Chen/PycharmProjects/CSCI_6234_Final/recordings/cam223/clips/2026/04/12/cam223_20260412T233457Z.mp4 (3108872 bytes)
[2026-04-12T19:35:41.149686] Starting 60-second capture -> /Users/Chen/PycharmProjects/CSCI_6234_Final/recordings/cam223/clips/2026/04/12/cam223_20260412T233541Z.mp4
[tls @ 0x7faf7ef04680] IO error: End of file
[https @ 0x7faf7ef04540] Error reading HTTP response: End of file
[tls @ 0x7faf7ef8adc0] IO error: End of file
[https @ 0x7faf7ef9cfc0] Error reading HTTP response: End of file
[tls @ 0x7faf7f904200] IO error: End of file
[https @ 0x7faf7f904140] Error reading HTTP response: End of file
[tls @ 0x7faf7f8049c0] IO error: End of file
[https @ 0x7faf7f804880] Error reading HTTP response: End of file
[tls @ 0x7faf7ef8adc0] IO error: End of file
[https @ 0x7faf7ef9cfc0] Error reading HTTP response: End of file
[tls @ 0x7faf7f92ee00] IO error: End of file
[https @ 0x7faf7f936fc0] Error reading HTTP response: End of file
[2026-04-12T19:36:23.759471] Saved clip /Users/Chen/PycharmProjects/CSCI_6234_Final/recordings/cam223/clips/2026/04/12/cam223_20260412T233541Z.mp4 (3104810 bytes)
[2026-04-12T19:36:24.279593] Starting 60-second capture -> /Users/Chen/PycharmProjects/CSCI_6234_Final/recordings/cam223/clips/2026/04/12/cam223_20260412T233624Z.mp4
[tls @ 0x7fc91cb04680] IO error: End of file
[https @ 0x7fc91cb04540] Error reading HTTP response: End of file
[tls @ 0x7fc91cc7d0c0] IO error: End of file
[https @ 0x7fc91cc80980] Error reading HTTP response: End of file
[tls @ 0x7fc91cc3b900] IO error: End of file
[https @ 0x7fc91cc37d00] Error reading HTTP response: End of file
[tls @ 0x7fc90bf1d5c0] IO error: End of file
[https @ 0x7fc90bf21880] Error reading HTTP response: End of file
[tls @ 0x7fc91cb24580] IO error: End of file
[https @ 0x7fc91cb64980] Error reading HTTP response: End of file
[tls @ 0x7fc91cc6bc40] IO error: End of file
[https @ 0x7fc91cc59580] Error reading HTTP response: End of file
[tls @ 0x7fc91cb24580] IO error: End of file
[https @ 0x7fc91cb84340] Error reading HTTP response: End of file
[2026-04-12T19:37:07.073318] Saved clip /Users/Chen/PycharmProjects/CSCI_6234_Final/recordings/cam223/clips/2026/04/12/cam223_20260412T233624Z.mp4 (3111998 bytes)
[2026-04-12T19:37:07.592503] Starting 60-second capture -> /Users/Chen/PycharmProjects/CSCI_6234_Final/recordings/cam223/clips/2026/04/12/cam223_20260412T233707Z.mp4
[tls @ 0x7f87a3804680] IO error: End of file
[https @ 0x7f87a3804540] Error reading HTTP response: End of file
[tls @ 0x7f87a2f06c00] IO error: End of file
[https @ 0x7f87a2f0b680] Error reading HTTP response: End of file
[tls @ 0x7f87a381c900] IO error: End of file
[https @ 0x7f87a3818d00] Error reading HTTP response: End of file
[tls @ 0x7f87a39383c0] IO error: End of file
[https @ 0x7f87a393c0c0] Error reading HTTP response: End of file
[tls @ 0x7f87b3a04f00] IO error: End of file
[https @ 0x7f87b3a04e40] Error reading HTTP response: End of file
[tls @ 0x7f87a2f04440] IO error: End of file
[https @ 0x7f87a2f04080] Error reading HTTP response: End of file
[tls @ 0x7f87b3c06800] IO error: End of file
[https @ 0x7f87b3c06740] Error reading HTTP response: End of file
[2026-04-12T19:37:49.906956] Saved clip /Users/Chen/PycharmProjects/CSCI_6234_Final/recordings/cam223/clips/2026/04/12/cam223_20260412T233707Z.mp4 (3104184 bytes)
[2026-04-12T19:37:50.424166] Starting 60-second capture -> /Users/Chen/PycharmProjects/CSCI_6234_Final/recordings/cam223/clips/2026/04/12/cam223_20260412T233750Z.mp4
[tls @ 0x7f9003205200] IO error: End of file
[https @ 0x7f90032045c0] Error reading HTTP response: End of file
[tls @ 0x7f900325f880] IO error: End of file
[https @ 0x7f8ff2746b40] Error reading HTTP response: End of file
[tls @ 0x7f9003305b80] IO error: End of file
[https @ 0x7f9003334c80] Error reading HTTP response: End of file
[tls @ 0x7f8fc2704180] IO error: End of file
[https @ 0x7f8fc2704780] Error reading HTTP response: End of file
[tls @ 0x7f9003225600] IO error: End of file
[https @ 0x7f9003218c40] Error reading HTTP response: End of file
[2026-04-12T19:38:33.526673] Saved clip /Users/Chen/PycharmProjects/CSCI_6234_Final/recordings/cam223/clips/2026/04/12/cam223_20260412T233750Z.mp4 (3107138 bytes)
[2026-04-12T19:38:34.045947] Starting 60-second capture -> /Users/Chen/PycharmProjects/CSCI_6234_Final/recordings/cam223/clips/2026/04/12/cam223_20260412T233834Z.mp4
[tls @ 0x7fe9ec305c80] IO error: End of file
[https @ 0x7fe9ec305b40] Error reading HTTP response: End of file
[tls @ 0x7fe9db785cc0] IO error: End of file
[https @ 0x7fe9db75ef40] Error reading HTTP response: End of file
[tls @ 0x7fe9ec234440] IO error: End of file
[https @ 0x7fe9ec2336c0] Error reading HTTP response: End of file
[2026-04-12T19:39:08.747736] Saved clip /Users/Chen/PycharmProjects/CSCI_6234_Final/recordings/cam223/clips/2026/04/12/cam223_20260412T233834Z.mp4 (3111993 bytes)
[2026-04-12T19:39:09.260219] Starting 60-second capture -> /Users/Chen/PycharmProjects/CSCI_6234_Final/recordings/cam223/clips/2026/04/12/cam223_20260412T233909Z.mp4
[tls @ 0x7f85b3304800] IO error: End of file
[https @ 0x7f85b33046c0] Error reading HTTP response: End of file
[tls @ 0x7f85a3026c00] IO error: End of file
[https @ 0x7f85a3038e00] Error reading HTTP response: End of file
[tls @ 0x7f85a3007a80] IO error: End of file
[https @ 0x7f85a30079c0] Error reading HTTP response: End of file
[tls @ 0x7f85a3026c00] IO error: End of file
[https @ 0x7f85a3023000] Error reading HTTP response: End of file
[tls @ 0x7f85b338c700] IO error: End of file
[https @ 0x7f85a3040540] Error reading HTTP response: End of file
[tls @ 0x7f85a300a680] IO error: End of file
[https @ 0x7f85a301cc40] Error reading HTTP response: End of file
[tls @ 0x7f85a2726280] IO error: End of file
[https @ 0x7f85a27147c0] Error reading HTTP response: End of file
[2026-04-12T19:39:52.012617] Saved clip /Users/Chen/PycharmProjects/CSCI_6234_Final/recordings/cam223/clips/2026/04/12/cam223_20260412T233909Z.mp4 (3106234 bytes)
[2026-04-12T19:39:52.523418] Starting 60-second capture -> /Users/Chen/PycharmProjects/CSCI_6234_Final/recordings/cam223/clips/2026/04/12/cam223_20260412T233952Z.mp4
[tls @ 0x7fc3b2c04e80] IO error: End of file
[https @ 0x7fc3b2c04d40] Error reading HTTP response: End of file
[tls @ 0x7fc3b2c73c00] IO error: End of file
[https @ 0x7fc3b2c7f740] Error reading HTTP response: End of file
[tls @ 0x7fc3b2f07140] IO error: End of file
[https @ 0x7fc3b2f07040] Error reading HTTP response: End of file
[tls @ 0x7fc3a1f39140] IO error: End of file
[https @ 0x7fc3a1f66a80] Error reading HTTP response: End of file
[tls @ 0x7fc3b2f40600] IO error: End of file
[https @ 0x7fc3b2f3a5c0] Error reading HTTP response: End of file
[tls @ 0x7fc3b2d822c0] IO error: End of file
[https @ 0x7fc3b2d5a880] Error reading HTTP response: End of file
[tls @ 0x7fc3b2d18080] IO error: End of file
[https @ 0x7fc3b2d59e40] Error reading HTTP response: End of file
[2026-04-12T19:40:35.554368] Saved clip /Users/Chen/PycharmProjects/CSCI_6234_Final/recordings/cam223/clips/2026/04/12/cam223_20260412T233952Z.mp4 (3113479 bytes)
[2026-04-12T19:40:36.071239] Starting 60-second capture -> /Users/Chen/PycharmProjects/CSCI_6234_Final/recordings/cam223/clips/2026/04/12/cam223_20260412T234036Z.mp4
[tls @ 0x7f88c0804680] IO error: End of file
[https @ 0x7f88c0804540] Error reading HTTP response: End of file
[tls @ 0x7f88b7f32600] IO error: End of file
[https @ 0x7f88b7f44e80] Error reading HTTP response: End of file
[tls @ 0x7f88c7f38c80] IO error: End of file
[https @ 0x7f88c7f1f5c0] Error reading HTTP response: End of file
[tls @ 0x7f88b7f32600] IO error: End of file
[https @ 0x7f88b7f44e80] Error reading HTTP response: End of file
[2026-04-12T19:41:18.823102] Saved clip /Users/Chen/PycharmProjects/CSCI_6234_Final/recordings/cam223/clips/2026/04/12/cam223_20260412T234036Z.mp4 (3116918 bytes)
[2026-04-12T19:41:19.340288] Starting 60-second capture -> /Users/Chen/PycharmProjects/CSCI_6234_Final/recordings/cam223/clips/2026/04/12/cam223_20260412T234119Z.mp4
[tls @ 0x7fe9e9804680] IO error: End of file
[https @ 0x7fe9e9804540] Error reading HTTP response: End of file
[tls @ 0x7fe9f9931c80] IO error: End of file
[https @ 0x7fe9f9909a00] Error reading HTTP response: End of file
[tls @ 0x7fe9f990ca80] IO error: End of file
[https @ 0x7fe9f9908800] Error reading HTTP response: End of file
[tls @ 0x7fe9f9931c80] IO error: End of file
[https @ 0x7fe9f9a3a600] Error reading HTTP response: End of file
[tls @ 0x7fe9ca004400] IO error: End of file
[https @ 0x7fe9ca004340] Error reading HTTP response: End of file
[tls @ 0x7fe9f9931c80] IO error: End of file
[https @ 0x7fe9f991b780] Error reading HTTP response: End of file
[tls @ 0x7fe9f9a3b140] IO error: End of file
[https @ 0x7fe9f9a3a600] Error reading HTTP response: End of file
[2026-04-12T19:42:02.003523] Saved clip /Users/Chen/PycharmProjects/CSCI_6234_Final/recordings/cam223/clips/2026/04/12/cam223_20260412T234119Z.mp4 (3112686 bytes)
[2026-04-12T19:42:02.523984] Starting 60-second capture -> /Users/Chen/PycharmProjects/CSCI_6234_Final/recordings/cam223/clips/2026/04/12/cam223_20260412T234202Z.mp4
[tls @ 0x7fa3f6904680] IO error: End of file
[https @ 0x7fa3f6904540] Error reading HTTP response: End of file
[tls @ 0x7fa3f6913a40] IO error: End of file
[https @ 0x7fa3f6912a80] Error reading HTTP response: End of file
[tls @ 0x7fa406212a40] IO error: End of file
[https @ 0x7fa4062190c0] Error reading HTTP response: End of file
[tls @ 0x7fa3f5705040] IO error: End of file
[https @ 0x7fa3f5705980] Error reading HTTP response: End of file
[tls @ 0x7fa3f6806440] IO error: End of file
[https @ 0x7fa3f6826680] Error reading HTTP response: End of file
[tls @ 0x7fa3f6913b00] IO error: End of file
[https @ 0x7fa3f6913a40] Error reading HTTP response: End of file
[tls @ 0x7fa3f5765ac0] IO error: End of file
[https @ 0x7fa3f5777d00] Error reading HTTP response: End of file
[tls @ 0x7fa3f690ae00] IO error: End of file
[https @ 0x7fa3f6911ac0] Error reading HTTP response: End of file
[2026-04-12T19:42:45.878129] Saved clip /Users/Chen/PycharmProjects/CSCI_6234_Final/recordings/cam223/clips/2026/04/12/cam223_20260412T234202Z.mp4 (3107568 bytes)
[2026-04-12T19:42:46.401860] Starting 60-second capture -> /Users/Chen/PycharmProjects/CSCI_6234_Final/recordings/cam223/clips/2026/04/12/cam223_20260412T234246Z.mp4
[tls @ 0x7f8444f04500] IO error: End of file
[https @ 0x7f8444f043c0] Error reading HTTP response: End of file
[tls @ 0x7f8455e0b540] IO error: End of file
[https @ 0x7f8455e197c0] Error reading HTTP response: End of file
[tls @ 0x7f8455a04740] IO error: End of file
[https @ 0x7f8455a04640] Error reading HTTP response: End of file
[tls @ 0x7f8455e0b540] IO error: End of file
[https @ 0x7f8455e197c0] Error reading HTTP response: End of file
[2026-04-12T19:43:28.929550] Saved clip /Users/Chen/PycharmProjects/CSCI_6234_Final/recordings/cam223/clips/2026/04/12/cam223_20260412T234246Z.mp4 (3110192 bytes)
[2026-04-12T19:43:29.448138] Starting 60-second capture -> /Users/Chen/PycharmProjects/CSCI_6234_Final/recordings/cam223/clips/2026/04/12/cam223_20260412T234329Z.mp4
[tls @ 0x7fab36706800] IO error: End of file
[https @ 0x7fab36706740] Error reading HTTP response: End of file
[tls @ 0x7fab37145000] IO error: End of file
[https @ 0x7fab3714f000] Error reading HTTP response: End of file
[tls @ 0x7fab3710a440] IO error: End of file
[https @ 0x7fab3710ae40] Error reading HTTP response: End of file
[tls @ 0x7fab367060c0] IO error: End of file
[https @ 0x7fab367513c0] Error reading HTTP response: End of file
[tls @ 0x7fab26758140] IO error: End of file
[https @ 0x7fab26749d80] Error reading HTTP response: End of file
[tls @ 0x7fab3678fc40] IO error: End of file
[https @ 0x7fab367a1e40] Error reading HTTP response: End of file
[2026-04-12T19:44:12.592326] Saved clip /Users/Chen/PycharmProjects/CSCI_6234_Final/recordings/cam223/clips/2026/04/12/cam223_20260412T234329Z.mp4 (3108620 bytes)
[2026-04-12T19:44:13.114587] Starting 60-second capture -> /Users/Chen/PycharmProjects/CSCI_6234_Final/recordings/cam223/clips/2026/04/12/cam223_20260412T234413Z.mp4
[tls @ 0x7fcb95506100] IO error: End of file
[https @ 0x7fcb95505fc0] Error reading HTTP response: End of file
[tls @ 0x7fcb9552e9c0] IO error: End of file
[https @ 0x7fcb9553af40] Error reading HTTP response: End of file
[tls @ 0x7fcb9552e9c0] IO error: End of file
[https @ 0x7fcb9554b5c0] Error reading HTTP response: End of file
[tls @ 0x7fcb8474f380] IO error: End of file
[https @ 0x7fcb95706580] Error reading HTTP response: End of file
[2026-04-12T19:44:51.279187] Saved clip /Users/Chen/PycharmProjects/CSCI_6234_Final/recordings/cam223/clips/2026/04/12/cam223_20260412T234413Z.mp4 (3111728 bytes)
[2026-04-12T19:44:51.805652] Starting 60-second capture -> /Users/Chen/PycharmProjects/CSCI_6234_Final/recordings/cam223/clips/2026/04/12/cam223_20260412T234451Z.mp4
[tls @ 0x7ff1ddb05340] IO error: End of file
[https @ 0x7ff1ddb04780] Error reading HTTP response: End of file
[tls @ 0x7ff1ddd0a5c0] IO error: End of file
[https @ 0x7ff1ddd20ac0] Error reading HTTP response: End of file
[tls @ 0x7ff1dda1af00] IO error: End of file
[https @ 0x7ff1dda1a580] Error reading HTTP response: End of file
[tls @ 0x7ff1ddd0a5c0] IO error: End of file
[https @ 0x7ff1ddd26280] Error reading HTTP response: End of file
[tls @ 0x7ff1ddc24b40] IO error: End of file
[https @ 0x7ff1ddc2ed80] Error reading HTTP response: End of file
[tls @ 0x7ff1dcf07fc0] IO error: End of file
[https @ 0x7ff1dcf07f00] Error reading HTTP response: End of file
[tls @ 0x7ff1ddc81dc0] IO error: End of file
[https @ 0x7ff1ddc19d40] Error reading HTTP response: End of file
[2026-04-12T19:45:34.637570] Saved clip /Users/Chen/PycharmProjects/CSCI_6234_Final/recordings/cam223/clips/2026/04/12/cam223_20260412T234451Z.mp4 (3111548 bytes)
[2026-04-12T19:45:35.159831] Starting 60-second capture -> /Users/Chen/PycharmProjects/CSCI_6234_Final/recordings/cam223/clips/2026/04/12/cam223_20260412T234535Z.mp4
[tls @ 0x7f7b4ca04800] IO error: End of file
[https @ 0x7f7b4ca046c0] Error reading HTTP response: End of file
[tls @ 0x7f7b4cb5c800] IO error: End of file
[https @ 0x7f7b4cb4ae80] Error reading HTTP response: End of file
[tls @ 0x7f7b3c834240] IO error: End of file
[https @ 0x7f7b3c839900] Error reading HTTP response: End of file
[tls @ 0x7f7b4cb40840] IO error: End of file
[https @ 0x7f7b4cb3cc40] Error reading HTTP response: End of file
[tls @ 0x7f7b3c834240] IO error: End of file
[https @ 0x7f7b3c8288c0] Error reading HTTP response: End of file
[tls @ 0x7f7b3bf23540] IO error: End of file
[https @ 0x7f7b3bf53280] Error reading HTTP response: End of file
[2026-04-12T19:46:17.865811] Saved clip /Users/Chen/PycharmProjects/CSCI_6234_Final/recordings/cam223/clips/2026/04/12/cam223_20260412T234535Z.mp4 (3108533 bytes)
[2026-04-12T19:46:18.384132] Starting 60-second capture -> /Users/Chen/PycharmProjects/CSCI_6234_Final/recordings/cam223/clips/2026/04/12/cam223_20260412T234618Z.mp4
[tls @ 0x7faecc004380] IO error: End of file
[https @ 0x7faecc004240] Error reading HTTP response: End of file
[tls @ 0x7faecc041f00] IO error: End of file
[https @ 0x7faecc004300] Error reading HTTP response: End of file
[tls @ 0x7faecaf06bc0] IO error: End of file
[https @ 0x7faecaf401c0] Error reading HTTP response: End of file
[tls @ 0x7faedba0ea80] IO error: End of file
[https @ 0x7faedba0ec80] Error reading HTTP response: End of file
[2026-04-12T19:47:00.810138] Saved clip /Users/Chen/PycharmProjects/CSCI_6234_Final/recordings/cam223/clips/2026/04/12/cam223_20260412T234618Z.mp4 (3109783 bytes)
[2026-04-12T19:47:01.331735] Starting 60-second capture -> /Users/Chen/PycharmProjects/CSCI_6234_Final/recordings/cam223/clips/2026/04/12/cam223_20260412T234701Z.mp4
[tls @ 0x7fef38804800] IO error: End of file
[https @ 0x7fef388046c0] Error reading HTTP response: End of file
[tls @ 0x7fef2f75d980] IO error: End of file
[https @ 0x7fef2f74a640] Error reading HTTP response: End of file
[tls @ 0x7fef2f75d980] IO error: End of file
[https @ 0x7fef2f750d80] Error reading HTTP response: End of file
[tls @ 0x7fef1f729d40] IO error: End of file
[https @ 0x7fef1f73bf80] Error reading HTTP response: End of file
[tls @ 0x7fef2f75d980] IO error: End of file
[https @ 0x7fef2f74a640] Error reading HTTP response: End of file
[tls @ 0x7fef40172340] IO error: End of file
[https @ 0x7fef40178880] Error reading HTTP response: End of file
[2026-04-12T19:47:44.942470] Saved clip /Users/Chen/PycharmProjects/CSCI_6234_Final/recordings/cam223/clips/2026/04/12/cam223_20260412T234701Z.mp4 (3103144 bytes)
[2026-04-12T19:47:45.462333] Starting 60-second capture -> /Users/Chen/PycharmProjects/CSCI_6234_Final/recordings/cam223/clips/2026/04/12/cam223_20260412T234745Z.mp4
[tls @ 0x7fabc7f06680] IO error: End of file
[https @ 0x7fabc7f06140] Error reading HTTP response: End of file
[tls @ 0x7fabc111bf80] IO error: End of file
[https @ 0x7fabc110e000] Error reading HTTP response: End of file
[tls @ 0x7fabc7f24ac0] IO error: End of file
[https @ 0x7fabc7f37000] Error reading HTTP response: End of file
[tls @ 0x7fabb7f27000] IO error: End of file
[https @ 0x7fabb7f20840] Error reading HTTP response: End of file
[tls @ 0x7fabc1108680] IO error: End of file
[https @ 0x7fabc11085c0] Error reading HTTP response: End of file
[tls @ 0x7fabc102c4c0] IO error: End of file
[https @ 0x7fabc1024f80] Error reading HTTP response: End of file
[tls @ 0x7fabc1024880] IO error: End of file
[https @ 0x7fabc102e940] Error reading HTTP response: End of file
[2026-04-12T19:48:27.917228] Saved clip /Users/Chen/PycharmProjects/CSCI_6234_Final/recordings/cam223/clips/2026/04/12/cam223_20260412T234745Z.mp4 (3112998 bytes)
[2026-04-12T19:48:28.436367] Starting 60-second capture -> /Users/Chen/PycharmProjects/CSCI_6234_Final/recordings/cam223/clips/2026/04/12/cam223_20260412T234828Z.mp4
[tls @ 0x7fcef0804d00] IO error: End of file
[https @ 0x7fcef0804c40] Error reading HTTP response: End of file
[tls @ 0x7fcee4e32b80] IO error: End of file
[https @ 0x7fcee4e39080] Error reading HTTP response: End of file
[tls @ 0x7fcef0809a00] IO error: End of file
[https @ 0x7fcef0809500] Error reading HTTP response: End of file
[tls @ 0x7fcee4d34cc0] IO error: End of file
[https @ 0x7fcee4d74840] Error reading HTTP response: End of file
[tls @ 0x7fcef083dac0] IO error: End of file
[https @ 0x7fcef0821600] Error reading HTTP response: End of file
[tls @ 0x7fcee4d5a840] IO error: End of file
[https @ 0x7fcee4d54800] Error reading HTTP response: End of file
[tls @ 0x7fcee4e50480] IO error: End of file
[https @ 0x7fcee4e44f80] Error reading HTTP response: End of file
[2026-04-12T19:49:10.799643] Saved clip /Users/Chen/PycharmProjects/CSCI_6234_Final/recordings/cam223/clips/2026/04/12/cam223_20260412T234828Z.mp4 (3108276 bytes)
[2026-04-12T19:49:11.314093] Starting 60-second capture -> /Users/Chen/PycharmProjects/CSCI_6234_Final/recordings/cam223/clips/2026/04/12/cam223_20260412T234911Z.mp4
[tls @ 0x7fd96cc04680] IO error: End of file
[https @ 0x7fd96cc04540] Error reading HTTP response: End of file
[tls @ 0x7fd96ca30c80] IO error: End of file
[https @ 0x7fd96ca04200] Error reading HTTP response: End of file
[tls @ 0x7fd96cc19b80] IO error: End of file
[https @ 0x7fd96cc42300] Error reading HTTP response: End of file
[tls @ 0x7fd96cc19b80] IO error: End of file
[https @ 0x7fd96cc2bd80] Error reading HTTP response: End of file
[2026-04-12T19:49:53.960333] Saved clip /Users/Chen/PycharmProjects/CSCI_6234_Final/recordings/cam223/clips/2026/04/12/cam223_20260412T234911Z.mp4 (3107178 bytes)
[2026-04-12T19:49:54.484375] Starting 60-second capture -> /Users/Chen/PycharmProjects/CSCI_6234_Final/recordings/cam223/clips/2026/04/12/cam223_20260412T234954Z.mp4
[tls @ 0x7f85caf04680] IO error: End of file
[https @ 0x7f85caf04540] Error reading HTTP response: End of file
[tls @ 0x7f85cb83cec0] IO error: End of file
[https @ 0x7f85cb84f0c0] Error reading HTTP response: End of file
[tls @ 0x7f85caf2a140] IO error: End of file
[https @ 0x7f85caf2e240] Error reading HTTP response: End of file
[tls @ 0x7f85cba0e500] IO error: End of file
[https @ 0x7f85cba18880] Error reading HTTP response: End of file
[tls @ 0x7f85cb927480] IO error: End of file
[https @ 0x7f85cb907b40] Error reading HTTP response: End of file
[tls @ 0x7f85cb808340] IO error: End of file
[https @ 0x7f85cb80c480] Error reading HTTP response: End of file
[2026-04-12T19:50:26.750967] Saved clip /Users/Chen/PycharmProjects/CSCI_6234_Final/recordings/cam223/clips/2026/04/12/cam223_20260412T234954Z.mp4 (3103364 bytes)
[2026-04-12T19:50:27.266952] Starting 60-second capture -> /Users/Chen/PycharmProjects/CSCI_6234_Final/recordings/cam223/clips/2026/04/12/cam223_20260412T235027Z.mp4
[tls @ 0x7fcb32f04940] IO error: End of file
[https @ 0x7fcb32f04800] Error reading HTTP response: End of file
[tls @ 0x7fcb34004e40] IO error: End of file
[https @ 0x7fcb340218c0] Error reading HTTP response: End of file
[tls @ 0x7fcb43c06140] IO error: End of file
[https @ 0x7fcb43c06040] Error reading HTTP response: End of file
[tls @ 0x7fcb32f3b600] IO error: End of file
[https @ 0x7fcb32f07a00] Error reading HTTP response: End of file
[tls @ 0x7fcb32f575c0] IO error: End of file
[https @ 0x7fcb32f57880] Error reading HTTP response: End of file
[tls @ 0x7fcb43b24940] IO error: End of file
[https @ 0x7fcb43b19a40] Error reading HTTP response: End of file
[tls @ 0x7fcb34010680] IO error: End of file
[https @ 0x7fcb340218c0] Error reading HTTP response: End of file
[2026-04-12T19:51:12.007688] Saved clip /Users/Chen/PycharmProjects/CSCI_6234_Final/recordings/cam223/clips/2026/04/12/cam223_20260412T235027Z.mp4 (3113131 bytes)
[2026-04-12T19:51:12.529856] Starting 60-second capture -> /Users/Chen/PycharmProjects/CSCI_6234_Final/recordings/cam223/clips/2026/04/12/cam223_20260412T235112Z.mp4
[tls @ 0x7f8495004680] IO error: End of file
[https @ 0x7f8495004540] Error reading HTTP response: End of file
[tls @ 0x7f849505c080] IO error: End of file
[https @ 0x7f8495055680] Error reading HTTP response: End of file
[tls @ 0x7f8494f17780] IO error: End of file
[https @ 0x7f8494f1be00] Error reading HTTP response: End of file
[tls @ 0x7f849502a800] IO error: End of file
[https @ 0x7f849502f200] Error reading HTTP response: End of file
[tls @ 0x7f8494f56280] IO error: End of file
[https @ 0x7f8494f393c0] Error reading HTTP response: End of file
[2026-04-12T19:51:45.638124] Saved clip /Users/Chen/PycharmProjects/CSCI_6234_Final/recordings/cam223/clips/2026/04/12/cam223_20260412T235112Z.mp4 (3109999 bytes)
[2026-04-12T19:51:46.154686] Starting 60-second capture -> /Users/Chen/PycharmProjects/CSCI_6234_Final/recordings/cam223/clips/2026/04/12/cam223_20260412T235146Z.mp4
[tls @ 0x7fbbe9b043c0] IO error: End of file
[https @ 0x7fbbe9b04a80] Error reading HTTP response: End of file
[tls @ 0x7fbbe9b047c0] IO error: End of file
[https @ 0x7fbbe9b09cc0] Error reading HTTP response: End of file
[tls @ 0x7fbbda00c940] IO error: End of file
[https @ 0x7fbbda0108c0] Error reading HTTP response: End of file
[tls @ 0x7fbbe9b047c0] IO error: End of file
[https @ 0x7fbbe9b10c80] Error reading HTTP response: End of file
[tls @ 0x7fbbe9c1f700] IO error: End of file
[https @ 0x7fbbe9c1a300] Error reading HTTP response: End of file
[tls @ 0x7fbbe9b047c0] IO error: End of file
[https @ 0x7fbbe9b0a840] Error reading HTTP response: End of file
[tls @ 0x7fbbe9c34d00] IO error: End of file
[https @ 0x7fbbe9c1fb80] Error reading HTTP response: End of file
[2026-04-12T19:52:29.583267] Saved clip /Users/Chen/PycharmProjects/CSCI_6234_Final/recordings/cam223/clips/2026/04/12/cam223_20260412T235146Z.mp4 (3107782 bytes)
[2026-04-12T19:52:30.101144] Starting 60-second capture -> /Users/Chen/PycharmProjects/CSCI_6234_Final/recordings/cam223/clips/2026/04/12/cam223_20260412T235230Z.mp4
[tls @ 0x7fe0c440cb40] IO error: End of file
[https @ 0x7fe0c4411280] Error reading HTTP response: End of file
[tls @ 0x7fe0c433acc0] IO error: End of file
[https @ 0x7fe0c4321440] Error reading HTTP response: End of file
[tls @ 0x7fe0c443c900] IO error: End of file
[https @ 0x7fe0c4423240] Error reading HTTP response: End of file
[tls @ 0x7fe0c42531c0] IO error: End of file
[https @ 0x7fe0c423b480] Error reading HTTP response: End of file
[tls @ 0x7fe0c4530f40] IO error: End of file
[https @ 0x7fe0c452d340] Error reading HTTP response: End of file
[tls @ 0x7fe0c4547100] IO error: End of file
[https @ 0x7fe0c451f4c0] Error reading HTTP response: End of file
[2026-04-12T19:53:13.670549] Saved clip /Users/Chen/PycharmProjects/CSCI_6234_Final/recordings/cam223/clips/2026/04/12/cam223_20260412T235230Z.mp4 (3112620 bytes)
[2026-04-12T19:53:14.189636] Starting 60-second capture -> /Users/Chen/PycharmProjects/CSCI_6234_Final/recordings/cam223/clips/2026/04/12/cam223_20260412T235314Z.mp4
[tls @ 0x7f8faa004500] IO error: End of file
[https @ 0x7f8faa0043c0] Error reading HTTP response: End of file
[tls @ 0x7f8faa11c780] IO error: End of file
[https @ 0x7f8faa118b80] Error reading HTTP response: End of file
[tls @ 0x7f8fa8f34fc0] IO error: End of file
[https @ 0x7f8fa8f1d340] Error reading HTTP response: End of file
[tls @ 0x7f8fa8f34fc0] IO error: End of file
[https @ 0x7f8fa8f6e940] Error reading HTTP response: End of file
[tls @ 0x7f8fb9a37140] IO error: End of file
[https @ 0x7f8fb9a0b7c0] Error reading HTTP response: End of file
[2026-04-12T19:53:46.358494] Saved clip /Users/Chen/PycharmProjects/CSCI_6234_Final/recordings/cam223/clips/2026/04/12/cam223_20260412T235314Z.mp4 (3109110 bytes)
[2026-04-12T19:53:46.881797] Starting 60-second capture -> /Users/Chen/PycharmProjects/CSCI_6234_Final/recordings/cam223/clips/2026/04/12/cam223_20260412T235346Z.mp4
[tls @ 0x7fe002a05e00] IO error: End of file
[https @ 0x7fe002a05cc0] Error reading HTTP response: End of file
[tls @ 0x7fdff1f47340] IO error: End of file
[https @ 0x7fdff1f3d140] Error reading HTTP response: End of file
[tls @ 0x7fe002a2d940] IO error: End of file
[https @ 0x7fdff2804080] Error reading HTTP response: End of file
[tls @ 0x7fe002a2f600] IO error: End of file
[https @ 0x7fe002a0bcc0] Error reading HTTP response: End of file
[tls @ 0x7fdff1f52880] IO error: End of file
[https @ 0x7fdff1f4c380] Error reading HTTP response: End of file
[tls @ 0x7fdff28106c0] IO error: End of file
[https @ 0x7fdff2821a00] Error reading HTTP response: End of file
[tls @ 0x7fdff1f52880] IO error: End of file
[https @ 0x7fdff1f1a700] Error reading HTTP response: End of file
[2026-04-12T19:54:29.963789] Saved clip /Users/Chen/PycharmProjects/CSCI_6234_Final/recordings/cam223/clips/2026/04/12/cam223_20260412T235346Z.mp4 (3106300 bytes)
[2026-04-12T19:54:30.479293] Starting 60-second capture -> /Users/Chen/PycharmProjects/CSCI_6234_Final/recordings/cam223/clips/2026/04/12/cam223_20260412T235430Z.mp4
[tls @ 0x7fccd5c05b80] IO error: End of file
[https @ 0x7fccd5c05a40] Error reading HTTP response: End of file
[tls @ 0x7fccc4f4fc00] IO error: End of file
[https @ 0x7fccc4f5fe40] Error reading HTTP response: End of file
[tls @ 0x7fccd5a09bc0] IO error: End of file
[https @ 0x7fccd5a06a40] Error reading HTTP response: End of file
[tls @ 0x7fccd5c0f000] IO error: End of file
[https @ 0x7fccd5c4b7c0] Error reading HTTP response: End of file
[tls @ 0x7fccc4f32680] IO error: End of file
[https @ 0x7fccc4f25440] Error reading HTTP response: End of file
[tls @ 0x7fccd5a35c00] IO error: End of file
[https @ 0x7fccd5a3efc0] Error reading HTTP response: End of file
[tls @ 0x7fccd5a59dc0] IO error: End of file
[https @ 0x7fccd5a3c1c0] Error reading HTTP response: End of file
[2026-04-12T19:55:12.838586] Saved clip /Users/Chen/PycharmProjects/CSCI_6234_Final/recordings/cam223/clips/2026/04/12/cam223_20260412T235430Z.mp4 (3111917 bytes)
[2026-04-12T19:55:13.362103] Starting 60-second capture -> /Users/Chen/PycharmProjects/CSCI_6234_Final/recordings/cam223/clips/2026/04/12/cam223_20260412T235513Z.mp4
[tls @ 0x7fab77904080] IO error: End of file
[https @ 0x7fab77804cc0] Error reading HTTP response: End of file
[tls @ 0x7fab76f0f200] IO error: End of file
[https @ 0x7fab76f1e580] Error reading HTTP response: End of file
[tls @ 0x7fab7798ff80] IO error: End of file
[https @ 0x7fab7799c280] Error reading HTTP response: End of file
[tls @ 0x7fab77816900] IO error: End of file
[https @ 0x7fab7781a280] Error reading HTTP response: End of file
[tls @ 0x7fab7798ff80] IO error: End of file
[https @ 0x7fab7793ec00] Error reading HTTP response: End of file
[tls @ 0x7fab77922240] IO error: End of file
[https @ 0x7fab779254c0] Error reading HTTP response: End of file
[tls @ 0x7fab77a19dc0] IO error: End of file
[https @ 0x7fab77a1cdc0] Error reading HTTP response: End of file
[2026-04-12T19:55:46.919500] Saved clip /Users/Chen/PycharmProjects/CSCI_6234_Final/recordings/cam223/clips/2026/04/12/cam223_20260412T235513Z.mp4 (3111500 bytes)
[2026-04-12T19:55:47.433809] Starting 60-second capture -> /Users/Chen/PycharmProjects/CSCI_6234_Final/recordings/cam223/clips/2026/04/12/cam223_20260412T235547Z.mp4
[tls @ 0x7fd413704680] IO error: End of file
[https @ 0x7fd413704540] Error reading HTTP response: End of file
[tls @ 0x7fd413728d80] IO error: End of file
[https @ 0x7fd41373dd80] Error reading HTTP response: End of file
[tls @ 0x7fd414115dc0] IO error: End of file
[https @ 0x7fd4141272c0] Error reading HTTP response: End of file
[tls @ 0x7fd413728d80] IO error: End of file
[https @ 0x7fd41376aa00] Error reading HTTP response: End of file
[tls @ 0x7fd41411c2c0] IO error: End of file
[https @ 0x7fd414113e40] Error reading HTTP response: End of file
[tls @ 0x7fd413750fc0] IO error: End of file
[https @ 0x7fd413741600] Error reading HTTP response: End of file
[tls @ 0x7fd4141126c0] IO error: End of file
[https @ 0x7fd41411c240] Error reading HTTP response: End of file
[2026-04-12T19:56:32.766307] Saved clip /Users/Chen/PycharmProjects/CSCI_6234_Final/recordings/cam223/clips/2026/04/12/cam223_20260412T235547Z.mp4 (3107679 bytes)
[2026-04-12T19:56:33.285062] Starting 60-second capture -> /Users/Chen/PycharmProjects/CSCI_6234_Final/recordings/cam223/clips/2026/04/12/cam223_20260412T235633Z.mp4
[tls @ 0x7fbbbef05b80] IO error: End of file
[https @ 0x7fbbbef05ac0] Error reading HTTP response: End of file
[tls @ 0x7fbbbef3afc0] IO error: End of file
[https @ 0x7fbbbef37d40] Error reading HTTP response: End of file
[tls @ 0x7fbbc89269c0] IO error: End of file
[https @ 0x7fbbc89390c0] Error reading HTTP response: End of file
[2026-04-12T19:57:06.063856] Saved clip /Users/Chen/PycharmProjects/CSCI_6234_Final/recordings/cam223/clips/2026/04/12/cam223_20260412T235633Z.mp4 (3116504 bytes)
[2026-04-12T19:57:06.577681] Starting 60-second capture -> /Users/Chen/PycharmProjects/CSCI_6234_Final/recordings/cam223/clips/2026/04/12/cam223_20260412T235706Z.mp4
[tls @ 0x7f9143004500] IO error: End of file
[https @ 0x7f91430043c0] Error reading HTTP response: End of file
[tls @ 0x7f914324b6c0] IO error: End of file
[https @ 0x7f9143285180] Error reading HTTP response: End of file
[tls @ 0x7f9143008f00] IO error: End of file
[https @ 0x7f91430093c0] Error reading HTTP response: End of file
[tls @ 0x7f914271b080] IO error: End of file
[https @ 0x7f914271af80] Error reading HTTP response: End of file
[tls @ 0x7f9142735dc0] IO error: End of file
[https @ 0x7f914273d440] Error reading HTTP response: End of file
[tls @ 0x7f9142760d80] IO error: End of file
[https @ 0x7f914271b040] Error reading HTTP response: End of file
[tls @ 0x7f9142704b00] IO error: End of file
[https @ 0x7f9142734040] Error reading HTTP response: End of file
[2026-04-12T19:57:50.021000] Saved clip /Users/Chen/PycharmProjects/CSCI_6234_Final/recordings/cam223/clips/2026/04/12/cam223_20260412T235706Z.mp4 (3107887 bytes)
[2026-04-12T19:57:50.538951] Starting 60-second capture -> /Users/Chen/PycharmProjects/CSCI_6234_Final/recordings/cam223/clips/2026/04/12/cam223_20260412T235750Z.mp4
[tls @ 0x7f8981f04680] IO error: End of file
[https @ 0x7f8981f04540] Error reading HTTP response: End of file
[tls @ 0x7f8982a40840] IO error: End of file
[https @ 0x7f8982a244c0] Error reading HTTP response: End of file
[tls @ 0x7f8982917dc0] IO error: End of file
[https @ 0x7f8982924580] Error reading HTTP response: End of file
[tls @ 0x7f8982946400] IO error: End of file
[https @ 0x7f8982957040] Error reading HTTP response: End of file
[tls @ 0x7f8982a3f540] IO error: End of file
[https @ 0x7f8982a32740] Error reading HTTP response: End of file
[2026-04-12T19:58:33.395704] Saved clip /Users/Chen/PycharmProjects/CSCI_6234_Final/recordings/cam223/clips/2026/04/12/cam223_20260412T235750Z.mp4 (3109402 bytes)
[2026-04-12T19:58:33.913262] Starting 60-second capture -> /Users/Chen/PycharmProjects/CSCI_6234_Final/recordings/cam223/clips/2026/04/12/cam223_20260412T235833Z.mp4
[tls @ 0x7f7e6ce05c80] IO error: End of file
[https @ 0x7f7e6ce05b40] Error reading HTTP response: End of file
[tls @ 0x7f7e6ce16b00] IO error: End of file
[https @ 0x7f7e6ce18700] Error reading HTTP response: End of file
[tls @ 0x7f7e6cd2a880] IO error: End of file
[https @ 0x7f7e6cd6cb80] Error reading HTTP response: End of file
[tls @ 0x7f7e6cd8fe80] IO error: End of file
[https @ 0x7f7e6cd3a6c0] Error reading HTTP response: End of file
[tls @ 0x7f7e6ce25e40] IO error: End of file
[https @ 0x7f7e6ce2d3c0] Error reading HTTP response: End of file
[tls @ 0x7f7e6ce2b340] IO error: End of file
[https @ 0x7f7e6ce27cc0] Error reading HTTP response: End of file
[tls @ 0x7f7e6ce25e00] IO error: End of file
[https @ 0x7f7e6ce4db80] Error reading HTTP response: End of file
[2026-04-12T19:59:06.394048] Saved clip /Users/Chen/PycharmProjects/CSCI_6234_Final/recordings/cam223/clips/2026/04/12/cam223_20260412T235833Z.mp4 (3109651 bytes)
[2026-04-12T19:59:06.918474] Starting 60-second capture -> /Users/Chen/PycharmProjects/CSCI_6234_Final/recordings/cam223/clips/2026/04/12/cam223_20260412T235906Z.mp4
[tls @ 0x7fd291405080] IO error: End of file
[https @ 0x7fd291404ac0] Error reading HTTP response: End of file
[tls @ 0x7fd280711fc0] IO error: End of file
[https @ 0x7fd280712600] Error reading HTTP response: End of file
[tls @ 0x7fd2810248c0] IO error: End of file
[https @ 0x7fd28102b540] Error reading HTTP response: End of file
[tls @ 0x7fd281035d40] IO error: End of file
[https @ 0x7fd28105b740] Error reading HTTP response: End of file
[tls @ 0x7fd291320680] IO error: End of file
[https @ 0x7fd291325240] Error reading HTTP response: End of file
[2026-04-12T19:59:50.242292] Saved clip /Users/Chen/PycharmProjects/CSCI_6234_Final/recordings/cam223/clips/2026/04/12/cam223_20260412T235906Z.mp4 (3106664 bytes)
[2026-04-12T19:59:50.758756] Starting 60-second capture -> /Users/Chen/PycharmProjects/CSCI_6234_Final/recordings/cam223/clips/2026/04/12/cam223_20260412T235950Z.mp4
[tls @ 0x7fc57be05580] IO error: End of file
[https @ 0x7fc57be05440] Error reading HTTP response: End of file
[tls @ 0x7fc57be46900] IO error: End of file
[https @ 0x7fc57be42ec0] Error reading HTTP response: End of file
[tls @ 0x7fc57bd0bbc0] IO error: End of file
[https @ 0x7fc57bd087c0] Error reading HTTP response: End of file
[tls @ 0x7fc57be46900] IO error: End of file
[https @ 0x7fc57be42ec0] Error reading HTTP response: End of file
[2026-04-12T20:00:33.548512] Saved clip /Users/Chen/PycharmProjects/CSCI_6234_Final/recordings/cam223/clips/2026/04/12/cam223_20260412T235950Z.mp4 (3107207 bytes)
[2026-04-12T20:00:34.064394] Starting 60-second capture -> /Users/Chen/PycharmProjects/CSCI_6234_Final/recordings/cam223/clips/2026/04/13/cam223_20260413T000034Z.mp4
[tls @ 0x7fb15e906400] IO error: End of file
[https @ 0x7fb15e906240] Error reading HTTP response: End of file
[tls @ 0x7fb15e9289c0] IO error: End of file
[https @ 0x7fb15e92a280] Error reading HTTP response: End of file
[tls @ 0x7fb15ea1ea80] IO error: End of file
[https @ 0x7fb15ea64480] Error reading HTTP response: End of file
[tls @ 0x7fb15e9289c0] IO error: End of file
[https @ 0x7fb15e92a280] Error reading HTTP response: End of file
[2026-04-12T20:01:06.401501] Saved clip /Users/Chen/PycharmProjects/CSCI_6234_Final/recordings/cam223/clips/2026/04/13/cam223_20260413T000034Z.mp4 (3112606 bytes)
[2026-04-12T20:01:06.924989] Starting 60-second capture -> /Users/Chen/PycharmProjects/CSCI_6234_Final/recordings/cam223/clips/2026/04/13/cam223_20260413T000106Z.mp4
[tls @ 0x7fd3a5605c80] IO error: End of file
[https @ 0x7fd3a5605b40] Error reading HTTP response: End of file
[tls @ 0x7fd3a554b800] IO error: End of file
[https @ 0x7fd3a552f140] Error reading HTTP response: End of file
[tls @ 0x7fd3a5623e40] IO error: End of file
[https @ 0x7fd3a5623d00] Error reading HTTP response: End of file
[tls @ 0x7fd3a54444c0] IO error: End of file
[https @ 0x7fd3a5445c40] Error reading HTTP response: End of file
[2026-04-12T20:01:49.412270] Saved clip /Users/Chen/PycharmProjects/CSCI_6234_Final/recordings/cam223/clips/2026/04/13/cam223_20260413T000106Z.mp4 (3112709 bytes)
[2026-04-12T20:01:49.939215] Starting 60-second capture -> /Users/Chen/PycharmProjects/CSCI_6234_Final/recordings/cam223/clips/2026/04/13/cam223_20260413T000149Z.mp4
[tls @ 0x7fd0cd705680] IO error: End of file
[https @ 0x7fd0cd5046c0] Error reading HTTP response: End of file
[tls @ 0x7fd0cd62fd00] IO error: End of file
[https @ 0x7fd0cd62c100] Error reading HTTP response: End of file
[tls @ 0x7fd0cd738780] IO error: End of file
[https @ 0x7fd0cd73b180] Error reading HTTP response: End of file
[tls @ 0x7fd0cd719740] IO error: End of file
[https @ 0x7fd0cd71d0c0] Error reading HTTP response: End of file
[tls @ 0x7fd0cd52d780] IO error: End of file
[https @ 0x7fd0cd539540] Error reading HTTP response: End of file
[tls @ 0x7fd0cd613600] IO error: End of file
[https @ 0x7fd0cd630e00] Error reading HTTP response: End of file
[tls @ 0x7fd0cd539540] IO error: End of file
[https @ 0x7fd0cd535440] Error reading HTTP response: End of file
[tls @ 0x7fd0cd70de00] IO error: End of file
[https @ 0x7fd0cd70e4c0] Error reading HTTP response: End of file
[2026-04-12T20:02:32.169048] Saved clip /Users/Chen/PycharmProjects/CSCI_6234_Final/recordings/cam223/clips/2026/04/13/cam223_20260413T000149Z.mp4 (3110210 bytes)
[2026-04-12T20:02:32.704804] Starting 60-second capture -> /Users/Chen/PycharmProjects/CSCI_6234_Final/recordings/cam223/clips/2026/04/13/cam223_20260413T000232Z.mp4
[tls @ 0x7fb713c05700] IO error: End of file
[https @ 0x7fb713c055c0] Error reading HTTP response: End of file
[tls @ 0x7fb713b94fc0] IO error: End of file
[https @ 0x7fb713b913c0] Error reading HTTP response: End of file
[tls @ 0x7fb713c11d80] IO error: End of file
[https @ 0x7fb713c11cc0] Error reading HTTP response: End of file
[tls @ 0x7fb70383e1c0] IO error: End of file
[https @ 0x7fb703810940] Error reading HTTP response: End of file
[tls @ 0x7fb70383e1c0] IO error: End of file
[https @ 0x7fb703863f80] Error reading HTTP response: End of file
[2026-04-12T20:03:15.520014] Saved clip /Users/Chen/PycharmProjects/CSCI_6234_Final/recordings/cam223/clips/2026/04/13/cam223_20260413T000232Z.mp4 (3107522 bytes)
[2026-04-12T20:03:16.045607] Starting 60-second capture -> /Users/Chen/PycharmProjects/CSCI_6234_Final/recordings/cam223/clips/2026/04/13/cam223_20260413T000316Z.mp4
[tls @ 0x7fccf3c05940] IO error: End of file
[https @ 0x7fccf3c05400] Error reading HTTP response: End of file
[tls @ 0x7fccf3b3ff00] IO error: End of file
[https @ 0x7fccf3b320c0] Error reading HTTP response: End of file
[tls @ 0x7fccf3b1bf40] IO error: End of file
[https @ 0x7fccf3b15540] Error reading HTTP response: End of file
[tls @ 0x7fccf3b3ff00] IO error: End of file
[https @ 0x7fccf3b39500] Error reading HTTP response: End of file
[tls @ 0x7fccf3c46500] IO error: End of file
[https @ 0x7fccf3c12dc0] Error reading HTTP response: End of file
[tls @ 0x7fccf3b5ca00] IO error: End of file
[https @ 0x7fccf3b29200] Error reading HTTP response: End of file
[tls @ 0x7fccf3c461c0] IO error: End of file
[https @ 0x7fccf3c41140] Error reading HTTP response: End of file
[2026-04-12T20:03:58.769376] Saved clip /Users/Chen/PycharmProjects/CSCI_6234_Final/recordings/cam223/clips/2026/04/13/cam223_20260413T000316Z.mp4 (3106926 bytes)
[2026-04-12T20:03:59.295403] Starting 60-second capture -> /Users/Chen/PycharmProjects/CSCI_6234_Final/recordings/cam223/clips/2026/04/13/cam223_20260413T000359Z.mp4
[tls @ 0x7fc8f4f05100] IO error: End of file
[https @ 0x7fc8f4f04b80] Error reading HTTP response: End of file
[tls @ 0x7fc90591fec0] IO error: End of file
[https @ 0x7fc9059323c0] Error reading HTTP response: End of file
[tls @ 0x7fc9059184c0] IO error: End of file
[https @ 0x7fc905919fc0] Error reading HTTP response: End of file
[tls @ 0x7fc8f4f36e40] IO error: End of file
[https @ 0x7fc8f4f37300] Error reading HTTP response: End of file
[tls @ 0x7fc8f606de00] IO error: End of file
[https @ 0x7fc8f606b380] Error reading HTTP response: End of file
[tls @ 0x7fc90591cb00] IO error: End of file
[https @ 0x7fc9059323c0] Error reading HTTP response: End of file
[tls @ 0x7fc8f4f36e40] IO error: End of file
[https @ 0x7fc8f4f37300] Error reading HTTP response: End of file
[2026-04-12T20:04:42.238082] Saved clip /Users/Chen/PycharmProjects/CSCI_6234_Final/recordings/cam223/clips/2026/04/13/cam223_20260413T000359Z.mp4 (3110184 bytes)
[2026-04-12T20:04:42.769183] Starting 60-second capture -> /Users/Chen/PycharmProjects/CSCI_6234_Final/recordings/cam223/clips/2026/04/13/cam223_20260413T000442Z.mp4
[tls @ 0x7fe2b22047c0] IO error: End of file
[https @ 0x7fe2b2204240] Error reading HTTP response: End of file
[tls @ 0x7fe2a171eec0] IO error: End of file
[https @ 0x7fe2a1719680] Error reading HTTP response: End of file
[tls @ 0x7fe2b21052c0] IO error: End of file
[https @ 0x7fe2b2105180] Error reading HTTP response: End of file
[tls @ 0x7fe2b2346040] IO error: End of file
[https @ 0x7fe2b2358640] Error reading HTTP response: End of file
[tls @ 0x7fe2b22483c0] IO error: End of file
[https @ 0x7fe2b2248300] Error reading HTTP response: End of file
[tls @ 0x7fe2b23176c0] IO error: End of file
[https @ 0x7fe2b230fc40] Error reading HTTP response: End of file
[tls @ 0x7fe2b220b080] IO error: End of file
[https @ 0x7fe2b22483c0] Error reading HTTP response: End of file
[2026-04-12T20:05:25.515302] Saved clip /Users/Chen/PycharmProjects/CSCI_6234_Final/recordings/cam223/clips/2026/04/13/cam223_20260413T000442Z.mp4 (3108209 bytes)
[2026-04-12T20:05:26.032396] Starting 60-second capture -> /Users/Chen/PycharmProjects/CSCI_6234_Final/recordings/cam223/clips/2026/04/13/cam223_20260413T000526Z.mp4
[tls @ 0x7fb1c0108240] IO error: End of file
[https @ 0x7fb1c0107cc0] Error reading HTTP response: End of file
[tls @ 0x7fb1c012b340] IO error: End of file
[https @ 0x7fb1c0119a40] Error reading HTTP response: End of file
[tls @ 0x7fb1af742340] IO error: End of file
[https @ 0x7fb1af704940] Error reading HTTP response: End of file
[tls @ 0x7fb1af77a640] IO error: End of file
[https @ 0x7fb1af793140] Error reading HTTP response: End of file
[tls @ 0x7fb1b8830980] IO error: End of file
[https @ 0x7fb1b8833540] Error reading HTTP response: End of file
[tls @ 0x7fb1b895fc40] IO error: End of file
[https @ 0x7fb1b89678c0] Error reading HTTP response: End of file
[tls @ 0x7fb1b8978640] IO error: End of file
[https @ 0x7fb1b897b6c0] Error reading HTTP response: End of file
[2026-04-12T20:06:10.059011] Saved clip /Users/Chen/PycharmProjects/CSCI_6234_Final/recordings/cam223/clips/2026/04/13/cam223_20260413T000526Z.mp4 (3109013 bytes)
[2026-04-12T20:06:10.582742] Starting 60-second capture -> /Users/Chen/PycharmProjects/CSCI_6234_Final/recordings/cam223/clips/2026/04/13/cam223_20260413T000610Z.mp4
[tls @ 0x7fd373a06280] IO error: End of file
[https @ 0x7fd373a06140] Error reading HTTP response: End of file
[tls @ 0x7fd373b34940] IO error: End of file
[https @ 0x7fd373b5b900] Error reading HTTP response: End of file
[tls @ 0x7fd373a20040] IO error: End of file
[https @ 0x7fd373a4b040] Error reading HTTP response: End of file
[tls @ 0x7fd362f0a100] IO error: End of file
[https @ 0x7fd373a10d00] Error reading HTTP response: End of file
[tls @ 0x7fd373b23200] IO error: End of file
[https @ 0x7fd373b5b900] Error reading HTTP response: End of file
[tls @ 0x7fd373a46e40] IO error: End of file
[https @ 0x7fd373a415c0] Error reading HTTP response: End of file
[2026-04-12T20:06:54.122944] Saved clip /Users/Chen/PycharmProjects/CSCI_6234_Final/recordings/cam223/clips/2026/04/13/cam223_20260413T000610Z.mp4 (3110034 bytes)
[2026-04-12T20:06:54.650687] Starting 60-second capture -> /Users/Chen/PycharmProjects/CSCI_6234_Final/recordings/cam223/clips/2026/04/13/cam223_20260413T000654Z.mp4
[tls @ 0x7faf39504740] IO error: End of file
[https @ 0x7faf39504600] Error reading HTTP response: End of file
[tls @ 0x7faf39522e80] IO error: End of file
[https @ 0x7faf39523040] Error reading HTTP response: End of file
[tls @ 0x7faf3940c640] IO error: End of file
[https @ 0x7faf3941ecc0] Error reading HTTP response: End of file
[tls @ 0x7faf39204780] IO error: End of file
[https @ 0x7faf392046c0] Error reading HTTP response: End of file
[tls @ 0x7faf08704540] IO error: End of file
[https @ 0x7faf08704480] Error reading HTTP response: End of file
[tls @ 0x7faf396407c0] IO error: End of file
[https @ 0x7faf39699800] Error reading HTTP response: End of file
[tls @ 0x7faf3966ee80] IO error: End of file
[https @ 0x7faf39434580] Error reading HTTP response: End of file
[2026-04-12T20:07:37.390382] Saved clip /Users/Chen/PycharmProjects/CSCI_6234_Final/recordings/cam223/clips/2026/04/13/cam223_20260413T000654Z.mp4 (3109588 bytes)
[2026-04-12T20:07:37.908573] Starting 60-second capture -> /Users/Chen/PycharmProjects/CSCI_6234_Final/recordings/cam223/clips/2026/04/13/cam223_20260413T000737Z.mp4
[tls @ 0x7f7aa4f04140] IO error: End of file
[https @ 0x7f7ab5c05b40] Error reading HTTP response: End of file
[tls @ 0x7f7ab5c3b580] IO error: End of file
[https @ 0x7f7ab5c66880] Error reading HTTP response: End of file
[tls @ 0x7f7aa4f18900] IO error: End of file
[https @ 0x7f7aa4f10d00] Error reading HTTP response: End of file
[tls @ 0x7f7aa4f0fcc0] IO error: End of file
[https @ 0x7f7aa4f066c0] Error reading HTTP response: End of file
[tls @ 0x7f7ab5a511c0] IO error: End of file
[https @ 0x7f7ab5a5a8c0] Error reading HTTP response: End of file
[tls @ 0x7f7ab5a082c0] IO error: End of file
[https @ 0x7f7ab5b4b100] Error reading HTTP response: End of file
[2026-04-12T20:08:21.162021] Saved clip /Users/Chen/PycharmProjects/CSCI_6234_Final/recordings/cam223/clips/2026/04/13/cam223_20260413T000737Z.mp4 (3114679 bytes)
[2026-04-12T20:08:21.686161] Starting 60-second capture -> /Users/Chen/PycharmProjects/CSCI_6234_Final/recordings/cam223/clips/2026/04/13/cam223_20260413T000821Z.mp4
[tls @ 0x7fd655404b00] IO error: End of file
[https @ 0x7fd6554049c0] Error reading HTTP response: End of file
[tls @ 0x7fd655227e00] IO error: End of file
[https @ 0x7fd65521ed80] Error reading HTTP response: End of file
[tls @ 0x7fd65523fa80] IO error: End of file
[https @ 0x7fd655243440] Error reading HTTP response: End of file
[tls @ 0x7fd6552258c0] IO error: End of file
[https @ 0x7fd65522a5c0] Error reading HTTP response: End of file
[tls @ 0x7fd65541c180] IO error: End of file
[https @ 0x7fd65544b200] Error reading HTTP response: End of file
[tls @ 0x7fd65522bcc0] IO error: End of file
[https @ 0x7fd65521e780] Error reading HTTP response: End of file
[tls @ 0x7fd65541ac80] IO error: End of file
[https @ 0x7fd655240e00] Error reading HTTP response: End of file
[tls @ 0x7fd63470c800] IO error: End of file
[https @ 0x7fd634720b00] Error reading HTTP response: End of file
[2026-04-12T20:09:04.406834] Saved clip /Users/Chen/PycharmProjects/CSCI_6234_Final/recordings/cam223/clips/2026/04/13/cam223_20260413T000821Z.mp4 (3114692 bytes)
[2026-04-12T20:09:04.934178] Starting 60-second capture -> /Users/Chen/PycharmProjects/CSCI_6234_Final/recordings/cam223/clips/2026/04/13/cam223_20260413T000904Z.mp4
[tls @ 0x7fc6cc305c80] IO error: End of file
[https @ 0x7fc6cc305bc0] Error reading HTTP response: End of file
[tls @ 0x7fc6cc211f80] IO error: End of file
[https @ 0x7fc6cc211ec0] Error reading HTTP response: End of file
[tls @ 0x7fc6cc324880] IO error: End of file
[https @ 0x7fc6cc350bc0] Error reading HTTP response: End of file
[tls @ 0x7fc69b704540] IO error: End of file
[https @ 0x7fc69b704480] Error reading HTTP response: End of file
[tls @ 0x7fc6cc240180] IO error: End of file
[https @ 0x7fc6cc204200] Error reading HTTP response: End of file
[tls @ 0x7fc6cc34b8c0] IO error: End of file
[https @ 0x7fc6cc3129c0] Error reading HTTP response: End of file
[tls @ 0x7fc6cc3487c0] IO error: End of file
[https @ 0x7fc6cc350bc0] Error reading HTTP response: End of file
[2026-04-12T20:09:47.029359] Saved clip /Users/Chen/PycharmProjects/CSCI_6234_Final/recordings/cam223/clips/2026/04/13/cam223_20260413T000904Z.mp4 (3105436 bytes)
[2026-04-12T20:09:47.555405] Starting 60-second capture -> /Users/Chen/PycharmProjects/CSCI_6234_Final/recordings/cam223/clips/2026/04/13/cam223_20260413T000947Z.mp4
[tls @ 0x7fda79804500] IO error: End of file
[https @ 0x7fda79804400] Error reading HTTP response: End of file
[tls @ 0x7fda79824840] IO error: End of file
[https @ 0x7fda78f1b040] Error reading HTTP response: End of file
[tls @ 0x7fda78f0c4c0] IO error: End of file
[https @ 0x7fda78f0c400] Error reading HTTP response: End of file
[tls @ 0x7fda78f24380] IO error: End of file
[https @ 0x7fda78f1a540] Error reading HTTP response: End of file
[tls @ 0x7fda79941900] IO error: End of file
[https @ 0x7fda7993b5c0] Error reading HTTP response: End of file
[tls @ 0x7fda8996d6c0] IO error: End of file
[https @ 0x7fda89975180] Error reading HTTP response: End of file
[tls @ 0x7fda899758c0] IO error: End of file
[https @ 0x7fda89927600] Error reading HTTP response: End of file
[2026-04-12T20:10:30.109874] Saved clip /Users/Chen/PycharmProjects/CSCI_6234_Final/recordings/cam223/clips/2026/04/13/cam223_20260413T000947Z.mp4 (3111449 bytes)
[2026-04-12T20:10:30.636123] Starting 60-second capture -> /Users/Chen/PycharmProjects/CSCI_6234_Final/recordings/cam223/clips/2026/04/13/cam223_20260413T001030Z.mp4
[tls @ 0x7f8c81204540] IO error: End of file
[https @ 0x7f8c81204400] Error reading HTTP response: End of file
[tls @ 0x7f8c811255c0] IO error: End of file
[https @ 0x7f8c8112c740] Error reading HTTP response: End of file
[tls @ 0x7f8c8122f900] IO error: End of file
[https @ 0x7f8c81236fc0] Error reading HTTP response: End of file
[tls @ 0x7f8c811255c0] IO error: End of file
[https @ 0x7f8c8111ec00] Error reading HTTP response: End of file
[tls @ 0x7f8c807090c0] IO error: End of file
[https @ 0x7f8c80709000] Error reading HTTP response: End of file
[tls @ 0x7f8c8126fbc0] IO error: End of file
[https @ 0x7f8c8126dfc0] Error reading HTTP response: End of file
[tls @ 0x7f8c8123fb00] IO error: End of file
[https @ 0x7f8c81261780] Error reading HTTP response: End of file
[2026-04-12T20:11:12.963355] Saved clip /Users/Chen/PycharmProjects/CSCI_6234_Final/recordings/cam223/clips/2026/04/13/cam223_20260413T001030Z.mp4 (3108667 bytes)
[2026-04-12T20:11:13.483665] Starting 60-second capture -> /Users/Chen/PycharmProjects/CSCI_6234_Final/recordings/cam223/clips/2026/04/13/cam223_20260413T001113Z.mp4
[tls @ 0x7fd795305080] IO error: End of file
[https @ 0x7fd795304f40] Error reading HTTP response: End of file
[tls @ 0x7fd7953229c0] IO error: End of file
[https @ 0x7fd79532aa80] Error reading HTTP response: End of file
[tls @ 0x7fd79535a680] IO error: End of file
[https @ 0x7fd795359700] Error reading HTTP response: End of file
[tls @ 0x7fd7952461c0] IO error: End of file
[https @ 0x7fd795339500] Error reading HTTP response: End of file
[tls @ 0x7fd78471fc80] IO error: End of file
[https @ 0x7fd78471e480] Error reading HTTP response: End of file
[tls @ 0x7fd7952461c0] IO error: End of file
[https @ 0x7fd795206540] Error reading HTTP response: End of file
[tls @ 0x7fd79521dd40] IO error: End of file
[https @ 0x7fd795225000] Error reading HTTP response: End of file
[tls @ 0x7fd78506bf00] IO error: End of file
[https @ 0x7fd78506e240] Error reading HTTP response: End of file
[tls @ 0x7fd785016dc0] IO error: End of file
[https @ 0x7fd785010040] Error reading HTTP response: End of file
[2026-04-12T20:11:55.780824] Saved clip /Users/Chen/PycharmProjects/CSCI_6234_Final/recordings/cam223/clips/2026/04/13/cam223_20260413T001113Z.mp4 (3107940 bytes)
[2026-04-12T20:11:56.303443] Starting 60-second capture -> /Users/Chen/PycharmProjects/CSCI_6234_Final/recordings/cam223/clips/2026/04/13/cam223_20260413T001156Z.mp4
[tls @ 0x7f8fd62056c0] IO error: End of file
[https @ 0x7f8fd6205040] Error reading HTTP response: End of file
[tls @ 0x7f8fc575d640] IO error: End of file
[https @ 0x7f8fc5752880] Error reading HTTP response: End of file
[tls @ 0x7f8fd610b880] IO error: End of file
[https @ 0x7f8fd61126c0] Error reading HTTP response: End of file
[tls @ 0x7f8fd63250c0] IO error: End of file
[https @ 0x7f8fc574cec0] Error reading HTTP response: End of file
[tls @ 0x7f8fd6244700] IO error: End of file
[https @ 0x7f8fd6248200] Error reading HTTP response: End of file
[tls @ 0x7f8fd63250c0] IO error: End of file
[https @ 0x7f8fd632f000] Error reading HTTP response: End of file
[tls @ 0x7f8fd6352f80] IO error: End of file
[https @ 0x7f8fd63583c0] Error reading HTTP response: End of file
[2026-04-12T20:12:38.545752] Saved clip /Users/Chen/PycharmProjects/CSCI_6234_Final/recordings/cam223/clips/2026/04/13/cam223_20260413T001156Z.mp4 (3115497 bytes)
[2026-04-12T20:12:39.070615] Starting 60-second capture -> /Users/Chen/PycharmProjects/CSCI_6234_Final/recordings/cam223/clips/2026/04/13/cam223_20260413T001239Z.mp4
[tls @ 0x7f9257804680] IO error: End of file
[https @ 0x7f9257804540] Error reading HTTP response: End of file
[tls @ 0x7f9267719a80] IO error: End of file
[https @ 0x7f9267720940] Error reading HTTP response: End of file
[tls @ 0x7f9270035600] IO error: End of file
[https @ 0x7f9270027440] Error reading HTTP response: End of file
[tls @ 0x7f9278104ac0] IO error: End of file
[https @ 0x7f9278104a00] Error reading HTTP response: End of file
[tls @ 0x7f9270035600] IO error: End of file
[https @ 0x7f9270043d00] Error reading HTTP response: End of file
[tls @ 0x7f92578068c0] IO error: End of file
[https @ 0x7f9257813600] Error reading HTTP response: End of file
[tls @ 0x7f9270035600] IO error: End of file
[https @ 0x7f9270075900] Error reading HTTP response: End of file
[tls @ 0x7f925772b200] IO error: End of file
[https @ 0x7f92577062c0] Error reading HTTP response: End of file
[2026-04-12T20:13:21.739868] Saved clip /Users/Chen/PycharmProjects/CSCI_6234_Final/recordings/cam223/clips/2026/04/13/cam223_20260413T001239Z.mp4 (3113939 bytes)
[2026-04-12T20:13:22.264216] Starting 60-second capture -> /Users/Chen/PycharmProjects/CSCI_6234_Final/recordings/cam223/clips/2026/04/13/cam223_20260413T001322Z.mp4
[tls @ 0x7faef6904380] IO error: End of file
[https @ 0x7faef6904240] Error reading HTTP response: End of file
[tls @ 0x7faef6a22900] IO error: End of file
[https @ 0x7faef6a25140] Error reading HTTP response: End of file
[tls @ 0x7faef6826840] IO error: End of file
[https @ 0x7faef68318c0] Error reading HTTP response: End of file
[tls @ 0x7faef6954280] IO error: End of file
[https @ 0x7faef690ebc0] Error reading HTTP response: End of file
[tls @ 0x7faef6a3b080] IO error: End of file
[https @ 0x7faef6857c80] Error reading HTTP response: End of file
[tls @ 0x7faef680bf80] IO error: End of file
[https @ 0x7faef6806800] Error reading HTTP response: End of file
[tls @ 0x7faef5f33800] IO error: End of file
[https @ 0x7faef5f17740] Error reading HTTP response: End of file
[tls @ 0x7faef5f5d380] IO error: End of file
[https @ 0x7faef5f5ac80] Error reading HTTP response: End of file
[2026-04-12T20:14:04.526910] Saved clip /Users/Chen/PycharmProjects/CSCI_6234_Final/recordings/cam223/clips/2026/04/13/cam223_20260413T001322Z.mp4 (3114404 bytes)
[2026-04-12T20:14:05.053378] Starting 60-second capture -> /Users/Chen/PycharmProjects/CSCI_6234_Final/recordings/cam223/clips/2026/04/13/cam223_20260413T001405Z.mp4
[tls @ 0x7fcb47704a00] IO error: End of file
[https @ 0x7fcb47704480] Error reading HTTP response: End of file
[tls @ 0x7fcb57728e00] IO error: End of file
[https @ 0x7fcb5770b880] Error reading HTTP response: End of file
[tls @ 0x7fcb47712880] IO error: End of file
[https @ 0x7fcb47712240] Error reading HTTP response: End of file
[tls @ 0x7fcb500245c0] IO error: End of file
[https @ 0x7fcb50029040] Error reading HTTP response: End of file
[tls @ 0x7fcb57706cc0] IO error: End of file
[https @ 0x7fcb5773cc80] Error reading HTTP response: End of file
[tls @ 0x7fcb57736600] IO error: End of file
[https @ 0x7fcb5770cb80] Error reading HTTP response: End of file
[tls @ 0x7fcb5003ca00] IO error: End of file
[https @ 0x7fcb47706e80] Error reading HTTP response: End of file
[2026-04-12T20:14:47.546965] Saved clip /Users/Chen/PycharmProjects/CSCI_6234_Final/recordings/cam223/clips/2026/04/13/cam223_20260413T001405Z.mp4 (3105889 bytes)
[2026-04-12T20:14:48.073605] Starting 60-second capture -> /Users/Chen/PycharmProjects/CSCI_6234_Final/recordings/cam223/clips/2026/04/13/cam223_20260413T001448Z.mp4
[tls @ 0x7f7f95b04680] IO error: End of file
[https @ 0x7f7f95b04540] Error reading HTTP response: End of file
[tls @ 0x7f7f95b46240] IO error: End of file
[https @ 0x7f7f95b3b640] Error reading HTTP response: End of file
[tls @ 0x7f7f95c0e8c0] IO error: End of file
[https @ 0x7f7f95c0e800] Error reading HTTP response: End of file
[tls @ 0x7f7f95c2b740] IO error: End of file
[https @ 0x7f7f95c63640] Error reading HTTP response: End of file
[tls @ 0x7f7f95b54b00] IO error: End of file
[https @ 0x7f7f95b3b640] Error reading HTTP response: End of file
[tls @ 0x7f7f95c4d740] IO error: End of file
[https @ 0x7f7f95c29d40] Error reading HTTP response: End of file
[tls @ 0x7f7f95a0db00] IO error: End of file
[https @ 0x7f7f95a55540] Error reading HTTP response: End of file
[2026-04-12T20:15:30.303598] Saved clip /Users/Chen/PycharmProjects/CSCI_6234_Final/recordings/cam223/clips/2026/04/13/cam223_20260413T001448Z.mp4 (3103792 bytes)
[2026-04-12T20:15:30.827321] Starting 60-second capture -> /Users/Chen/PycharmProjects/CSCI_6234_Final/recordings/cam223/clips/2026/04/13/cam223_20260413T001530Z.mp4
[tls @ 0x7fb9f3a04680] IO error: End of file
[https @ 0x7fb9f3a04580] Error reading HTTP response: End of file
[tls @ 0x7fb9e3816300] IO error: End of file
[https @ 0x7fb9e3813c00] Error reading HTTP response: End of file
[tls @ 0x7fb9e3863440] IO error: End of file
[https @ 0x7fb9e3875680] Error reading HTTP response: End of file
[tls @ 0x7fb9f3b2da80] IO error: End of file
[https @ 0x7fb9f3b24400] Error reading HTTP response: End of file
[tls @ 0x7fb9e2f24300] IO error: End of file
[https @ 0x7fb9e2f22240] Error reading HTTP response: End of file
[tls @ 0x7fb9f3b2a200] IO error: End of file
[https @ 0x7fb9f3b141c0] Error reading HTTP response: End of file
[tls @ 0x7fb9e2f151c0] IO error: End of file
[https @ 0x7fb9e2f23c40] Error reading HTTP response: End of file
[tls @ 0x7fb9f3b46bc0] IO error: End of file
[https @ 0x7fb9f3b47280] Error reading HTTP response: End of file
[2026-04-12T20:16:12.932578] Saved clip /Users/Chen/PycharmProjects/CSCI_6234_Final/recordings/cam223/clips/2026/04/13/cam223_20260413T001530Z.mp4 (3112500 bytes)
[2026-04-12T20:16:13.446033] Starting 60-second capture -> /Users/Chen/PycharmProjects/CSCI_6234_Final/recordings/cam223/clips/2026/04/13/cam223_20260413T001613Z.mp4
[tls @ 0x7fc32f704400] IO error: End of file
[https @ 0x7fc32f704300] Error reading HTTP response: End of file
[tls @ 0x7fc32f70d540] IO error: End of file
[https @ 0x7fc32f710940] Error reading HTTP response: End of file
[tls @ 0x7fc338056c40] IO error: End of file
[https @ 0x7fc33804d080] Error reading HTTP response: End of file
[tls @ 0x7fc338026a40] IO error: End of file
[https @ 0x7fc338021b80] Error reading HTTP response: End of file
[tls @ 0x7fc31f719b00] IO error: End of file
[https @ 0x7fc31f738780] Error reading HTTP response: End of file
[tls @ 0x7fc33f707380] IO error: End of file
[https @ 0x7fc33f7072c0] Error reading HTTP response: End of file
[tls @ 0x7fc33801dc00] IO error: End of file
[https @ 0x7fc338047dc0] Error reading HTTP response: End of file
[2026-04-12T20:16:46.033425] Saved clip /Users/Chen/PycharmProjects/CSCI_6234_Final/recordings/cam223/clips/2026/04/13/cam223_20260413T001613Z.mp4 (3106415 bytes)
[2026-04-12T20:16:46.558514] Starting 60-second capture -> /Users/Chen/PycharmProjects/CSCI_6234_Final/recordings/cam223/clips/2026/04/13/cam223_20260413T001646Z.mp4
[tls @ 0x7f7c78804500] IO error: End of file
[https @ 0x7f7c788043c0] Error reading HTTP response: End of file
[tls @ 0x7f7c7880e8c0] IO error: End of file
[https @ 0x7f7c7880e800] Error reading HTTP response: End of file
[tls @ 0x7f7c78a6b000] IO error: End of file
[https @ 0x7f7c78a39080] Error reading HTTP response: End of file
[tls @ 0x7f7c78912bc0] IO error: End of file
[https @ 0x7f7c78923cc0] Error reading HTTP response: End of file
[tls @ 0x7f7c78842e80] IO error: End of file
[https @ 0x7f7c7881a700] Error reading HTTP response: End of file
[tls @ 0x7f7c78a6b000] IO error: End of file
[https @ 0x7f7c78a19d00] Error reading HTTP response: End of file
[tls @ 0x7f7c6ff24a00] IO error: End of file
[https @ 0x7f7c6ff375c0] Error reading HTTP response: End of file
[tls @ 0x7f7c6ff361c0] IO error: End of file
[https @ 0x7f7c6ff09840] Error reading HTTP response: End of file
[2026-04-12T20:17:29.293847] Saved clip /Users/Chen/PycharmProjects/CSCI_6234_Final/recordings/cam223/clips/2026/04/13/cam223_20260413T001646Z.mp4 (3110491 bytes)
[2026-04-12T20:17:29.816163] Starting 60-second capture -> /Users/Chen/PycharmProjects/CSCI_6234_Final/recordings/cam223/clips/2026/04/13/cam223_20260413T001729Z.mp4
[tls @ 0x7fa862004500] IO error: End of file
[https @ 0x7fa862004400] Error reading HTTP response: End of file
[tls @ 0x7fa862004e80] IO error: End of file
[https @ 0x7fa862004dc0] Error reading HTTP response: End of file
[tls @ 0x7fa8620382c0] IO error: End of file
[https @ 0x7fa862010100] Error reading HTTP response: End of file
[tls @ 0x7fa872b1aac0] IO error: End of file
[https @ 0x7fa872b15980] Error reading HTTP response: End of file
[tls @ 0x7fa8620382c0] IO error: End of file
[https @ 0x7fa862055c40] Error reading HTTP response: End of file
[tls @ 0x7fa862048c80] IO error: End of file
[https @ 0x7fa8620485c0] Error reading HTTP response: End of file
[tls @ 0x7fa872b20b00] IO error: End of file
[https @ 0x7fa872b5c980] Error reading HTTP response: End of file
[tls @ 0x7fa872b327c0] IO error: End of file
[https @ 0x7fa872b66240] Error reading HTTP response: End of file
[2026-04-12T20:18:12.336738] Saved clip /Users/Chen/PycharmProjects/CSCI_6234_Final/recordings/cam223/clips/2026/04/13/cam223_20260413T001729Z.mp4 (3109072 bytes)
[2026-04-12T20:18:12.862281] Starting 60-second capture -> /Users/Chen/PycharmProjects/CSCI_6234_Final/recordings/cam223/clips/2026/04/13/cam223_20260413T001812Z.mp4
[tls @ 0x7f7fb4c04380] IO error: End of file
[https @ 0x7f7fb4c04240] Error reading HTTP response: End of file
[tls @ 0x7f7fb4d067c0] IO error: End of file
[https @ 0x7f7fb4d066c0] Error reading HTTP response: End of file
[tls @ 0x7f7fb4b5c3c0] IO error: End of file
[https @ 0x7f7fb4b63180] Error reading HTTP response: End of file
[tls @ 0x7f7fb4e09640] IO error: End of file
[https @ 0x7f7fb4e04c00] Error reading HTTP response: End of file
[tls @ 0x7f7fb4c19c00] IO error: End of file
[https @ 0x7f7fb4c49e40] Error reading HTTP response: End of file
[tls @ 0x7f7fb4b40dc0] IO error: End of file
[https @ 0x7f7fb4b19b00] Error reading HTTP response: End of file
[tls @ 0x7f7fb4c2d580] IO error: End of file
[https @ 0x7f7fb4c10500] Error reading HTTP response: End of file
[tls @ 0x7f7fb4e50b40] IO error: End of file
[https @ 0x7f7fb4d64040] Error reading HTTP response: End of file
[tls @ 0x7f7fb4b4d380] IO error: End of file
[https @ 0x7f7fb4b4ce00] Error reading HTTP response: End of file
[2026-04-12T20:18:55.912470] Saved clip /Users/Chen/PycharmProjects/CSCI_6234_Final/recordings/cam223/clips/2026/04/13/cam223_20260413T001812Z.mp4 (3108729 bytes)
[2026-04-12T20:18:56.435947] Starting 60-second capture -> /Users/Chen/PycharmProjects/CSCI_6234_Final/recordings/cam223/clips/2026/04/13/cam223_20260413T001856Z.mp4
[tls @ 0x7fe006304500] IO error: End of file
[https @ 0x7fe0063043c0] Error reading HTTP response: End of file
[tls @ 0x7fe00656ef40] IO error: End of file
[https @ 0x7fe006556880] Error reading HTTP response: End of file
[tls @ 0x7fe006317fc0] IO error: End of file
[https @ 0x7fe006317f00] Error reading HTTP response: End of file
[tls @ 0x7fe006421d40] IO error: End of file
[https @ 0x7fe006423600] Error reading HTTP response: End of file
[tls @ 0x7fe006219b80] IO error: End of file
[https @ 0x7fe006263780] Error reading HTTP response: End of file
[2026-04-12T20:19:39.075045] Saved clip /Users/Chen/PycharmProjects/CSCI_6234_Final/recordings/cam223/clips/2026/04/13/cam223_20260413T001856Z.mp4 (3112011 bytes)
[2026-04-12T20:19:39.603407] Starting 60-second capture -> /Users/Chen/PycharmProjects/CSCI_6234_Final/recordings/cam223/clips/2026/04/13/cam223_20260413T001939Z.mp4
[tls @ 0x7fc6fe104a40] IO error: End of file
[https @ 0x7fc6fe205f80] Error reading HTTP response: End of file
[tls @ 0x7fc6ed7473c0] IO error: End of file
[https @ 0x7fc6ed747500] Error reading HTTP response: End of file
[tls @ 0x7fc6ed7101c0] IO error: End of file
[https @ 0x7fc6ed719900] Error reading HTTP response: End of file
[tls @ 0x7fc6ed7473c0] IO error: End of file
[https @ 0x7fc6ed747e00] Error reading HTTP response: End of file
[tls @ 0x7fc6ed7473c0] IO error: End of file
[https @ 0x7fc6ed743680] Error reading HTTP response: End of file
[tls @ 0x7fc6ed719900] IO error: End of file
[https @ 0x7fc6ed710180] Error reading HTTP response: End of file
[2026-04-12T20:20:23.090536] Saved clip /Users/Chen/PycharmProjects/CSCI_6234_Final/recordings/cam223/clips/2026/04/13/cam223_20260413T001939Z.mp4 (3111924 bytes)
[2026-04-12T20:20:23.616557] Starting 60-second capture -> /Users/Chen/PycharmProjects/CSCI_6234_Final/recordings/cam223/clips/2026/04/13/cam223_20260413T002023Z.mp4
[tls @ 0x7ff51f004500] IO error: End of file
[https @ 0x7ff51f0043c0] Error reading HTTP response: End of file
[tls @ 0x7ff51e70b000] IO error: End of file
[https @ 0x7ff51e715b40] Error reading HTTP response: End of file
[tls @ 0x7ff51e724dc0] IO error: End of file
[https @ 0x7ff51e728180] Error reading HTTP response: End of file
[tls @ 0x7ff51f166a00] IO error: End of file
[https @ 0x7ff51f108500] Error reading HTTP response: End of file
[tls @ 0x7ff51f16d140] IO error: End of file
[https @ 0x7ff51f10b640] Error reading HTTP response: End of file
[tls @ 0x7ff51f069240] IO error: End of file
[https @ 0x7ff51f078100] Error reading HTTP response: End of file
[tls @ 0x7ff51f11eb80] IO error: End of file
[https @ 0x7ff51f14dd00] Error reading HTTP response: End of file
[2026-04-12T20:20:56.113275] Saved clip /Users/Chen/PycharmProjects/CSCI_6234_Final/recordings/cam223/clips/2026/04/13/cam223_20260413T002023Z.mp4 (3110648 bytes)
[2026-04-12T20:20:56.630603] Starting 60-second capture -> /Users/Chen/PycharmProjects/CSCI_6234_Final/recordings/cam223/clips/2026/04/13/cam223_20260413T002056Z.mp4
[tls @ 0x7f9bb5f05080] IO error: End of file
[https @ 0x7f9bb5f04b40] Error reading HTTP response: End of file
[tls @ 0x7f9bc6a23c00] IO error: End of file
[https @ 0x7f9bc6a35580] Error reading HTTP response: End of file
[tls @ 0x7f9bc6a0abc0] IO error: End of file
[https @ 0x7f9bc6a0da00] Error reading HTTP response: End of file
[tls @ 0x7f9bb70327c0] IO error: End of file
[https @ 0x7f9bc6a35c80] Error reading HTTP response: End of file
[tls @ 0x7f9bc6a0ab80] IO error: End of file
[https @ 0x7f9bc6a3bec0] Error reading HTTP response: End of file
[tls @ 0x7f9b95f04200] IO error: End of file
[https @ 0x7f9b95f04140] Error reading HTTP response: End of file
[tls @ 0x7f9bc6b37f80] IO error: End of file
[https @ 0x7f9bc6b384c0] Error reading HTTP response: End of file
[2026-04-12T20:21:39.278617] Saved clip /Users/Chen/PycharmProjects/CSCI_6234_Final/recordings/cam223/clips/2026/04/13/cam223_20260413T002056Z.mp4 (3106593 bytes)
[2026-04-12T20:21:39.794897] Starting 60-second capture -> /Users/Chen/PycharmProjects/CSCI_6234_Final/recordings/cam223/clips/2026/04/13/cam223_20260413T002139Z.mp4
[tls @ 0x7fb49ff04680] IO error: End of file
[https @ 0x7fb49ff04540] Error reading HTTP response: End of file
[tls @ 0x7fb4a8813b80] IO error: End of file
[https @ 0x7fb4a8816fc0] Error reading HTTP response: End of file
[tls @ 0x7fb4a8922400] IO error: End of file
[https @ 0x7fb4a8951940] Error reading HTTP response: End of file
[tls @ 0x7fb49ff16880] IO error: End of file
[https @ 0x7fb49ff4b700] Error reading HTTP response: End of file
[tls @ 0x7fb4aff3ab00] IO error: End of file
[https @ 0x7fb4aff23ac0] Error reading HTTP response: End of file
[tls @ 0x7fb49ff18e00] IO error: End of file
[https @ 0x7fb49ff1ab80] Error reading HTTP response: End of file
[tls @ 0x7fb4a88391c0] IO error: End of file
[https @ 0x7fb4a8834400] Error reading HTTP response: End of file
[tls @ 0x7fb49ff4b740] IO error: End of file
[https @ 0x7fb49ff4da80] Error reading HTTP response: End of file
[2026-04-12T20:22:22.936225] Saved clip /Users/Chen/PycharmProjects/CSCI_6234_Final/recordings/cam223/clips/2026/04/13/cam223_20260413T002139Z.mp4 (3109355 bytes)
[2026-04-12T20:22:23.463245] Starting 60-second capture -> /Users/Chen/PycharmProjects/CSCI_6234_Final/recordings/cam223/clips/2026/04/13/cam223_20260413T002223Z.mp4
[tls @ 0x7f9cec904680] IO error: End of file
[https @ 0x7f9cec904540] Error reading HTTP response: End of file
[tls @ 0x7f9cecb10b40] IO error: End of file
[https @ 0x7f9cecb08e40] Error reading HTTP response: End of file
[tls @ 0x7f9ceca63ac0] IO error: End of file
[https @ 0x7f9ceca71f40] Error reading HTTP response: End of file
[tls @ 0x7f9cecb33840] IO error: End of file
[https @ 0x7f9cecb0c240] Error reading HTTP response: End of file
[tls @ 0x7f9ceca63ac0] IO error: End of file
[https @ 0x7f9ceca39980] Error reading HTTP response: End of file
[tls @ 0x7f9cec91c740] IO error: End of file
[https @ 0x7f9cec90a480] Error reading HTTP response: End of file
[2026-04-12T20:22:59.090330] Saved clip /Users/Chen/PycharmProjects/CSCI_6234_Final/recordings/cam223/clips/2026/04/13/cam223_20260413T002223Z.mp4 (3115426 bytes)
[2026-04-12T20:22:59.612164] Starting 60-second capture -> /Users/Chen/PycharmProjects/CSCI_6234_Final/recordings/cam223/clips/2026/04/13/cam223_20260413T002259Z.mp4
[tls @ 0x7fdc8f704500] IO error: End of file
[https @ 0x7fdc8f7043c0] Error reading HTTP response: End of file
[tls @ 0x7fdc7f7287c0] IO error: End of file
[https @ 0x7fdc7f71c6c0] Error reading HTTP response: End of file
[tls @ 0x7fdc8f70f1c0] IO error: End of file
[https @ 0x7fdc8f7100c0] Error reading HTTP response: End of file
[tls @ 0x7fdc88173e00] IO error: End of file
[https @ 0x7fdc881505c0] Error reading HTTP response: End of file
[tls @ 0x7fdc8817c2c0] IO error: End of file
[https @ 0x7fdc8818b780] Error reading HTTP response: End of file
[tls @ 0x7fdc88187bc0] IO error: End of file
[https @ 0x7fdc8815ba00] Error reading HTTP response: End of file
[tls @ 0x7fdc8f76a680] IO error: End of file
[https @ 0x7fdc8f71f9c0] Error reading HTTP response: End of file
[2026-04-12T20:23:42.098783] Saved clip /Users/Chen/PycharmProjects/CSCI_6234_Final/recordings/cam223/clips/2026/04/13/cam223_20260413T002259Z.mp4 (3106788 bytes)
[2026-04-12T20:23:42.625042] Starting 60-second capture -> /Users/Chen/PycharmProjects/CSCI_6234_Final/recordings/cam223/clips/2026/04/13/cam223_20260413T002342Z.mp4
[tls @ 0x7f781ab04500] IO error: End of file
[https @ 0x7f781ab043c0] Error reading HTTP response: End of file
[tls @ 0x7f781aa37ac0] IO error: End of file
[https @ 0x7f781aa253c0] Error reading HTTP response: End of file
[tls @ 0x7f781ac22300] IO error: End of file
[https @ 0x7f781ad06c80] Error reading HTTP response: End of file
[tls @ 0x7f781ac5ba80] IO error: End of file
[https @ 0x7f781ad15800] Error reading HTTP response: End of file
[tls @ 0x7f781ab4ba80] IO error: End of file
[https @ 0x7f781ab52cc0] Error reading HTTP response: End of file
[tls @ 0x7f781aa30200] IO error: End of file
[https @ 0x7f781aa305c0] Error reading HTTP response: End of file
[tls @ 0x7f781aa3ac00] IO error: End of file
[https @ 0x7f781aa17c80] Error reading HTTP response: End of file
[2026-04-12T20:24:24.969237] Saved clip /Users/Chen/PycharmProjects/CSCI_6234_Final/recordings/cam223/clips/2026/04/13/cam223_20260413T002342Z.mp4 (3111478 bytes)
[2026-04-12T20:24:25.496648] Starting 60-second capture -> /Users/Chen/PycharmProjects/CSCI_6234_Final/recordings/cam223/clips/2026/04/13/cam223_20260413T002425Z.mp4
[tls @ 0x7f9461a04500] IO error: End of file
[https @ 0x7f9461a043c0] Error reading HTTP response: End of file
[tls @ 0x7f9461d04340] IO error: End of file
[https @ 0x7f9461d04200] Error reading HTTP response: End of file
[tls @ 0x7f9461d24f80] IO error: End of file
[https @ 0x7f9461d17ac0] Error reading HTTP response: End of file
[tls @ 0x7f9461c29140] IO error: End of file
[https @ 0x7f9461c2b400] Error reading HTTP response: End of file
[tls @ 0x7f9461c10380] IO error: End of file
[https @ 0x7f9461a1ab00] Error reading HTTP response: End of file
[tls @ 0x7f9461d45300] IO error: End of file
[https @ 0x7f9461d56040] Error reading HTTP response: End of file
[tls @ 0x7f9461a38e00] IO error: End of file
[https @ 0x7f9461a38300] Error reading HTTP response: End of file
[tls @ 0x7f9461c480c0] IO error: End of file
[https @ 0x7f9461c444c0] Error reading HTTP response: End of file
[2026-04-12T20:25:07.692958] Saved clip /Users/Chen/PycharmProjects/CSCI_6234_Final/recordings/cam223/clips/2026/04/13/cam223_20260413T002425Z.mp4 (3113080 bytes)
[2026-04-12T20:25:08.219613] Starting 60-second capture -> /Users/Chen/PycharmProjects/CSCI_6234_Final/recordings/cam223/clips/2026/04/13/cam223_20260413T002508Z.mp4
[tls @ 0x7fc7d2204140] IO error: End of file
[https @ 0x7fc7d2204080] Error reading HTTP response: End of file
[tls @ 0x7fc7d233f4c0] IO error: End of file
[https @ 0x7fc7d232fd40] Error reading HTTP response: End of file
[tls @ 0x7fc7d2213240] IO error: End of file
[https @ 0x7fc7d2213180] Error reading HTTP response: End of file
[tls @ 0x7fc7d233f4c0] IO error: End of file
[https @ 0x7fc7d233fac0] Error reading HTTP response: End of file
[tls @ 0x7fc7d223df00] IO error: End of file
[https @ 0x7fc7d223eb00] Error reading HTTP response: End of file
[tls @ 0x7fc7d233f4c0] IO error: End of file
[https @ 0x7fc7d2324a40] Error reading HTTP response: End of file
[tls @ 0x7fc7c1760dc0] IO error: End of file
[https @ 0x7fc7c17613c0] Error reading HTTP response: End of file
[2026-04-12T20:25:51.012979] Saved clip /Users/Chen/PycharmProjects/CSCI_6234_Final/recordings/cam223/clips/2026/04/13/cam223_20260413T002508Z.mp4 (3109635 bytes)
[2026-04-12T20:25:51.541729] Starting 60-second capture -> /Users/Chen/PycharmProjects/CSCI_6234_Final/recordings/cam223/clips/2026/04/13/cam223_20260413T002551Z.mp4
[tls @ 0x7fd0b8804680] IO error: End of file
[https @ 0x7fd0b8804540] Error reading HTTP response: End of file
[tls @ 0x7fd09ff5f340] IO error: End of file
[https @ 0x7fd09ff04440] Error reading HTTP response: End of file
[tls @ 0x7fd09ff0de80] IO error: End of file
[https @ 0x7fd09ff16800] Error reading HTTP response: End of file
[tls @ 0x7fd0a902d940] IO error: End of file
[https @ 0x7fd0a9019c00] Error reading HTTP response: End of file
[tls @ 0x7fd0a9035b80] IO error: End of file
[https @ 0x7fd0a9033d40] Error reading HTTP response: End of file
[tls @ 0x7fd09ff5f340] IO error: End of file
[https @ 0x7fd09ff04440] Error reading HTTP response: End of file
[tls @ 0x7fd0a9054fc0] IO error: End of file
[https @ 0x7fd09ff057c0] Error reading HTTP response: End of file
[2026-04-12T20:26:33.562091] Saved clip /Users/Chen/PycharmProjects/CSCI_6234_Final/recordings/cam223/clips/2026/04/13/cam223_20260413T002551Z.mp4 (3106217 bytes)
[2026-04-12T20:26:34.088476] Starting 60-second capture -> /Users/Chen/PycharmProjects/CSCI_6234_Final/recordings/cam223/clips/2026/04/13/cam223_20260413T002634Z.mp4
[tls @ 0x7fca65c04380] IO error: End of file
[https @ 0x7fca65c04240] Error reading HTTP response: End of file
[tls @ 0x7fca65b10ac0] IO error: End of file
[https @ 0x7fca65b23d40] Error reading HTTP response: End of file
[tls @ 0x7fca65a47d40] IO error: End of file
[https @ 0x7fca65a44140] Error reading HTTP response: End of file
[tls @ 0x7fca65b10ac0] IO error: End of file
[https @ 0x7fca65b06380] Error reading HTTP response: End of file
[tls @ 0x7fca65b41700] IO error: End of file
[https @ 0x7fca65b39040] Error reading HTTP response: End of file
[2026-04-12T20:27:06.102858] Saved clip /Users/Chen/PycharmProjects/CSCI_6234_Final/recordings/cam223/clips/2026/04/13/cam223_20260413T002634Z.mp4 (3109484 bytes)
[2026-04-12T20:27:06.630973] Starting 60-second capture -> /Users/Chen/PycharmProjects/CSCI_6234_Final/recordings/cam223/clips/2026/04/13/cam223_20260413T002706Z.mp4
[tls @ 0x7fe10f205b00] IO error: End of file
[https @ 0x7fe10f2059c0] Error reading HTTP response: End of file
[tls @ 0x7fe10f415900] IO error: End of file
[https @ 0x7fe10f40ee40] Error reading HTTP response: End of file
[tls @ 0x7fe10f21d680] IO error: End of file
[https @ 0x7fe10f226a40] Error reading HTTP response: End of file
[tls @ 0x7fe10f407040] IO error: End of file
[https @ 0x7fe10f465940] Error reading HTTP response: End of file
[tls @ 0x7fe10f43cbc0] IO error: End of file
[https @ 0x7fe10f418bc0] Error reading HTTP response: End of file
[tls @ 0x7fe0fe707540] IO error: End of file
[https @ 0x7fe0fe70ce40] Error reading HTTP response: End of file
[tls @ 0x7fe10f21d680] IO error: End of file
[https @ 0x7fe10f226a40] Error reading HTTP response: End of file
[tls @ 0x7fe10f411540] IO error: End of file
[https @ 0x7fe10f463640] Error reading HTTP response: End of file
[2026-04-12T20:27:48.779593] Saved clip /Users/Chen/PycharmProjects/CSCI_6234_Final/recordings/cam223/clips/2026/04/13/cam223_20260413T002706Z.mp4 (3109132 bytes)
[2026-04-12T20:27:49.305000] Starting 60-second capture -> /Users/Chen/PycharmProjects/CSCI_6234_Final/recordings/cam223/clips/2026/04/13/cam223_20260413T002749Z.mp4
[tls @ 0x7f886d2043c0] IO error: End of file
[https @ 0x7f886d204280] Error reading HTTP response: End of file
[tls @ 0x7f886d23d440] IO error: End of file
[https @ 0x7f886d252200] Error reading HTTP response: End of file
[tls @ 0x7f886d23d440] IO error: End of file
[https @ 0x7f886d24f400] Error reading HTTP response: End of file
[tls @ 0x7f886d426ac0] IO error: End of file
[https @ 0x7f886d446480] Error reading HTTP response: End of file
[tls @ 0x7f886d514280] IO error: End of file
[https @ 0x7f886d50e600] Error reading HTTP response: End of file
[2026-04-12T20:28:32.012885] Saved clip /Users/Chen/PycharmProjects/CSCI_6234_Final/recordings/cam223/clips/2026/04/13/cam223_20260413T002749Z.mp4 (3118009 bytes)
[2026-04-12T20:28:32.541518] Starting 60-second capture -> /Users/Chen/PycharmProjects/CSCI_6234_Final/recordings/cam223/clips/2026/04/13/cam223_20260413T002832Z.mp4
[tls @ 0x7fcc55704c80] IO error: End of file
[https @ 0x7fcc55704bc0] Error reading HTTP response: End of file
[tls @ 0x7fcc664229c0] IO error: End of file
[https @ 0x7fcc66423f00] Error reading HTTP response: End of file
[tls @ 0x7fcc66312cc0] IO error: End of file
[https @ 0x7fcc6630b800] Error reading HTTP response: End of file
[tls @ 0x7fcc664229c0] IO error: End of file
[https @ 0x7fcc6641a000] Error reading HTTP response: End of file
[tls @ 0x7fcc6645aa40] IO error: End of file
[https @ 0x7fcc6645bc00] Error reading HTTP response: End of file
[tls @ 0x7fcc5573cdc0] IO error: End of file
[https @ 0x7fcc5573c180] Error reading HTTP response: End of file
[tls @ 0x7fcc6643e980] IO error: End of file
[https @ 0x7fcc6643a2c0] Error reading HTTP response: End of file
[2026-04-12T20:29:14.935359] Saved clip /Users/Chen/PycharmProjects/CSCI_6234_Final/recordings/cam223/clips/2026/04/13/cam223_20260413T002832Z.mp4 (3109596 bytes)
[2026-04-12T20:29:15.456861] Starting 60-second capture -> /Users/Chen/PycharmProjects/CSCI_6234_Final/recordings/cam223/clips/2026/04/13/cam223_20260413T002915Z.mp4
[tls @ 0x7f7e81004140] IO error: End of file
[https @ 0x7f7e80704800] Error reading HTTP response: End of file
[tls @ 0x7f7e91236e80] IO error: End of file
[https @ 0x7f7e91204340] Error reading HTTP response: End of file
[tls @ 0x7f7e8100e6c0] IO error: End of file
[https @ 0x7f7e8100e600] Error reading HTTP response: End of file
[tls @ 0x7f7e80723000] IO error: End of file
[https @ 0x7f7e91226e80] Error reading HTTP response: End of file
[tls @ 0x7f7e80717940] IO error: End of file
[https @ 0x7f7e80759540] Error reading HTTP response: End of file
[tls @ 0x7f7e81013800] IO error: End of file
[https @ 0x7f7e81019480] Error reading HTTP response: End of file
[tls @ 0x7f7e91257280] IO error: End of file
[https @ 0x7f7e912077c0] Error reading HTTP response: End of file
[2026-04-12T20:29:57.804916] Saved clip /Users/Chen/PycharmProjects/CSCI_6234_Final/recordings/cam223/clips/2026/04/13/cam223_20260413T002915Z.mp4 (3104022 bytes)
[2026-04-12T20:29:58.329388] Starting 60-second capture -> /Users/Chen/PycharmProjects/CSCI_6234_Final/recordings/cam223/clips/2026/04/13/cam223_20260413T002958Z.mp4
[tls @ 0x7ff5e7804800] IO error: End of file
[https @ 0x7ff5e7704080] Error reading HTTP response: End of file
[tls @ 0x7ff5e78547c0] IO error: End of file
[https @ 0x7ff5e7867ac0] Error reading HTTP response: End of file
[tls @ 0x7ff60000c880] IO error: End of file
[https @ 0x7ff60000bf00] Error reading HTTP response: End of file
[tls @ 0x7ff60003e7c0] IO error: End of file
[https @ 0x7ff600028700] Error reading HTTP response: End of file
[tls @ 0x7ff5e772f500] IO error: End of file
[https @ 0x7ff5e770dfc0] Error reading HTTP response: End of file
[tls @ 0x7ff5e7747700] IO error: End of file
[https @ 0x7ff600017b80] Error reading HTTP response: End of file
[tls @ 0x7ff600132280] IO error: End of file
[https @ 0x7ff60012f900] Error reading HTTP response: End of file
[2026-04-12T20:30:40.813802] Saved clip /Users/Chen/PycharmProjects/CSCI_6234_Final/recordings/cam223/clips/2026/04/13/cam223_20260413T002958Z.mp4 (3112508 bytes)
[2026-04-12T20:30:41.339982] Starting 60-second capture -> /Users/Chen/PycharmProjects/CSCI_6234_Final/recordings/cam223/clips/2026/04/13/cam223_20260413T003041Z.mp4
[tls @ 0x7fd92c304680] IO error: End of file
[https @ 0x7fd92c304540] Error reading HTTP response: End of file
[tls @ 0x7fd92c408100] IO error: End of file
[https @ 0x7fd92c407c00] Error reading HTTP response: End of file
[tls @ 0x7fd92c43bd40] IO error: End of file
[https @ 0x7fd92c40bb80] Error reading HTTP response: End of file
[tls @ 0x7fd92c248140] IO error: End of file
[https @ 0x7fd92c2257c0] Error reading HTTP response: End of file
[tls @ 0x7fd92c43bd40] IO error: End of file
[https @ 0x7fd92c442640] Error reading HTTP response: End of file
[tls @ 0x7fd92c248140] IO error: End of file
[https @ 0x7fd92c25ce40] Error reading HTTP response: End of file
[2026-04-12T20:31:23.411737] Saved clip /Users/Chen/PycharmProjects/CSCI_6234_Final/recordings/cam223/clips/2026/04/13/cam223_20260413T003041Z.mp4 (3111435 bytes)
[2026-04-12T20:31:23.940298] Starting 60-second capture -> /Users/Chen/PycharmProjects/CSCI_6234_Final/recordings/cam223/clips/2026/04/13/cam223_20260413T003123Z.mp4
[tls @ 0x7fbe12804500] IO error: End of file
[https @ 0x7fbe128043c0] Error reading HTTP response: End of file
[tls @ 0x7fbe11710900] IO error: End of file
[https @ 0x7fbe11711640] Error reading HTTP response: End of file
[tls @ 0x7fbe22118740] IO error: End of file
[https @ 0x7fbe22114c80] Error reading HTTP response: End of file
[tls @ 0x7fbe22224040] IO error: End of file
[https @ 0x7fbe2225e780] Error reading HTTP response: End of file
[tls @ 0x7fbe11716a80] IO error: End of file
[https @ 0x7fbe1171a440] Error reading HTTP response: End of file
[tls @ 0x7fbe22242c40] IO error: End of file
[https @ 0x7fbe22238cc0] Error reading HTTP response: End of file
[2026-04-12T20:31:55.870854] Saved clip /Users/Chen/PycharmProjects/CSCI_6234_Final/recordings/cam223/clips/2026/04/13/cam223_20260413T003123Z.mp4 (3110473 bytes)
[2026-04-12T20:31:56.398901] Starting 60-second capture -> /Users/Chen/PycharmProjects/CSCI_6234_Final/recordings/cam223/clips/2026/04/13/cam223_20260413T003156Z.mp4
[tls @ 0x7f7974704b40] IO error: End of file
[https @ 0x7f7974704a00] Error reading HTTP response: End of file
[tls @ 0x7f7975861880] IO error: End of file
[https @ 0x7f7975872900] Error reading HTTP response: End of file
[tls @ 0x7f797580f400] IO error: End of file
[https @ 0x7f797580dd00] Error reading HTTP response: End of file
[tls @ 0x7f7975861880] IO error: End of file
[https @ 0x7f797586c600] Error reading HTTP response: End of file
[tls @ 0x7f797592b900] IO error: End of file
[https @ 0x7f797591bd40] Error reading HTTP response: End of file
[tls @ 0x7f7985147340] IO error: End of file
[https @ 0x7f798513ddc0] Error reading HTTP response: End of file
[tls @ 0x7f7974732fc0] IO error: End of file
[https @ 0x7f797586c600] Error reading HTTP response: End of file
[2026-04-12T20:32:38.414214] Saved clip /Users/Chen/PycharmProjects/CSCI_6234_Final/recordings/cam223/clips/2026/04/13/cam223_20260413T003156Z.mp4 (3113165 bytes)
[2026-04-12T20:32:38.936812] Starting 60-second capture -> /Users/Chen/PycharmProjects/CSCI_6234_Final/recordings/cam223/clips/2026/04/13/cam223_20260413T003238Z.mp4
[tls @ 0x7fd135104380] IO error: End of file
[https @ 0x7fd135104240] Error reading HTTP response: End of file
[tls @ 0x7fd134727400] IO error: End of file
[https @ 0x7fd134750680] Error reading HTTP response: End of file
[tls @ 0x7fd145106500] IO error: End of file
[https @ 0x7fd145106440] Error reading HTTP response: End of file
[tls @ 0x7fd14511e400] IO error: End of file
[https @ 0x7fd1451062c0] Error reading HTTP response: End of file
[tls @ 0x7fd13471f5c0] IO error: End of file
[https @ 0x7fd134750680] Error reading HTTP response: End of file
[tls @ 0x7fd1350301c0] IO error: End of file
[https @ 0x7fd13502e140] Error reading HTTP response: End of file
[tls @ 0x7fd135047b40] IO error: End of file
[https @ 0x7fd135051bc0] Error reading HTTP response: End of file
[2026-04-12T20:33:21.167331] Saved clip /Users/Chen/PycharmProjects/CSCI_6234_Final/recordings/cam223/clips/2026/04/13/cam223_20260413T003238Z.mp4 (3106236 bytes)
[2026-04-12T20:33:21.695104] Starting 60-second capture -> /Users/Chen/PycharmProjects/CSCI_6234_Final/recordings/cam223/clips/2026/04/13/cam223_20260413T003321Z.mp4
[tls @ 0x7fbf63c05840] IO error: End of file
[https @ 0x7fbf63c05700] Error reading HTTP response: End of file
[tls @ 0x7fbf63b31500] IO error: End of file
[https @ 0x7fbf63b1e900] Error reading HTTP response: End of file
[tls @ 0x7fbf42f06c40] IO error: End of file
[https @ 0x7fbf42f06b40] Error reading HTTP response: End of file
[tls @ 0x7fbf63c2cec0] IO error: End of file
[https @ 0x7fbf63c1e440] Error reading HTTP response: End of file
[tls @ 0x7fbf4381dec0] IO error: End of file
[https @ 0x7fbf4380b5c0] Error reading HTTP response: End of file
[tls @ 0x7fbf63c1e440] IO error: End of file
[https @ 0x7fbf63c31e00] Error reading HTTP response: End of file
[tls @ 0x7fbf32f04240] IO error: End of file
[https @ 0x7fbf32f04080] Error reading HTTP response: End of file
[2026-04-12T20:34:04.250828] Saved clip /Users/Chen/PycharmProjects/CSCI_6234_Final/recordings/cam223/clips/2026/04/13/cam223_20260413T003321Z.mp4 (3110471 bytes)
[2026-04-12T20:34:04.779590] Starting 60-second capture -> /Users/Chen/PycharmProjects/CSCI_6234_Final/recordings/cam223/clips/2026/04/13/cam223_20260413T003404Z.mp4
[tls @ 0x7ff449d05880] IO error: End of file
[https @ 0x7ff449d05740] Error reading HTTP response: End of file
[tls @ 0x7ff449b22bc0] IO error: End of file
[https @ 0x7ff449b30740] Error reading HTTP response: End of file
[tls @ 0x7ff449b22bc0] IO error: End of file
[https @ 0x7ff449b2fc40] Error reading HTTP response: End of file
[tls @ 0x7ff449b0b180] IO error: End of file
[https @ 0x7ff449b093c0] Error reading HTTP response: End of file
[tls @ 0x7ff449c5c980] IO error: End of file
[https @ 0x7ff449c52500] Error reading HTTP response: End of file
[tls @ 0x7ff438f04140] IO error: End of file
[https @ 0x7ff438f04080] Error reading HTTP response: End of file
[2026-04-12T20:34:47.072360] Saved clip /Users/Chen/PycharmProjects/CSCI_6234_Final/recordings/cam223/clips/2026/04/13/cam223_20260413T003404Z.mp4 (3107221 bytes)
[2026-04-12T20:34:47.599306] Starting 60-second capture -> /Users/Chen/PycharmProjects/CSCI_6234_Final/recordings/cam223/clips/2026/04/13/cam223_20260413T003447Z.mp4
[tls @ 0x7fd8798048c0] IO error: End of file
[https @ 0x7fd879804780] Error reading HTTP response: End of file
[tls @ 0x7fd878f1f640] IO error: End of file
[https @ 0x7fd878f29380] Error reading HTTP response: End of file
[tls @ 0x7fd889a0f7c0] IO error: End of file
[https @ 0x7fd889a0ab80] Error reading HTTP response: End of file
[tls @ 0x7fd87982f440] IO error: End of file
[https @ 0x7fd879816c80] Error reading HTTP response: End of file
[tls @ 0x7fd889a0dd80] IO error: End of file
[https @ 0x7fd889a492c0] Error reading HTTP response: End of file
[tls @ 0x7fd889b2f6c0] IO error: End of file
[https @ 0x7fd889b2f880] Error reading HTTP response: End of file
[tls @ 0x7fd879809900] IO error: End of file
[https @ 0x7fd879809840] Error reading HTTP response: End of file
[2026-04-12T20:35:30.101580] Saved clip /Users/Chen/PycharmProjects/CSCI_6234_Final/recordings/cam223/clips/2026/04/13/cam223_20260413T003447Z.mp4 (3105450 bytes)
[2026-04-12T20:35:30.626266] Starting 60-second capture -> /Users/Chen/PycharmProjects/CSCI_6234_Final/recordings/cam223/clips/2026/04/13/cam223_20260413T003530Z.mp4
[tls @ 0x7fddde505040] IO error: End of file
[https @ 0x7fddde5058c0] Error reading HTTP response: End of file
[tls @ 0x7fddde419b40] IO error: End of file
[https @ 0x7fddde40ea80] Error reading HTTP response: End of file
[tls @ 0x7fddde417b00] IO error: End of file
[https @ 0x7fddde417a40] Error reading HTTP response: End of file
[tls @ 0x7fddde543380] IO error: End of file
[https @ 0x7fddde551d40] Error reading HTTP response: End of file
[tls @ 0x7fddde430d80] IO error: End of file
[https @ 0x7fddde427200] Error reading HTTP response: End of file
[tls @ 0x7fddde408900] IO error: End of file
[https @ 0x7fddde40ea40] Error reading HTTP response: End of file
[2026-04-12T20:36:13.339279] Saved clip /Users/Chen/PycharmProjects/CSCI_6234_Final/recordings/cam223/clips/2026/04/13/cam223_20260413T003530Z.mp4 (3105356 bytes)
[2026-04-12T20:36:13.864949] Starting 60-second capture -> /Users/Chen/PycharmProjects/CSCI_6234_Final/recordings/cam223/clips/2026/04/13/cam223_20260413T003613Z.mp4
[tls @ 0x7fad0c306300] IO error: End of file
[https @ 0x7fad0c3061c0] Error reading HTTP response: End of file
[tls @ 0x7facfb741640] IO error: End of file
[https @ 0x7facfb728a00] Error reading HTTP response: End of file
[tls @ 0x7facfb716f40] IO error: End of file
[https @ 0x7facfb71dc00] Error reading HTTP response: End of file
[tls @ 0x7fad0c3365c0] IO error: End of file
[https @ 0x7fad0c3343c0] Error reading HTTP response: End of file
[tls @ 0x7fad0c21cb40] IO error: End of file
[https @ 0x7fad0c225500] Error reading HTTP response: End of file
[tls @ 0x7fad0c232ec0] IO error: End of file
[https @ 0x7fad0c240d00] Error reading HTTP response: End of file
[2026-04-12T20:36:46.436193] Saved clip /Users/Chen/PycharmProjects/CSCI_6234_Final/recordings/cam223/clips/2026/04/13/cam223_20260413T003613Z.mp4 (3105816 bytes)
[2026-04-12T20:36:46.964700] Starting 60-second capture -> /Users/Chen/PycharmProjects/CSCI_6234_Final/recordings/cam223/clips/2026/04/13/cam223_20260413T003646Z.mp4
[tls @ 0x7ff518805b00] IO error: End of file
[https @ 0x7ff518805a40] Error reading HTTP response: End of file
[tls @ 0x7ff518837f00] IO error: End of file
[https @ 0x7ff518852200] Error reading HTTP response: End of file
[tls @ 0x7ff508808f40] IO error: End of file
[https @ 0x7ff508812200] Error reading HTTP response: End of file
[tls @ 0x7ff5088525c0] IO error: End of file
[https @ 0x7ff508812ec0] Error reading HTTP response: End of file
[tls @ 0x7ff50ff24c00] IO error: End of file
[https @ 0x7ff50ff124c0] Error reading HTTP response: End of file
[tls @ 0x7ff51880ea80] IO error: End of file
[https @ 0x7ff518833dc0] Error reading HTTP response: End of file
[2026-04-12T20:37:30.391582] Saved clip /Users/Chen/PycharmProjects/CSCI_6234_Final/recordings/cam223/clips/2026/04/13/cam223_20260413T003646Z.mp4 (3107372 bytes)
[2026-04-12T20:37:30.911722] Starting 60-second capture -> /Users/Chen/PycharmProjects/CSCI_6234_Final/recordings/cam223/clips/2026/04/13/cam223_20260413T003730Z.mp4
[tls @ 0x7fbb8bd0bbc0] IO error: End of file
[https @ 0x7fbb8bd0be00] Error reading HTTP response: End of file
[tls @ 0x7fbb8bd0bbc0] IO error: End of file
[https @ 0x7fbb8bd6f8c0] Error reading HTTP response: End of file
[tls @ 0x7fbb8ba43480] IO error: End of file
[https @ 0x7fbb8ba35240] Error reading HTTP response: End of file
[tls @ 0x7fbb8bd0bbc0] IO error: End of file
[https @ 0x7fbb8bd6f8c0] Error reading HTTP response: End of file
[tls @ 0x7fbb8ba29d80] IO error: End of file
[https @ 0x7fbb8ba26180] Error reading HTTP response: End of file
[2026-04-12T20:38:15.998522] Saved clip /Users/Chen/PycharmProjects/CSCI_6234_Final/recordings/cam223/clips/2026/04/13/cam223_20260413T003730Z.mp4 (3103038 bytes)
[2026-04-12T20:38:16.522359] Starting 60-second capture -> /Users/Chen/PycharmProjects/CSCI_6234_Final/recordings/cam223/clips/2026/04/13/cam223_20260413T003816Z.mp4
[tls @ 0x7fe74f805840] IO error: End of file
[https @ 0x7fe74f805700] Error reading HTTP response: End of file
[tls @ 0x7fe74f846640] IO error: End of file
[https @ 0x7fe74f818d40] Error reading HTTP response: End of file
[tls @ 0x7fe74f815dc0] IO error: End of file
[https @ 0x7fe74f8187c0] Error reading HTTP response: End of file
[tls @ 0x7fe73f70c3c0] IO error: End of file
[https @ 0x7fe73f7157c0] Error reading HTTP response: End of file
[tls @ 0x7fe7480697c0] IO error: End of file
[https @ 0x7fe748045640] Error reading HTTP response: End of file
[tls @ 0x7fe70f704280] IO error: End of file
[https @ 0x7fe70f7040c0] Error reading HTTP response: End of file
[tls @ 0x7fe75f738200] IO error: End of file
[https @ 0x7fe75f76bf80] Error reading HTTP response: End of file
[2026-04-12T20:38:58.981904] Saved clip /Users/Chen/PycharmProjects/CSCI_6234_Final/recordings/cam223/clips/2026/04/13/cam223_20260413T003816Z.mp4 (3110067 bytes)
[2026-04-12T20:38:59.492802] Starting 60-second capture -> /Users/Chen/PycharmProjects/CSCI_6234_Final/recordings/cam223/clips/2026/04/13/cam223_20260413T003859Z.mp4
[tls @ 0x7fe698804500] IO error: End of file
[https @ 0x7fe6988043c0] Error reading HTTP response: End of file
[tls @ 0x7fe698c04980] IO error: End of file
[https @ 0x7fe698c04580] Error reading HTTP response: End of file
[tls @ 0x7fe698944f80] IO error: End of file
[https @ 0x7fe6989592c0] Error reading HTTP response: End of file
[tls @ 0x7fe698a04400] IO error: End of file
[https @ 0x7fe698a04340] Error reading HTTP response: End of file
[tls @ 0x7fe6aff0b780] IO error: End of file
[https @ 0x7fe6aff0b6c0] Error reading HTTP response: End of file
[tls @ 0x7fe67ff08a80] IO error: End of file
[https @ 0x7fe67ff09940] Error reading HTTP response: End of file
[tls @ 0x7fe698c063c0] IO error: End of file
[https @ 0x7fe698c04580] Error reading HTTP response: End of file
[2026-04-12T20:39:43.038030] Saved clip /Users/Chen/PycharmProjects/CSCI_6234_Final/recordings/cam223/clips/2026/04/13/cam223_20260413T003859Z.mp4 (3115266 bytes)
[2026-04-12T20:39:43.550137] Starting 60-second capture -> /Users/Chen/PycharmProjects/CSCI_6234_Final/recordings/cam223/clips/2026/04/13/cam223_20260413T003943Z.mp4
[tls @ 0x7fa1d7004380] IO error: End of file
[https @ 0x7fa1d7004240] Error reading HTTP response: End of file
[tls @ 0x7fa1d702c2c0] IO error: End of file
[https @ 0x7fa1d7021440] Error reading HTTP response: End of file
[tls @ 0x7fa1d7144f80] IO error: End of file
[https @ 0x7fa1d7141380] Error reading HTTP response: End of file
[tls @ 0x7fa1d5f070c0] IO error: End of file
[https @ 0x7fa1d7159580] Error reading HTTP response: End of file
[tls @ 0x7fa1d5f37880] IO error: End of file
[https @ 0x7fa1d5f23e40] Error reading HTTP response: End of file
[tls @ 0x7fa1d700e640] IO error: End of file
[https @ 0x7fa1d700d4c0] Error reading HTTP response: End of file
[2026-04-12T20:40:17.653492] Saved clip /Users/Chen/PycharmProjects/CSCI_6234_Final/recordings/cam223/clips/2026/04/13/cam223_20260413T003943Z.mp4 (3112122 bytes)
[2026-04-12T20:40:18.173214] Starting 60-second capture -> /Users/Chen/PycharmProjects/CSCI_6234_Final/recordings/cam223/clips/2026/04/13/cam223_20260413T004018Z.mp4
[tls @ 0x7fe1e5708a80] IO error: End of file
[https @ 0x7fe1e57089c0] Error reading HTTP response: End of file
[tls @ 0x7fe1e63050c0] IO error: End of file
[https @ 0x7fe1e6304f80] Error reading HTTP response: End of file
[tls @ 0x7fe1e6318a80] IO error: End of file
[https @ 0x7fe1e6312080] Error reading HTTP response: End of file
[tls @ 0x7fe1e6538dc0] IO error: End of file
[https @ 0x7fe1e653f780] Error reading HTTP response: End of file
[tls @ 0x7fe1e643db00] IO error: End of file
[https @ 0x7fe1e644ff40] Error reading HTTP response: End of file
[tls @ 0x7fe1e6538dc0] IO error: End of file
[https @ 0x7fe1e6528980] Error reading HTTP response: End of file
[tls @ 0x7fe1e63230c0] IO error: End of file
[https @ 0x7fe1e63247c0] Error reading HTTP response: End of file
[tls @ 0x7fe1e643db00] IO error: End of file
[https @ 0x7fe1e644ff40] Error reading HTTP response: End of file
[2026-04-12T20:41:00.402715] Saved clip /Users/Chen/PycharmProjects/CSCI_6234_Final/recordings/cam223/clips/2026/04/13/cam223_20260413T004018Z.mp4 (3110298 bytes)
[2026-04-12T20:41:00.915588] Starting 60-second capture -> /Users/Chen/PycharmProjects/CSCI_6234_Final/recordings/cam223/clips/2026/04/13/cam223_20260413T004100Z.mp4
[tls @ 0x7f979d304680] IO error: End of file
[https @ 0x7f979d304540] Error reading HTTP response: End of file
[tls @ 0x7f979d34dec0] IO error: End of file
[https @ 0x7f979d312d00] Error reading HTTP response: End of file
[tls @ 0x7f979d308000] IO error: End of file
[https @ 0x7f979d307f40] Error reading HTTP response: End of file
[tls @ 0x7f979d34dec0] IO error: End of file
[https @ 0x7f979d305600] Error reading HTTP response: End of file
[tls @ 0x7f979d3815c0] IO error: End of file
[https @ 0x7f979d38acc0] Error reading HTTP response: End of file
[tls @ 0x7f979d436540] IO error: End of file
[https @ 0x7f979d438ac0] Error reading HTTP response: End of file
[tls @ 0x7f979d274380] IO error: End of file
[https @ 0x7f979d285640] Error reading HTTP response: End of file
[2026-04-12T20:41:43.813658] Saved clip /Users/Chen/PycharmProjects/CSCI_6234_Final/recordings/cam223/clips/2026/04/13/cam223_20260413T004100Z.mp4 (3109608 bytes)
[2026-04-12T20:41:44.337181] Starting 60-second capture -> /Users/Chen/PycharmProjects/CSCI_6234_Final/recordings/cam223/clips/2026/04/13/cam223_20260413T004144Z.mp4
[tls @ 0x7fe046d0b6c0] IO error: End of file
[https @ 0x7fe046d049c0] Error reading HTTP response: End of file
[tls @ 0x7fe036829a00] IO error: End of file
[https @ 0x7fe03683b8c0] Error reading HTTP response: End of file
[tls @ 0x7fe046d21d80] IO error: End of file
[https @ 0x7fe046d3bf00] Error reading HTTP response: End of file
[tls @ 0x7fe025f3ae80] IO error: End of file
[https @ 0x7fe025f06040] Error reading HTTP response: End of file
[tls @ 0x7fe025f15700] IO error: End of file
[https @ 0x7fe025f1c400] Error reading HTTP response: End of file
[tls @ 0x7fe036829a00] IO error: End of file
[https @ 0x7fe03683b8c0] Error reading HTTP response: End of file
[2026-04-12T20:42:16.997054] Saved clip /Users/Chen/PycharmProjects/CSCI_6234_Final/recordings/cam223/clips/2026/04/13/cam223_20260413T004144Z.mp4 (3110562 bytes)
[2026-04-12T20:42:17.517569] Starting 60-second capture -> /Users/Chen/PycharmProjects/CSCI_6234_Final/recordings/cam223/clips/2026/04/13/cam223_20260413T004217Z.mp4
[tls @ 0x7faed6f17380] IO error: End of file
[https @ 0x7faed6f1bf40] Error reading HTTP response: End of file
[tls @ 0x7faed6f17380] IO error: End of file
[https @ 0x7faed6f5e8c0] Error reading HTTP response: End of file
[tls @ 0x7faed7913180] IO error: End of file
[https @ 0x7faed79144c0] Error reading HTTP response: End of file
[tls @ 0x7faed7942540] IO error: End of file
[https @ 0x7faed7939140] Error reading HTTP response: End of file
[tls @ 0x7faed7916240] IO error: End of file
[https @ 0x7faed7926dc0] Error reading HTTP response: End of file
[tls @ 0x7faed7942540] IO error: End of file
[https @ 0x7faed79213c0] Error reading HTTP response: End of file
[tls @ 0x7faed6f17380] IO error: End of file
[https @ 0x7faed6f96f40] Error reading HTTP response: End of file
[2026-04-12T20:43:00.436501] Saved clip /Users/Chen/PycharmProjects/CSCI_6234_Final/recordings/cam223/clips/2026/04/13/cam223_20260413T004217Z.mp4 (3107690 bytes)
[2026-04-12T20:43:00.954878] Starting 60-second capture -> /Users/Chen/PycharmProjects/CSCI_6234_Final/recordings/cam223/clips/2026/04/13/cam223_20260413T004300Z.mp4
[tls @ 0x7f7957f0a4c0] IO error: End of file
[https @ 0x7f7957f0a400] Error reading HTTP response: End of file
[tls @ 0x7f7961114300] IO error: End of file
[https @ 0x7f79610319c0] Error reading HTTP response: End of file
[tls @ 0x7f7957f42980] IO error: End of file
[https @ 0x7f7957f2b500] Error reading HTTP response: End of file
[2026-04-12T20:43:34.681716] Recorder thread stopped
