[2026-04-12T16:17:35.056704] Recorder thread started
[2026-04-12T16:17:35.058307] Starting 60-second capture -> /Users/Chen/PycharmProjects/CSCI_6234_Final/recordings/cam208/clips/2026/04/12/cam208_20260412T201735Z.mp4
[tls @ 0x7fb584705c80] IO error: End of file
[https @ 0x7fb584705b40] Error reading HTTP response: End of file
[tls @ 0x7fb5847a5280] IO error: End of file
[https @ 0x7fb5847b7480] Error reading HTTP response: End of file
[tls @ 0x7fb584504b40] IO error: End of file
[https @ 0x7fb584504a40] Error reading HTTP response: End of file
[tls @ 0x7fb534004200] IO error: End of file
[https @ 0x7fb534004140] Error reading HTTP response: End of file
[tls @ 0x7fb58460cb00] IO error: End of file
[https @ 0x7fb58460c540] Error reading HTTP response: End of file
[tls @ 0x7fb584746f40] IO error: End of file
[https @ 0x7fb584759180] Error reading HTTP response: End of file
[2026-04-12T16:18:10.090280] Saved clip /Users/Chen/PycharmProjects/CSCI_6234_Final/recordings/cam208/clips/2026/04/12/cam208_20260412T201735Z.mp4 (3112638 bytes)
[2026-04-12T16:18:10.601276] Starting 60-second capture -> /Users/Chen/PycharmProjects/CSCI_6234_Final/recordings/cam208/clips/2026/04/12/cam208_20260412T201810Z.mp4
[tls @ 0x7fc2348048c0] IO error: End of file
[https @ 0x7fc234804800] Error reading HTTP response: End of file
[tls @ 0x7fc234930380] IO error: End of file
[https @ 0x7fc234948800] Error reading HTTP response: End of file
[tls @ 0x7fc2347282c0] IO error: End of file
[https @ 0x7fc234728040] Error reading HTTP response: End of file
[tls @ 0x7fc234839d40] IO error: End of file
[https @ 0x7fc23482f180] Error reading HTTP response: End of file
[2026-04-12T16:18:53.467619] Saved clip /Users/Chen/PycharmProjects/CSCI_6234_Final/recordings/cam208/clips/2026/04/12/cam208_20260412T201810Z.mp4 (3111472 bytes)
[2026-04-12T16:18:53.978429] Starting 60-second capture -> /Users/Chen/PycharmProjects/CSCI_6234_Final/recordings/cam208/clips/2026/04/12/cam208_20260412T201853Z.mp4
[tls @ 0x7faf96804500] IO error: End of file
[https @ 0x7faf968043c0] Error reading HTTP response: End of file
[tls @ 0x7faf9571e1c0] IO error: End of file
[https @ 0x7faf95714e80] Error reading HTTP response: End of file
[tls @ 0x7fafa62352c0] IO error: End of file
[https @ 0x7fafa6231e80] Error reading HTTP response: End of file
[tls @ 0x7fafa621c940] IO error: End of file
[https @ 0x7fafa626b100] Error reading HTTP response: End of file
[2026-04-12T16:19:29.316495] Saved clip /Users/Chen/PycharmProjects/CSCI_6234_Final/recordings/cam208/clips/2026/04/12/cam208_20260412T201853Z.mp4 (3111109 bytes)
[2026-04-12T16:19:29.827844] Starting 60-second capture -> /Users/Chen/PycharmProjects/CSCI_6234_Final/recordings/cam208/clips/2026/04/12/cam208_20260412T201929Z.mp4
[tls @ 0x7fc2ae0042c0] IO error: End of file
[https @ 0x7fc2ad704480] Error reading HTTP response: End of file
[tls @ 0x7fc2ae02f700] IO error: End of file
[https @ 0x7fc2ae0042c0] Error reading HTTP response: End of file
[tls @ 0x7fc2ad705a00] IO error: End of file
[https @ 0x7fc2ad7058c0] Error reading HTTP response: End of file
[tls @ 0x7fc2be2a6380] IO error: End of file
[https @ 0x7fc2be297180] Error reading HTTP response: End of file
[tls @ 0x7fc28d704240] IO error: End of file
[https @ 0x7fc28d704080] Error reading HTTP response: End of file
[tls @ 0x7fc2be30f380] IO error: End of file
[https @ 0x7fc2ae01abc0] Error reading HTTP response: End of file
[tls @ 0x7fc2ad72de40] IO error: End of file
[https @ 0x7fc2ae057fc0] Error reading HTTP response: End of file
[2026-04-12T16:20:12.462679] Saved clip /Users/Chen/PycharmProjects/CSCI_6234_Final/recordings/cam208/clips/2026/04/12/cam208_20260412T201929Z.mp4 (3113274 bytes)
[2026-04-12T16:20:12.968359] Starting 60-second capture -> /Users/Chen/PycharmProjects/CSCI_6234_Final/recordings/cam208/clips/2026/04/12/cam208_20260412T202012Z.mp4
[tls @ 0x7fa2254076c0] IO error: End of file
[https @ 0x7fa2254075c0] Error reading HTTP response: End of file
[tls @ 0x7fa22534f080] IO error: End of file
[https @ 0x7fa225340f80] Error reading HTTP response: End of file
[tls @ 0x7fa225553140] IO error: End of file
[https @ 0x7fa22554fec0] Error reading HTTP response: End of file
[tls @ 0x7fa22562dc00] IO error: End of file
[https @ 0x7fa225638d80] Error reading HTTP response: End of file
[tls @ 0x7fa225333c80] IO error: End of file
[https @ 0x7fa22533d380] Error reading HTTP response: End of file
[2026-04-12T16:20:55.430870] Saved clip /Users/Chen/PycharmProjects/CSCI_6234_Final/recordings/cam208/clips/2026/04/12/cam208_20260412T202012Z.mp4 (3103117 bytes)
[2026-04-12T16:20:55.939848] Starting 60-second capture -> /Users/Chen/PycharmProjects/CSCI_6234_Final/recordings/cam208/clips/2026/04/12/cam208_20260412T202055Z.mp4
[tls @ 0x7fe215204e40] IO error: End of file
[https @ 0x7fe215204d00] Error reading HTTP response: End of file
[tls @ 0x7fe215341480] IO error: End of file
[https @ 0x7fe215341200] Error reading HTTP response: End of file
[tls @ 0x7fe21530a3c0] IO error: End of file
[https @ 0x7fe215323ac0] Error reading HTTP response: End of file
[tls @ 0x7fe21520c340] IO error: End of file
[https @ 0x7fe215219e80] Error reading HTTP response: End of file
[tls @ 0x7fe215341480] IO error: End of file
[https @ 0x7fe215330140] Error reading HTTP response: End of file
[tls @ 0x7fe204727500] IO error: End of file
[https @ 0x7fe2047aa300] Error reading HTTP response: End of file
[2026-04-12T16:21:28.672565] Saved clip /Users/Chen/PycharmProjects/CSCI_6234_Final/recordings/cam208/clips/2026/04/12/cam208_20260412T202055Z.mp4 (3107209 bytes)
[2026-04-12T16:21:29.180261] Starting 60-second capture -> /Users/Chen/PycharmProjects/CSCI_6234_Final/recordings/cam208/clips/2026/04/12/cam208_20260412T202129Z.mp4
[tls @ 0x7fb78b305c80] IO error: End of file
[https @ 0x7fb78b305b40] Error reading HTTP response: End of file
[tls @ 0x7fb77b014280] IO error: End of file
[https @ 0x7fb78b31a7c0] Error reading HTTP response: End of file
[tls @ 0x7fb77b014280] IO error: End of file
[https @ 0x7fb77b00eec0] Error reading HTTP response: End of file
[tls @ 0x7fb77b004680] IO error: End of file
[https @ 0x7fb77b004580] Error reading HTTP response: End of file
[tls @ 0x7fb78b267bc0] IO error: End of file
[https @ 0x7fb78b27d300] Error reading HTTP response: End of file
[tls @ 0x7fb77b03e300] IO error: End of file
[https @ 0x7fb77b035280] Error reading HTTP response: End of file
[2026-04-12T16:22:11.724109] Saved clip /Users/Chen/PycharmProjects/CSCI_6234_Final/recordings/cam208/clips/2026/04/12/cam208_20260412T202129Z.mp4 (3109526 bytes)
[2026-04-12T16:22:12.235010] Starting 60-second capture -> /Users/Chen/PycharmProjects/CSCI_6234_Final/recordings/cam208/clips/2026/04/12/cam208_20260412T202212Z.mp4
[tls @ 0x7fa54af04680] IO error: End of file
[https @ 0x7fa54af04540] Error reading HTTP response: End of file
[tls @ 0x7fa55bc1c540] IO error: End of file
[https @ 0x7fa55bc2e780] Error reading HTTP response: End of file
[tls @ 0x7fa54b816600] IO error: End of file
[https @ 0x7fa54b829a80] Error reading HTTP response: End of file
[tls @ 0x7fa54af1f7c0] IO error: End of file
[https @ 0x7fa54af36540] Error reading HTTP response: End of file
[tls @ 0x7fa55bc04580] IO error: End of file
[https @ 0x7fa55bc6b880] Error reading HTTP response: End of file
[2026-04-12T16:22:54.786062] Saved clip /Users/Chen/PycharmProjects/CSCI_6234_Final/recordings/cam208/clips/2026/04/12/cam208_20260412T202212Z.mp4 (3111866 bytes)
[2026-04-12T16:22:55.295131] Starting 60-second capture -> /Users/Chen/PycharmProjects/CSCI_6234_Final/recordings/cam208/clips/2026/04/12/cam208_20260412T202255Z.mp4
[tls @ 0x7fe3f7904800] IO error: End of file
[https @ 0x7fe3f79046c0] Error reading HTTP response: End of file
[tls @ 0x7fe3f7a83380] IO error: End of file
[https @ 0x7fe3f7a7c940] Error reading HTTP response: End of file
[tls @ 0x7fe3f7905800] IO error: End of file
[https @ 0x7fe3f7905700] Error reading HTTP response: End of file
[tls @ 0x7fe3f7a83380] IO error: End of file
[https @ 0x7fe3f7a3bac0] Error reading HTTP response: End of file
[tls @ 0x7fe3e671fa80] IO error: End of file
[https @ 0x7fe3e6710080] Error reading HTTP response: End of file
[tls @ 0x7fe3f7922900] IO error: End of file
[https @ 0x7fe3f791f840] Error reading HTTP response: End of file
[tls @ 0x7fe3f7920500] IO error: End of file
[https @ 0x7fe3f792aec0] Error reading HTTP response: End of file
[tls @ 0x7fe3e673a380] IO error: End of file
[https @ 0x7fe3e6728500] Error reading HTTP response: End of file
[2026-04-12T16:23:38.457945] Saved clip /Users/Chen/PycharmProjects/CSCI_6234_Final/recordings/cam208/clips/2026/04/12/cam208_20260412T202255Z.mp4 (3112390 bytes)
[2026-04-12T16:23:38.965516] Starting 60-second capture -> /Users/Chen/PycharmProjects/CSCI_6234_Final/recordings/cam208/clips/2026/04/12/cam208_20260412T202338Z.mp4
[tls @ 0x7f8adf704280] IO error: End of file
[https @ 0x7f8adf704180] Error reading HTTP response: End of file
[tls @ 0x7f8adf7892c0] IO error: End of file
[https @ 0x7f8adf749180] Error reading HTTP response: End of file
[tls @ 0x7f8acf705780] IO error: End of file
[https @ 0x7f8acf705640] Error reading HTTP response: End of file
[tls @ 0x7f8acf709c40] IO error: End of file
[https @ 0x7f8acf704080] Error reading HTTP response: End of file
[tls @ 0x7f8ae908f440] IO error: End of file
[https @ 0x7f8ae90a1680] Error reading HTTP response: End of file
[tls @ 0x7f8ae901fd40] IO error: End of file
[https @ 0x7f8ae9043380] Error reading HTTP response: End of file
[tls @ 0x7f8acf704b00] IO error: End of file
[https @ 0x7f8acf704080] Error reading HTTP response: End of file
[2026-04-12T16:24:21.679699] Saved clip /Users/Chen/PycharmProjects/CSCI_6234_Final/recordings/cam208/clips/2026/04/12/cam208_20260412T202338Z.mp4 (3111293 bytes)
[2026-04-12T16:24:22.189891] Starting 60-second capture -> /Users/Chen/PycharmProjects/CSCI_6234_Final/recordings/cam208/clips/2026/04/12/cam208_20260412T202422Z.mp4
[tls @ 0x7fceed0043c0] IO error: End of file
[https @ 0x7fceed004280] Error reading HTTP response: End of file
[tls @ 0x7fcefd136300] IO error: End of file
[https @ 0x7fcefd1361c0] Error reading HTTP response: End of file
[tls @ 0x7fceed005540] IO error: End of file
[https @ 0x7fceed005480] Error reading HTTP response: End of file
[tls @ 0x7fceec731500] IO error: End of file
[https @ 0x7fceec72d8c0] Error reading HTTP response: End of file
[tls @ 0x7fcefd105f80] IO error: End of file
[https @ 0x7fcefd12b580] Error reading HTTP response: End of file
[tls @ 0x7fcefd25fbc0] IO error: End of file
[https @ 0x7fcefd252700] Error reading HTTP response: End of file
[tls @ 0x7fceec70b2c0] IO error: End of file
[https @ 0x7fceec705a00] Error reading HTTP response: End of file
[2026-04-12T16:25:05.719472] Saved clip /Users/Chen/PycharmProjects/CSCI_6234_Final/recordings/cam208/clips/2026/04/12/cam208_20260412T202422Z.mp4 (3109320 bytes)
[2026-04-12T16:25:06.229391] Starting 60-second capture -> /Users/Chen/PycharmProjects/CSCI_6234_Final/recordings/cam208/clips/2026/04/12/cam208_20260412T202506Z.mp4
[tls @ 0x7fca99804680] IO error: End of file
[https @ 0x7fca99804540] Error reading HTTP response: End of file
[tls @ 0x7fca999062c0] IO error: End of file
[https @ 0x7fca999061c0] Error reading HTTP response: End of file
[tls @ 0x7fca99909240] IO error: End of file
[https @ 0x7fca9990a0c0] Error reading HTTP response: End of file
[tls @ 0x7fca98f22140] IO error: End of file
[https @ 0x7fca98f3a8c0] Error reading HTTP response: End of file
[tls @ 0x7fca99909240] IO error: End of file
[https @ 0x7fca99929540] Error reading HTTP response: End of file
[tls @ 0x7fcaa996c840] IO error: End of file
[https @ 0x7fcaa996f7c0] Error reading HTTP response: End of file
[2026-04-12T16:25:39.362255] Saved clip /Users/Chen/PycharmProjects/CSCI_6234_Final/recordings/cam208/clips/2026/04/12/cam208_20260412T202506Z.mp4 (3117711 bytes)
[2026-04-12T16:25:39.872567] Starting 60-second capture -> /Users/Chen/PycharmProjects/CSCI_6234_Final/recordings/cam208/clips/2026/04/12/cam208_20260412T202539Z.mp4
[tls @ 0x7ff214104680] IO error: End of file
[https @ 0x7ff214104540] Error reading HTTP response: End of file
[tls @ 0x7ff21410a100] IO error: End of file
[https @ 0x7ff21410eb40] Error reading HTTP response: End of file
[tls @ 0x7ff2141092c0] IO error: End of file
[https @ 0x7ff214108680] Error reading HTTP response: End of file
[tls @ 0x7ff21410a100] IO error: End of file
[https @ 0x7ff21411c480] Error reading HTTP response: End of file
[tls @ 0x7ff214368d00] IO error: End of file
[https @ 0x7ff2143696c0] Error reading HTTP response: End of file
[tls @ 0x7ff214451100] IO error: End of file
[https @ 0x7ff214420740] Error reading HTTP response: End of file
[tls @ 0x7ff2144100c0] IO error: End of file
[https @ 0x7ff21446bc40] Error reading HTTP response: End of file
[2026-04-12T16:26:22.399840] Saved clip /Users/Chen/PycharmProjects/CSCI_6234_Final/recordings/cam208/clips/2026/04/12/cam208_20260412T202539Z.mp4 (3102945 bytes)
[2026-04-12T16:26:22.905267] Starting 60-second capture -> /Users/Chen/PycharmProjects/CSCI_6234_Final/recordings/cam208/clips/2026/04/12/cam208_20260412T202622Z.mp4
[tls @ 0x7fdad5804500] IO error: End of file
[https @ 0x7fdad58043c0] Error reading HTTP response: End of file
[tls @ 0x7fdae5b81800] IO error: End of file
[https @ 0x7fdae5b92500] Error reading HTTP response: End of file
[tls @ 0x7fdad58052c0] IO error: End of file
[https @ 0x7fdad58051c0] Error reading HTTP response: End of file
[tls @ 0x7fdae5804200] IO error: End of file
[https @ 0x7fdae5804100] Error reading HTTP response: End of file
[tls @ 0x7fdae5b81800] IO error: End of file
[https @ 0x7fdae5b92500] Error reading HTTP response: End of file
[tls @ 0x7fdae5a08d40] IO error: End of file
[https @ 0x7fdae5a072c0] Error reading HTTP response: End of file
[tls @ 0x7fdad5840700] IO error: End of file
[https @ 0x7fdad5841a00] Error reading HTTP response: End of file
[2026-04-12T16:27:05.883358] Saved clip /Users/Chen/PycharmProjects/CSCI_6234_Final/recordings/cam208/clips/2026/04/12/cam208_20260412T202622Z.mp4 (3110309 bytes)
[2026-04-12T16:27:06.395644] Starting 60-second capture -> /Users/Chen/PycharmProjects/CSCI_6234_Final/recordings/cam208/clips/2026/04/12/cam208_20260412T202706Z.mp4
[tls @ 0x7fe007004840] IO error: End of file
[https @ 0x7fe007004700] Error reading HTTP response: End of file
[tls @ 0x7fdff6f36500] IO error: End of file
[https @ 0x7fdff6f37840] Error reading HTTP response: End of file
[tls @ 0x7fe006f1e500] IO error: End of file
[https @ 0x7fe006f27680] Error reading HTTP response: End of file
[tls @ 0x7fe00715c380] IO error: End of file
[https @ 0x7fe007151280] Error reading HTTP response: End of file
[tls @ 0x7fdff6f45a00] IO error: End of file
[https @ 0x7fdff6f50280] Error reading HTTP response: End of file
[tls @ 0x7fe007158300] IO error: End of file
[https @ 0x7fe00711bc80] Error reading HTTP response: End of file
[2026-04-12T16:27:39.344672] Saved clip /Users/Chen/PycharmProjects/CSCI_6234_Final/recordings/cam208/clips/2026/04/12/cam208_20260412T202706Z.mp4 (3113658 bytes)
[2026-04-12T16:27:39.849850] Starting 60-second capture -> /Users/Chen/PycharmProjects/CSCI_6234_Final/recordings/cam208/clips/2026/04/12/cam208_20260412T202739Z.mp4
[tls @ 0x7f8c96405b00] IO error: End of file
[https @ 0x7f8c964059c0] Error reading HTTP response: End of file
[tls @ 0x7f8c861403c0] IO error: End of file
[https @ 0x7f8c86158000] Error reading HTTP response: End of file
[tls @ 0x7f8c860051c0] IO error: End of file
[https @ 0x7f8c86005080] Error reading HTTP response: End of file
[tls @ 0x7f8c86033680] IO error: End of file
[https @ 0x7f8c8601b380] Error reading HTTP response: End of file
[tls @ 0x7f8c861403c0] IO error: End of file
[https @ 0x7f8c86158000] Error reading HTTP response: End of file
[tls @ 0x7f8c861263c0] IO error: End of file
[https @ 0x7f8c86128700] Error reading HTTP response: End of file
[tls @ 0x7f8c85725880] IO error: Connection reset by peer
[https @ 0x7f8c85737700] Error reading HTTP response: Connection reset by peer
[in#0/hls @ 0x7f8c96104640] keepalive request failed for 'https://itsvideo.arlingtonva.us:8013/live/cam208.stream/media_w658670886_243530.ts' with error: 'Connection reset by peer' when opening url, retrying with new connection
[2026-04-12T16:28:29.539726] Saved clip /Users/Chen/PycharmProjects/CSCI_6234_Final/recordings/cam208/clips/2026/04/12/cam208_20260412T202739Z.mp4 (3110472 bytes)
[2026-04-12T16:28:30.045971] Starting 60-second capture -> /Users/Chen/PycharmProjects/CSCI_6234_Final/recordings/cam208/clips/2026/04/12/cam208_20260412T202830Z.mp4
[tls @ 0x7fcbfb404500] IO error: End of file
[https @ 0x7fcbfb4043c0] Error reading HTTP response: End of file
[tls @ 0x7fcbfb322d40] IO error: End of file
[https @ 0x7fcbfb331580] Error reading HTTP response: End of file
[tls @ 0x7fcbfb6049c0] IO error: End of file
[https @ 0x7fcbfb6048c0] Error reading HTTP response: End of file
[tls @ 0x7fcbfb636e00] IO error: End of file
[https @ 0x7fcbfb604180] Error reading HTTP response: End of file
[tls @ 0x7fcbfb46c340] IO error: End of file
[https @ 0x7fcbfb473000] Error reading HTTP response: End of file
[tls @ 0x7fcbfb554280] IO error: End of file
[https @ 0x7fcbfb551040] Error reading HTTP response: End of file
[tls @ 0x7fcbfb5501c0] IO error: End of file
[https @ 0x7fcbfb557fc0] Error reading HTTP response: End of file
[2026-04-12T16:29:12.546757] Saved clip /Users/Chen/PycharmProjects/CSCI_6234_Final/recordings/cam208/clips/2026/04/12/cam208_20260412T202830Z.mp4 (3109365 bytes)
[2026-04-12T16:29:13.056856] Starting 60-second capture -> /Users/Chen/PycharmProjects/CSCI_6234_Final/recordings/cam208/clips/2026/04/12/cam208_20260412T202913Z.mp4
[tls @ 0x7f78e1c04980] IO error: End of file
[https @ 0x7f78e1c048c0] Error reading HTTP response: End of file
[tls @ 0x7f78e1e37440] IO error: End of file
[https @ 0x7f78e1e45680] Error reading HTTP response: End of file
[tls @ 0x7f78e1e09740] IO error: End of file
[https @ 0x7f78e1e0e100] Error reading HTTP response: End of file
[tls @ 0x7f78e1c5c1c0] IO error: End of file
[https @ 0x7f78e1c41fc0] Error reading HTTP response: End of file
[tls @ 0x7f78e1b59d80] IO error: End of file
[https @ 0x7f78e1b54fc0] Error reading HTTP response: End of file
[tls @ 0x7f78e1c5c1c0] IO error: End of file
[https @ 0x7f78e1c3ce40] Error reading HTTP response: End of file
[tls @ 0x7f78e1b2a300] IO error: End of file
[https @ 0x7f78e1b2cd40] Error reading HTTP response: End of file
[2026-04-12T16:29:55.812596] Saved clip /Users/Chen/PycharmProjects/CSCI_6234_Final/recordings/cam208/clips/2026/04/12/cam208_20260412T202913Z.mp4 (3110936 bytes)
[2026-04-12T16:29:56.329889] Starting 60-second capture -> /Users/Chen/PycharmProjects/CSCI_6234_Final/recordings/cam208/clips/2026/04/12/cam208_20260412T202956Z.mp4
[tls @ 0x7f8d67206480] IO error: End of file
[https @ 0x7f8d67206340] Error reading HTTP response: End of file
[tls @ 0x7f8d56744f80] IO error: End of file
[https @ 0x7f8d56726940] Error reading HTTP response: End of file
[tls @ 0x7f8d67414f80] IO error: End of file
[https @ 0x7f8d67416280] Error reading HTTP response: End of file
[tls @ 0x7f8d6742b4c0] IO error: End of file
[https @ 0x7f8d6742bcc0] Error reading HTTP response: End of file
[tls @ 0x7f8d67323240] IO error: End of file
[https @ 0x7f8d6735f800] Error reading HTTP response: End of file
[tls @ 0x7f8d6740be80] IO error: End of file
[https @ 0x7f8d67407200] Error reading HTTP response: End of file
[2026-04-12T16:30:28.686076] Saved clip /Users/Chen/PycharmProjects/CSCI_6234_Final/recordings/cam208/clips/2026/04/12/cam208_20260412T202956Z.mp4 (3105119 bytes)
[2026-04-12T16:30:29.200178] Starting 60-second capture -> /Users/Chen/PycharmProjects/CSCI_6234_Final/recordings/cam208/clips/2026/04/12/cam208_20260412T203029Z.mp4
[tls @ 0x7fa5bbf04680] IO error: End of file
[https @ 0x7fa5bbf04540] Error reading HTTP response: End of file
[tls @ 0x7fa5cc904d40] IO error: End of file
[https @ 0x7fa5cc904c00] Error reading HTTP response: End of file
[tls @ 0x7fa5bbf231c0] IO error: End of file
[https @ 0x7fa5bbf1c780] Error reading HTTP response: End of file
[tls @ 0x7fa5cca69140] IO error: End of file
[https @ 0x7fa5cca6fc80] Error reading HTTP response: End of file
[tls @ 0x7fa5cc914400] IO error: End of file
[https @ 0x7fa5cc92d080] Error reading HTTP response: End of file
[tls @ 0x7fa5cca69140] IO error: End of file
[https @ 0x7fa5cca18900] Error reading HTTP response: End of file
[tls @ 0x7fa5bc806880] IO error: End of file
[https @ 0x7fa5bc848800] Error reading HTTP response: End of file
[tls @ 0x7fa5bc85cec0] IO error: End of file
[https @ 0x7fa5bc820880] Error reading HTTP response: End of file
[2026-04-12T16:31:12.064380] Saved clip /Users/Chen/PycharmProjects/CSCI_6234_Final/recordings/cam208/clips/2026/04/12/cam208_20260412T203029Z.mp4 (3103012 bytes)
[2026-04-12T16:31:12.576996] Starting 60-second capture -> /Users/Chen/PycharmProjects/CSCI_6234_Final/recordings/cam208/clips/2026/04/12/cam208_20260412T203112Z.mp4
[tls @ 0x7f9fbff05480] IO error: End of file
[https @ 0x7f9fbff04f40] Error reading HTTP response: End of file
[tls @ 0x7f9fd9052d00] IO error: End of file
[https @ 0x7f9fd905c4c0] Error reading HTTP response: End of file
[tls @ 0x7f9fd9052d00] IO error: End of file
[https @ 0x7f9fd905ac40] Error reading HTTP response: End of file
[tls @ 0x7f9fc8836e40] IO error: End of file
[https @ 0x7f9fc8833240] Error reading HTTP response: End of file
[2026-04-12T16:31:56.226227] Saved clip /Users/Chen/PycharmProjects/CSCI_6234_Final/recordings/cam208/clips/2026/04/12/cam208_20260412T203112Z.mp4 (3115547 bytes)
[2026-04-12T16:31:56.737054] Starting 60-second capture -> /Users/Chen/PycharmProjects/CSCI_6234_Final/recordings/cam208/clips/2026/04/12/cam208_20260412T203156Z.mp4
[tls @ 0x7fd397704a00] IO error: End of file
[https @ 0x7fd397704480] Error reading HTTP response: End of file
[tls @ 0x7fd3a001c780] IO error: End of file
[https @ 0x7fd3a0018d80] Error reading HTTP response: End of file
[tls @ 0x7fd3a001e240] IO error: End of file
[https @ 0x7fd3a001e800] Error reading HTTP response: End of file
[tls @ 0x7fd3a770f140] IO error: End of file
[https @ 0x7fd3a770f080] Error reading HTTP response: End of file
[tls @ 0x7fd3a7714340] IO error: End of file
[https @ 0x7fd3a773ac40] Error reading HTTP response: End of file
[tls @ 0x7fd3a01044c0] IO error: End of file
[https @ 0x7fd3a0116f00] Error reading HTTP response: End of file
[tls @ 0x7fd3a0006c00] IO error: End of file
[https @ 0x7fd3a004aec0] Error reading HTTP response: End of file
[tls @ 0x7fd397707d00] IO error: End of file
[https @ 0x7fd397768b80] Error reading HTTP response: End of file
[2026-04-12T16:32:39.759834] Saved clip /Users/Chen/PycharmProjects/CSCI_6234_Final/recordings/cam208/clips/2026/04/12/cam208_20260412T203156Z.mp4 (3104051 bytes)
[2026-04-12T16:32:40.271883] Starting 60-second capture -> /Users/Chen/PycharmProjects/CSCI_6234_Final/recordings/cam208/clips/2026/04/12/cam208_20260412T203240Z.mp4
[tls @ 0x7fd938804680] IO error: End of file
[https @ 0x7fd938804540] Error reading HTTP response: End of file
[tls @ 0x7fd91ff36000] IO error: End of file
[https @ 0x7fd91ff3e740] Error reading HTTP response: End of file
[tls @ 0x7fd93880a0c0] IO error: End of file
[https @ 0x7fd938817780] Error reading HTTP response: End of file
[tls @ 0x7fd92ff30b00] IO error: End of file
[https @ 0x7fd92ff25780] Error reading HTTP response: End of file
[tls @ 0x7fd92ff06c00] IO error: End of file
[https @ 0x7fd92ff47f80] Error reading HTTP response: End of file
[tls @ 0x7fd92ff05800] IO error: End of file
[https @ 0x7fd92ff4c200] Error reading HTTP response: End of file
[tls @ 0x7fd91ff6a340] IO error: End of file
[https @ 0x7fd91ff3e740] Error reading HTTP response: End of file
[2026-04-12T16:33:23.256872] Saved clip /Users/Chen/PycharmProjects/CSCI_6234_Final/recordings/cam208/clips/2026/04/12/cam208_20260412T203240Z.mp4 (3114065 bytes)
[2026-04-12T16:33:23.768003] Starting 60-second capture -> /Users/Chen/PycharmProjects/CSCI_6234_Final/recordings/cam208/clips/2026/04/12/cam208_20260412T203323Z.mp4
[tls @ 0x7fe767705b40] IO error: End of file
[https @ 0x7fe767705a00] Error reading HTTP response: End of file
[tls @ 0x7fe767717200] IO error: End of file
[https @ 0x7fe767716d80] Error reading HTTP response: End of file
[tls @ 0x7fe767733980] IO error: End of file
[https @ 0x7fe76772cc80] Error reading HTTP response: End of file
[tls @ 0x7fe767732840] IO error: End of file
[https @ 0x7fe767708380] Error reading HTTP response: End of file
[tls @ 0x7fe7700396c0] IO error: End of file
[https @ 0x7fe77003a2c0] Error reading HTTP response: End of file
[tls @ 0x7fe757731040] IO error: End of file
[https @ 0x7fe75773f800] Error reading HTTP response: End of file
[tls @ 0x7fe757755100] IO error: End of file
[https @ 0x7fe757738400] Error reading HTTP response: End of file
[tls @ 0x7fe770029080] IO error: End of file
[https @ 0x7fe77004fb00] Error reading HTTP response: End of file
[2026-04-12T16:34:06.083484] Saved clip /Users/Chen/PycharmProjects/CSCI_6234_Final/recordings/cam208/clips/2026/04/12/cam208_20260412T203323Z.mp4 (3112078 bytes)
[2026-04-12T16:34:06.593563] Starting 60-second capture -> /Users/Chen/PycharmProjects/CSCI_6234_Final/recordings/cam208/clips/2026/04/12/cam208_20260412T203406Z.mp4
[tls @ 0x7f7dfd43fb40] IO error: End of file
[https @ 0x7f7dfd45d2c0] Error reading HTTP response: End of file
[tls @ 0x7f7dfd47f740] IO error: Connection reset by peer
[https @ 0x7f7dfd46bac0] Error reading HTTP response: Connection reset by peer
[in#0/hls @ 0x7f7dfc707e40] keepalive request failed for 'https://itsvideo.arlingtonva.us:8013/live/cam208.stream/media_w961804424_243566.ts' with error: 'Connection reset by peer' when opening url, retrying with new connection
[tls @ 0x7f7dfd43fb40] IO error: End of file
[https @ 0x7f7dfd4502c0] Error reading HTTP response: End of file
[tls @ 0x7f7dfd20cec0] IO error: End of file
[https @ 0x7f7dfd2484c0] Error reading HTTP response: End of file
[tls @ 0x7f7dfd146440] IO error: End of file
[https @ 0x7f7dfd16adc0] Error reading HTTP response: End of file
[tls @ 0x7f7dfd365840] IO error: End of file
[https @ 0x7f7dfd361240] Error reading HTTP response: End of file
[2026-04-12T16:34:39.043913] Saved clip /Users/Chen/PycharmProjects/CSCI_6234_Final/recordings/cam208/clips/2026/04/12/cam208_20260412T203406Z.mp4 (3111492 bytes)
[2026-04-12T16:34:39.557490] Starting 60-second capture -> /Users/Chen/PycharmProjects/CSCI_6234_Final/recordings/cam208/clips/2026/04/12/cam208_20260412T203439Z.mp4
[tls @ 0x7fe959e0a780] IO error: End of file
[https @ 0x7fe959e15c80] Error reading HTTP response: End of file
[tls @ 0x7fe959f342c0] IO error: End of file
[https @ 0x7fe959f37d40] Error reading HTTP response: End of file
[tls @ 0x7fe95d8082c0] IO error: End of file
[https @ 0x7fe95d83fec0] Error reading HTTP response: End of file
[tls @ 0x7fe95d84bc00] IO error: End of file
[https @ 0x7fe95d848040] Error reading HTTP response: End of file
[tls @ 0x7fe95d8082c0] IO error: End of file
[https @ 0x7fe95d848100] Error reading HTTP response: End of file
[tls @ 0x7fe959d696c0] IO error: Connection reset by peer
[https @ 0x7fe959d9fc00] Error reading HTTP response: Connection reset by peer
[in#0/hls @ 0x7fe959904540] Failed to reload playlist 0
[tls @ 0x7fe959e30700] IO error: End of file
[https @ 0x7fe959e21b00] Error reading HTTP response: End of file
[tls @ 0x7fe959f25800] IO error: End of file
[https @ 0x7fe959f2afc0] Error reading HTTP response: End of file
[in#0/hls @ 0x7fe959904340] Error during demuxing: Connection reset by peer
[2026-04-12T16:35:32.974695] Saved clip /Users/Chen/PycharmProjects/CSCI_6234_Final/recordings/cam208/clips/2026/04/12/cam208_20260412T203439Z.mp4 (3111626 bytes)
[2026-04-12T16:35:33.486280] Starting 60-second capture -> /Users/Chen/PycharmProjects/CSCI_6234_Final/recordings/cam208/clips/2026/04/12/cam208_20260412T203533Z.mp4
[tls @ 0x7fba0fb04680] IO error: End of file
[https @ 0x7fba0fb04540] Error reading HTTP response: End of file
[tls @ 0x7fba0f908580] IO error: End of file
[https @ 0x7fba0f9084c0] Error reading HTTP response: End of file
[tls @ 0x7fba0fa54140] IO error: End of file
[https @ 0x7fb9ff754700] Error reading HTTP response: End of file
[tls @ 0x7fba0f955d40] IO error: End of file
[https @ 0x7fba0fa2a700] Error reading HTTP response: End of file
[tls @ 0x7fba0f91c600] IO error: End of file
[https @ 0x7fba0f91f2c0] Error reading HTTP response: End of file
[tls @ 0x7fba0f95c180] IO error: End of file
[https @ 0x7fba0f95c5c0] Error reading HTTP response: End of file
[tls @ 0x7fba0f91f440] IO error: End of file
[https @ 0x7fba0f91f380] Error reading HTTP response: End of file
[tls @ 0x7fba0f945e00] IO error: End of file
[https @ 0x7fba0f940680] Error reading HTTP response: End of file
[2026-04-12T16:36:16.365099] Saved clip /Users/Chen/PycharmProjects/CSCI_6234_Final/recordings/cam208/clips/2026/04/12/cam208_20260412T203533Z.mp4 (3105208 bytes)
[2026-04-12T16:36:16.882592] Starting 60-second capture -> /Users/Chen/PycharmProjects/CSCI_6234_Final/recordings/cam208/clips/2026/04/12/cam208_20260412T203616Z.mp4
[tls @ 0x7f8832a04200] IO error: End of file
[https @ 0x7f8821f04a00] Error reading HTTP response: End of file
[tls @ 0x7f8822811b00] IO error: End of file
[https @ 0x7f8822811a40] Error reading HTTP response: End of file
[tls @ 0x7f8822940500] IO error: End of file
[https @ 0x7f882294b8c0] Error reading HTTP response: End of file
[tls @ 0x7f8832a406c0] IO error: End of file
[https @ 0x7f8832a49600] Error reading HTTP response: End of file
[tls @ 0x7f8832a2d180] IO error: End of file
[https @ 0x7f8832a2c3c0] Error reading HTTP response: End of file
[tls @ 0x7f8821f4a240] IO error: End of file
[https @ 0x7f8821f517c0] Error reading HTTP response: End of file
[tls @ 0x7f8832a04200] IO error: End of file
[https @ 0x7f8832a16740] Error reading HTTP response: End of file
[tls @ 0x7f8821f4a240] IO error: End of file
[https @ 0x7f882280c1c0] Error reading HTTP response: End of file
[2026-04-12T16:36:59.688166] Saved clip /Users/Chen/PycharmProjects/CSCI_6234_Final/recordings/cam208/clips/2026/04/12/cam208_20260412T203616Z.mp4 (3111750 bytes)
[2026-04-12T16:37:00.203141] Starting 60-second capture -> /Users/Chen/PycharmProjects/CSCI_6234_Final/recordings/cam208/clips/2026/04/12/cam208_20260412T203700Z.mp4
[tls @ 0x7f7ba1104b00] IO error: End of file
[https @ 0x7f7ba11049c0] Error reading HTTP response: End of file
[tls @ 0x7f7ba1238a40] IO error: End of file
[https @ 0x7f7ba12364c0] Error reading HTTP response: End of file
[tls @ 0x7f7ba1014f40] IO error: End of file
[https @ 0x7f7ba1028f40] Error reading HTTP response: End of file
[tls @ 0x7f7ba7f07a80] IO error: End of file
[https @ 0x7f7ba7f07980] Error reading HTTP response: End of file
[2026-04-12T16:37:43.602120] Saved clip /Users/Chen/PycharmProjects/CSCI_6234_Final/recordings/cam208/clips/2026/04/12/cam208_20260412T203700Z.mp4 (3108947 bytes)
[2026-04-12T16:37:44.116511] Starting 60-second capture -> /Users/Chen/PycharmProjects/CSCI_6234_Final/recordings/cam208/clips/2026/04/12/cam208_20260412T203744Z.mp4
[tls @ 0x7fee40108640] IO error: End of file
[https @ 0x7fee4010f300] Error reading HTTP response: End of file
[tls @ 0x7fee37720680] IO error: End of file
[https @ 0x7fee3772d480] Error reading HTTP response: End of file
[tls @ 0x7fee4001f300] IO error: End of file
[https @ 0x7fee4000abc0] Error reading HTTP response: End of file
[tls @ 0x7fee4001f300] IO error: End of file
[https @ 0x7fee40063800] Error reading HTTP response: End of file
[tls @ 0x7fee4001f300] IO error: End of file
[https @ 0x7fee4000abc0] Error reading HTTP response: End of file
[2026-04-12T16:38:26.933817] Saved clip /Users/Chen/PycharmProjects/CSCI_6234_Final/recordings/cam208/clips/2026/04/12/cam208_20260412T203744Z.mp4 (3104319 bytes)
[2026-04-12T16:38:27.446384] Starting 60-second capture -> /Users/Chen/PycharmProjects/CSCI_6234_Final/recordings/cam208/clips/2026/04/12/cam208_20260412T203827Z.mp4
[tls @ 0x7f7a3d304500] IO error: End of file
[https @ 0x7f7a3d3043c0] Error reading HTTP response: End of file
[tls @ 0x7f7a3d40f400] IO error: End of file
[https @ 0x7f7a3d411940] Error reading HTTP response: End of file
[tls @ 0x7f7a3d317180] IO error: End of file
[https @ 0x7f7a3d319780] Error reading HTTP response: End of file
[tls @ 0x7f7a3d52e540] IO error: End of file
[https @ 0x7f7a3d52cfc0] Error reading HTTP response: End of file
[tls @ 0x7f7a3d352a40] IO error: End of file
[https @ 0x7f7a3d386700] Error reading HTTP response: End of file
[tls @ 0x7f7a3d306b40] IO error: End of file
[https @ 0x7f7a3d39d5c0] Error reading HTTP response: End of file
[tls @ 0x7f7a3d537080] IO error: End of file
[https @ 0x7f7a3d512400] Error reading HTTP response: End of file
[2026-04-12T16:39:10.435343] Saved clip /Users/Chen/PycharmProjects/CSCI_6234_Final/recordings/cam208/clips/2026/04/12/cam208_20260412T203827Z.mp4 (3109356 bytes)
[2026-04-12T16:39:10.941955] Starting 60-second capture -> /Users/Chen/PycharmProjects/CSCI_6234_Final/recordings/cam208/clips/2026/04/12/cam208_20260412T203910Z.mp4
[tls @ 0x7fc787705100] IO error: End of file
[https @ 0x7fc787704b80] Error reading HTTP response: End of file
[tls @ 0x7fc7900718c0] IO error: End of file
[https @ 0x7fc79006dd00] Error reading HTTP response: End of file
[tls @ 0x7fc79010b400] IO error: End of file
[https @ 0x7fc79010b340] Error reading HTTP response: End of file
[tls @ 0x7fc7900718c0] IO error: End of file
[https @ 0x7fc79006aec0] Error reading HTTP response: End of file
[tls @ 0x7fc797733f00] IO error: End of file
[https @ 0x7fc7977345c0] Error reading HTTP response: End of file
[tls @ 0x7fc7900718c0] IO error: End of file
[https @ 0x7fc7900526c0] Error reading HTTP response: End of file
[tls @ 0x7fc7900645c0] IO error: End of file
[https @ 0x7fc79006aec0] Error reading HTTP response: End of file
[2026-04-12T16:39:53.540748] Saved clip /Users/Chen/PycharmProjects/CSCI_6234_Final/recordings/cam208/clips/2026/04/12/cam208_20260412T203910Z.mp4 (3109074 bytes)
[2026-04-12T16:39:54.053352] Starting 60-second capture -> /Users/Chen/PycharmProjects/CSCI_6234_Final/recordings/cam208/clips/2026/04/12/cam208_20260412T203954Z.mp4
[tls @ 0x7f9aad004500] IO error: End of file
[https @ 0x7f9aad0043c0] Error reading HTTP response: End of file
[tls @ 0x7f9aad015600] IO error: End of file
[https @ 0x7f9aad023fc0] Error reading HTTP response: End of file
[tls @ 0x7f9aad142240] IO error: End of file
[https @ 0x7f9aad13fdc0] Error reading HTTP response: End of file
[tls @ 0x7f9aac705b80] IO error: End of file
[https @ 0x7f9aac7046c0] Error reading HTTP response: End of file
[tls @ 0x7f9abd22b980] IO error: End of file
[https @ 0x7f9abd20ec00] Error reading HTTP response: End of file
[tls @ 0x7f9aad03f140] IO error: End of file
[https @ 0x7f9aad044ac0] Error reading HTTP response: End of file
[tls @ 0x7f9aad12f9c0] IO error: End of file
[https @ 0x7f9aad12f180] Error reading HTTP response: End of file
[tls @ 0x7f9aad04d200] IO error: End of file
[https @ 0x7f9aad04b9c0] Error reading HTTP response: End of file
[2026-04-12T16:40:36.521973] Saved clip /Users/Chen/PycharmProjects/CSCI_6234_Final/recordings/cam208/clips/2026/04/12/cam208_20260412T203954Z.mp4 (3109167 bytes)
[2026-04-12T16:40:37.036038] Starting 60-second capture -> /Users/Chen/PycharmProjects/CSCI_6234_Final/recordings/cam208/clips/2026/04/12/cam208_20260412T204037Z.mp4
[tls @ 0x7fcd25a049c0] IO error: End of file
[https @ 0x7fcd25c04780] Error reading HTTP response: End of file
[tls @ 0x7fcd25a4b540] IO error: End of file
[https @ 0x7fcd25a049c0] Error reading HTTP response: End of file
[tls @ 0x7fcd1472d780] IO error: End of file
[https @ 0x7fcd14731ac0] Error reading HTTP response: End of file
[tls @ 0x7fcd25b26e80] IO error: End of file
[https @ 0x7fcd25b2d740] Error reading HTTP response: End of file
[2026-04-12T16:41:20.090306] Saved clip /Users/Chen/PycharmProjects/CSCI_6234_Final/recordings/cam208/clips/2026/04/12/cam208_20260412T204037Z.mp4 (3112129 bytes)
[2026-04-12T16:41:20.600024] Starting 60-second capture -> /Users/Chen/PycharmProjects/CSCI_6234_Final/recordings/cam208/clips/2026/04/12/cam208_20260412T204120Z.mp4
[tls @ 0x7f8c57005980] IO error: End of file
[https @ 0x7f8c567047c0] Error reading HTTP response: End of file
[tls @ 0x7f8c57053d40] IO error: End of file
[https @ 0x7f8c57058700] Error reading HTTP response: End of file
[tls @ 0x7f8c46706b80] IO error: End of file
[https @ 0x7f8c46708900] Error reading HTTP response: End of file
[tls @ 0x7f8c56761940] IO error: End of file
[https @ 0x7f8c5671fc80] Error reading HTTP response: End of file
[tls @ 0x7f8c5670eb00] IO error: End of file
[https @ 0x7f8c56714f40] Error reading HTTP response: End of file
[tls @ 0x7f8c467577c0] IO error: End of file
[https @ 0x7f8c4674ae00] Error reading HTTP response: End of file
[tls @ 0x7f8c4701dd80] IO error: End of file
[https @ 0x7f8c4702b980] Error reading HTTP response: End of file
[2026-04-12T16:42:03.394236] Saved clip /Users/Chen/PycharmProjects/CSCI_6234_Final/recordings/cam208/clips/2026/04/12/cam208_20260412T204120Z.mp4 (3113160 bytes)
[2026-04-12T16:42:03.901612] Starting 60-second capture -> /Users/Chen/PycharmProjects/CSCI_6234_Final/recordings/cam208/clips/2026/04/12/cam208_20260412T204203Z.mp4
[tls @ 0x7f7efff045c0] IO error: End of file
[https @ 0x7f7f088040c0] Error reading HTTP response: End of file
[tls @ 0x7f7f0893c2c0] IO error: End of file
[https @ 0x7f7f08967140] Error reading HTTP response: End of file
[tls @ 0x7f7eeff17540] IO error: End of file
[https @ 0x7f7eeff13300] Error reading HTTP response: End of file
[tls @ 0x7f7f0893c2c0] IO error: End of file
[https @ 0x7f7f08964680] Error reading HTTP response: End of file
[tls @ 0x7f7f0882d980] IO error: End of file
[https @ 0x7f7f0883ad00] Error reading HTTP response: End of file
[2026-04-12T16:42:47.067894] Saved clip /Users/Chen/PycharmProjects/CSCI_6234_Final/recordings/cam208/clips/2026/04/12/cam208_20260412T204203Z.mp4 (3112257 bytes)
[2026-04-12T16:42:47.584707] Starting 60-second capture -> /Users/Chen/PycharmProjects/CSCI_6234_Final/recordings/cam208/clips/2026/04/12/cam208_20260412T204247Z.mp4
[tls @ 0x7faf7e904640] IO error: End of file
[https @ 0x7faf6df04540] Error reading HTTP response: End of file
[tls @ 0x7faf7e914300] IO error: End of file
[https @ 0x7faf7e928cc0] Error reading HTTP response: End of file
[tls @ 0x7faf7eb55240] IO error: End of file
[https @ 0x7faf7eb48880] Error reading HTTP response: End of file
[tls @ 0x7faf7ea30ec0] IO error: End of file
[https @ 0x7faf7ea30b00] Error reading HTTP response: End of file
[2026-04-12T16:43:31.234023] Saved clip /Users/Chen/PycharmProjects/CSCI_6234_Final/recordings/cam208/clips/2026/04/12/cam208_20260412T204247Z.mp4 (3113841 bytes)
[2026-04-12T16:43:31.739230] Starting 60-second capture -> /Users/Chen/PycharmProjects/CSCI_6234_Final/recordings/cam208/clips/2026/04/12/cam208_20260412T204331Z.mp4
[tls @ 0x7f8fe1304680] IO error: End of file
[https @ 0x7f8fe1304540] Error reading HTTP response: End of file
[tls @ 0x7f8fe1431080] IO error: End of file
[https @ 0x7f8fe14414c0] Error reading HTTP response: End of file
[tls @ 0x7f8fe1304540] IO error: End of file
[https @ 0x7f8fe1328940] Error reading HTTP response: End of file
[tls @ 0x7f8fe1407140] IO error: End of file
[https @ 0x7f8fe1407080] Error reading HTTP response: End of file
[tls @ 0x7f8fd072d0c0] IO error: End of file
[https @ 0x7f8fd0723180] Error reading HTTP response: End of file
[tls @ 0x7f8fe122c000] IO error: End of file
[https @ 0x7f8fe1230640] Error reading HTTP response: End of file
[2026-04-12T16:44:14.508497] Saved clip /Users/Chen/PycharmProjects/CSCI_6234_Final/recordings/cam208/clips/2026/04/12/cam208_20260412T204331Z.mp4 (3107848 bytes)
[2026-04-12T16:44:15.017179] Starting 60-second capture -> /Users/Chen/PycharmProjects/CSCI_6234_Final/recordings/cam208/clips/2026/04/12/cam208_20260412T204415Z.mp4
[tls @ 0x7f7ab6f04680] IO error: End of file
[https @ 0x7f7ab6f04540] Error reading HTTP response: End of file
[tls @ 0x7f7ab7a2c780] IO error: End of file
[https @ 0x7f7ab7a4fd80] Error reading HTTP response: End of file
[tls @ 0x7f7ab791a900] IO error: End of file
[https @ 0x7f7ab7922700] Error reading HTTP response: End of file
[tls @ 0x7f7ab6f1d300] IO error: End of file
[https @ 0x7f7ab6f2f100] Error reading HTTP response: End of file
[tls @ 0x7f7ab79854c0] IO error: End of file
[https @ 0x7f7ab79818c0] Error reading HTTP response: End of file
[tls @ 0x7f7ab7a22f80] IO error: End of file
[https @ 0x7f7ab7a23800] Error reading HTTP response: End of file
[2026-04-12T16:44:57.589414] Saved clip /Users/Chen/PycharmProjects/CSCI_6234_Final/recordings/cam208/clips/2026/04/12/cam208_20260412T204415Z.mp4 (3106745 bytes)
[2026-04-12T16:44:58.103634] Starting 60-second capture -> /Users/Chen/PycharmProjects/CSCI_6234_Final/recordings/cam208/clips/2026/04/12/cam208_20260412T204458Z.mp4
[tls @ 0x7fdff93063c0] IO error: End of file
[https @ 0x7fdff93062c0] Error reading HTTP response: End of file
[tls @ 0x7fdff922c600] IO error: End of file
[https @ 0x7fdff924a400] Error reading HTTP response: End of file
[tls @ 0x7fdff922c600] IO error: End of file
[https @ 0x7fdff9214980] Error reading HTTP response: End of file
[tls @ 0x7fdff922c600] IO error: End of file
[https @ 0x7fdff924a400] Error reading HTTP response: End of file
[2026-04-12T16:45:40.655008] Saved clip /Users/Chen/PycharmProjects/CSCI_6234_Final/recordings/cam208/clips/2026/04/12/cam208_20260412T204458Z.mp4 (3110743 bytes)
[2026-04-12T16:45:41.166682] Starting 60-second capture -> /Users/Chen/PycharmProjects/CSCI_6234_Final/recordings/cam208/clips/2026/04/12/cam208_20260412T204541Z.mp4
[tls @ 0x7f9909704380] IO error: End of file
[https @ 0x7f9909704240] Error reading HTTP response: End of file
[tls @ 0x7f9909722900] IO error: End of file
[https @ 0x7f990970b0c0] Error reading HTTP response: End of file
[tls @ 0x7f991a30b200] IO error: End of file
[https @ 0x7f991a30b140] Error reading HTTP response: End of file
[tls @ 0x7f9909722900] IO error: End of file
[https @ 0x7f990970df00] Error reading HTTP response: End of file
[tls @ 0x7f991a404a40] IO error: End of file
[https @ 0x7f991a412040] Error reading HTTP response: End of file
[tls @ 0x7f9909722900] IO error: End of file
[https @ 0x7f9909745b00] Error reading HTTP response: End of file
[tls @ 0x7f991a406540] IO error: End of file
[https @ 0x7f991a407100] Error reading HTTP response: End of file
[2026-04-12T16:46:23.826440] Saved clip /Users/Chen/PycharmProjects/CSCI_6234_Final/recordings/cam208/clips/2026/04/12/cam208_20260412T204541Z.mp4 (3112313 bytes)
[2026-04-12T16:46:24.336868] Starting 60-second capture -> /Users/Chen/PycharmProjects/CSCI_6234_Final/recordings/cam208/clips/2026/04/12/cam208_20260412T204624Z.mp4
[tls @ 0x7fd2443054c0] IO error: End of file
[https @ 0x7fd244304f80] Error reading HTTP response: End of file
[tls @ 0x7fd2442097c0] IO error: End of file
[https @ 0x7fd244218300] Error reading HTTP response: End of file
[tls @ 0x7fd233704280] IO error: End of file
[https @ 0x7fd2337040c0] Error reading HTTP response: End of file
[tls @ 0x7fd233720080] IO error: End of file
[https @ 0x7fd23371be40] Error reading HTTP response: End of file
[tls @ 0x7fd233739c40] IO error: End of file
[https @ 0x7fd23373ef40] Error reading HTTP response: End of file
[tls @ 0x7fd233804dc0] IO error: End of file
[https @ 0x7fd23384c4c0] Error reading HTTP response: End of file
[tls @ 0x7fd23372e340] IO error: End of file
[https @ 0x7fd23372e200] Error reading HTTP response: End of file
[tls @ 0x7fd244208a40] IO error: End of file
[https @ 0x7fd24420fbc0] Error reading HTTP response: End of file
[2026-04-12T16:47:07.735899] Saved clip /Users/Chen/PycharmProjects/CSCI_6234_Final/recordings/cam208/clips/2026/04/12/cam208_20260412T204624Z.mp4 (3107719 bytes)
[2026-04-12T16:47:08.246847] Starting 60-second capture -> /Users/Chen/PycharmProjects/CSCI_6234_Final/recordings/cam208/clips/2026/04/12/cam208_20260412T204708Z.mp4
[tls @ 0x7f95bf004680] IO error: End of file
[https @ 0x7f95bf004540] Error reading HTTP response: End of file
[tls @ 0x7f95bf109a00] IO error: End of file
[https @ 0x7f95bf109900] Error reading HTTP response: End of file
[tls @ 0x7f95bf00f140] IO error: End of file
[https @ 0x7f95bf00f080] Error reading HTTP response: End of file
[tls @ 0x7f95cea43580] IO error: End of file
[https @ 0x7f95cea049c0] Error reading HTTP response: End of file
[tls @ 0x7f95bf109900] IO error: End of file
[https @ 0x7f95bf139040] Error reading HTTP response: End of file
[tls @ 0x7f95bdf14880] IO error: End of file
[https @ 0x7f95bdf12880] Error reading HTTP response: End of file
[tls @ 0x7f95bf152600] IO error: End of file
[https @ 0x7f95bf164800] Error reading HTTP response: End of file
[2026-04-12T16:47:50.802939] Saved clip /Users/Chen/PycharmProjects/CSCI_6234_Final/recordings/cam208/clips/2026/04/12/cam208_20260412T204708Z.mp4 (3109992 bytes)
[2026-04-12T16:47:51.314757] Starting 60-second capture -> /Users/Chen/PycharmProjects/CSCI_6234_Final/recordings/cam208/clips/2026/04/12/cam208_20260412T204751Z.mp4
[tls @ 0x7f8c7c704500] IO error: End of file
[https @ 0x7f8c8d4043c0] Error reading HTTP response: End of file
[tls @ 0x7f8c8d0577c0] IO error: End of file
[https @ 0x7f8c8d069a00] Error reading HTTP response: End of file
[tls @ 0x7f8c8d406bc0] IO error: End of file
[https @ 0x7f8c8d406ac0] Error reading HTTP response: End of file
[tls @ 0x7f8c8d23f840] IO error: End of file
[https @ 0x7f8c8d26d800] Error reading HTTP response: End of file
[tls @ 0x7f8c8d2393c0] IO error: End of file
[https @ 0x7f8c8d228500] Error reading HTTP response: End of file
[tls @ 0x7f8c7c70b3c0] IO error: End of file
[https @ 0x7f8c7c7233c0] Error reading HTTP response: End of file
[tls @ 0x7f8c8d36a880] IO error: End of file
[https @ 0x7f8c8d30f900] Error reading HTTP response: End of file
[2026-04-12T16:48:34.193497] Saved clip /Users/Chen/PycharmProjects/CSCI_6234_Final/recordings/cam208/clips/2026/04/12/cam208_20260412T204751Z.mp4 (3112384 bytes)
[2026-04-12T16:48:34.704421] Starting 60-second capture -> /Users/Chen/PycharmProjects/CSCI_6234_Final/recordings/cam208/clips/2026/04/12/cam208_20260412T204834Z.mp4
[tls @ 0x7fda6c105240] IO error: End of file
[https @ 0x7fda6c105180] Error reading HTTP response: End of file
[tls @ 0x7fda5c90abc0] IO error: End of file
[https @ 0x7fda5c942bc0] Error reading HTTP response: End of file
[tls @ 0x7fda5b70b5c0] IO error: End of file
[https @ 0x7fda5b70b9c0] Error reading HTTP response: End of file
[tls @ 0x7fda5c821540] IO error: End of file
[https @ 0x7fda5c804080] Error reading HTTP response: End of file
[2026-04-12T16:49:17.564634] Saved clip /Users/Chen/PycharmProjects/CSCI_6234_Final/recordings/cam208/clips/2026/04/12/cam208_20260412T204834Z.mp4 (3108176 bytes)
[2026-04-12T16:49:18.077301] Starting 60-second capture -> /Users/Chen/PycharmProjects/CSCI_6234_Final/recordings/cam208/clips/2026/04/12/cam208_20260412T204918Z.mp4
[tls @ 0x7f8a8b804500] IO error: End of file
[https @ 0x7f8a8b8043c0] Error reading HTTP response: End of file
[tls @ 0x7f8a9b329d00] IO error: End of file
[https @ 0x7f8a9b3455c0] Error reading HTTP response: End of file
[tls @ 0x7f8a8a740cc0] IO error: End of file
[https @ 0x7f8a8a733980] Error reading HTTP response: End of file
[tls @ 0x7f8a8b811140] IO error: End of file
[https @ 0x7f8a8b81fb00] Error reading HTTP response: End of file
[tls @ 0x7f8a8b837340] IO error: End of file
[https @ 0x7f8a8b818700] Error reading HTTP response: End of file
[tls @ 0x7f8a9b104180] IO error: End of file
[https @ 0x7f8a9b1046c0] Error reading HTTP response: End of file
[tls @ 0x7f8a6a704540] IO error: End of file
[https @ 0x7f8a6a704480] Error reading HTTP response: End of file
[2026-04-12T16:50:00.715840] Saved clip /Users/Chen/PycharmProjects/CSCI_6234_Final/recordings/cam208/clips/2026/04/12/cam208_20260412T204918Z.mp4 (3109642 bytes)
[2026-04-12T16:50:01.223490] Starting 60-second capture -> /Users/Chen/PycharmProjects/CSCI_6234_Final/recordings/cam208/clips/2026/04/12/cam208_20260412T205001Z.mp4
[tls @ 0x7f87b4316e40] IO error: End of file
[https @ 0x7f87b4312200] Error reading HTTP response: End of file
[tls @ 0x7f87b411a340] IO error: End of file
[https @ 0x7f87b41049c0] Error reading HTTP response: End of file
[tls @ 0x7f87b440e5c0] IO error: End of file
[https @ 0x7f87b4412f40] Error reading HTTP response: End of file
[tls @ 0x7f87a3704240] IO error: End of file
[https @ 0x7f87a3704080] Error reading HTTP response: End of file
[2026-04-12T16:50:43.858994] Saved clip /Users/Chen/PycharmProjects/CSCI_6234_Final/recordings/cam208/clips/2026/04/12/cam208_20260412T205001Z.mp4 (3102354 bytes)
[2026-04-12T16:50:44.366140] Starting 60-second capture -> /Users/Chen/PycharmProjects/CSCI_6234_Final/recordings/cam208/clips/2026/04/12/cam208_20260412T205044Z.mp4
[tls @ 0x7f8f16005980] IO error: End of file
[https @ 0x7f8f16005880] Error reading HTTP response: End of file
[tls @ 0x7f8f07205f00] IO error: End of file
[https @ 0x7f8f07205b40] Error reading HTTP response: End of file
[tls @ 0x7f8f16006780] IO error: End of file
[https @ 0x7f8f160066c0] Error reading HTTP response: End of file
[tls @ 0x7f8f07006ac0] IO error: End of file
[https @ 0x7f8f070070c0] Error reading HTTP response: End of file
[tls @ 0x7f8f0703f640] IO error: End of file
[https @ 0x7f8f0703ba80] Error reading HTTP response: End of file
[tls @ 0x7f8f07205f00] IO error: End of file
[https @ 0x7f8f07213d80] Error reading HTTP response: End of file
[2026-04-12T16:51:27.166157] Saved clip /Users/Chen/PycharmProjects/CSCI_6234_Final/recordings/cam208/clips/2026/04/12/cam208_20260412T205044Z.mp4 (3114177 bytes)
[2026-04-12T16:51:27.675060] Starting 60-second capture -> /Users/Chen/PycharmProjects/CSCI_6234_Final/recordings/cam208/clips/2026/04/12/cam208_20260412T205127Z.mp4
[tls @ 0x7fe98f104d80] IO error: End of file
[https @ 0x7fe98f104c40] Error reading HTTP response: End of file
[tls @ 0x7fe96f817b00] IO error: End of file
[https @ 0x7fe96f804080] Error reading HTTP response: End of file
[tls @ 0x7fe96e72fc00] IO error: End of file
[https @ 0x7fe96e7371c0] Error reading HTTP response: End of file
[tls @ 0x7fe98f0054c0] IO error: End of file
[https @ 0x7fe98f004540] Error reading HTTP response: End of file
[tls @ 0x7fe96f804080] IO error: End of file
[https @ 0x7fe96f804f80] Error reading HTTP response: End of file
[tls @ 0x7fe96e761600] IO error: End of file
[https @ 0x7fe96e754280] Error reading HTTP response: End of file
[tls @ 0x7fe96f847600] IO error: End of file
[https @ 0x7fe96e7161c0] Error reading HTTP response: End of file
[2026-04-12T16:52:10.752994] Saved clip /Users/Chen/PycharmProjects/CSCI_6234_Final/recordings/cam208/clips/2026/04/12/cam208_20260412T205127Z.mp4 (3113928 bytes)
[2026-04-12T16:52:11.264118] Starting 60-second capture -> /Users/Chen/PycharmProjects/CSCI_6234_Final/recordings/cam208/clips/2026/04/12/cam208_20260412T205211Z.mp4
[tls @ 0x7fef7091af40] IO error: End of file
[https @ 0x7fef70917340] Error reading HTTP response: End of file
[tls @ 0x7fef78105100] IO error: End of file
[https @ 0x7fef78104dc0] Error reading HTTP response: End of file
[tls @ 0x7fef67721280] IO error: End of file
[https @ 0x7fef6771d680] Error reading HTTP response: End of file
[tls @ 0x7fef78004f80] IO error: End of file
[https @ 0x7fef78004400] Error reading HTTP response: End of file
[tls @ 0x7fef78112fc0] IO error: End of file
[https @ 0x7fef7811b900] Error reading HTTP response: End of file
[tls @ 0x7fef78104e80] IO error: End of file
[https @ 0x7fef78104dc0] Error reading HTTP response: End of file
[2026-04-12T16:52:54.192994] Saved clip /Users/Chen/PycharmProjects/CSCI_6234_Final/recordings/cam208/clips/2026/04/12/cam208_20260412T205211Z.mp4 (3110821 bytes)
[2026-04-12T16:52:54.700766] Starting 60-second capture -> /Users/Chen/PycharmProjects/CSCI_6234_Final/recordings/cam208/clips/2026/04/12/cam208_20260412T205254Z.mp4
[tls @ 0x7fc7dd404380] IO error: End of file
[https @ 0x7fc7dd404240] Error reading HTTP response: End of file
[tls @ 0x7fc7dd204400] IO error: End of file
[https @ 0x7fc7dd204240] Error reading HTTP response: End of file
[tls @ 0x7fc7dd0a0bc0] IO error: End of file
[https @ 0x7fc7dd0a7880] Error reading HTTP response: End of file
[tls @ 0x7fc79d009dc0] IO error: End of file
[https @ 0x7fc79d009c00] Error reading HTTP response: End of file
[tls @ 0x7fc7dc708dc0] IO error: End of file
[https @ 0x7fc7dc70b4c0] Error reading HTTP response: End of file
[tls @ 0x7fc7dd056ac0] IO error: End of file
[https @ 0x7fc7dd004400] Error reading HTTP response: End of file
[tls @ 0x7fc79d0329c0] IO error: End of file
[https @ 0x7fc79d01e440] Error reading HTTP response: End of file
[2026-04-12T16:53:37.649921] Saved clip /Users/Chen/PycharmProjects/CSCI_6234_Final/recordings/cam208/clips/2026/04/12/cam208_20260412T205254Z.mp4 (3103529 bytes)
[2026-04-12T16:53:38.156866] Starting 60-second capture -> /Users/Chen/PycharmProjects/CSCI_6234_Final/recordings/cam208/clips/2026/04/12/cam208_20260412T205338Z.mp4
[tls @ 0x7f9611704680] IO error: End of file
[https @ 0x7f9611704540] Error reading HTTP response: End of file
[tls @ 0x7f9612004280] IO error: End of file
[https @ 0x7f96120040c0] Error reading HTTP response: End of file
[tls @ 0x7f96222564c0] IO error: End of file
[https @ 0x7f9622270700] Error reading HTTP response: End of file
[tls @ 0x7f9612004100] IO error: End of file
[https @ 0x7f9612004280] Error reading HTTP response: End of file
[tls @ 0x7f95e1704400] IO error: End of file
[https @ 0x7f95e1704340] Error reading HTTP response: End of file
[tls @ 0x7f961200ff40] IO error: End of file
[https @ 0x7f9612043c40] Error reading HTTP response: End of file
[tls @ 0x7f96120101c0] IO error: End of file
[https @ 0x7f9612010000] Error reading HTTP response: End of file
[2026-04-12T16:54:21.095122] Saved clip /Users/Chen/PycharmProjects/CSCI_6234_Final/recordings/cam208/clips/2026/04/12/cam208_20260412T205338Z.mp4 (3109692 bytes)
[2026-04-12T16:54:21.605049] Starting 60-second capture -> /Users/Chen/PycharmProjects/CSCI_6234_Final/recordings/cam208/clips/2026/04/12/cam208_20260412T205421Z.mp4
[tls @ 0x7feebc2043c0] IO error: End of file
[https @ 0x7feebc204300] Error reading HTTP response: End of file
[tls @ 0x7feeac029f00] IO error: End of file
[https @ 0x7feeac0310c0] Error reading HTTP response: End of file
[tls @ 0x7feebc216f00] IO error: End of file
[https @ 0x7feebc2696c0] Error reading HTTP response: End of file
[tls @ 0x7feeab726d40] IO error: End of file
[https @ 0x7feeab72a000] Error reading HTTP response: End of file
[2026-04-12T16:55:04.060963] Saved clip /Users/Chen/PycharmProjects/CSCI_6234_Final/recordings/cam208/clips/2026/04/12/cam208_20260412T205421Z.mp4 (3106731 bytes)
[2026-04-12T16:55:04.572590] Starting 60-second capture -> /Users/Chen/PycharmProjects/CSCI_6234_Final/recordings/cam208/clips/2026/04/12/cam208_20260412T205504Z.mp4
[tls @ 0x7fb00bf04500] IO error: End of file
[https @ 0x7fb00bf043c0] Error reading HTTP response: End of file
[tls @ 0x7fb02cd11fc0] IO error: End of file
[https @ 0x7fb02cd1bc80] Error reading HTTP response: End of file
[tls @ 0x7fb00c005d40] IO error: End of file
[https @ 0x7fb00c005c40] Error reading HTTP response: End of file
[tls @ 0x7fb02cd1bc80] IO error: End of file
[https @ 0x7fb02cd11d40] Error reading HTTP response: End of file
[tls @ 0x7fb02cd0e500] IO error: End of file
[https @ 0x7fb02cd0ff40] Error reading HTTP response: End of file
[tls @ 0x7fb02cd1bc80] IO error: End of file
[https @ 0x7fb02cd05840] Error reading HTTP response: End of file
[tls @ 0x7fb02cd0ff40] IO error: End of file
[https @ 0x7fb02cd0c640] Error reading HTTP response: End of file
[2026-04-12T16:55:47.323965] Saved clip /Users/Chen/PycharmProjects/CSCI_6234_Final/recordings/cam208/clips/2026/04/12/cam208_20260412T205504Z.mp4 (3110113 bytes)
[2026-04-12T16:55:47.834477] Starting 60-second capture -> /Users/Chen/PycharmProjects/CSCI_6234_Final/recordings/cam208/clips/2026/04/12/cam208_20260412T205547Z.mp4
[tls @ 0x7fa5a6904500] IO error: End of file
[https @ 0x7fa5a69043c0] Error reading HTTP response: End of file
[tls @ 0x7fa5a5f4dc80] IO error: End of file
[https @ 0x7fa5a5f75280] Error reading HTTP response: End of file
[tls @ 0x7fa5a69419c0] IO error: End of file
[https @ 0x7fa5a6940d40] Error reading HTTP response: End of file
[tls @ 0x7fa5b69151c0] IO error: End of file
[https @ 0x7fa5b69147c0] Error reading HTTP response: End of file
[2026-04-12T16:56:30.953879] Saved clip /Users/Chen/PycharmProjects/CSCI_6234_Final/recordings/cam208/clips/2026/04/12/cam208_20260412T205547Z.mp4 (3112239 bytes)
[2026-04-12T16:56:31.459749] Starting 60-second capture -> /Users/Chen/PycharmProjects/CSCI_6234_Final/recordings/cam208/clips/2026/04/12/cam208_20260412T205631Z.mp4
[tls @ 0x7f97f6304380] IO error: End of file
[https @ 0x7f97f6305280] Error reading HTTP response: End of file
[tls @ 0x7f97e57ad700] IO error: End of file
[https @ 0x7f97e5794f80] Error reading HTTP response: End of file
[tls @ 0x7f97f6306b00] IO error: End of file
[https @ 0x7f97f6306a40] Error reading HTTP response: End of file
[tls @ 0x7f97f6306580] IO error: End of file
[https @ 0x7f97f6306e00] Error reading HTTP response: End of file
[tls @ 0x7f97e57ad700] IO error: End of file
[https @ 0x7f97e5794f80] Error reading HTTP response: End of file
[tls @ 0x7f97f6352a40] IO error: End of file
[https @ 0x7f97f634ee40] Error reading HTTP response: End of file
[2026-04-12T16:57:14.151525] Saved clip /Users/Chen/PycharmProjects/CSCI_6234_Final/recordings/cam208/clips/2026/04/12/cam208_20260412T205631Z.mp4 (3108429 bytes)
[2026-04-12T16:57:14.662418] Starting 60-second capture -> /Users/Chen/PycharmProjects/CSCI_6234_Final/recordings/cam208/clips/2026/04/12/cam208_20260412T205714Z.mp4
[tls @ 0x7f9ca6804500] IO error: End of file
[https @ 0x7f9ca68043c0] Error reading HTTP response: End of file
[tls @ 0x7f9ca6807b40] IO error: End of file
[https @ 0x7f9ca6807a40] Error reading HTTP response: End of file
[tls @ 0x7f9cb634ea80] IO error: End of file
[https @ 0x7f9cb636b240] Error reading HTTP response: End of file
[tls @ 0x7f9ca682e340] IO error: End of file
[https @ 0x7f9ca681e400] Error reading HTTP response: End of file
[tls @ 0x7f9ca5704a00] IO error: End of file
[https @ 0x7f9ca575c440] Error reading HTTP response: End of file
[tls @ 0x7f9ca685c1c0] IO error: End of file
[https @ 0x7f9ca6826480] Error reading HTTP response: End of file
[tls @ 0x7f9ca6809a40] IO error: End of file
[https @ 0x7f9ca681e400] Error reading HTTP response: End of file
[tls @ 0x7f9cb6465940] IO error: End of file
[https @ 0x7f9cb6477b40] Error reading HTTP response: End of file
[2026-04-12T16:57:57.636248] Saved clip /Users/Chen/PycharmProjects/CSCI_6234_Final/recordings/cam208/clips/2026/04/12/cam208_20260412T205714Z.mp4 (3107624 bytes)
[2026-04-12T16:57:58.147201] Starting 60-second capture -> /Users/Chen/PycharmProjects/CSCI_6234_Final/recordings/cam208/clips/2026/04/12/cam208_20260412T205758Z.mp4
[tls @ 0x7fab8ef05100] IO error: End of file
[https @ 0x7fab8ef04b80] Error reading HTTP response: End of file
[tls @ 0x7fab9ef14cc0] IO error: End of file
[https @ 0x7fab9ef18800] Error reading HTTP response: End of file
[tls @ 0x7fab9ef14cc0] IO error: End of file
[https @ 0x7fab9ef12f80] Error reading HTTP response: End of file
[tls @ 0x7fab9ef12f80] IO error: End of file
[https @ 0x7fab9ef18800] Error reading HTTP response: End of file
[2026-04-12T16:58:41.126814] Saved clip /Users/Chen/PycharmProjects/CSCI_6234_Final/recordings/cam208/clips/2026/04/12/cam208_20260412T205758Z.mp4 (3112193 bytes)
[2026-04-12T16:58:41.638344] Starting 60-second capture -> /Users/Chen/PycharmProjects/CSCI_6234_Final/recordings/cam208/clips/2026/04/12/cam208_20260412T205841Z.mp4
[tls @ 0x7ff22ca05980] IO error: End of file
[https @ 0x7ff22ca05840] Error reading HTTP response: End of file
[tls @ 0x7ff21bf10600] IO error: End of file
[https @ 0x7ff21bf06200] Error reading HTTP response: End of file
[tls @ 0x7ff22c9357c0] IO error: End of file
[https @ 0x7ff21c009700] Error reading HTTP response: End of file
[tls @ 0x7ff21bf10600] IO error: End of file
[https @ 0x7ff21bf27e00] Error reading HTTP response: End of file
[tls @ 0x7ff21bf2c4c0] IO error: End of file
[https @ 0x7ff21bf35440] Error reading HTTP response: End of file
[tls @ 0x7ff22ca3ed80] IO error: End of file
[https @ 0x7ff22ca3b740] Error reading HTTP response: End of file
[tls @ 0x7ff21c0206c0] IO error: End of file
[https @ 0x7ff21c085900] Error reading HTTP response: End of file
[2026-04-12T16:59:25.485162] Saved clip /Users/Chen/PycharmProjects/CSCI_6234_Final/recordings/cam208/clips/2026/04/12/cam208_20260412T205841Z.mp4 (3104782 bytes)
[2026-04-12T16:59:25.999976] Starting 60-second capture -> /Users/Chen/PycharmProjects/CSCI_6234_Final/recordings/cam208/clips/2026/04/12/cam208_20260412T205925Z.mp4
[tls @ 0x7f9c5f905c80] IO error: End of file
[https @ 0x7f9c5f905b40] Error reading HTTP response: End of file
[tls @ 0x7f9c5f82e040] IO error: End of file
[https @ 0x7f9c5f83aa40] Error reading HTTP response: End of file
[tls @ 0x7f9c4ef2a800] IO error: End of file
[https @ 0x7f9c4ef31dc0] Error reading HTTP response: End of file
[tls @ 0x7f9c5ef0df80] IO error: End of file
[https @ 0x7f9c5ef20180] Error reading HTTP response: End of file
[tls @ 0x7f9c5f924540] IO error: End of file
[https @ 0x7f9c5f920940] Error reading HTTP response: End of file
[tls @ 0x7f9c5ef0e740] IO error: End of file
[https @ 0x7f9c5f929540] Error reading HTTP response: End of file
[2026-04-12T16:59:58.682245] Saved clip /Users/Chen/PycharmProjects/CSCI_6234_Final/recordings/cam208/clips/2026/04/12/cam208_20260412T205925Z.mp4 (3113939 bytes)
[2026-04-12T16:59:59.193336] Starting 60-second capture -> /Users/Chen/PycharmProjects/CSCI_6234_Final/recordings/cam208/clips/2026/04/12/cam208_20260412T205959Z.mp4
[tls @ 0x7ff776205c80] IO error: End of file
[https @ 0x7ff776205bc0] Error reading HTTP response: End of file
[tls @ 0x7ff77622a8c0] IO error: End of file
[https @ 0x7ff776213f80] Error reading HTTP response: End of file
[tls @ 0x7ff766104fc0] IO error: End of file
[https @ 0x7ff766104f00] Error reading HTTP response: End of file
[tls @ 0x7ff766051700] IO error: End of file
[https @ 0x7ff7660584c0] Error reading HTTP response: End of file
[tls @ 0x7ff76570f500] IO error: End of file
[https @ 0x7ff76574c480] Error reading HTTP response: End of file
[tls @ 0x7ff765704b80] IO error: End of file
[https @ 0x7ff765704080] Error reading HTTP response: End of file
[2026-04-12T17:00:41.795097] Saved clip /Users/Chen/PycharmProjects/CSCI_6234_Final/recordings/cam208/clips/2026/04/12/cam208_20260412T205959Z.mp4 (3109582 bytes)
[2026-04-12T17:00:42.306347] Starting 60-second capture -> /Users/Chen/PycharmProjects/CSCI_6234_Final/recordings/cam208/clips/2026/04/12/cam208_20260412T210042Z.mp4
[tls @ 0x7f7ee8404900] IO error: End of file
[https @ 0x7f7ee84047c0] Error reading HTTP response: End of file
[tls @ 0x7f7ee84301c0] IO error: End of file
[https @ 0x7f7ee8437e80] Error reading HTTP response: End of file
[tls @ 0x7f7ee840a200] IO error: End of file
[https @ 0x7f7ee8417d80] Error reading HTTP response: End of file
[tls @ 0x7f7ee84301c0] IO error: End of file
[https @ 0x7f7ee8424640] Error reading HTTP response: End of file
[tls @ 0x7f7ee84091c0] IO error: End of file
[https @ 0x7f7ee8416680] Error reading HTTP response: End of file
[tls @ 0x7f7ee86aa600] IO error: End of file
[https @ 0x7f7ee86a6a00] Error reading HTTP response: End of file
[tls @ 0x7f7ee8342ec0] IO error: End of file
[https @ 0x7f7ee834d840] Error reading HTTP response: End of file
[2026-04-12T17:01:24.934777] Saved clip /Users/Chen/PycharmProjects/CSCI_6234_Final/recordings/cam208/clips/2026/04/12/cam208_20260412T210042Z.mp4 (3107019 bytes)
[2026-04-12T17:01:25.447541] Starting 60-second capture -> /Users/Chen/PycharmProjects/CSCI_6234_Final/recordings/cam208/clips/2026/04/12/cam208_20260412T210125Z.mp4
[tls @ 0x7fdf66f05b80] IO error: End of file
[https @ 0x7fdf66f06440] Error reading HTTP response: End of file
[tls @ 0x7fdf67826ac0] IO error: End of file
[https @ 0x7fdf67859380] Error reading HTTP response: End of file
[tls @ 0x7fdf57004a80] IO error: End of file
[https @ 0x7fdf57004940] Error reading HTTP response: End of file
[tls @ 0x7fdf56f05e80] IO error: End of file
[https @ 0x7fdf56f05dc0] Error reading HTTP response: End of file
[tls @ 0x7fdf6787b280] IO error: End of file
[https @ 0x7fdf67859380] Error reading HTTP response: End of file
[tls @ 0x7fdf57004940] IO error: End of file
[https @ 0x7fdf57004fc0] Error reading HTTP response: End of file
[tls @ 0x7fdf57045e80] IO error: End of file
[https @ 0x7fdf57058080] Error reading HTTP response: End of file
[2026-04-12T17:02:08.321550] Saved clip /Users/Chen/PycharmProjects/CSCI_6234_Final/recordings/cam208/clips/2026/04/12/cam208_20260412T210125Z.mp4 (3106741 bytes)
[2026-04-12T17:02:08.833212] Starting 60-second capture -> /Users/Chen/PycharmProjects/CSCI_6234_Final/recordings/cam208/clips/2026/04/12/cam208_20260412T210208Z.mp4
[tls @ 0x7f91ec004500] IO error: End of file
[https @ 0x7f91ec0043c0] Error reading HTTP response: End of file
[tls @ 0x7f91ec06a5c0] IO error: End of file
[https @ 0x7f91ec05f0c0] Error reading HTTP response: End of file
[tls @ 0x7f91eb711a80] IO error: End of file
[https @ 0x7f91eb711580] Error reading HTTP response: End of file
[tls @ 0x7f91ec06a5c0] IO error: End of file
[https @ 0x7f91ec05e5c0] Error reading HTTP response: End of file
[tls @ 0x7f91eb73d080] IO error: End of file
[https @ 0x7f91eb705880] Error reading HTTP response: End of file
[tls @ 0x7f91ec14b8c0] IO error: End of file
[https @ 0x7f91ec14bf00] Error reading HTTP response: End of file
[tls @ 0x7f91fc336980] IO error: End of file
[https @ 0x7f91fc394e80] Error reading HTTP response: End of file
[2026-04-12T17:02:51.811784] Saved clip /Users/Chen/PycharmProjects/CSCI_6234_Final/recordings/cam208/clips/2026/04/12/cam208_20260412T210208Z.mp4 (3113719 bytes)
[2026-04-12T17:02:52.320612] Starting 60-second capture -> /Users/Chen/PycharmProjects/CSCI_6234_Final/recordings/cam208/clips/2026/04/12/cam208_20260412T210252Z.mp4
[tls @ 0x7f7e56806980] IO error: End of file
[https @ 0x7f7e568062c0] Error reading HTTP response: End of file
[tls @ 0x7f7e56707a40] IO error: End of file
[https @ 0x7f7e56707540] Error reading HTTP response: End of file
[tls @ 0x7f7e47827940] IO error: End of file
[https @ 0x7f7e47863380] Error reading HTTP response: End of file
[tls @ 0x7f7e5672af40] IO error: End of file
[https @ 0x7f7e56732500] Error reading HTTP response: End of file
[tls @ 0x7f7e5674de00] IO error: End of file
[https @ 0x7f7e567499c0] Error reading HTTP response: End of file
[tls @ 0x7f7e4677c6c0] IO error: End of file
[https @ 0x7f7e4678c040] Error reading HTTP response: End of file
[tls @ 0x7f7e56810f80] IO error: End of file
[https @ 0x7f7e568118c0] Error reading HTTP response: End of file
[tls @ 0x7f7e4674bf40] IO error: End of file
[https @ 0x7f7e46740b80] Error reading HTTP response: End of file
[2026-04-12T17:03:35.348353] Saved clip /Users/Chen/PycharmProjects/CSCI_6234_Final/recordings/cam208/clips/2026/04/12/cam208_20260412T210252Z.mp4 (3112470 bytes)
[2026-04-12T17:03:35.856245] Starting 60-second capture -> /Users/Chen/PycharmProjects/CSCI_6234_Final/recordings/cam208/clips/2026/04/12/cam208_20260412T210335Z.mp4
[tls @ 0x7ff07d704540] IO error: End of file
[https @ 0x7ff07d704400] Error reading HTTP response: End of file
[tls @ 0x7ff08e34d4c0] IO error: End of file
[https @ 0x7ff08e321a40] Error reading HTTP response: End of file
[tls @ 0x7ff08e34d4c0] IO error: End of file
[https @ 0x7ff08e35de40] Error reading HTTP response: End of file
[tls @ 0x7ff08e316e00] IO error: End of file
[https @ 0x7ff08e31a300] Error reading HTTP response: End of file
[tls @ 0x7ff08e20eec0] IO error: End of file
[https @ 0x7ff08e20d780] Error reading HTTP response: End of file
[2026-04-12T17:04:09.592513] Saved clip /Users/Chen/PycharmProjects/CSCI_6234_Final/recordings/cam208/clips/2026/04/12/cam208_20260412T210335Z.mp4 (3107175 bytes)
[2026-04-12T17:04:10.105025] Starting 60-second capture -> /Users/Chen/PycharmProjects/CSCI_6234_Final/recordings/cam208/clips/2026/04/12/cam208_20260412T210410Z.mp4
[tls @ 0x7faee5304500] IO error: End of file
[https @ 0x7faee53043c0] Error reading HTTP response: End of file
[tls @ 0x7faed504ad00] IO error: End of file
[https @ 0x7faed5067000] Error reading HTTP response: End of file
[tls @ 0x7faee5349e80] IO error: End of file
[https @ 0x7faee53332c0] Error reading HTTP response: End of file
[tls @ 0x7faee5210f40] IO error: End of file
[https @ 0x7faee5210740] Error reading HTTP response: End of file
[tls @ 0x7faed471b9c0] IO error: End of file
[https @ 0x7faed4712040] Error reading HTTP response: End of file
[tls @ 0x7faed504ad00] IO error: End of file
[https @ 0x7faed5067000] Error reading HTTP response: End of file
[2026-04-12T17:04:52.573772] Saved clip /Users/Chen/PycharmProjects/CSCI_6234_Final/recordings/cam208/clips/2026/04/12/cam208_20260412T210410Z.mp4 (3103545 bytes)
[2026-04-12T17:04:53.087206] Starting 60-second capture -> /Users/Chen/PycharmProjects/CSCI_6234_Final/recordings/cam208/clips/2026/04/12/cam208_20260412T210453Z.mp4
[tls @ 0x7fd18f705100] IO error: End of file
[https @ 0x7fd18f704b80] Error reading HTTP response: End of file
[tls @ 0x7fd19f745300] IO error: End of file
[https @ 0x7fd19f741700] Error reading HTTP response: End of file
[tls @ 0x7fd18f716440] IO error: End of file
[https @ 0x7fd18f705100] Error reading HTTP response: End of file
[tls @ 0x7fd19f729d80] IO error: End of file
[https @ 0x7fd19f738cc0] Error reading HTTP response: End of file
[tls @ 0x7fd1a88199c0] IO error: End of file
[https @ 0x7fd1a880c5c0] Error reading HTTP response: End of file
[tls @ 0x7fd18f7283c0] IO error: End of file
[https @ 0x7fd18f728300] Error reading HTTP response: End of file
[tls @ 0x7fd19f765b40] IO error: End of file
[https @ 0x7fd19f780800] Error reading HTTP response: End of file
[tls @ 0x7fd18f73c000] IO error: End of file
[https @ 0x7fd18f73f380] Error reading HTTP response: End of file
[2026-04-12T17:05:35.635666] Saved clip /Users/Chen/PycharmProjects/CSCI_6234_Final/recordings/cam208/clips/2026/04/12/cam208_20260412T210453Z.mp4 (3106944 bytes)
[2026-04-12T17:05:36.142317] Starting 60-second capture -> /Users/Chen/PycharmProjects/CSCI_6234_Final/recordings/cam208/clips/2026/04/12/cam208_20260412T210536Z.mp4
[tls @ 0x7fd6fdc0c340] IO error: End of file
[https @ 0x7fd6fdc0bec0] Error reading HTTP response: End of file
[tls @ 0x7fd6fdc40580] IO error: End of file
[https @ 0x7fd6fdc06bc0] Error reading HTTP response: End of file
[tls @ 0x7fd6fdc2c080] IO error: End of file
[https @ 0x7fd6fdc2d3c0] Error reading HTTP response: End of file
[tls @ 0x7fd6fdc3d0c0] IO error: End of file
[https @ 0x7fd6fdc44680] Error reading HTTP response: End of file
[tls @ 0x7fd6dcf04200] IO error: End of file
[https @ 0x7fd6dcf04140] Error reading HTTP response: End of file
[tls @ 0x7fd6fd98a200] IO error: End of file
[https @ 0x7fd6fd99c440] Error reading HTTP response: End of file
[2026-04-12T17:06:08.599924] Saved clip /Users/Chen/PycharmProjects/CSCI_6234_Final/recordings/cam208/clips/2026/04/12/cam208_20260412T210536Z.mp4 (3114491 bytes)
[2026-04-12T17:06:09.109816] Starting 60-second capture -> /Users/Chen/PycharmProjects/CSCI_6234_Final/recordings/cam208/clips/2026/04/12/cam208_20260412T210609Z.mp4
[tls @ 0x7f8e51204800] IO error: End of file
[https @ 0x7f8e512046c0] Error reading HTTP response: End of file
[tls @ 0x7f8e51316280] IO error: End of file
[https @ 0x7f8e51317580] Error reading HTTP response: End of file
[tls @ 0x7f8e40746900] IO error: End of file
[https @ 0x7f8e407262c0] Error reading HTTP response: End of file
[tls @ 0x7f8e51220e40] IO error: End of file
[https @ 0x7f8e5120da80] Error reading HTTP response: End of file
[tls @ 0x7f8e51457480] IO error: End of file
[https @ 0x7f8e514538c0] Error reading HTTP response: End of file
[tls @ 0x7f8e5120da80] IO error: End of file
[https @ 0x7f8e51223ac0] Error reading HTTP response: End of file
[tls @ 0x7f8e5122f900] IO error: End of file
[https @ 0x7f8e51236ec0] Error reading HTTP response: End of file
[tls @ 0x7f8e51415480] IO error: End of file
[https @ 0x7f8e51450b80] Error reading HTTP response: End of file
[2026-04-12T17:06:51.676708] Saved clip /Users/Chen/PycharmProjects/CSCI_6234_Final/recordings/cam208/clips/2026/04/12/cam208_20260412T210609Z.mp4 (3113434 bytes)
[2026-04-12T17:06:52.192294] Starting 60-second capture -> /Users/Chen/PycharmProjects/CSCI_6234_Final/recordings/cam208/clips/2026/04/12/cam208_20260412T210652Z.mp4
[tls @ 0x7fabc1d05f00] IO error: End of file
[https @ 0x7fabb0f04240] Error reading HTTP response: End of file
[tls @ 0x7fabc1b3bcc0] IO error: End of file
[https @ 0x7fabc1b7a2c0] Error reading HTTP response: End of file
[tls @ 0x7fabc1d11bc0] IO error: End of file
[https @ 0x7fabc1d096c0] Error reading HTTP response: End of file
[tls @ 0x7fabb0f0a380] IO error: End of file
[https @ 0x7fabb0f14d00] Error reading HTTP response: End of file
[tls @ 0x7fabc1b0dd00] IO error: End of file
[https @ 0x7fabc1b7a2c0] Error reading HTTP response: End of file
[tls @ 0x7fabb0f16680] IO error: End of file
[https @ 0x7fabb0f1a040] Error reading HTTP response: End of file
[tls @ 0x7fabb0f56a00] IO error: End of file
[https @ 0x7fabb0f4ddc0] Error reading HTTP response: End of file
[2026-04-12T17:07:35.938177] Saved clip /Users/Chen/PycharmProjects/CSCI_6234_Final/recordings/cam208/clips/2026/04/12/cam208_20260412T210652Z.mp4 (3109608 bytes)
[2026-04-12T17:07:36.446839] Starting 60-second capture -> /Users/Chen/PycharmProjects/CSCI_6234_Final/recordings/cam208/clips/2026/04/12/cam208_20260412T210736Z.mp4
[tls @ 0x7f857b704a00] IO error: End of file
[https @ 0x7f857b704480] Error reading HTTP response: End of file
[tls @ 0x7f857c12af40] IO error: End of file
[https @ 0x7f857c11e580] Error reading HTTP response: End of file
[tls @ 0x7f857b722440] IO error: End of file
[https @ 0x7f858c13af80] Error reading HTTP response: End of file
[tls @ 0x7f858c106bc0] IO error: End of file
[https @ 0x7f857c10b0c0] Error reading HTTP response: End of file
[tls @ 0x7f857b722440] IO error: End of file
[https @ 0x7f857b75cbc0] Error reading HTTP response: End of file
[tls @ 0x7f858c106b80] IO error: End of file
[https @ 0x7f858c113f00] Error reading HTTP response: End of file
[2026-04-12T17:08:08.938466] Saved clip /Users/Chen/PycharmProjects/CSCI_6234_Final/recordings/cam208/clips/2026/04/12/cam208_20260412T210736Z.mp4 (3107761 bytes)
[2026-04-12T17:08:09.454920] Starting 60-second capture -> /Users/Chen/PycharmProjects/CSCI_6234_Final/recordings/cam208/clips/2026/04/12/cam208_20260412T210809Z.mp4
[tls @ 0x7fdac4304800] IO error: End of file
[https @ 0x7fdac43046c0] Error reading HTTP response: End of file
[tls @ 0x7fdac430dbc0] IO error: End of file
[https @ 0x7fdac430e000] Error reading HTTP response: End of file
[tls @ 0x7fdac4323080] IO error: End of file
[https @ 0x7fdac431cd00] Error reading HTTP response: End of file
[tls @ 0x7fdab3722480] IO error: End of file
[https @ 0x7fdab3720800] Error reading HTTP response: End of file
[tls @ 0x7fdac4004440] IO error: End of file
[https @ 0x7fdac4004f40] Error reading HTTP response: End of file
[tls @ 0x7fdab374e440] IO error: End of file
[https @ 0x7fdab372e300] Error reading HTTP response: End of file
[tls @ 0x7fdab40068c0] IO error: End of file
[https @ 0x7fdab4012980] Error reading HTTP response: End of file
[tls @ 0x7fdac434dc40] IO error: End of file
[https @ 0x7fdac4365a80] Error reading HTTP response: End of file
[2026-04-12T17:08:52.008366] Saved clip /Users/Chen/PycharmProjects/CSCI_6234_Final/recordings/cam208/clips/2026/04/12/cam208_20260412T210809Z.mp4 (3110693 bytes)
[2026-04-12T17:08:52.519387] Starting 60-second capture -> /Users/Chen/PycharmProjects/CSCI_6234_Final/recordings/cam208/clips/2026/04/12/cam208_20260412T210852Z.mp4
[tls @ 0x7f929f704680] IO error: End of file
[https @ 0x7f929f704540] Error reading HTTP response: End of file
[tls @ 0x7f92a8204b40] IO error: End of file
[https @ 0x7f92a8204a40] Error reading HTTP response: End of file
[tls @ 0x7f92a8209140] IO error: End of file
[https @ 0x7f92a8209640] Error reading HTTP response: End of file
[tls @ 0x7f92a8218ac0] IO error: End of file
[https @ 0x7f92a820be00] Error reading HTTP response: End of file
[tls @ 0x7f92a80602c0] IO error: End of file
[https @ 0x7f92a800fc80] Error reading HTTP response: End of file
[tls @ 0x7f92a8218a80] IO error: End of file
[https @ 0x7f92a8210480] Error reading HTTP response: End of file
[tls @ 0x7f92a80602c0] IO error: End of file
[https @ 0x7f92a802a580] Error reading HTTP response: End of file
[tls @ 0x7f92a80493c0] IO error: End of file
[https @ 0x7f92a80149c0] Error reading HTTP response: End of file
[2026-04-12T17:09:36.255246] Saved clip /Users/Chen/PycharmProjects/CSCI_6234_Final/recordings/cam208/clips/2026/04/12/cam208_20260412T210852Z.mp4 (3109430 bytes)
[2026-04-12T17:09:36.774364] Starting 60-second capture -> /Users/Chen/PycharmProjects/CSCI_6234_Final/recordings/cam208/clips/2026/04/12/cam208_20260412T210936Z.mp4
[tls @ 0x7fd227906840] IO error: End of file
[https @ 0x7fd227906700] Error reading HTTP response: End of file
[tls @ 0x7fd237a43b80] IO error: End of file
[https @ 0x7fd237a49c40] Error reading HTTP response: End of file
[tls @ 0x7fd237917d40] IO error: End of file
[https @ 0x7fd23794b780] Error reading HTTP response: End of file
[tls @ 0x7fd227908280] IO error: End of file
[https @ 0x7fd227908140] Error reading HTTP response: End of file
[tls @ 0x7fd237917d40] IO error: End of file
[https @ 0x7fd23795f100] Error reading HTTP response: End of file
[tls @ 0x7fd226f4a080] IO error: End of file
[https @ 0x7fd226f4c3c0] Error reading HTTP response: End of file
[2026-04-12T17:10:19.657720] Saved clip /Users/Chen/PycharmProjects/CSCI_6234_Final/recordings/cam208/clips/2026/04/12/cam208_20260412T210936Z.mp4 (3113827 bytes)
[2026-04-12T17:10:20.165540] Starting 60-second capture -> /Users/Chen/PycharmProjects/CSCI_6234_Final/recordings/cam208/clips/2026/04/12/cam208_20260412T211020Z.mp4
[tls @ 0x7fde5cf0a580] IO error: End of file
[https @ 0x7fde5cf13140] Error reading HTTP response: End of file
[tls @ 0x7fde5cf0a580] IO error: End of file
[https @ 0x7fde5cf5fb00] Error reading HTTP response: End of file
[tls @ 0x7fde5cf23500] IO error: End of file
[https @ 0x7fde5cf31f80] Error reading HTTP response: End of file
[tls @ 0x7fde5cf0a580] IO error: End of file
[https @ 0x7fde5cf370c0] Error reading HTTP response: End of file
[tls @ 0x7fde5ce5f540] IO error: End of file
[https @ 0x7fde5ce56a00] Error reading HTTP response: End of file
[tls @ 0x7fde5cc5b380] IO error: End of file
[https @ 0x7fde5cc20e40] Error reading HTTP response: End of file
[tls @ 0x7fde5cd60b00] IO error: End of file
[https @ 0x7fde5cd72dc0] Error reading HTTP response: End of file
[2026-04-12T17:11:04.034911] Saved clip /Users/Chen/PycharmProjects/CSCI_6234_Final/recordings/cam208/clips/2026/04/12/cam208_20260412T211020Z.mp4 (3106666 bytes)
[2026-04-12T17:11:04.553514] Starting 60-second capture -> /Users/Chen/PycharmProjects/CSCI_6234_Final/recordings/cam208/clips/2026/04/12/cam208_20260412T211104Z.mp4
[tls @ 0x7ff661804680] IO error: End of file
[https @ 0x7ff661804540] Error reading HTTP response: End of file
[tls @ 0x7ff660f3b200] IO error: End of file
[https @ 0x7ff660f34b00] Error reading HTTP response: End of file
[tls @ 0x7ff671a05840] IO error: End of file
[https @ 0x7ff671a060c0] Error reading HTTP response: End of file
[tls @ 0x7ff661818280] IO error: End of file
[https @ 0x7ff66180ae00] Error reading HTTP response: End of file
[tls @ 0x7ff660f123c0] IO error: End of file
[https @ 0x7ff660f07200] Error reading HTTP response: End of file
[tls @ 0x7ff671b081c0] IO error: End of file
[https @ 0x7ff671b0bf80] Error reading HTTP response: End of file
[tls @ 0x7ff671b18d40] IO error: End of file
[https @ 0x7ff671b3b600] Error reading HTTP response: End of file
[2026-04-12T17:11:47.420896] Saved clip /Users/Chen/PycharmProjects/CSCI_6234_Final/recordings/cam208/clips/2026/04/12/cam208_20260412T211104Z.mp4 (3107517 bytes)
[2026-04-12T17:11:47.938945] Starting 60-second capture -> /Users/Chen/PycharmProjects/CSCI_6234_Final/recordings/cam208/clips/2026/04/12/cam208_20260412T211147Z.mp4
[tls @ 0x7fb994f04680] IO error: End of file
[https @ 0x7fb994f04540] Error reading HTTP response: End of file
[tls @ 0x7fb99596ac80] IO error: End of file
[https @ 0x7fb995960a00] Error reading HTTP response: End of file
[tls @ 0x7fb994f20f00] IO error: End of file
[https @ 0x7fb994f2ca80] Error reading HTTP response: End of file
[tls @ 0x7fb964f04200] IO error: End of file
[https @ 0x7fb964f04140] Error reading HTTP response: End of file
[2026-04-12T17:12:30.147709] Saved clip /Users/Chen/PycharmProjects/CSCI_6234_Final/recordings/cam208/clips/2026/04/12/cam208_20260412T211147Z.mp4 (3105042 bytes)
[2026-04-12T17:12:30.654797] Starting 60-second capture -> /Users/Chen/PycharmProjects/CSCI_6234_Final/recordings/cam208/clips/2026/04/12/cam208_20260412T211230Z.mp4
[tls @ 0x7fa981305c00] IO error: End of file
[https @ 0x7fa981305ac0] Error reading HTTP response: End of file
[tls @ 0x7fa98142e280] IO error: End of file
[https @ 0x7fa981455440] Error reading HTTP response: End of file
[tls @ 0x7fa971806480] IO error: End of file
[https @ 0x7fa971805c80] Error reading HTTP response: End of file
[tls @ 0x7fa97073b880] IO error: End of file
[https @ 0x7fa970752640] Error reading HTTP response: End of file
[tls @ 0x7fa970708140] IO error: End of file
[https @ 0x7fa970717380] Error reading HTTP response: End of file
[tls @ 0x7fa970721180] IO error: End of file
[https @ 0x7fa970728900] Error reading HTTP response: End of file
[tls @ 0x7fa981418ec0] IO error: End of file
[https @ 0x7fa981412840] Error reading HTTP response: End of file
[2026-04-12T17:13:13.682930] Saved clip /Users/Chen/PycharmProjects/CSCI_6234_Final/recordings/cam208/clips/2026/04/12/cam208_20260412T211230Z.mp4 (3109625 bytes)
[2026-04-12T17:13:14.198142] Starting 60-second capture -> /Users/Chen/PycharmProjects/CSCI_6234_Final/recordings/cam208/clips/2026/04/12/cam208_20260412T211314Z.mp4
[tls @ 0x7fecb3c04500] IO error: End of file
[https @ 0x7fecb3c043c0] Error reading HTTP response: End of file
[tls @ 0x7fecb3b4bac0] IO error: End of file
[https @ 0x7fecb3b22b80] Error reading HTTP response: End of file
[tls @ 0x7fecb3e2cc00] IO error: End of file
[https @ 0x7fecb3e32c80] Error reading HTTP response: End of file
[tls @ 0x7fecb3d29880] IO error: End of file
[https @ 0x7fecb3d29b40] Error reading HTTP response: End of file
[tls @ 0x7fecb3b2d740] IO error: End of file
[https @ 0x7fecb3b46bc0] Error reading HTTP response: End of file
[2026-04-12T17:13:58.329888] Saved clip /Users/Chen/PycharmProjects/CSCI_6234_Final/recordings/cam208/clips/2026/04/12/cam208_20260412T211314Z.mp4 (3108923 bytes)
[2026-04-12T17:13:58.841830] Starting 60-second capture -> /Users/Chen/PycharmProjects/CSCI_6234_Final/recordings/cam208/clips/2026/04/12/cam208_20260412T211358Z.mp4
[tls @ 0x7fa6e7804380] IO error: End of file
[https @ 0x7fa6e7804240] Error reading HTTP response: End of file
[tls @ 0x7fa6e7884680] IO error: End of file
[https @ 0x7fa6e787dc80] Error reading HTTP response: End of file
[tls @ 0x7fa6e79052c0] IO error: End of file
[https @ 0x7fa6e7905180] Error reading HTTP response: End of file
[tls @ 0x7fa6e7931900] IO error: End of file
[https @ 0x7fa6e7914140] Error reading HTTP response: End of file
[tls @ 0x7fa6e7884680] IO error: End of file
[https @ 0x7fa6e787dc80] Error reading HTTP response: End of file
[tls @ 0x7fa6e7a04080] IO error: End of file
[https @ 0x7fa6e7a07280] Error reading HTTP response: End of file
[2026-04-12T17:14:41.724243] Saved clip /Users/Chen/PycharmProjects/CSCI_6234_Final/recordings/cam208/clips/2026/04/12/cam208_20260412T211358Z.mp4 (3118154 bytes)
[2026-04-12T17:14:42.239766] Starting 60-second capture -> /Users/Chen/PycharmProjects/CSCI_6234_Final/recordings/cam208/clips/2026/04/12/cam208_20260412T211442Z.mp4
[tls @ 0x7f791e056e00] IO error: End of file
[https @ 0x7f791e069000] Error reading HTTP response: End of file
[tls @ 0x7f790e533640] IO error: End of file
[https @ 0x7f790e533c00] Error reading HTTP response: End of file
[tls @ 0x7f790e413f40] IO error: End of file
[https @ 0x7f790e460880] Error reading HTTP response: End of file
[tls @ 0x7f790e33d780] IO error: End of file
[https @ 0x7f790e31f400] Error reading HTTP response: End of file
[tls @ 0x7f790e404840] IO error: End of file
[https @ 0x7f790e404700] Error reading HTTP response: End of file
[2026-04-12T17:15:24.688501] Saved clip /Users/Chen/PycharmProjects/CSCI_6234_Final/recordings/cam208/clips/2026/04/12/cam208_20260412T211442Z.mp4 (3116141 bytes)
[2026-04-12T17:15:25.201089] Starting 60-second capture -> /Users/Chen/PycharmProjects/CSCI_6234_Final/recordings/cam208/clips/2026/04/12/cam208_20260412T211525Z.mp4
[tls @ 0x7fd301f04500] IO error: End of file
[https @ 0x7fd301f043c0] Error reading HTTP response: End of file
[tls @ 0x7fd301f12c00] IO error: End of file
[https @ 0x7fd301f26940] Error reading HTTP response: End of file
[tls @ 0x7fd312d54000] IO error: End of file
[https @ 0x7fd312d65800] Error reading HTTP response: End of file
[tls @ 0x7fd301f12c00] IO error: End of file
[https @ 0x7fd301f26940] Error reading HTTP response: End of file
[tls @ 0x7fd302804440] IO error: End of file
[https @ 0x7fd312d24c00] Error reading HTTP response: End of file
[tls @ 0x7fd3028052c0] IO error: End of file
[https @ 0x7fd312d7b600] Error reading HTTP response: End of file
[2026-04-12T17:16:08.465609] Saved clip /Users/Chen/PycharmProjects/CSCI_6234_Final/recordings/cam208/clips/2026/04/12/cam208_20260412T211525Z.mp4 (3104321 bytes)
[2026-04-12T17:16:08.980758] Starting 60-second capture -> /Users/Chen/PycharmProjects/CSCI_6234_Final/recordings/cam208/clips/2026/04/12/cam208_20260412T211608Z.mp4
[tls @ 0x7fb15f904680] IO error: End of file
[https @ 0x7fb15f904580] Error reading HTTP response: End of file
[tls @ 0x7fb15f815ac0] IO error: End of file
[https @ 0x7fb15f829c80] Error reading HTTP response: End of file
[tls @ 0x7fb15f91bcc0] IO error: End of file
[https @ 0x7fb15f906d40] Error reading HTTP response: End of file
[tls @ 0x7fb15f906c00] IO error: End of file
[https @ 0x7fb15f906ac0] Error reading HTTP response: End of file
[tls @ 0x7fb15ef493c0] IO error: End of file
[https @ 0x7fb15ef3eb80] Error reading HTTP response: End of file
[tls @ 0x7fb15ef2e340] IO error: End of file
[https @ 0x7fb15ef333c0] Error reading HTTP response: End of file
[2026-04-12T17:16:52.765594] Saved clip /Users/Chen/PycharmProjects/CSCI_6234_Final/recordings/cam208/clips/2026/04/12/cam208_20260412T211608Z.mp4 (3107497 bytes)
[2026-04-12T17:16:53.272823] Starting 60-second capture -> /Users/Chen/PycharmProjects/CSCI_6234_Final/recordings/cam208/clips/2026/04/12/cam208_20260412T211653Z.mp4
[tls @ 0x7fe973f08040] IO error: End of file
[https @ 0x7fe973f07f40] Error reading HTTP response: End of file
[tls @ 0x7fe974b3f6c0] IO error: End of file
[https @ 0x7fe974b3b4c0] Error reading HTTP response: End of file
[tls @ 0x7fe974a573c0] IO error: End of file
[https @ 0x7fe96520a700] Error reading HTTP response: End of file
[tls @ 0x7fe96520aa40] IO error: End of file
[https @ 0x7fe96520a7c0] Error reading HTTP response: End of file
[2026-04-12T17:17:36.345973] Saved clip /Users/Chen/PycharmProjects/CSCI_6234_Final/recordings/cam208/clips/2026/04/12/cam208_20260412T211653Z.mp4 (3111646 bytes)
[2026-04-12T17:17:36.859972] Starting 60-second capture -> /Users/Chen/PycharmProjects/CSCI_6234_Final/recordings/cam208/clips/2026/04/12/cam208_20260412T211736Z.mp4
[tls @ 0x7f8387205c40] IO error: End of file
[https @ 0x7f8387205b00] Error reading HTTP response: End of file
[tls @ 0x7f8387304d80] IO error: End of file
[https @ 0x7f8387304c80] Error reading HTTP response: End of file
[tls @ 0x7f8387232580] IO error: End of file
[https @ 0x7f83872324c0] Error reading HTTP response: End of file
[tls @ 0x7f8387113740] IO error: End of file
[https @ 0x7f8387104440] Error reading HTTP response: End of file
[tls @ 0x7f8387150c80] IO error: End of file
[https @ 0x7f838711ae40] Error reading HTTP response: End of file
[tls @ 0x7f83873242c0] IO error: End of file
[https @ 0x7f8387332d40] Error reading HTTP response: End of file
[tls @ 0x7f838727ee00] IO error: End of file
[https @ 0x7f8387351fc0] Error reading HTTP response: End of file
[tls @ 0x7f83873235c0] IO error: End of file
[https @ 0x7f83873350c0] Error reading HTTP response: End of file
[2026-04-12T17:18:19.917937] Saved clip /Users/Chen/PycharmProjects/CSCI_6234_Final/recordings/cam208/clips/2026/04/12/cam208_20260412T211736Z.mp4 (3113644 bytes)
[2026-04-12T17:18:20.433822] Starting 60-second capture -> /Users/Chen/PycharmProjects/CSCI_6234_Final/recordings/cam208/clips/2026/04/12/cam208_20260412T211820Z.mp4
[tls @ 0x7fe9ce704a00] IO error: End of file
[https @ 0x7fe9ce7048c0] Error reading HTTP response: End of file
[tls @ 0x7fe9cf824c00] IO error: End of file
[https @ 0x7fe9cf824640] Error reading HTTP response: End of file
[tls @ 0x7fe9ce714940] IO error: End of file
[https @ 0x7fe9ce715f00] Error reading HTTP response: End of file
[tls @ 0x7fe9ce71cbc0] IO error: End of file
[https @ 0x7fe9ce715fc0] Error reading HTTP response: End of file
[tls @ 0x7fe9cf80a880] IO error: End of file
[https @ 0x7fe9cf831480] Error reading HTTP response: End of file
[tls @ 0x7fe9ce71cbc0] IO error: End of file
[https @ 0x7fe9ce721e40] Error reading HTTP response: End of file
[tls @ 0x7fe9cf824c00] IO error: End of file
[https @ 0x7fe9cf831380] Error reading HTTP response: End of file
[2026-04-12T17:19:03.043192] Saved clip /Users/Chen/PycharmProjects/CSCI_6234_Final/recordings/cam208/clips/2026/04/12/cam208_20260412T211820Z.mp4 (3114742 bytes)
[2026-04-12T17:19:03.560677] Starting 60-second capture -> /Users/Chen/PycharmProjects/CSCI_6234_Final/recordings/cam208/clips/2026/04/12/cam208_20260412T211903Z.mp4
[tls @ 0x7fa1ba804680] IO error: End of file
[https @ 0x7fa1ba804540] Error reading HTTP response: End of file
[tls @ 0x7fa1b9f35a40] IO error: End of file
[https @ 0x7fa1b9f364c0] Error reading HTTP response: End of file
[tls @ 0x7fa1cab17ec0] IO error: End of file
[https @ 0x7fa1cab12900] Error reading HTTP response: End of file
[tls @ 0x7fa1ba8063c0] IO error: End of file
[https @ 0x7fa1ba806300] Error reading HTTP response: End of file
[tls @ 0x7fa1b9f35a40] IO error: End of file
[https @ 0x7fa1b9f364c0] Error reading HTTP response: End of file
[tls @ 0x7fa1b9f2d840] IO error: End of file
[https @ 0x7fa1b9f04500] Error reading HTTP response: End of file
[2026-04-12T17:19:46.482621] Saved clip /Users/Chen/PycharmProjects/CSCI_6234_Final/recordings/cam208/clips/2026/04/12/cam208_20260412T211903Z.mp4 (3109868 bytes)
[2026-04-12T17:19:46.997159] Starting 60-second capture -> /Users/Chen/PycharmProjects/CSCI_6234_Final/recordings/cam208/clips/2026/04/12/cam208_20260412T211946Z.mp4
[tls @ 0x7f8952c05b00] IO error: End of file
[https @ 0x7f8952c059c0] Error reading HTTP response: End of file
[tls @ 0x7f8952d6ebc0] IO error: End of file
[https @ 0x7f8952c160c0] Error reading HTTP response: End of file
[tls @ 0x7f8952a172c0] IO error: End of file
[https @ 0x7f8952a1e880] Error reading HTTP response: End of file
[tls @ 0x7f8952c1cac0] IO error: End of file
[https @ 0x7f8952c18ec0] Error reading HTTP response: End of file
[tls @ 0x7f8952c2c180] IO error: End of file
[https @ 0x7f8952c112c0] Error reading HTTP response: End of file
[tls @ 0x7f8952c13880] IO error: End of file
[https @ 0x7f8952c14c00] Error reading HTTP response: End of file
[tls @ 0x7f8952d19f00] IO error: End of file
[https @ 0x7f8952d10cc0] Error reading HTTP response: End of file
[2026-04-12T17:20:29.785795] Saved clip /Users/Chen/PycharmProjects/CSCI_6234_Final/recordings/cam208/clips/2026/04/12/cam208_20260412T211946Z.mp4 (3109688 bytes)
[2026-04-12T17:20:30.300137] Starting 60-second capture -> /Users/Chen/PycharmProjects/CSCI_6234_Final/recordings/cam208/clips/2026/04/12/cam208_20260412T212030Z.mp4
[tls @ 0x7f9aa6f04b00] IO error: End of file
[https @ 0x7f9aa6f049c0] Error reading HTTP response: End of file
[tls @ 0x7f9a97025640] IO error: End of file
[https @ 0x7f9a9702f9c0] Error reading HTTP response: End of file
[tls @ 0x7f9a9700d800] IO error: End of file
[https @ 0x7f9aa6f23780] Error reading HTTP response: End of file
[tls @ 0x7f9aa781e440] IO error: End of file
[https @ 0x7f9aa7828500] Error reading HTTP response: End of file
[tls @ 0x7f9a96f43a40] IO error: End of file
[https @ 0x7f9a96f69480] Error reading HTTP response: End of file
[tls @ 0x7f9aa78093c0] IO error: End of file
[https @ 0x7f9aa782c9c0] Error reading HTTP response: End of file
[2026-04-12T17:21:12.829440] Saved clip /Users/Chen/PycharmProjects/CSCI_6234_Final/recordings/cam208/clips/2026/04/12/cam208_20260412T212030Z.mp4 (3113050 bytes)
[2026-04-12T17:21:13.349525] Starting 60-second capture -> /Users/Chen/PycharmProjects/CSCI_6234_Final/recordings/cam208/clips/2026/04/12/cam208_20260412T212113Z.mp4
[tls @ 0x7f9224204f40] IO error: End of file
[https @ 0x7f9224204800] Error reading HTTP response: End of file
[tls @ 0x7f9214021880] IO error: End of file
[https @ 0x7f921400f880] Error reading HTTP response: End of file
[tls @ 0x7f921400ecc0] IO error: End of file
[https @ 0x7f921400e100] Error reading HTTP response: End of file
[tls @ 0x7f9224310180] IO error: End of file
[https @ 0x7f921400f940] Error reading HTTP response: End of file
[tls @ 0x7f921372d100] IO error: End of file
[https @ 0x7f92137318c0] Error reading HTTP response: End of file
[tls @ 0x7f9224331680] IO error: End of file
[https @ 0x7f921400ad80] Error reading HTTP response: End of file
[tls @ 0x7f922424a280] IO error: End of file
[https @ 0x7f922425c480] Error reading HTTP response: End of file
[tls @ 0x7f9214031500] IO error: End of file
[https @ 0x7f921403c640] Error reading HTTP response: End of file
[2026-04-12T17:21:58.537308] Saved clip /Users/Chen/PycharmProjects/CSCI_6234_Final/recordings/cam208/clips/2026/04/12/cam208_20260412T212113Z.mp4 (3110879 bytes)
[2026-04-12T17:21:59.053395] Starting 60-second capture -> /Users/Chen/PycharmProjects/CSCI_6234_Final/recordings/cam208/clips/2026/04/12/cam208_20260412T212159Z.mp4
[tls @ 0x7f7e3df04340] IO error: End of file
[https @ 0x7f7e3df04200] Error reading HTTP response: End of file
[tls @ 0x7f7e4981bd80] IO error: End of file
[https @ 0x7f7e4982e6c0] Error reading HTTP response: End of file
[tls @ 0x7f7e2c85dc00] IO error: End of file
[https @ 0x7f7e2c892340] Error reading HTTP response: End of file
[tls @ 0x7f7e2c830780] IO error: End of file
[https @ 0x7f7e2c849a40] Error reading HTTP response: End of file
[tls @ 0x7f7e4981bd80] IO error: End of file
[https @ 0x7f7e4982e6c0] Error reading HTTP response: End of file
[tls @ 0x7f7e4983c500] IO error: End of file
[https @ 0x7f7e4981c340] Error reading HTTP response: End of file
[2026-04-12T17:22:41.922100] Saved clip /Users/Chen/PycharmProjects/CSCI_6234_Final/recordings/cam208/clips/2026/04/12/cam208_20260412T212159Z.mp4 (3112190 bytes)
[2026-04-12T17:22:42.438196] Starting 60-second capture -> /Users/Chen/PycharmProjects/CSCI_6234_Final/recordings/cam208/clips/2026/04/12/cam208_20260412T212242Z.mp4
[tls @ 0x7fb672105c80] IO error: End of file
[https @ 0x7fb672105bc0] Error reading HTTP response: End of file
[tls @ 0x7fb661740cc0] IO error: End of file
[https @ 0x7fb6617514c0] Error reading HTTP response: End of file
[tls @ 0x7fb67216e900] IO error: End of file
[https @ 0x7fb672104500] Error reading HTTP response: End of file
[tls @ 0x7fb662807e00] IO error: End of file
[https @ 0x7fb662807cc0] Error reading HTTP response: End of file
[tls @ 0x7fb67216e900] IO error: End of file
[https @ 0x7fb67218c580] Error reading HTTP response: End of file
[tls @ 0x7fb662814b00] IO error: End of file
[https @ 0x7fb662825040] Error reading HTTP response: End of file
[2026-04-12T17:23:25.373332] Saved clip /Users/Chen/PycharmProjects/CSCI_6234_Final/recordings/cam208/clips/2026/04/12/cam208_20260412T212242Z.mp4 (3106221 bytes)
[2026-04-12T17:23:25.889545] Starting 60-second capture -> /Users/Chen/PycharmProjects/CSCI_6234_Final/recordings/cam208/clips/2026/04/12/cam208_20260412T212325Z.mp4
[tls @ 0x7fe8e9104500] IO error: End of file
[https @ 0x7fe8e91043c0] Error reading HTTP response: End of file
[tls @ 0x7fe8e9107040] IO error: End of file
[https @ 0x7fe8e9106f00] Error reading HTTP response: End of file
[tls @ 0x7fe8f9a43240] IO error: End of file
[https @ 0x7fe8f9a3f900] Error reading HTTP response: End of file
[tls @ 0x7fe8e9159f00] IO error: End of file
[https @ 0x7fe8e91455c0] Error reading HTTP response: End of file
[tls @ 0x7fe8e9023480] IO error: End of file
[https @ 0x7fe8e902a8c0] Error reading HTTP response: End of file
[tls @ 0x7fe8e9022180] IO error: End of file
[https @ 0x7fe8e901ea80] Error reading HTTP response: End of file
[tls @ 0x7fe8f9a34340] IO error: End of file
[https @ 0x7fe8f9a2dd80] Error reading HTTP response: End of file
[2026-04-12T17:23:58.473229] Saved clip /Users/Chen/PycharmProjects/CSCI_6234_Final/recordings/cam208/clips/2026/04/12/cam208_20260412T212325Z.mp4 (3107032 bytes)
[2026-04-12T17:23:58.981116] Starting 60-second capture -> /Users/Chen/PycharmProjects/CSCI_6234_Final/recordings/cam208/clips/2026/04/12/cam208_20260412T212358Z.mp4
[tls @ 0x7fd997704500] IO error: End of file
[https @ 0x7fd9977043c0] Error reading HTTP response: End of file
[tls @ 0x7fd9b0a43000] IO error: End of file
[https @ 0x7fd9b0a3ef40] Error reading HTTP response: End of file
[tls @ 0x7fd9a003d9c0] IO error: End of file
[https @ 0x7fd9a002fb40] Error reading HTTP response: End of file
[tls @ 0x7fd9b091b780] IO error: End of file
[https @ 0x7fd9b0916ec0] Error reading HTTP response: End of file
[2026-04-12T17:24:45.224548] Saved clip /Users/Chen/PycharmProjects/CSCI_6234_Final/recordings/cam208/clips/2026/04/12/cam208_20260412T212358Z.mp4 (3114601 bytes)
[2026-04-12T17:24:45.742412] Starting 60-second capture -> /Users/Chen/PycharmProjects/CSCI_6234_Final/recordings/cam208/clips/2026/04/12/cam208_20260412T212445Z.mp4
[tls @ 0x7fb0dc2042c0] IO error: End of file
[https @ 0x7fb0dc204200] Error reading HTTP response: End of file
[tls @ 0x7fb0cc068840] IO error: End of file
[https @ 0x7fb0cc142580] Error reading HTTP response: End of file
[tls @ 0x7fb0cc068840] IO error: End of file
[https @ 0x7fb0cc01b640] Error reading HTTP response: End of file
[tls @ 0x7fb0cc03f6c0] IO error: End of file
[https @ 0x7fb0cc02b100] Error reading HTTP response: End of file
[2026-04-12T17:25:23.839744] Saved clip /Users/Chen/PycharmProjects/CSCI_6234_Final/recordings/cam208/clips/2026/04/12/cam208_20260412T212445Z.mp4 (3110030 bytes)
[2026-04-12T17:25:24.356872] Starting 60-second capture -> /Users/Chen/PycharmProjects/CSCI_6234_Final/recordings/cam208/clips/2026/04/12/cam208_20260412T212524Z.mp4
[tls @ 0x7f9bbc004500] IO error: End of file
[https @ 0x7f9bbc0043c0] Error reading HTTP response: End of file
[tls @ 0x7f9bcbb2dbc0] IO error: End of file
[https @ 0x7f9bcbb43f00] Error reading HTTP response: End of file
[tls @ 0x7f9bbc017f40] IO error: End of file
[https @ 0x7f9bbc00cec0] Error reading HTTP response: End of file
[tls @ 0x7f9bbaf0f380] IO error: End of file
[https @ 0x7f9bbaf10b40] Error reading HTTP response: End of file
[tls @ 0x7f9bbaf30180] IO error: End of file
[https @ 0x7f9bbaf296c0] Error reading HTTP response: End of file
[tls @ 0x7f9bbc08c740] IO error: End of file
[https @ 0x7f9bbc009a80] Error reading HTTP response: End of file
[2026-04-12T17:26:06.625275] Saved clip /Users/Chen/PycharmProjects/CSCI_6234_Final/recordings/cam208/clips/2026/04/12/cam208_20260412T212524Z.mp4 (3108350 bytes)
[2026-04-12T17:26:07.142311] Starting 60-second capture -> /Users/Chen/PycharmProjects/CSCI_6234_Final/recordings/cam208/clips/2026/04/12/cam208_20260412T212607Z.mp4
[tls @ 0x7fbf00014f40] IO error: End of file
[https @ 0x7fbf00013f40] Error reading HTTP response: End of file
[tls @ 0x7fbf0005e400] IO error: End of file
[https @ 0x7fbf00035300] Error reading HTTP response: End of file
[tls @ 0x7fbef7713240] IO error: End of file
[https @ 0x7fbef770f680] Error reading HTTP response: End of file
[tls @ 0x7fbf0005e400] IO error: End of file
[https @ 0x7fbf00013f40] Error reading HTTP response: End of file
[tls @ 0x7fbee77472c0] IO error: End of file
[https @ 0x7fbee771a300] Error reading HTTP response: End of file
[tls @ 0x7fbee7735e40] IO error: End of file
[https @ 0x7fbee772a380] Error reading HTTP response: End of file
[tls @ 0x7fbee77472c0] IO error: End of file
[https @ 0x7fbee773f880] Error reading HTTP response: End of file
[2026-04-12T17:26:49.870155] Saved clip /Users/Chen/PycharmProjects/CSCI_6234_Final/recordings/cam208/clips/2026/04/12/cam208_20260412T212607Z.mp4 (3112221 bytes)
[2026-04-12T17:26:50.381286] Starting 60-second capture -> /Users/Chen/PycharmProjects/CSCI_6234_Final/recordings/cam208/clips/2026/04/12/cam208_20260412T212650Z.mp4
[tls @ 0x7feca0804680] IO error: End of file
[https @ 0x7feca0804540] Error reading HTTP response: End of file
[tls @ 0x7fec97f40980] IO error: End of file
[https @ 0x7fec97f39400] Error reading HTTP response: End of file
[tls @ 0x7fecc0824d40] IO error: End of file
[https @ 0x7fecc0824c80] Error reading HTTP response: End of file
[tls @ 0x7fecb7f1ad00] IO error: End of file
[https @ 0x7fecb7f1d080] Error reading HTTP response: End of file
[tls @ 0x7feca0859140] IO error: End of file
[https @ 0x7feca084fc40] Error reading HTTP response: End of file
[tls @ 0x7feca0819d80] IO error: End of file
[https @ 0x7feca086f900] Error reading HTTP response: End of file
[2026-04-12T17:27:33.425786] Saved clip /Users/Chen/PycharmProjects/CSCI_6234_Final/recordings/cam208/clips/2026/04/12/cam208_20260412T212650Z.mp4 (3111021 bytes)
[2026-04-12T17:27:33.935394] Starting 60-second capture -> /Users/Chen/PycharmProjects/CSCI_6234_Final/recordings/cam208/clips/2026/04/12/cam208_20260412T212733Z.mp4
[tls @ 0x7f9c2ad04cc0] IO error: End of file
[https @ 0x7f9c2ad04c00] Error reading HTTP response: End of file
[tls @ 0x7f9c2e31b5c0] IO error: End of file
[https @ 0x7f9c2e31d0c0] Error reading HTTP response: End of file
[tls @ 0x7f9c2ae1e440] IO error: End of file
[https @ 0x7f9c2ae27a80] Error reading HTTP response: End of file
[tls @ 0x7f9c2ae29200] IO error: End of file
[https @ 0x7f9c2ae281c0] Error reading HTTP response: End of file
[tls @ 0x7f9c2e221500] IO error: End of file
[https @ 0x7f9c2e21efc0] Error reading HTTP response: End of file
[tls @ 0x7f9c2e10ae40] IO error: End of file
[https @ 0x7f9c2e109780] Error reading HTTP response: End of file
[tls @ 0x7f9c2e35e480] IO error: End of file
[https @ 0x7f9c2e3607c0] Error reading HTTP response: End of file
[2026-04-12T17:28:16.967182] Saved clip /Users/Chen/PycharmProjects/CSCI_6234_Final/recordings/cam208/clips/2026/04/12/cam208_20260412T212733Z.mp4 (3112203 bytes)
[2026-04-12T17:28:17.483053] Starting 60-second capture -> /Users/Chen/PycharmProjects/CSCI_6234_Final/recordings/cam208/clips/2026/04/12/cam208_20260412T212817Z.mp4
[tls @ 0x7ff4ea305180] IO error: End of file
[https @ 0x7ff4ea304240] Error reading HTTP response: End of file
[tls @ 0x7ff4ea338a40] IO error: End of file
[https @ 0x7ff4ea333900] Error reading HTTP response: End of file
[tls @ 0x7ff4ea338a40] IO error: End of file
[https @ 0x7ff4ea304200] Error reading HTTP response: End of file
[tls @ 0x7ff4ea40a540] IO error: End of file
[https @ 0x7ff4ea42ef80] Error reading HTTP response: End of file
[2026-04-12T17:29:01.706153] Saved clip /Users/Chen/PycharmProjects/CSCI_6234_Final/recordings/cam208/clips/2026/04/12/cam208_20260412T212817Z.mp4 (3109537 bytes)
[2026-04-12T17:29:02.219204] Starting 60-second capture -> /Users/Chen/PycharmProjects/CSCI_6234_Final/recordings/cam208/clips/2026/04/12/cam208_20260412T212902Z.mp4
[tls @ 0x7ff0c70050c0] IO error: End of file
[https @ 0x7ff0c7004980] Error reading HTTP response: End of file
[tls @ 0x7ff0c706fbc0] IO error: End of file
[https @ 0x7ff0c706bfc0] Error reading HTTP response: End of file
[tls @ 0x7ff0c5f0bec0] IO error: End of file
[https @ 0x7ff0c5f0be00] Error reading HTTP response: End of file
[tls @ 0x7ff0c7149440] IO error: End of file
[https @ 0x7ff0c712cf80] Error reading HTTP response: End of file
[tls @ 0x7ff0c7142600] IO error: End of file
[https @ 0x7ff0c714b740] Error reading HTTP response: End of file
[tls @ 0x7ff0c5f206c0] IO error: End of file
[https @ 0x7ff0c5f2e600] Error reading HTTP response: End of file
[tls @ 0x7ff0c5f3e540] IO error: End of file
[https @ 0x7ff0c5f3d480] Error reading HTTP response: End of file
[2026-04-12T17:29:45.350767] Saved clip /Users/Chen/PycharmProjects/CSCI_6234_Final/recordings/cam208/clips/2026/04/12/cam208_20260412T212902Z.mp4 (3103729 bytes)
[2026-04-12T17:29:45.865119] Starting 60-second capture -> /Users/Chen/PycharmProjects/CSCI_6234_Final/recordings/cam208/clips/2026/04/12/cam208_20260412T212945Z.mp4
[tls @ 0x7fbf5f704680] IO error: End of file
[https @ 0x7fbf5f704540] Error reading HTTP response: End of file
[tls @ 0x7fbf5f748f00] IO error: End of file
[https @ 0x7fbf5f749080] Error reading HTTP response: End of file
[tls @ 0x7fbf68007480] IO error: End of file
[https @ 0x7fbf680073c0] Error reading HTTP response: End of file
[tls @ 0x7fbf4f72fdc0] IO error: End of file
[https @ 0x7fbf4f7387c0] Error reading HTTP response: End of file
[tls @ 0x7fbf68051fc0] IO error: End of file
[https @ 0x7fbf680607c0] Error reading HTTP response: End of file
[tls @ 0x7fbf68011480] IO error: End of file
[https @ 0x7fbf68019e00] Error reading HTTP response: End of file
[2026-04-12T17:30:18.946095] Saved clip /Users/Chen/PycharmProjects/CSCI_6234_Final/recordings/cam208/clips/2026/04/12/cam208_20260412T212945Z.mp4 (3113940 bytes)
[2026-04-12T17:30:19.457007] Starting 60-second capture -> /Users/Chen/PycharmProjects/CSCI_6234_Final/recordings/cam208/clips/2026/04/12/cam208_20260412T213019Z.mp4
[tls @ 0x7fc0fea06440] IO error: End of file
[https @ 0x7fc0fea06300] Error reading HTTP response: End of file
[tls @ 0x7fc0fea45380] IO error: End of file
[https @ 0x7fc0fea26800] Error reading HTTP response: End of file
[tls @ 0x7fc0edf27940] IO error: End of file
[https @ 0x7fc0edf2ef00] Error reading HTTP response: End of file
[tls @ 0x7fc0edf27940] IO error: End of file
[https @ 0x7fc0edf36300] Error reading HTTP response: End of file
[2026-04-12T17:31:06.093643] Saved clip /Users/Chen/PycharmProjects/CSCI_6234_Final/recordings/cam208/clips/2026/04/12/cam208_20260412T213019Z.mp4 (3109285 bytes)
[2026-04-12T17:31:06.603108] Starting 60-second capture -> /Users/Chen/PycharmProjects/CSCI_6234_Final/recordings/cam208/clips/2026/04/12/cam208_20260412T213106Z.mp4
[tls @ 0x7fb3c3505240] IO error: End of file
[https @ 0x7fb3c3505100] Error reading HTTP response: End of file
[tls @ 0x7fb3c3268840] IO error: End of file
[https @ 0x7fb3c326fe00] Error reading HTTP response: End of file
[tls @ 0x7fb3c3222980] IO error: End of file
[https @ 0x7fb3c321ed80] Error reading HTTP response: End of file
[tls @ 0x7fb3c351a4c0] IO error: End of file
[https @ 0x7fb3c35050c0] Error reading HTTP response: End of file
[tls @ 0x7fb3c3394600] IO error: End of file
[https @ 0x7fb3c3398900] Error reading HTTP response: End of file
[2026-04-12T17:31:51.525312] Saved clip /Users/Chen/PycharmProjects/CSCI_6234_Final/recordings/cam208/clips/2026/04/12/cam208_20260412T213106Z.mp4 (3106267 bytes)
[2026-04-12T17:31:52.036081] Starting 60-second capture -> /Users/Chen/PycharmProjects/CSCI_6234_Final/recordings/cam208/clips/2026/04/12/cam208_20260412T213152Z.mp4
[tls @ 0x7febbbc05c80] IO error: End of file
[https @ 0x7febbbc05b40] Error reading HTTP response: End of file
[tls @ 0x7febbbb42d00] IO error: End of file
[https @ 0x7febbbb6ab80] Error reading HTTP response: End of file
[tls @ 0x7febbbb049c0] IO error: End of file
[https @ 0x7febbbb04880] Error reading HTTP response: End of file
[tls @ 0x7febaaf0b7c0] IO error: End of file
[https @ 0x7febaaf38ec0] Error reading HTTP response: End of file
[tls @ 0x7febaaf390c0] IO error: End of file
[https @ 0x7febaaf38f80] Error reading HTTP response: End of file
[tls @ 0x7febbbc14680] IO error: End of file
[https @ 0x7febbbb9a340] Error reading HTTP response: End of file
[2026-04-12T17:32:35.398116] Saved clip /Users/Chen/PycharmProjects/CSCI_6234_Final/recordings/cam208/clips/2026/04/12/cam208_20260412T213152Z.mp4 (3111011 bytes)
[2026-04-12T17:32:35.913343] Starting 60-second capture -> /Users/Chen/PycharmProjects/CSCI_6234_Final/recordings/cam208/clips/2026/04/12/cam208_20260412T213235Z.mp4
[tls @ 0x7fa7aa705100] IO error: End of file
[https @ 0x7fa7aa704b80] Error reading HTTP response: End of file
[tls @ 0x7fa7aa70b5c0] IO error: End of file
[https @ 0x7fa7aa70b480] Error reading HTTP response: End of file
[tls @ 0x7fa7bb307340] IO error: End of file
[https @ 0x7fa7bb307200] Error reading HTTP response: End of file
[tls @ 0x7fa7bb308940] IO error: End of file
[https @ 0x7fa7bb307540] Error reading HTTP response: End of file
[tls @ 0x7fa7bb433880] IO error: End of file
[https @ 0x7fa7bb43ae40] Error reading HTTP response: End of file
[tls @ 0x7fa7bb407d40] IO error: End of file
[https @ 0x7fa7bb42a0c0] Error reading HTTP response: End of file
[2026-04-12T17:33:09.000234] Saved clip /Users/Chen/PycharmProjects/CSCI_6234_Final/recordings/cam208/clips/2026/04/12/cam208_20260412T213235Z.mp4 (3107847 bytes)
[2026-04-12T17:33:09.508349] Starting 60-second capture -> /Users/Chen/PycharmProjects/CSCI_6234_Final/recordings/cam208/clips/2026/04/12/cam208_20260412T213309Z.mp4
[tls @ 0x7fbf30857300] IO error: End of file
[https @ 0x7fbf30869540] Error reading HTTP response: End of file
[tls @ 0x7fbf1881f000] IO error: End of file
[https @ 0x7fbf1881f7c0] Error reading HTTP response: End of file
[tls @ 0x7fbf0ff04b40] IO error: End of file
[https @ 0x7fbf0ff04a40] Error reading HTTP response: End of file
[tls @ 0x7fbf1ff15540] IO error: End of file
[https @ 0x7fbf1ff463c0] Error reading HTTP response: End of file
[tls @ 0x7fbf0ff79580] IO error: End of file
[https @ 0x7fbf0ff75980] Error reading HTTP response: End of file
[tls @ 0x7fbf1ff15500] IO error: End of file
[https @ 0x7fbf1ff0c900] Error reading HTTP response: End of file
[2026-04-12T17:33:52.473548] Saved clip /Users/Chen/PycharmProjects/CSCI_6234_Final/recordings/cam208/clips/2026/04/12/cam208_20260412T213309Z.mp4 (3116294 bytes)
[2026-04-12T17:33:52.992157] Starting 60-second capture -> /Users/Chen/PycharmProjects/CSCI_6234_Final/recordings/cam208/clips/2026/04/12/cam208_20260412T213352Z.mp4
[tls @ 0x7f77dd405c80] IO error: End of file
[https @ 0x7f77dd405b40] Error reading HTTP response: End of file
[tls @ 0x7f77dd11a740] IO error: End of file
[https @ 0x7f77dd10e100] Error reading HTTP response: End of file
[tls @ 0x7f77dd11a740] IO error: End of file
[https @ 0x7f77dd11ba40] Error reading HTTP response: End of file
[tls @ 0x7f77dd325500] IO error: End of file
[https @ 0x7f77dd354a00] Error reading HTTP response: End of file
[tls @ 0x7f77dd305800] IO error: End of file
[https @ 0x7f77dd305700] Error reading HTTP response: End of file
[2026-04-12T17:34:36.643207] Saved clip /Users/Chen/PycharmProjects/CSCI_6234_Final/recordings/cam208/clips/2026/04/12/cam208_20260412T213352Z.mp4 (3113634 bytes)
[2026-04-12T17:34:37.153057] Starting 60-second capture -> /Users/Chen/PycharmProjects/CSCI_6234_Final/recordings/cam208/clips/2026/04/12/cam208_20260412T213437Z.mp4
[tls @ 0x7fd90db07280] IO error: End of file
[https @ 0x7fd90db071c0] Error reading HTTP response: End of file
[tls @ 0x7fd90db21680] IO error: End of file
[https @ 0x7fd90db20e40] Error reading HTTP response: End of file
[tls @ 0x7fd90dd4fac0] IO error: End of file
[https @ 0x7fd90dd19d40] Error reading HTTP response: End of file
[tls @ 0x7fd90da82a40] IO error: End of file
[https @ 0x7fd90da4db80] Error reading HTTP response: End of file
[tls @ 0x7fd90db0c100] IO error: End of file
[https @ 0x7fd90db0c000] Error reading HTTP response: End of file
[2026-04-12T17:35:20.880819] Saved clip /Users/Chen/PycharmProjects/CSCI_6234_Final/recordings/cam208/clips/2026/04/12/cam208_20260412T213437Z.mp4 (3108171 bytes)
[2026-04-12T17:35:21.393273] Starting 60-second capture -> /Users/Chen/PycharmProjects/CSCI_6234_Final/recordings/cam208/clips/2026/04/12/cam208_20260412T213521Z.mp4
[tls @ 0x7fb1e8918380] IO error: End of file
[https @ 0x7fb1e892a580] Error reading HTTP response: End of file
[tls @ 0x7fb1e8829d00] IO error: End of file
[https @ 0x7fb1e883bf00] Error reading HTTP response: End of file
[tls @ 0x7fb1df74b100] IO error: End of file
[https @ 0x7fb1df74b040] Error reading HTTP response: End of file
[tls @ 0x7fb1df737180] IO error: End of file
[https @ 0x7fb1df736b40] Error reading HTTP response: End of file
[tls @ 0x7fb1af704200] IO error: End of file
[https @ 0x7fb1af704140] Error reading HTTP response: End of file
[tls @ 0x7fb1b8044080] IO error: End of file
[https @ 0x7fb1b80562c0] Error reading HTTP response: End of file
[tls @ 0x7fb1f042e600] IO error: End of file
[https @ 0x7fb1f04128c0] Error reading HTTP response: End of file
[tls @ 0x7fb1f0304bc0] IO error: End of file
[https @ 0x7fb1f0304b00] Error reading HTTP response: End of file
[2026-04-12T17:36:04.263080] Saved clip /Users/Chen/PycharmProjects/CSCI_6234_Final/recordings/cam208/clips/2026/04/12/cam208_20260412T213521Z.mp4 (3115990 bytes)
[2026-04-12T17:36:04.772387] Starting 60-second capture -> /Users/Chen/PycharmProjects/CSCI_6234_Final/recordings/cam208/clips/2026/04/12/cam208_20260412T213604Z.mp4
[tls @ 0x7f8630218300] IO error: End of file
[https @ 0x7f863021b0c0] Error reading HTTP response: End of file
[tls @ 0x7f862801c5c0] IO error: End of file
[https @ 0x7f862805b100] Error reading HTTP response: End of file
[tls @ 0x7f861f710a40] IO error: End of file
[https @ 0x7f861f70b500] Error reading HTTP response: End of file
[tls @ 0x7f862824b3c0] IO error: End of file
[https @ 0x7f8628260280] Error reading HTTP response: End of file
[tls @ 0x7f862801c5c0] IO error: End of file
[https @ 0x7f8628037400] Error reading HTTP response: End of file
[tls @ 0x7f861f73b180] IO error: End of file
[https @ 0x7f861f71c500] Error reading HTTP response: End of file
[tls @ 0x7f8630266940] IO error: End of file
[https @ 0x7f8630278b80] Error reading HTTP response: End of file
[tls @ 0x7f861f719f40] IO error: End of file
[https @ 0x7f861f71b240] Error reading HTTP response: End of file
[2026-04-12T17:36:48.496881] Saved clip /Users/Chen/PycharmProjects/CSCI_6234_Final/recordings/cam208/clips/2026/04/12/cam208_20260412T213604Z.mp4 (3103362 bytes)
[2026-04-12T17:36:49.005881] Starting 60-second capture -> /Users/Chen/PycharmProjects/CSCI_6234_Final/recordings/cam208/clips/2026/04/12/cam208_20260412T213649Z.mp4
[tls @ 0x7fcd9330a700] IO error: End of file
[https @ 0x7fcd936059c0] Error reading HTTP response: End of file
[tls @ 0x7fcd9366b240] IO error: End of file
[https @ 0x7fcd9365e580] Error reading HTTP response: End of file
[tls @ 0x7fcd8271e980] IO error: End of file
[https @ 0x7fcd8272dfc0] Error reading HTTP response: End of file
[tls @ 0x7fcd93244f00] IO error: End of file
[https @ 0x7fcd932049c0] Error reading HTTP response: End of file
[tls @ 0x7fcd8271e940] IO error: End of file
[https @ 0x7fcd82742bc0] Error reading HTTP response: End of file
[tls @ 0x7fcd9366b240] IO error: End of file
[https @ 0x7fcd93627940] Error reading HTTP response: End of file
[tls @ 0x7fcd8271d880] IO error: End of file
[https @ 0x7fcd8271e680] Error reading HTTP response: End of file
[2026-04-12T17:37:32.564847] Saved clip /Users/Chen/PycharmProjects/CSCI_6234_Final/recordings/cam208/clips/2026/04/12/cam208_20260412T213649Z.mp4 (3104127 bytes)
[2026-04-12T17:37:33.076519] Starting 60-second capture -> /Users/Chen/PycharmProjects/CSCI_6234_Final/recordings/cam208/clips/2026/04/12/cam208_20260412T213733Z.mp4
[tls @ 0x7fcbcaa054c0] IO error: End of file
[https @ 0x7fcbcaa05380] Error reading HTTP response: End of file
[tls @ 0x7fcba9f12880] IO error: End of file
[https @ 0x7fcbcac6f200] Error reading HTTP response: End of file
[tls @ 0x7fcbcab049c0] IO error: End of file
[https @ 0x7fcbcab04900] Error reading HTTP response: End of file
[tls @ 0x7fcbcab1df00] IO error: End of file
[https @ 0x7fcbcab1de40] Error reading HTTP response: End of file
[tls @ 0x7fcbcac0ee00] IO error: End of file
[https @ 0x7fcbcac6f200] Error reading HTTP response: End of file
[tls @ 0x7fcbcab04900] IO error: End of file
[https @ 0x7fcbcab05380] Error reading HTTP response: End of file
[tls @ 0x7fcbcaa483c0] IO error: End of file
[https @ 0x7fcbcaa9c840] Error reading HTTP response: End of file
[2026-04-12T17:38:16.186453] Saved clip /Users/Chen/PycharmProjects/CSCI_6234_Final/recordings/cam208/clips/2026/04/12/cam208_20260412T213733Z.mp4 (3110750 bytes)
[2026-04-12T17:38:16.698015] Starting 60-second capture -> /Users/Chen/PycharmProjects/CSCI_6234_Final/recordings/cam208/clips/2026/04/12/cam208_20260412T213816Z.mp4
[tls @ 0x7ff112708900] IO error: End of file
[https @ 0x7ff1127087c0] Error reading HTTP response: End of file
[tls @ 0x7ff102904240] IO error: End of file
[https @ 0x7ff102904100] Error reading HTTP response: End of file
[tls @ 0x7ff1130474c0] IO error: End of file
[https @ 0x7ff1130596c0] Error reading HTTP response: End of file
[tls @ 0x7ff102904a40] IO error: End of file
[https @ 0x7ff102904980] Error reading HTTP response: End of file
[tls @ 0x7ff102a395c0] IO error: End of file
[https @ 0x7ff102a3cac0] Error reading HTTP response: End of file
[out#0/mp4 @ 0x7ff10270a400] Error writing trailer: Immediate exit requested
[out#0/mp4 @ 0x7ff10270a400] Error closing file: Immediate exit requested
[2026-04-12T17:38:47.921400] Recorder thread stopped
[2026-04-12T17:39:02.735894] Recorder thread started
[2026-04-12T17:39:02.737135] Starting 60-second capture -> /Users/Chen/PycharmProjects/CSCI_6234_Final/recordings/cam208/clips/2026/04/12/cam208_20260412T213902Z.mp4
[tls @ 0x7f9e03704640] IO error: End of file
[https @ 0x7f9e03704500] Error reading HTTP response: End of file
[tls @ 0x7f9e07004840] IO error: End of file
[https @ 0x7f9e07004700] Error reading HTTP response: End of file
[tls @ 0x7f9e036069c0] IO error: End of file
[https @ 0x7f9e03606880] Error reading HTTP response: End of file
[tls @ 0x7f9e07013bc0] IO error: End of file
[https @ 0x7f9e07025680] Error reading HTTP response: End of file
[tls @ 0x7f9e03623700] IO error: End of file
[https @ 0x7f9e0362aac0] Error reading HTTP response: End of file
[tls @ 0x7f9e03640b80] IO error: End of file
[https @ 0x7f9e0363cf80] Error reading HTTP response: End of file
[tls @ 0x7f9e0360dac0] IO error: End of file
[https @ 0x7f9e03618fc0] Error reading HTTP response: End of file
[tls @ 0x7f9e03204500] IO error: End of file
[https @ 0x7f9e03204440] Error reading HTTP response: End of file
[2026-04-12T17:39:45.219661] Saved clip /Users/Chen/PycharmProjects/CSCI_6234_Final/recordings/cam208/clips/2026/04/12/cam208_20260412T213902Z.mp4 (3110231 bytes)
[2026-04-12T17:39:45.735958] Starting 60-second capture -> /Users/Chen/PycharmProjects/CSCI_6234_Final/recordings/cam208/clips/2026/04/12/cam208_20260412T213945Z.mp4
[tls @ 0x7ff0da404440] IO error: End of file
[https @ 0x7ff0da404380] Error reading HTTP response: End of file
[tls @ 0x7ff0c9727f40] IO error: End of file
[https @ 0x7ff0c9704c80] Error reading HTTP response: End of file
[tls @ 0x7ff0c9704ac0] IO error: End of file
[https @ 0x7ff0c97049c0] Error reading HTTP response: End of file
[tls @ 0x7ff0c970a100] IO error: End of file
[https @ 0x7ff0c970d040] Error reading HTTP response: End of file
[tls @ 0x7ff0da419480] IO error: End of file
[https @ 0x7ff0da415d80] Error reading HTTP response: End of file
[tls @ 0x7ff09a814040] IO error: End of file
[https @ 0x7ff09a826240] Error reading HTTP response: End of file
[2026-04-12T17:40:18.945547] Saved clip /Users/Chen/PycharmProjects/CSCI_6234_Final/recordings/cam208/clips/2026/04/12/cam208_20260412T213945Z.mp4 (3113614 bytes)
[2026-04-12T17:40:19.456710] Starting 60-second capture -> /Users/Chen/PycharmProjects/CSCI_6234_Final/recordings/cam208/clips/2026/04/12/cam208_20260412T214019Z.mp4
[tls @ 0x7fd445c04500] IO error: End of file
[https @ 0x7fd445c043c0] Error reading HTTP response: End of file
[tls @ 0x7fd43580f040] IO error: End of file
[https @ 0x7fd435827880] Error reading HTTP response: End of file
[tls @ 0x7fd445807200] IO error: End of file
[https @ 0x7fd445807040] Error reading HTTP response: End of file
[tls @ 0x7fd445b55640] IO error: End of file
[https @ 0x7fd445b67840] Error reading HTTP response: End of file
[tls @ 0x7fd445807340] IO error: End of file
[https @ 0x7fd445807200] Error reading HTTP response: End of file
[tls @ 0x7fd445c659c0] IO error: End of file
[https @ 0x7fd445c66040] Error reading HTTP response: End of file
[tls @ 0x7fd445d31980] IO error: End of file
[https @ 0x7fd445d7d340] Error reading HTTP response: End of file
[tls @ 0x7fd434f053c0] IO error: End of file
[https @ 0x7fd434f04b80] Error reading HTTP response: End of file
[2026-04-12T17:41:02.539110] Saved clip /Users/Chen/PycharmProjects/CSCI_6234_Final/recordings/cam208/clips/2026/04/12/cam208_20260412T214019Z.mp4 (3116742 bytes)
[2026-04-12T17:41:03.052849] Starting 60-second capture -> /Users/Chen/PycharmProjects/CSCI_6234_Final/recordings/cam208/clips/2026/04/12/cam208_20260412T214103Z.mp4
[tls @ 0x7fd099204980] IO error: End of file
[https @ 0x7fd099204840] Error reading HTTP response: End of file
[tls @ 0x7fd099247b80] IO error: End of file
[https @ 0x7fd09926a600] Error reading HTTP response: End of file
[tls @ 0x7fd099406380] IO error: End of file
[https @ 0x7fd0994101c0] Error reading HTTP response: End of file
[tls @ 0x7fd099415cc0] IO error: End of file
[https @ 0x7fd099405940] Error reading HTTP response: End of file
[tls @ 0x7fd09933cd00] IO error: End of file
[https @ 0x7fd099346ac0] Error reading HTTP response: End of file
[tls @ 0x7fd099348e80] IO error: End of file
[https @ 0x7fd09934d500] Error reading HTTP response: End of file
[2026-04-12T17:41:46.393593] Saved clip /Users/Chen/PycharmProjects/CSCI_6234_Final/recordings/cam208/clips/2026/04/12/cam208_20260412T214103Z.mp4 (3118564 bytes)
[2026-04-12T17:41:46.906614] Starting 60-second capture -> /Users/Chen/PycharmProjects/CSCI_6234_Final/recordings/cam208/clips/2026/04/12/cam208_20260412T214146Z.mp4
[tls @ 0x7f8b23004680] IO error: End of file
[https @ 0x7f8b23004540] Error reading HTTP response: End of file
[tls @ 0x7f8b233235c0] IO error: End of file
[https @ 0x7f8b23341580] Error reading HTTP response: End of file
[tls @ 0x7f8b2320e300] IO error: End of file
[https @ 0x7f8b2320ea00] Error reading HTTP response: End of file
[tls @ 0x7f8b23026b00] IO error: End of file
[https @ 0x7f8b230570c0] Error reading HTTP response: End of file
[tls @ 0x7f8b21f08140] IO error: End of file
[https @ 0x7f8b21f051c0] Error reading HTTP response: End of file
[tls @ 0x7f8b23026b00] IO error: End of file
[https @ 0x7f8b23073040] Error reading HTTP response: End of file
[tls @ 0x7f8b23033280] IO error: End of file
[https @ 0x7f8b23072b00] Error reading HTTP response: End of file
[2026-04-12T17:42:29.959039] Saved clip /Users/Chen/PycharmProjects/CSCI_6234_Final/recordings/cam208/clips/2026/04/12/cam208_20260412T214146Z.mp4 (3099180 bytes)
[2026-04-12T17:42:30.466681] Starting 60-second capture -> /Users/Chen/PycharmProjects/CSCI_6234_Final/recordings/cam208/clips/2026/04/12/cam208_20260412T214230Z.mp4
[tls @ 0x7f8224304500] IO error: End of file
[https @ 0x7f82243043c0] Error reading HTTP response: End of file
[tls @ 0x7f81f4004900] IO error: End of file
[https @ 0x7f81f4004800] Error reading HTTP response: End of file
[tls @ 0x7f822420b600] IO error: End of file
[https @ 0x7f822420adc0] Error reading HTTP response: End of file
[tls @ 0x7f822455b900] IO error: End of file
[https @ 0x7f822456db00] Error reading HTTP response: End of file
[tls @ 0x7f822420adc0] IO error: End of file
[https @ 0x7f822420efc0] Error reading HTTP response: End of file
[tls @ 0x7f8224347c40] IO error: End of file
[https @ 0x7f8224347b80] Error reading HTTP response: End of file
[tls @ 0x7f8224207880] IO error: End of file
[https @ 0x7f822420bb00] Error reading HTTP response: End of file
[2026-04-12T17:43:13.456637] Saved clip /Users/Chen/PycharmProjects/CSCI_6234_Final/recordings/cam208/clips/2026/04/12/cam208_20260412T214230Z.mp4 (3111297 bytes)
[2026-04-12T17:43:13.971369] Starting 60-second capture -> /Users/Chen/PycharmProjects/CSCI_6234_Final/recordings/cam208/clips/2026/04/12/cam208_20260412T214313Z.mp4
[tls @ 0x7f895d304680] IO error: End of file
[https @ 0x7f895d304540] Error reading HTTP response: End of file
[tls @ 0x7f895d328c80] IO error: End of file
[https @ 0x7f895d34db80] Error reading HTTP response: End of file
[tls @ 0x7f895d522b00] IO error: End of file
[https @ 0x7f895d519000] Error reading HTTP response: End of file
[tls @ 0x7f895d65f0c0] IO error: End of file
[https @ 0x7f895d661240] Error reading HTTP response: End of file
[2026-04-12T17:43:56.508936] Saved clip /Users/Chen/PycharmProjects/CSCI_6234_Final/recordings/cam208/clips/2026/04/12/cam208_20260412T214313Z.mp4 (3112701 bytes)
[2026-04-12T17:43:57.017139] Starting 60-second capture -> /Users/Chen/PycharmProjects/CSCI_6234_Final/recordings/cam208/clips/2026/04/12/cam208_20260412T214357Z.mp4
[tls @ 0x7f88a7004680] IO error: End of file
[https @ 0x7f88a7004540] Error reading HTTP response: End of file
[tls @ 0x7f88a6731600] IO error: End of file
[https @ 0x7f88a674bec0] Error reading HTTP response: End of file
[tls @ 0x7f88a7011080] IO error: End of file
[https @ 0x7f88a7022880] Error reading HTTP response: End of file
[tls @ 0x7f88b70257c0] IO error: End of file
[https @ 0x7f88b7025640] Error reading HTTP response: End of file
[tls @ 0x7f88a671a180] IO error: End of file
[https @ 0x7f88a676d8c0] Error reading HTTP response: End of file
[tls @ 0x7f88a7033ec0] IO error: End of file
[https @ 0x7f88a7022840] Error reading HTTP response: End of file
[tls @ 0x7f88a7038840] IO error: End of file
[https @ 0x7f88a7038740] Error reading HTTP response: End of file
[2026-04-12T17:44:39.698965] Saved clip /Users/Chen/PycharmProjects/CSCI_6234_Final/recordings/cam208/clips/2026/04/12/cam208_20260412T214357Z.mp4 (3110349 bytes)
[2026-04-12T17:44:40.213107] Starting 60-second capture -> /Users/Chen/PycharmProjects/CSCI_6234_Final/recordings/cam208/clips/2026/04/12/cam208_20260412T214440Z.mp4
[tls @ 0x7f8718804680] IO error: End of file
[https @ 0x7f8718804540] Error reading HTTP response: End of file
[tls @ 0x7f871892c180] IO error: End of file
[https @ 0x7f8718952340] Error reading HTTP response: End of file
[tls @ 0x7f8718904840] IO error: End of file
[https @ 0x7f8718904700] Error reading HTTP response: End of file
[tls @ 0x7f870ff2a140] IO error: End of file
[https @ 0x7f870ff1e780] Error reading HTTP response: End of file
[tls @ 0x7f871887ac40] IO error: End of file
[https @ 0x7f8718874240] Error reading HTTP response: End of file
[tls @ 0x7f8718863900] IO error: End of file
[https @ 0x7f8718864fc0] Error reading HTTP response: End of file
[2026-04-12T17:45:22.579352] Saved clip /Users/Chen/PycharmProjects/CSCI_6234_Final/recordings/cam208/clips/2026/04/12/cam208_20260412T214440Z.mp4 (3113535 bytes)
[2026-04-12T17:45:23.090817] Starting 60-second capture -> /Users/Chen/PycharmProjects/CSCI_6234_Final/recordings/cam208/clips/2026/04/12/cam208_20260412T214523Z.mp4
[tls @ 0x7f9233304500] IO error: End of file
[https @ 0x7f92333043c0] Error reading HTTP response: End of file
[tls @ 0x7f9233446680] IO error: End of file
[https @ 0x7f9233458880] Error reading HTTP response: End of file
[tls @ 0x7f92227078c0] IO error: End of file
[https @ 0x7f9222707800] Error reading HTTP response: End of file
[tls @ 0x7f9233334f00] IO error: End of file
[https @ 0x7f9233334840] Error reading HTTP response: End of file
[tls @ 0x7f9233467300] IO error: End of file
[https @ 0x7f9233405700] Error reading HTTP response: End of file
[tls @ 0x7f922270a000] IO error: End of file
[https @ 0x7f922270a300] Error reading HTTP response: End of file
[tls @ 0x7f91f2706240] IO error: End of file
[https @ 0x7f91f2706180] Error reading HTTP response: End of file
[2026-04-12T17:46:06.863282] Saved clip /Users/Chen/PycharmProjects/CSCI_6234_Final/recordings/cam208/clips/2026/04/12/cam208_20260412T214523Z.mp4 (3107164 bytes)
[2026-04-12T17:46:07.374756] Starting 60-second capture -> /Users/Chen/PycharmProjects/CSCI_6234_Final/recordings/cam208/clips/2026/04/12/cam208_20260412T214607Z.mp4
[tls @ 0x7fce97f04680] IO error: End of file
[https @ 0x7fce97f04540] Error reading HTTP response: End of file
[tls @ 0x7fce97f1ee40] IO error: End of file
[https @ 0x7fce97f2b340] Error reading HTTP response: End of file
[tls @ 0x7fcea080c240] IO error: End of file
[https @ 0x7fcea081d300] Error reading HTTP response: End of file
[tls @ 0x7fceb8909ec0] IO error: End of file
[https @ 0x7fceb89061c0] Error reading HTTP response: End of file
[tls @ 0x7fcea0b2cb00] IO error: End of file
[https @ 0x7fcea0b32a80] Error reading HTTP response: End of file
[tls @ 0x7fce97f31c00] IO error: End of file
[https @ 0x7fce97f2b340] Error reading HTTP response: End of file
[tls @ 0x7fcea0c09640] IO error: End of file
[https @ 0x7fcea0c0aa40] Error reading HTTP response: End of file
[2026-04-12T17:46:50.113853] Saved clip /Users/Chen/PycharmProjects/CSCI_6234_Final/recordings/cam208/clips/2026/04/12/cam208_20260412T214607Z.mp4 (3109043 bytes)
[2026-04-12T17:46:50.624963] Starting 60-second capture -> /Users/Chen/PycharmProjects/CSCI_6234_Final/recordings/cam208/clips/2026/04/12/cam208_20260412T214650Z.mp4
[tls @ 0x7f95a6c04680] IO error: End of file
[https @ 0x7f95a6c04540] Error reading HTTP response: End of file
[tls @ 0x7f95a6c43540] IO error: End of file
[https @ 0x7f95a6c42680] Error reading HTTP response: End of file
[tls @ 0x7f9595f09180] IO error: Connection reset by peer
[https @ 0x7f9595f18380] Error reading HTTP response: Connection reset by peer
[in#0/hls @ 0x7f95a5f07e40] keepalive request failed for 'https://itsvideo.arlingtonva.us:8013/live/cam208.stream/media_w391119914_244003.ts' with error: 'Connection reset by peer' when opening url, retrying with new connection
[tls @ 0x7f9595f07680] IO error: End of file
[https @ 0x7f9595f075c0] Error reading HTTP response: End of file
[tls @ 0x7f95a6d8f3c0] IO error: End of file
[https @ 0x7f95a6d8b7c0] Error reading HTTP response: End of file
[tls @ 0x7f95a6c04580] IO error: End of file
[https @ 0x7f95a6c05f40] Error reading HTTP response: End of file
[tls @ 0x7f95a6d5b540] IO error: End of file
[https @ 0x7f95a6d4eb80] Error reading HTTP response: End of file
[2026-04-12T17:47:33.839470] Saved clip /Users/Chen/PycharmProjects/CSCI_6234_Final/recordings/cam208/clips/2026/04/12/cam208_20260412T214650Z.mp4 (3115496 bytes)
[2026-04-12T17:47:34.353270] Starting 60-second capture -> /Users/Chen/PycharmProjects/CSCI_6234_Final/recordings/cam208/clips/2026/04/12/cam208_20260412T214734Z.mp4
[tls @ 0x7fcc97704540] IO error: End of file
[https @ 0x7fcc97704400] Error reading HTTP response: End of file
[tls @ 0x7fcc90004200] IO error: End of file
[https @ 0x7fcc90004100] Error reading HTTP response: End of file
[tls @ 0x7fccb0020740] IO error: End of file
[https @ 0x7fccb0027500] Error reading HTTP response: End of file
[tls @ 0x7fccb0005d80] IO error: End of file
[https @ 0x7fcca0022300] Error reading HTTP response: End of file
[tls @ 0x7fcca7789ac0] IO error: End of file
[https @ 0x7fcca77b1080] Error reading HTTP response: End of file
[tls @ 0x7fcca77d2200] IO error: End of file
[https @ 0x7fcca77e4440] Error reading HTTP response: End of file
[2026-04-12T17:48:17.195416] Saved clip /Users/Chen/PycharmProjects/CSCI_6234_Final/recordings/cam208/clips/2026/04/12/cam208_20260412T214734Z.mp4 (3108322 bytes)
[2026-04-12T17:48:17.709403] Starting 60-second capture -> /Users/Chen/PycharmProjects/CSCI_6234_Final/recordings/cam208/clips/2026/04/12/cam208_20260412T214817Z.mp4
[tls @ 0x7f848d704080] IO error: End of file
[https @ 0x7f849e405840] Error reading HTTP response: End of file
[tls @ 0x7f849e405800] IO error: End of file
[https @ 0x7f849e409c80] Error reading HTTP response: End of file
[tls @ 0x7f849e209280] IO error: End of file
[https @ 0x7f849e211980] Error reading HTTP response: End of file
[tls @ 0x7f849e3555c0] IO error: End of file
[https @ 0x7f849e35a700] Error reading HTTP response: End of file
[tls @ 0x7f849e24c500] IO error: End of file
[https @ 0x7f849e409c80] Error reading HTTP response: End of file
[tls @ 0x7f848d716d40] IO error: End of file
[https @ 0x7f848d729780] Error reading HTTP response: End of file
[tls @ 0x7f849e24c500] IO error: End of file
[https @ 0x7f849e205200] Error reading HTTP response: End of file
[2026-04-12T17:49:00.354423] Saved clip /Users/Chen/PycharmProjects/CSCI_6234_Final/recordings/cam208/clips/2026/04/12/cam208_20260412T214817Z.mp4 (3111368 bytes)
[2026-04-12T17:49:00.869015] Starting 60-second capture -> /Users/Chen/PycharmProjects/CSCI_6234_Final/recordings/cam208/clips/2026/04/12/cam208_20260412T214900Z.mp4
[tls @ 0x7f889f704680] IO error: End of file
[https @ 0x7f889f704540] Error reading HTTP response: End of file
[tls @ 0x7f88a8a0b400] IO error: End of file
[https @ 0x7f88a8a0a600] Error reading HTTP response: End of file
[tls @ 0x7f88a89454c0] IO error: End of file
[https @ 0x7f88a894fcc0] Error reading HTTP response: End of file
[tls @ 0x7f88a8921700] IO error: End of file
[https @ 0x7f88a8916900] Error reading HTTP response: End of file
[tls @ 0x7f88a8814480] IO error: End of file
[https @ 0x7f88a8828200] Error reading HTTP response: End of file
[tls @ 0x7f889f754940] IO error: End of file
[https @ 0x7f889f715d00] Error reading HTTP response: End of file
[tls @ 0x7f88a891f540] IO error: End of file
[https @ 0x7f88a89454c0] Error reading HTTP response: End of file
[tls @ 0x7f88a8816c40] IO error: End of file
[https @ 0x7f88a8822b40] Error reading HTTP response: End of file
[2026-04-12T17:49:43.423321] Saved clip /Users/Chen/PycharmProjects/CSCI_6234_Final/recordings/cam208/clips/2026/04/12/cam208_20260412T214900Z.mp4 (3107927 bytes)
[2026-04-12T17:49:43.933587] Starting 60-second capture -> /Users/Chen/PycharmProjects/CSCI_6234_Final/recordings/cam208/clips/2026/04/12/cam208_20260412T214943Z.mp4
[tls @ 0x7fe4dff04b40] IO error: End of file
[https @ 0x7fe4dff04a00] Error reading HTTP response: End of file
[tls @ 0x7fe4e885f400] IO error: End of file
[https @ 0x7fe4e8861e00] Error reading HTTP response: End of file
[tls @ 0x7fe4dff04d80] IO error: End of file
[https @ 0x7fe4f8808bc0] Error reading HTTP response: End of file
[tls @ 0x7fe4dff06240] IO error: End of file
[https @ 0x7fe4dff04c40] Error reading HTTP response: End of file
[tls @ 0x7fe4dff11100] IO error: End of file
[https @ 0x7fe4dff15b80] Error reading HTTP response: End of file
[tls @ 0x7fe4dff06240] IO error: End of file
[https @ 0x7fe4dff1c400] Error reading HTTP response: End of file
[tls @ 0x7fe4eff09780] IO error: End of file
[https @ 0x7fe4eff12280] Error reading HTTP response: End of file
[2026-04-12T17:50:26.763883] Saved clip /Users/Chen/PycharmProjects/CSCI_6234_Final/recordings/cam208/clips/2026/04/12/cam208_20260412T214943Z.mp4 (3105459 bytes)
[2026-04-12T17:50:27.275717] Starting 60-second capture -> /Users/Chen/PycharmProjects/CSCI_6234_Final/recordings/cam208/clips/2026/04/12/cam208_20260412T215027Z.mp4
[tls @ 0x7fdeb1b05c80] IO error: End of file
[https @ 0x7fdeb1b05b40] Error reading HTTP response: End of file
[tls @ 0x7fdea18a6cc0] IO error: End of file
[https @ 0x7fdea18a9d00] Error reading HTTP response: End of file
[tls @ 0x7fdea0f08000] IO error: End of file
[https @ 0x7fdea0f08d40] Error reading HTTP response: End of file
[tls @ 0x7fdea0f08d40] IO error: End of file
[https @ 0x7fdea0f08000] Error reading HTTP response: End of file
[tls @ 0x7fdeb1b06380] IO error: End of file
[https @ 0x7fdeb1b18d40] Error reading HTTP response: End of file
[2026-04-12T17:51:10.217075] Saved clip /Users/Chen/PycharmProjects/CSCI_6234_Final/recordings/cam208/clips/2026/04/12/cam208_20260412T215027Z.mp4 (3109663 bytes)
[2026-04-12T17:51:10.726543] Starting 60-second capture -> /Users/Chen/PycharmProjects/CSCI_6234_Final/recordings/cam208/clips/2026/04/12/cam208_20260412T215110Z.mp4
[tls @ 0x7faef4d04800] IO error: End of file
[https @ 0x7faef4d046c0] Error reading HTTP response: End of file
[tls @ 0x7faef4c6cf00] IO error: End of file
[https @ 0x7faef4c6bac0] Error reading HTTP response: End of file
[tls @ 0x7faef4d04780] IO error: End of file
[https @ 0x7faef4d046c0] Error reading HTTP response: End of file
[tls @ 0x7faef4e2ed40] IO error: End of file
[https @ 0x7faef4e05b40] Error reading HTTP response: End of file
[2026-04-12T17:51:53.493735] Saved clip /Users/Chen/PycharmProjects/CSCI_6234_Final/recordings/cam208/clips/2026/04/12/cam208_20260412T215110Z.mp4 (3114162 bytes)
[2026-04-12T17:51:54.008069] Starting 60-second capture -> /Users/Chen/PycharmProjects/CSCI_6234_Final/recordings/cam208/clips/2026/04/12/cam208_20260412T215154Z.mp4
[tls @ 0x7f9deb105b00] IO error: End of file
[https @ 0x7f9deb1059c0] Error reading HTTP response: End of file
[tls @ 0x7f9dda70af80] IO error: End of file
[https @ 0x7f9dda70aec0] Error reading HTTP response: End of file
[tls @ 0x7f9ddb0412c0] IO error: End of file
[https @ 0x7f9ddb071fc0] Error reading HTTP response: End of file
[tls @ 0x7f9dda73ca00] IO error: End of file
[https @ 0x7f9dda743fc0] Error reading HTTP response: End of file
[tls @ 0x7f9ddb12a2c0] IO error: End of file
[https @ 0x7f9ddb12c600] Error reading HTTP response: End of file
[tls @ 0x7f9ddb06c080] IO error: End of file
[https @ 0x7f9ddb09a0c0] Error reading HTTP response: End of file
[tls @ 0x7f9ddb088580] IO error: End of file
[https @ 0x7f9ddb07b4c0] Error reading HTTP response: End of file
[tls @ 0x7f9ddb115a80] IO error: End of file
[https @ 0x7f9ddb181600] Error reading HTTP response: End of file
[2026-04-12T17:52:37.945088] Saved clip /Users/Chen/PycharmProjects/CSCI_6234_Final/recordings/cam208/clips/2026/04/12/cam208_20260412T215154Z.mp4 (3106005 bytes)
[2026-04-12T17:52:38.462100] Starting 60-second capture -> /Users/Chen/PycharmProjects/CSCI_6234_Final/recordings/cam208/clips/2026/04/12/cam208_20260412T215238Z.mp4
[tls @ 0x7f7914e05240] IO error: End of file
[https @ 0x7f7914e05100] Error reading HTTP response: End of file
[tls @ 0x7f7914f32d40] IO error: End of file
[https @ 0x7f7914f1c280] Error reading HTTP response: End of file
[tls @ 0x7f7914e8ac80] IO error: End of file
[https @ 0x7f7914e870c0] Error reading HTTP response: End of file
[tls @ 0x7f7914f32d40] IO error: End of file
[https @ 0x7f7914f066c0] Error reading HTTP response: End of file
[2026-04-12T17:53:23.400659] Saved clip /Users/Chen/PycharmProjects/CSCI_6234_Final/recordings/cam208/clips/2026/04/12/cam208_20260412T215238Z.mp4 (3103954 bytes)
[2026-04-12T17:53:23.918191] Starting 60-second capture -> /Users/Chen/PycharmProjects/CSCI_6234_Final/recordings/cam208/clips/2026/04/12/cam208_20260412T215323Z.mp4
[tls @ 0x7fd8aef056c0] IO error: End of file
[https @ 0x7fd8aef05140] Error reading HTTP response: End of file
[tls @ 0x7fd89ef04fc0] IO error: End of file
[https @ 0x7fd89ef04ec0] Error reading HTTP response: End of file
[tls @ 0x7fd8a8105dc0] IO error: End of file
[https @ 0x7fd8a8105d00] Error reading HTTP response: End of file
[tls @ 0x7fd8a822be00] IO error: End of file
[https @ 0x7fd8a823d100] Error reading HTTP response: End of file
[tls @ 0x7fd8a810c400] IO error: End of file
[https @ 0x7fd8a8109ac0] Error reading HTTP response: End of file
[tls @ 0x7fd8a81098c0] IO error: End of file
[https @ 0x7fd8a8108340] Error reading HTTP response: End of file
[tls @ 0x7fd8a8204ac0] IO error: End of file
[https @ 0x7fd8a825ad80] Error reading HTTP response: End of file
[tls @ 0x7fd8a8027ec0] IO error: End of file
[https @ 0x7fd8a802b140] Error reading HTTP response: End of file
[2026-04-12T17:54:06.335358] Saved clip /Users/Chen/PycharmProjects/CSCI_6234_Final/recordings/cam208/clips/2026/04/12/cam208_20260412T215323Z.mp4 (3111456 bytes)
[2026-04-12T17:54:06.846044] Starting 60-second capture -> /Users/Chen/PycharmProjects/CSCI_6234_Final/recordings/cam208/clips/2026/04/12/cam208_20260412T215406Z.mp4
[tls @ 0x7ff0b750a300] IO error: End of file
[https @ 0x7ff0b7509100] Error reading HTTP response: End of file
[tls @ 0x7ff0b740d100] IO error: End of file
[https @ 0x7ff0b740cfc0] Error reading HTTP response: End of file
[tls @ 0x7ff0b7537e80] IO error: End of file
[https @ 0x7ff0b75720c0] Error reading HTTP response: End of file
[tls @ 0x7ff0a70499c0] IO error: End of file
[https @ 0x7ff0a70179c0] Error reading HTTP response: End of file
[tls @ 0x7ff0a700ffc0] IO error: End of file
[https @ 0x7ff0a7033a80] Error reading HTTP response: End of file
[tls @ 0x7ff0a6768c00] IO error: End of file
[https @ 0x7ff0a6769f40] Error reading HTTP response: End of file
[tls @ 0x7ff0b74185c0] IO error: End of file
[https @ 0x7ff0b7410300] Error reading HTTP response: End of file
[tls @ 0x7ff0b7571200] IO error: End of file
[https @ 0x7ff0b75720c0] Error reading HTTP response: End of file
[2026-04-12T17:54:49.873077] Saved clip /Users/Chen/PycharmProjects/CSCI_6234_Final/recordings/cam208/clips/2026/04/12/cam208_20260412T215406Z.mp4 (3111552 bytes)
[2026-04-12T17:54:50.386269] Starting 60-second capture -> /Users/Chen/PycharmProjects/CSCI_6234_Final/recordings/cam208/clips/2026/04/12/cam208_20260412T215450Z.mp4
[tls @ 0x7f8826204800] IO error: End of file
[https @ 0x7f88262046c0] Error reading HTTP response: End of file
[tls @ 0x7f8826371640] IO error: End of file
[https @ 0x7f8826305b40] Error reading HTTP response: End of file
[tls @ 0x7f8826341300] IO error: End of file
[https @ 0x7f8826353500] Error reading HTTP response: End of file
[tls @ 0x7f8815813880] IO error: End of file
[https @ 0x7f88158137c0] Error reading HTTP response: End of file
[tls @ 0x7f8826371640] IO error: End of file
[https @ 0x7f8826353400] Error reading HTTP response: End of file
[tls @ 0x7f8826254f40] IO error: End of file
[https @ 0x7f8826248780] Error reading HTTP response: End of file
[tls @ 0x7f882631ff80] IO error: End of file
[https @ 0x7f882631fec0] Error reading HTTP response: End of file
[2026-04-12T17:55:33.237575] Saved clip /Users/Chen/PycharmProjects/CSCI_6234_Final/recordings/cam208/clips/2026/04/12/cam208_20260412T215450Z.mp4 (3113150 bytes)
[2026-04-12T17:55:33.752482] Starting 60-second capture -> /Users/Chen/PycharmProjects/CSCI_6234_Final/recordings/cam208/clips/2026/04/12/cam208_20260412T215533Z.mp4
[tls @ 0x7feb39f05100] IO error: End of file
[https @ 0x7feb39f04b80] Error reading HTTP response: End of file
[tls @ 0x7feb3a80c940] IO error: End of file
[https @ 0x7feb3a804440] Error reading HTTP response: End of file
[tls @ 0x7feb3a806c40] IO error: End of file
[https @ 0x7feb3a806b80] Error reading HTTP response: End of file
[tls @ 0x7feb3a80c940] IO error: End of file
[https @ 0x7feb3a804500] Error reading HTTP response: End of file
[tls @ 0x7feb3a83e940] IO error: End of file
[https @ 0x7feb3a83e880] Error reading HTTP response: End of file
[tls @ 0x7feb3a82a9c0] IO error: End of file
[https @ 0x7feb3a852600] Error reading HTTP response: End of file
[tls @ 0x7feb3a897800] IO error: End of file
[https @ 0x7feb3a8a0f80] Error reading HTTP response: End of file
[2026-04-12T17:56:16.572086] Saved clip /Users/Chen/PycharmProjects/CSCI_6234_Final/recordings/cam208/clips/2026/04/12/cam208_20260412T215533Z.mp4 (3112139 bytes)
[2026-04-12T17:56:17.085636] Starting 60-second capture -> /Users/Chen/PycharmProjects/CSCI_6234_Final/recordings/cam208/clips/2026/04/12/cam208_20260412T215617Z.mp4
[tls @ 0x7f7e0ea08c00] IO error: End of file
[https @ 0x7f7e0ea0b5c0] Error reading HTTP response: End of file
[tls @ 0x7f7e0ea08c00] IO error: End of file
[https @ 0x7f7e0ea1f340] Error reading HTTP response: End of file
[tls @ 0x7f7e0eb24f80] IO error: End of file
[https @ 0x7f7e0eb044c0] Error reading HTTP response: End of file
[tls @ 0x7f7e0eb24f80] IO error: End of file
[https @ 0x7f7e0eb50500] Error reading HTTP response: End of file
[tls @ 0x7f7e0eb052c0] IO error: End of file
[https @ 0x7f7e0eb051c0] Error reading HTTP response: End of file
[2026-04-12T17:57:00.666409] Saved clip /Users/Chen/PycharmProjects/CSCI_6234_Final/recordings/cam208/clips/2026/04/12/cam208_20260412T215617Z.mp4 (3110833 bytes)
[2026-04-12T17:57:01.180326] Starting 60-second capture -> /Users/Chen/PycharmProjects/CSCI_6234_Final/recordings/cam208/clips/2026/04/12/cam208_20260412T215701Z.mp4
[tls @ 0x7fa316704680] IO error: End of file
[https @ 0x7fa316704540] Error reading HTTP response: End of file
[tls @ 0x7fa317045980] IO error: End of file
[https @ 0x7fa317037b40] Error reading HTTP response: End of file
[tls @ 0x7fa316723140] IO error: End of file
[https @ 0x7fa316720e80] Error reading HTTP response: End of file
[tls @ 0x7fa316728480] IO error: End of file
[https @ 0x7fa316729b80] Error reading HTTP response: End of file
[tls @ 0x7fa31701de40] IO error: End of file
[https @ 0x7fa31701dd80] Error reading HTTP response: End of file
[tls @ 0x7fa317026d00] IO error: End of file
[https @ 0x7fa3170473c0] Error reading HTTP response: End of file
[tls @ 0x7fa3167285c0] IO error: End of file
[https @ 0x7fa316729b80] Error reading HTTP response: End of file
[2026-04-12T17:57:44.384056] Saved clip /Users/Chen/PycharmProjects/CSCI_6234_Final/recordings/cam208/clips/2026/04/12/cam208_20260412T215701Z.mp4 (3107141 bytes)
[2026-04-12T17:57:44.898184] Starting 60-second capture -> /Users/Chen/PycharmProjects/CSCI_6234_Final/recordings/cam208/clips/2026/04/12/cam208_20260412T215744Z.mp4
[tls @ 0x7f869b904840] IO error: End of file
[https @ 0x7f869b905300] Error reading HTTP response: End of file
[tls @ 0x7f868af54d80] IO error: End of file
[https @ 0x7f868af62900] Error reading HTTP response: End of file
[tls @ 0x7f869bb06980] IO error: End of file
[https @ 0x7f869bb06880] Error reading HTTP response: End of file
[tls @ 0x7f866b804200] IO error: End of file
[https @ 0x7f866b804140] Error reading HTTP response: End of file
[tls @ 0x7f868af54d80] IO error: End of file
[https @ 0x7f868af62900] Error reading HTTP response: End of file
[tls @ 0x7f869b907cc0] IO error: End of file
[https @ 0x7f869b904c80] Error reading HTTP response: End of file
[tls @ 0x7f869bb16580] IO error: End of file
[https @ 0x7f869bb19f40] Error reading HTTP response: End of file
[2026-04-12T17:58:27.879165] Saved clip /Users/Chen/PycharmProjects/CSCI_6234_Final/recordings/cam208/clips/2026/04/12/cam208_20260412T215744Z.mp4 (3110588 bytes)
[2026-04-12T17:58:28.394695] Starting 60-second capture -> /Users/Chen/PycharmProjects/CSCI_6234_Final/recordings/cam208/clips/2026/04/12/cam208_20260412T215828Z.mp4
[tls @ 0x7fd341405700] IO error: End of file
[https @ 0x7fd330704540] Error reading HTTP response: End of file
[tls @ 0x7fd341236880] IO error: End of file
[https @ 0x7fd34124a480] Error reading HTTP response: End of file
[tls @ 0x7fd341410140] IO error: End of file
[https @ 0x7fd341411480] Error reading HTTP response: End of file
[tls @ 0x7fd341414400] IO error: End of file
[https @ 0x7fd34140a780] Error reading HTTP response: End of file
[tls @ 0x7fd330762440] IO error: End of file
[https @ 0x7fd330768ac0] Error reading HTTP response: End of file
[tls @ 0x7fd341326c40] IO error: End of file
[https @ 0x7fd34131c5c0] Error reading HTTP response: End of file
[tls @ 0x7fd330736800] IO error: End of file
[https @ 0x7fd330738b40] Error reading HTTP response: End of file
[2026-04-12T17:59:11.706780] Saved clip /Users/Chen/PycharmProjects/CSCI_6234_Final/recordings/cam208/clips/2026/04/12/cam208_20260412T215828Z.mp4 (3099440 bytes)
[2026-04-12T17:59:12.222693] Starting 60-second capture -> /Users/Chen/PycharmProjects/CSCI_6234_Final/recordings/cam208/clips/2026/04/12/cam208_20260412T215912Z.mp4
[tls @ 0x7fc6f2004680] IO error: End of file
[https @ 0x7fc6f2004540] Error reading HTTP response: End of file
[tls @ 0x7fc6f2039880] IO error: End of file
[https @ 0x7fc6f2051500] Error reading HTTP response: End of file
[tls @ 0x7fc6f2018a40] IO error: End of file
[https @ 0x7fc6f2017f00] Error reading HTTP response: End of file
[tls @ 0x7fc6f2121640] IO error: End of file
[https @ 0x7fc6f2122080] Error reading HTTP response: End of file
[tls @ 0x7fc6f2153a40] IO error: End of file
[https @ 0x7fc6f2155d00] Error reading HTTP response: End of file
[tls @ 0x7fc6f2039880] IO error: End of file
[https @ 0x7fc6f2051500] Error reading HTTP response: End of file
[tls @ 0x7fc6f174fe80] IO error: End of file
[https @ 0x7fc6f1704080] Error reading HTTP response: End of file
[2026-04-12T17:59:55.378408] Saved clip /Users/Chen/PycharmProjects/CSCI_6234_Final/recordings/cam208/clips/2026/04/12/cam208_20260412T215912Z.mp4 (3111172 bytes)
[2026-04-12T17:59:55.894985] Starting 60-second capture -> /Users/Chen/PycharmProjects/CSCI_6234_Final/recordings/cam208/clips/2026/04/12/cam208_20260412T215955Z.mp4
[tls @ 0x7fd11a804680] IO error: End of file
[https @ 0x7fd11a804540] Error reading HTTP response: End of file
[tls @ 0x7fd11a80e6c0] IO error: End of file
[https @ 0x7fd11a81c240] Error reading HTTP response: End of file
[tls @ 0x7fd12aa06c00] IO error: End of file
[https @ 0x7fd12aa06640] Error reading HTTP response: End of file
[tls @ 0x7fd11a9350c0] IO error: End of file
[https @ 0x7fd11a944f80] Error reading HTTP response: End of file
[tls @ 0x7fd119f1ae40] IO error: End of file
[https @ 0x7fd119f05380] Error reading HTTP response: End of file
[tls @ 0x7fd11a806f80] IO error: End of file
[https @ 0x7fd11a805a40] Error reading HTTP response: End of file
[2026-04-12T18:00:31.395104] Saved clip /Users/Chen/PycharmProjects/CSCI_6234_Final/recordings/cam208/clips/2026/04/12/cam208_20260412T215955Z.mp4 (3112367 bytes)
[2026-04-12T18:00:31.909767] Starting 60-second capture -> /Users/Chen/PycharmProjects/CSCI_6234_Final/recordings/cam208/clips/2026/04/12/cam208_20260412T220031Z.mp4
[tls @ 0x7fad12406800] IO error: End of file
[https @ 0x7fad12406280] Error reading HTTP response: End of file
[tls @ 0x7fad12451f40] IO error: End of file
[https @ 0x7fad12406340] Error reading HTTP response: End of file
[tls @ 0x7fad12206bc0] IO error: End of file
[https @ 0x7fad12206a80] Error reading HTTP response: End of file
[tls @ 0x7fad12451f40] IO error: End of file
[https @ 0x7fad1245c240] Error reading HTTP response: End of file
[tls @ 0x7fad1217d580] IO error: End of file
[https @ 0x7fad1219bd80] Error reading HTTP response: End of file
[tls @ 0x7fad122320c0] IO error: End of file
[https @ 0x7fad1220d500] Error reading HTTP response: End of file
[tls @ 0x7fad1220c380] IO error: End of file
[https @ 0x7fad1220cb80] Error reading HTTP response: End of file
[2026-04-12T18:01:15.106128] Saved clip /Users/Chen/PycharmProjects/CSCI_6234_Final/recordings/cam208/clips/2026/04/12/cam208_20260412T220031Z.mp4 (3113780 bytes)
[2026-04-12T18:01:15.621614] Starting 60-second capture -> /Users/Chen/PycharmProjects/CSCI_6234_Final/recordings/cam208/clips/2026/04/12/cam208_20260412T220115Z.mp4
[tls @ 0x7f7b96b04800] IO error: End of file
[https @ 0x7f7b96b046c0] Error reading HTTP response: End of file
[tls @ 0x7f7b96a44d80] IO error: End of file
[https @ 0x7f7b96a71e40] Error reading HTTP response: End of file
[tls @ 0x7f7b96c04540] IO error: End of file
[https @ 0x7f7b96c04480] Error reading HTTP response: End of file
[tls @ 0x7f7b96c04a40] IO error: End of file
[https @ 0x7f7b96c04980] Error reading HTTP response: End of file
[tls @ 0x7f7b96805240] IO error: End of file
[https @ 0x7f7b96805180] Error reading HTTP response: End of file
[tls @ 0x7f7b96c09c80] IO error: End of file
[https @ 0x7f7b96c0a5c0] Error reading HTTP response: End of file
[2026-04-12T18:01:54.053300] Saved clip /Users/Chen/PycharmProjects/CSCI_6234_Final/recordings/cam208/clips/2026/04/12/cam208_20260412T220115Z.mp4 (3113377 bytes)
[2026-04-12T18:01:54.571032] Starting 60-second capture -> /Users/Chen/PycharmProjects/CSCI_6234_Final/recordings/cam208/clips/2026/04/12/cam208_20260412T220154Z.mp4
[tls @ 0x7fb09d704680] IO error: End of file
[https @ 0x7fb09d704540] Error reading HTTP response: End of file
[tls @ 0x7fb0ae305840] IO error: End of file
[https @ 0x7fb0ae305680] Error reading HTTP response: End of file
[tls @ 0x7fb09d705dc0] IO error: End of file
[https @ 0x7fb09d705cc0] Error reading HTTP response: End of file
[tls @ 0x7fb0ae232400] IO error: End of file
[https @ 0x7fb0ae207e40] Error reading HTTP response: End of file
[tls @ 0x7fb0ae205b80] IO error: End of file
[https @ 0x7fb0ae224f40] Error reading HTTP response: End of file
[tls @ 0x7fb09d719200] IO error: End of file
[https @ 0x7fb09d71b840] Error reading HTTP response: End of file
[tls @ 0x7fb09e03ad80] IO error: End of file
[https @ 0x7fb09e0d6c80] Error reading HTTP response: End of file
[2026-04-12T18:02:37.389465] Saved clip /Users/Chen/PycharmProjects/CSCI_6234_Final/recordings/cam208/clips/2026/04/12/cam208_20260412T220154Z.mp4 (3109952 bytes)
[2026-04-12T18:02:37.894321] Starting 60-second capture -> /Users/Chen/PycharmProjects/CSCI_6234_Final/recordings/cam208/clips/2026/04/12/cam208_20260412T220237Z.mp4
[tls @ 0x7f86a6708dc0] IO error: End of file
[https @ 0x7f86a6708800] Error reading HTTP response: End of file
[tls @ 0x7f868681ae00] IO error: End of file
[https @ 0x7f86868164c0] Error reading HTTP response: End of file
[tls @ 0x7f86868148c0] IO error: End of file
[https @ 0x7f8686814800] Error reading HTTP response: End of file
[tls @ 0x7f8686c04380] IO error: End of file
[https @ 0x7f8686c042c0] Error reading HTTP response: End of file
[tls @ 0x7f8607004540] IO error: End of file
[https @ 0x7f8607004480] Error reading HTTP response: End of file
[tls @ 0x7f8686a04380] IO error: End of file
[https @ 0x7f8686a040c0] Error reading HTTP response: End of file
[2026-04-12T18:03:22.959659] Saved clip /Users/Chen/PycharmProjects/CSCI_6234_Final/recordings/cam208/clips/2026/04/12/cam208_20260412T220237Z.mp4 (3104469 bytes)
[2026-04-12T18:03:23.475156] Starting 60-second capture -> /Users/Chen/PycharmProjects/CSCI_6234_Final/recordings/cam208/clips/2026/04/12/cam208_20260412T220323Z.mp4
[tls @ 0x7fb95f904500] IO error: End of file
[https @ 0x7fb95f9043c0] Error reading HTTP response: End of file
[tls @ 0x7fb96f782a00] IO error: End of file
[https @ 0x7fb95f716100] Error reading HTTP response: End of file
[tls @ 0x7fb95f824300] IO error: End of file
[https @ 0x7fb95f8706c0] Error reading HTTP response: End of file
[tls @ 0x7fb95f905280] IO error: End of file
[https @ 0x7fb95f9051c0] Error reading HTTP response: End of file
[tls @ 0x7fb96f766080] IO error: End of file
[https @ 0x7fb96f794c00] Error reading HTTP response: End of file
[tls @ 0x7fb96f7630c0] IO error: End of file
[https @ 0x7fb96f731d80] Error reading HTTP response: End of file
[2026-04-12T18:04:06.150729] Saved clip /Users/Chen/PycharmProjects/CSCI_6234_Final/recordings/cam208/clips/2026/04/12/cam208_20260412T220323Z.mp4 (3107768 bytes)
[2026-04-12T18:04:06.662109] Starting 60-second capture -> /Users/Chen/PycharmProjects/CSCI_6234_Final/recordings/cam208/clips/2026/04/12/cam208_20260412T220406Z.mp4
[tls @ 0x7fd986f04500] IO error: End of file
[https @ 0x7fd986f043c0] Error reading HTTP response: End of file
[tls @ 0x7fd997932d00] IO error: End of file
[https @ 0x7fd997904100] Error reading HTTP response: End of file
[tls @ 0x7fd997922080] IO error: End of file
[https @ 0x7fd9979294c0] Error reading HTTP response: End of file
[tls @ 0x7fd986f519c0] IO error: End of file
[https @ 0x7fd986f58980] Error reading HTTP response: End of file
[tls @ 0x7fd986f41640] IO error: End of file
[https @ 0x7fd986f39340] Error reading HTTP response: End of file
[2026-04-12T18:04:40.584622] Saved clip /Users/Chen/PycharmProjects/CSCI_6234_Final/recordings/cam208/clips/2026/04/12/cam208_20260412T220406Z.mp4 (3108982 bytes)
[2026-04-12T18:04:41.099890] Starting 60-second capture -> /Users/Chen/PycharmProjects/CSCI_6234_Final/recordings/cam208/clips/2026/04/12/cam208_20260412T220441Z.mp4
[tls @ 0x7f84f2004380] IO error: End of file
[https @ 0x7f84f2004240] Error reading HTTP response: End of file
[tls @ 0x7f84f2132080] IO error: End of file
[https @ 0x7f84f214a400] Error reading HTTP response: End of file
[tls @ 0x7f84f0f1a440] IO error: End of file
[https @ 0x7f84f0f20e80] Error reading HTTP response: End of file
[tls @ 0x7f84f203ca00] IO error: End of file
[https @ 0x7f84f2024840] Error reading HTTP response: End of file
[tls @ 0x7f84f214a400] IO error: End of file
[https @ 0x7f84f21070c0] Error reading HTTP response: End of file
[tls @ 0x7f84f0f4c300] IO error: End of file
[https @ 0x7f84f0f1d800] Error reading HTTP response: End of file
[tls @ 0x7f84f0f26080] IO error: End of file
[https @ 0x7f84f0f40e40] Error reading HTTP response: End of file
[2026-04-12T18:05:23.709394] Saved clip /Users/Chen/PycharmProjects/CSCI_6234_Final/recordings/cam208/clips/2026/04/12/cam208_20260412T220441Z.mp4 (3112451 bytes)
[2026-04-12T18:05:24.225069] Starting 60-second capture -> /Users/Chen/PycharmProjects/CSCI_6234_Final/recordings/cam208/clips/2026/04/12/cam208_20260412T220524Z.mp4
[tls @ 0x7fed5eb05c80] IO error: End of file
[https @ 0x7fed5eb05b40] Error reading HTTP response: End of file
[tls @ 0x7fed5eb2fe00] IO error: End of file
[https @ 0x7fed5eb17d00] Error reading HTTP response: End of file
[tls @ 0x7fed4e814a00] IO error: End of file
[https @ 0x7fed4e817f00] Error reading HTTP response: End of file
[tls @ 0x7fed4df7c780] IO error: End of file
[https @ 0x7fed4df680c0] Error reading HTTP response: End of file
[tls @ 0x7fed4e80fc00] IO error: End of file
[https @ 0x7fed5eb62ac0] Error reading HTTP response: End of file
[tls @ 0x7fed4df7c780] IO error: End of file
[https @ 0x7fed4df37380] Error reading HTTP response: End of file
[tls @ 0x7fed5eb11400] IO error: End of file
[https @ 0x7fed5eb1ab40] Error reading HTTP response: End of file
[2026-04-12T18:06:08.610695] Saved clip /Users/Chen/PycharmProjects/CSCI_6234_Final/recordings/cam208/clips/2026/04/12/cam208_20260412T220524Z.mp4 (3110990 bytes)
[2026-04-12T18:06:09.121017] Starting 60-second capture -> /Users/Chen/PycharmProjects/CSCI_6234_Final/recordings/cam208/clips/2026/04/12/cam208_20260412T220609Z.mp4
[tls @ 0x7fd8b0a04680] IO error: End of file
[https @ 0x7fd8b0a04540] Error reading HTTP response: End of file
[tls @ 0x7fd8b080a140] IO error: End of file
[https @ 0x7fd8b080d180] Error reading HTTP response: End of file
[tls @ 0x7fd8b0962b80] IO error: End of file
[https @ 0x7fd8b096e900] Error reading HTTP response: End of file
[tls @ 0x7fd8b0a0ad40] IO error: End of file
[https @ 0x7fd8b0a4ab80] Error reading HTTP response: End of file
[2026-04-12T18:06:52.379083] Saved clip /Users/Chen/PycharmProjects/CSCI_6234_Final/recordings/cam208/clips/2026/04/12/cam208_20260412T220609Z.mp4 (3109725 bytes)
[2026-04-12T18:06:52.888070] Starting 60-second capture -> /Users/Chen/PycharmProjects/CSCI_6234_Final/recordings/cam208/clips/2026/04/12/cam208_20260412T220652Z.mp4
[tls @ 0x7fa2b07088c0] IO error: End of file
[https @ 0x7fa2b07087c0] Error reading HTTP response: End of file
[tls @ 0x7fa2b132e1c0] IO error: End of file
[https @ 0x7fa2b135d2c0] Error reading HTTP response: End of file
[tls @ 0x7fa2b132e1c0] IO error: End of file
[https @ 0x7fa2b13474c0] Error reading HTTP response: End of file
[tls @ 0x7fa2b1271440] IO error: Connection reset by peer
[https @ 0x7fa2b1283680] Error reading HTTP response: Connection reset by peer
[in#0/hls @ 0x7fa2b0707e40] keepalive request failed for 'https://itsvideo.arlingtonva.us:8013/live/cam208.stream/media_w1710089597_244124.ts' with error: 'Connection reset by peer' when opening url, retrying with new connection
[tls @ 0x7fa2b111a780] IO error: End of file
[https @ 0x7fa2b11094c0] Error reading HTTP response: End of file
[tls @ 0x7fa2b110c300] IO error: End of file
[https @ 0x7fa2b11138c0] Error reading HTTP response: End of file
[2026-04-12T18:07:40.140952] Saved clip /Users/Chen/PycharmProjects/CSCI_6234_Final/recordings/cam208/clips/2026/04/12/cam208_20260412T220652Z.mp4 (3118116 bytes)
[2026-04-12T18:07:40.650593] Starting 60-second capture -> /Users/Chen/PycharmProjects/CSCI_6234_Final/recordings/cam208/clips/2026/04/12/cam208_20260412T220740Z.mp4
[tls @ 0x7fb758f04680] IO error: End of file
[https @ 0x7fb758f04540] Error reading HTTP response: End of file
[tls @ 0x7fb758f34640] IO error: End of file
[https @ 0x7fb758f408c0] Error reading HTTP response: End of file
[tls @ 0x7fb769a06240] IO error: End of file
[https @ 0x7fb769a04580] Error reading HTTP response: End of file
[tls @ 0x7fb769c9c6c0] IO error: End of file
[https @ 0x7fb769c3de40] Error reading HTTP response: End of file
[tls @ 0x7fb769c9c6c0] IO error: End of file
[https @ 0x7fb769c57c40] Error reading HTTP response: End of file
[tls @ 0x7fb769b29080] IO error: End of file
[https @ 0x7fb769b2d800] Error reading HTTP response: End of file
[2026-04-12T18:08:23.456430] Saved clip /Users/Chen/PycharmProjects/CSCI_6234_Final/recordings/cam208/clips/2026/04/12/cam208_20260412T220740Z.mp4 (3112245 bytes)
[2026-04-12T18:08:23.969600] Starting 60-second capture -> /Users/Chen/PycharmProjects/CSCI_6234_Final/recordings/cam208/clips/2026/04/12/cam208_20260412T220823Z.mp4
[tls @ 0x7fc4d7f044c0] IO error: End of file
[https @ 0x7fc4d7f040c0] Error reading HTTP response: End of file
[tls @ 0x7fc4e0906200] IO error: End of file
[https @ 0x7fc4e0906140] Error reading HTTP response: End of file
[tls @ 0x7fc4e0833640] IO error: End of file
[https @ 0x7fc4e082e2c0] Error reading HTTP response: End of file
[tls @ 0x7fc4e0941f40] IO error: End of file
[https @ 0x7fc4e0851e40] Error reading HTTP response: End of file
[tls @ 0x7fc4e0845140] IO error: End of file
[https @ 0x7fc4e0833580] Error reading HTTP response: End of file
[tls @ 0x7fc4d7f24ac0] IO error: End of file
[https @ 0x7fc4d7f2ec80] Error reading HTTP response: End of file
[tls @ 0x7fc4f0935180] IO error: End of file
[https @ 0x7fc4f091ce80] Error reading HTTP response: End of file
[tls @ 0x7fc4e094ab00] IO error: End of file
[https @ 0x7fc4e091fcc0] Error reading HTTP response: End of file
[2026-04-12T18:09:06.612163] Saved clip /Users/Chen/PycharmProjects/CSCI_6234_Final/recordings/cam208/clips/2026/04/12/cam208_20260412T220823Z.mp4 (3115420 bytes)
[2026-04-12T18:09:07.122585] Starting 60-second capture -> /Users/Chen/PycharmProjects/CSCI_6234_Final/recordings/cam208/clips/2026/04/12/cam208_20260412T220907Z.mp4
[tls @ 0x7fcd45804500] IO error: End of file
[https @ 0x7fcd458043c0] Error reading HTTP response: End of file
[tls @ 0x7fcd45948880] IO error: End of file
[https @ 0x7fcd45958440] Error reading HTTP response: End of file
[tls @ 0x7fcd45934d80] IO error: End of file
[https @ 0x7fcd45931180] Error reading HTTP response: End of file
[tls @ 0x7fcd45806940] IO error: End of file
[https @ 0x7fcd4587ba40] Error reading HTTP response: End of file
[tls @ 0x7fcd55908100] IO error: End of file
[https @ 0x7fcd55907280] Error reading HTTP response: End of file
[tls @ 0x7fcd44f25a40] IO error: End of file
[https @ 0x7fcd44f1a040] Error reading HTTP response: End of file
[2026-04-12T18:09:49.762084] Saved clip /Users/Chen/PycharmProjects/CSCI_6234_Final/recordings/cam208/clips/2026/04/12/cam208_20260412T220907Z.mp4 (3112538 bytes)
[2026-04-12T18:09:50.278982] Starting 60-second capture -> /Users/Chen/PycharmProjects/CSCI_6234_Final/recordings/cam208/clips/2026/04/12/cam208_20260412T220950Z.mp4
[tls @ 0x7fedfc704500] IO error: End of file
[https @ 0x7fedfc704400] Error reading HTTP response: End of file
[tls @ 0x7fedfd909a00] IO error: End of file
[https @ 0x7fedfd90c940] Error reading HTTP response: End of file
[tls @ 0x7fee0d32a7c0] IO error: End of file
[https @ 0x7fee0d346200] Error reading HTTP response: End of file
[tls @ 0x7fedfd830080] IO error: End of file
[https @ 0x7fedfd842a40] Error reading HTTP response: End of file
[tls @ 0x7fedfd917580] IO error: End of file
[https @ 0x7fedfd917c40] Error reading HTTP response: End of file
[tls @ 0x7fedfc70e1c0] IO error: End of file
[https @ 0x7fedfc711440] Error reading HTTP response: End of file
[tls @ 0x7fedfd91fe40] IO error: End of file
[https @ 0x7fedfd920500] Error reading HTTP response: End of file
[tls @ 0x7fee0d35a5c0] IO error: End of file
[https @ 0x7fee0d346200] Error reading HTTP response: End of file
[2026-04-12T18:10:33.254876] Saved clip /Users/Chen/PycharmProjects/CSCI_6234_Final/recordings/cam208/clips/2026/04/12/cam208_20260412T220950Z.mp4 (3107863 bytes)
[2026-04-12T18:10:33.773030] Starting 60-second capture -> /Users/Chen/PycharmProjects/CSCI_6234_Final/recordings/cam208/clips/2026/04/12/cam208_20260412T221033Z.mp4
[tls @ 0x7fb3da704ac0] IO error: End of file
[https @ 0x7fb3da704980] Error reading HTTP response: End of file
[tls @ 0x7fb3db824b40] IO error: End of file
[https @ 0x7fb3db82d400] Error reading HTTP response: End of file
[tls @ 0x7fb3eb30e9c0] IO error: End of file
[https @ 0x7fb3eb320180] Error reading HTTP response: End of file
[tls @ 0x7fb3eb4196c0] IO error: End of file
[https @ 0x7fb3eb419600] Error reading HTTP response: End of file
[tls @ 0x7fb3db82b340] IO error: End of file
[https @ 0x7fb3db82d400] Error reading HTTP response: End of file
[tls @ 0x7fb3db810800] IO error: End of file
[https @ 0x7fb3db8336c0] Error reading HTTP response: End of file
[tls @ 0x7fb3eb4091c0] IO error: End of file
[https @ 0x7fb3eb40fd40] Error reading HTTP response: End of file
[2026-04-12T18:11:16.632266] Saved clip /Users/Chen/PycharmProjects/CSCI_6234_Final/recordings/cam208/clips/2026/04/12/cam208_20260412T221033Z.mp4 (3109951 bytes)
[2026-04-12T18:11:17.145257] Starting 60-second capture -> /Users/Chen/PycharmProjects/CSCI_6234_Final/recordings/cam208/clips/2026/04/12/cam208_20260412T221117Z.mp4
[tls @ 0x7fdefc705100] IO error: End of file
[https @ 0x7fdefc704b80] Error reading HTTP response: End of file
[tls @ 0x7fdefd021000] IO error: Connection reset by peer
[https @ 0x7fdefd038140] Error reading HTTP response: Connection reset by peer
[in#0/hls @ 0x7fdf0d0048c0] keepalive request failed for 'https://itsvideo.arlingtonva.us:8013/live/cam208.stream/media_w1806557026_244149.ts' with error: 'Connection reset by peer' when opening url, retrying with new connection
[tls @ 0x7fdefc74ee00] IO error: End of file
[https @ 0x7fdefc761000] Error reading HTTP response: End of file
[tls @ 0x7fdefc71a5c0] IO error: End of file
[https @ 0x7fdefc71ab80] Error reading HTTP response: End of file
[tls @ 0x7fdefc74ee00] IO error: End of file
[https @ 0x7fdefc716600] Error reading HTTP response: End of file
[tls @ 0x7fdefc72ea80] IO error: End of file
[https @ 0x7fdefc730700] Error reading HTTP response: End of file
[tls @ 0x7fdefd068d80] IO error: End of file
[https @ 0x7fdefd038bc0] Error reading HTTP response: End of file
[tls @ 0x7fdefd0459c0] IO error: End of file
[https @ 0x7fdefd045900] Error reading HTTP response: End of file
[2026-04-12T18:12:00.291773] Saved clip /Users/Chen/PycharmProjects/CSCI_6234_Final/recordings/cam208/clips/2026/04/12/cam208_20260412T221117Z.mp4 (3110436 bytes)
[2026-04-12T18:12:00.805865] Starting 60-second capture -> /Users/Chen/PycharmProjects/CSCI_6234_Final/recordings/cam208/clips/2026/04/12/cam208_20260412T221200Z.mp4
[tls @ 0x7fbaf5f05080] IO error: End of file
[https @ 0x7fbaf5f049c0] Error reading HTTP response: End of file
[tls @ 0x7fbb06a21040] IO error: End of file
[https @ 0x7fbb06a2e240] Error reading HTTP response: End of file
[tls @ 0x7fbaf7005200] IO error: End of file
[https @ 0x7fbaf7005100] Error reading HTTP response: End of file
[tls @ 0x7fbaf7012b40] IO error: End of file
[https @ 0x7fbaf7020ec0] Error reading HTTP response: End of file
[tls @ 0x7fbb06b39c40] IO error: End of file
[https @ 0x7fbb06b44c00] Error reading HTTP response: End of file
[tls @ 0x7fbaf7005d00] IO error: End of file
[https @ 0x7fbaf700c180] Error reading HTTP response: End of file
[tls @ 0x7fbb06b39c40] IO error: End of file
[https @ 0x7fbb06b73bc0] Error reading HTTP response: End of file
[2026-04-12T18:12:43.594738] Saved clip /Users/Chen/PycharmProjects/CSCI_6234_Final/recordings/cam208/clips/2026/04/12/cam208_20260412T221200Z.mp4 (3108505 bytes)
[2026-04-12T18:12:44.116475] Starting 60-second capture -> /Users/Chen/PycharmProjects/CSCI_6234_Final/recordings/cam208/clips/2026/04/12/cam208_20260412T221244Z.mp4
[tls @ 0x7fd17db079c0] IO error: End of file
[https @ 0x7fd17db07880] Error reading HTTP response: End of file
[tls @ 0x7fd17db313c0] IO error: End of file
[https @ 0x7fd17db32700] Error reading HTTP response: End of file
[tls @ 0x7fd17d942200] IO error: End of file
[https @ 0x7fd17d9329c0] Error reading HTTP response: End of file
[tls @ 0x7fd17da1e880] IO error: End of file
[https @ 0x7fd17da1a2c0] Error reading HTTP response: End of file
[tls @ 0x7fd17dc2de00] IO error: End of file
[https @ 0x7fd17dc34c40] Error reading HTTP response: End of file
[tls @ 0x7fd17db1a200] IO error: End of file
[https @ 0x7fd17db3a5c0] Error reading HTTP response: End of file
[2026-04-12T18:13:27.114046] Saved clip /Users/Chen/PycharmProjects/CSCI_6234_Final/recordings/cam208/clips/2026/04/12/cam208_20260412T221244Z.mp4 (3102873 bytes)
[2026-04-12T18:13:27.633208] Starting 60-second capture -> /Users/Chen/PycharmProjects/CSCI_6234_Final/recordings/cam208/clips/2026/04/12/cam208_20260412T221327Z.mp4
[tls @ 0x7fd877f12e80] IO error: End of file
[https @ 0x7fd877f16980] Error reading HTTP response: End of file
[tls @ 0x7fd881026f80] IO error: End of file
[https @ 0x7fd881013280] Error reading HTTP response: End of file
[tls @ 0x7fd8810046c0] IO error: End of file
[https @ 0x7fd881006780] Error reading HTTP response: End of file
[tls @ 0x7fd877f12e80] IO error: End of file
[https @ 0x7fd877f40080] Error reading HTTP response: End of file
[tls @ 0x7fd877f16980] IO error: End of file
[https @ 0x7fd877f1c0c0] Error reading HTTP response: End of file
[tls @ 0x7fd877f12e80] IO error: End of file
[https @ 0x7fd877f32640] Error reading HTTP response: End of file
[2026-04-12T18:14:10.508982] Saved clip /Users/Chen/PycharmProjects/CSCI_6234_Final/recordings/cam208/clips/2026/04/12/cam208_20260412T221327Z.mp4 (3110770 bytes)
[2026-04-12T18:14:11.020294] Starting 60-second capture -> /Users/Chen/PycharmProjects/CSCI_6234_Final/recordings/cam208/clips/2026/04/12/cam208_20260412T221411Z.mp4
[tls @ 0x7fc332205b00] IO error: End of file
[https @ 0x7fc3322059c0] Error reading HTTP response: End of file
[tls @ 0x7fc322132b40] IO error: End of file
[https @ 0x7fc322152780] Error reading HTTP response: End of file
[tls @ 0x7fc322034f80] IO error: End of file
[https @ 0x7fc32203c540] Error reading HTTP response: End of file
[tls @ 0x7fc322034f80] IO error: End of file
[https @ 0x7fc32201dc80] Error reading HTTP response: End of file
[2026-04-12T18:14:57.352679] Saved clip /Users/Chen/PycharmProjects/CSCI_6234_Final/recordings/cam208/clips/2026/04/12/cam208_20260412T221411Z.mp4 (3115819 bytes)
[2026-04-12T18:14:57.866093] Starting 60-second capture -> /Users/Chen/PycharmProjects/CSCI_6234_Final/recordings/cam208/clips/2026/04/12/cam208_20260412T221457Z.mp4
[tls @ 0x7fcaa8a05580] IO error: End of file
[https @ 0x7fcaa8a05440] Error reading HTTP response: End of file
[tls @ 0x7fca9cf046c0] IO error: End of file
[https @ 0x7fca9cf0e780] Error reading HTTP response: End of file
[tls @ 0x7fca9cf19700] IO error: End of file
[https @ 0x7fca9cf3b840] Error reading HTTP response: End of file
[tls @ 0x7fca9cf06940] IO error: End of file
[https @ 0x7fca9cf0ef80] Error reading HTTP response: End of file
[tls @ 0x7fcaa8822240] IO error: End of file
[https @ 0x7fcaa8824d40] Error reading HTTP response: End of file
[tls @ 0x7fcaa8a5d9c0] IO error: End of file
[https @ 0x7fcaa8a30d00] Error reading HTTP response: End of file
[tls @ 0x7fcaa882ebc0] IO error: End of file
[https @ 0x7fcaa8826cc0] Error reading HTTP response: End of file
[tls @ 0x7fcaa891f600] IO error: End of file
[https @ 0x7fcaa89360c0] Error reading HTTP response: End of file
[2026-04-12T18:15:40.810655] Saved clip /Users/Chen/PycharmProjects/CSCI_6234_Final/recordings/cam208/clips/2026/04/12/cam208_20260412T221457Z.mp4 (3110131 bytes)
[2026-04-12T18:15:41.325767] Starting 60-second capture -> /Users/Chen/PycharmProjects/CSCI_6234_Final/recordings/cam208/clips/2026/04/12/cam208_20260412T221541Z.mp4
[tls @ 0x7f863c404680] IO error: End of file
[https @ 0x7f863c404540] Error reading HTTP response: End of file
[tls @ 0x7f863c4581c0] IO error: End of file
[https @ 0x7f863c455e40] Error reading HTTP response: End of file
[tls @ 0x7f863c62b440] IO error: End of file
[https @ 0x7f863c628500] Error reading HTTP response: End of file
[tls @ 0x7f863c32a9c0] IO error: End of file
[https @ 0x7f863c344640] Error reading HTTP response: End of file
[2026-04-12T18:16:23.894978] Saved clip /Users/Chen/PycharmProjects/CSCI_6234_Final/recordings/cam208/clips/2026/04/12/cam208_20260412T221541Z.mp4 (3115030 bytes)
[2026-04-12T18:16:24.406314] Starting 60-second capture -> /Users/Chen/PycharmProjects/CSCI_6234_Final/recordings/cam208/clips/2026/04/12/cam208_20260412T221624Z.mp4
[tls @ 0x7fc4a7705100] IO error: End of file
[https @ 0x7fc4a7704b80] Error reading HTTP response: End of file
[tls @ 0x7fc4a77390c0] IO error: End of file
[https @ 0x7fc4a772e000] Error reading HTTP response: End of file
[tls @ 0x7fc4b0009dc0] IO error: End of file
[https @ 0x7fc4b0030f00] Error reading HTTP response: End of file
[tls @ 0x7fc4a7725500] IO error: End of file
[https @ 0x7fc4a77248c0] Error reading HTTP response: End of file
[tls @ 0x7fc4a77390c0] IO error: End of file
[https @ 0x7fc4a772e000] Error reading HTTP response: End of file
[tls @ 0x7fc4b7742cc0] IO error: End of file
[https @ 0x7fc4b773fc00] Error reading HTTP response: End of file
[2026-04-12T18:17:07.124407] Saved clip /Users/Chen/PycharmProjects/CSCI_6234_Final/recordings/cam208/clips/2026/04/12/cam208_20260412T221624Z.mp4 (3115487 bytes)
[2026-04-12T18:17:07.638808] Starting 60-second capture -> /Users/Chen/PycharmProjects/CSCI_6234_Final/recordings/cam208/clips/2026/04/12/cam208_20260412T221707Z.mp4
[tls @ 0x7fde2a904380] IO error: End of file
[https @ 0x7fde2a904240] Error reading HTTP response: End of file
[tls @ 0x7fde2aa3d100] IO error: End of file
[https @ 0x7fde2aa48bc0] Error reading HTTP response: End of file
[tls @ 0x7fde2a852480] IO error: End of file
[https @ 0x7fde2a825a00] Error reading HTTP response: End of file
[tls @ 0x7fde2a912e40] IO error: End of file
[https @ 0x7fde2a924200] Error reading HTTP response: End of file
[2026-04-12T18:17:50.308360] Saved clip /Users/Chen/PycharmProjects/CSCI_6234_Final/recordings/cam208/clips/2026/04/12/cam208_20260412T221707Z.mp4 (3104768 bytes)
[2026-04-12T18:17:50.825414] Starting 60-second capture -> /Users/Chen/PycharmProjects/CSCI_6234_Final/recordings/cam208/clips/2026/04/12/cam208_20260412T221750Z.mp4
[tls @ 0x7fa052f04e00] IO error: End of file
[https @ 0x7fa052f04cc0] Error reading HTTP response: End of file
[tls @ 0x7fa063b14140] IO error: End of file
[https @ 0x7fa063b049c0] Error reading HTTP response: End of file
[tls @ 0x7fa063c45c00] IO error: End of file
[https @ 0x7fa063c3c180] Error reading HTTP response: End of file
[tls @ 0x7fa063b16d40] IO error: End of file
[https @ 0x7fa063b886c0] Error reading HTTP response: End of file
[tls @ 0x7fa052f25fc0] IO error: End of file
[https @ 0x7fa052f2de00] Error reading HTTP response: End of file
[tls @ 0x7fa063c45c00] IO error: End of file
[https @ 0x7fa063c2dd00] Error reading HTTP response: End of file
[tls @ 0x7fa063c24e80] IO error: End of file
[https @ 0x7fa052f25f40] Error reading HTTP response: End of file
[tls @ 0x7fa063b87080] IO error: End of file
[https @ 0x7fa063b1b440] Error reading HTTP response: End of file
[2026-04-12T18:18:33.303827] Saved clip /Users/Chen/PycharmProjects/CSCI_6234_Final/recordings/cam208/clips/2026/04/12/cam208_20260412T221750Z.mp4 (3105427 bytes)
[2026-04-12T18:18:33.821206] Starting 60-second capture -> /Users/Chen/PycharmProjects/CSCI_6234_Final/recordings/cam208/clips/2026/04/12/cam208_20260412T221833Z.mp4
[tls @ 0x7feaf2605980] IO error: End of file
[https @ 0x7feaf2605840] Error reading HTTP response: End of file
[tls @ 0x7feaf262f380] IO error: End of file
[https @ 0x7feaf2633f80] Error reading HTTP response: End of file
[tls @ 0x7feae171ab80] IO error: End of file
[https @ 0x7feae170f680] Error reading HTTP response: End of file
[tls @ 0x7feae176c600] IO error: End of file
[https @ 0x7feae1734740] Error reading HTTP response: End of file
[tls @ 0x7feaf2634a80] IO error: End of file
[https @ 0x7feaf2633f80] Error reading HTTP response: End of file
[2026-04-12T18:19:16.715243] Saved clip /Users/Chen/PycharmProjects/CSCI_6234_Final/recordings/cam208/clips/2026/04/12/cam208_20260412T221833Z.mp4 (3110052 bytes)
[2026-04-12T18:19:17.227679] Starting 60-second capture -> /Users/Chen/PycharmProjects/CSCI_6234_Final/recordings/cam208/clips/2026/04/12/cam208_20260412T221917Z.mp4
[tls @ 0x7fcac54042c0] IO error: End of file
[https @ 0x7fcac5404180] Error reading HTTP response: End of file
[tls @ 0x7fcac5409f00] IO error: End of file
[https @ 0x7fcac541cf40] Error reading HTTP response: End of file
[tls @ 0x7fcac5327340] IO error: End of file
[https @ 0x7fcac53424c0] Error reading HTTP response: End of file
[tls @ 0x7fcac5157580] IO error: End of file
[https @ 0x7fcac5169780] Error reading HTTP response: End of file
[tls @ 0x7fcac5409f00] IO error: End of file
[https @ 0x7fcac541cf40] Error reading HTTP response: End of file
[tls @ 0x7fcac5206cc0] IO error: End of file
[https @ 0x7fcac5239000] Error reading HTTP response: End of file
[2026-04-12T18:20:00.324567] Saved clip /Users/Chen/PycharmProjects/CSCI_6234_Final/recordings/cam208/clips/2026/04/12/cam208_20260412T221917Z.mp4 (3110417 bytes)
[2026-04-12T18:20:00.842076] Starting 60-second capture -> /Users/Chen/PycharmProjects/CSCI_6234_Final/recordings/cam208/clips/2026/04/12/cam208_20260412T222000Z.mp4
[tls @ 0x7f8a60204e00] IO error: End of file
[https @ 0x7f8a60204d00] Error reading HTTP response: End of file
[tls @ 0x7f8a602456c0] IO error: End of file
[https @ 0x7f8a6023ab00] Error reading HTTP response: End of file
[tls @ 0x7f8a4f72f240] IO error: End of file
[https @ 0x7f8a4f722880] Error reading HTTP response: End of file
[tls @ 0x7f8a58012280] IO error: End of file
[https @ 0x7f8a58029bc0] Error reading HTTP response: End of file
[tls @ 0x7f8a3f70f640] IO error: End of file
[https @ 0x7f8a6021f240] Error reading HTTP response: End of file
[tls @ 0x7f8a4f7471c0] IO error: End of file
[https @ 0x7f8a4f740580] Error reading HTTP response: End of file
[tls @ 0x7f8a3f70f600] IO error: End of file
[https @ 0x7f8a3f712e40] Error reading HTTP response: End of file
[2026-04-12T18:20:43.735249] Saved clip /Users/Chen/PycharmProjects/CSCI_6234_Final/recordings/cam208/clips/2026/04/12/cam208_20260412T222000Z.mp4 (3111366 bytes)
[2026-04-12T18:20:44.267681] Starting 60-second capture -> /Users/Chen/PycharmProjects/CSCI_6234_Final/recordings/cam208/clips/2026/04/12/cam208_20260412T222044Z.mp4
[tls @ 0x7f9c35804380] IO error: End of file
[https @ 0x7f9c35804240] Error reading HTTP response: End of file
[tls @ 0x7f9c55c17900] IO error: End of file
[https @ 0x7f9c55c04980] Error reading HTTP response: End of file
[tls @ 0x7f9c35805b40] IO error: End of file
[https @ 0x7f9c35805a40] Error reading HTTP response: End of file
[tls @ 0x7f9c55b28900] IO error: End of file
[https @ 0x7f9c55b28700] Error reading HTTP response: End of file
[tls @ 0x7f9c55b11000] IO error: End of file
[https @ 0x7f9c55b2b2c0] Error reading HTTP response: End of file
[tls @ 0x7f9c55b352c0] IO error: End of file
[https @ 0x7f9c55b21280] Error reading HTTP response: End of file
[tls @ 0x7f9c55c21d80] IO error: End of file
[https @ 0x7f9c55c27880] Error reading HTTP response: End of file
[2026-04-12T18:21:26.685506] Saved clip /Users/Chen/PycharmProjects/CSCI_6234_Final/recordings/cam208/clips/2026/04/12/cam208_20260412T222044Z.mp4 (3118175 bytes)
[2026-04-12T18:21:27.204100] Starting 60-second capture -> /Users/Chen/PycharmProjects/CSCI_6234_Final/recordings/cam208/clips/2026/04/12/cam208_20260412T222127Z.mp4
[tls @ 0x7f93de704f40] IO error: End of file
[https @ 0x7f93de704800] Error reading HTTP response: End of file
[tls @ 0x7f93de72cdc0] IO error: End of file
[https @ 0x7f93de74cc40] Error reading HTTP response: End of file
[tls @ 0x7f93de711b40] IO error: End of file
[https @ 0x7f93de711a80] Error reading HTTP response: End of file
[tls @ 0x7f93be70d180] IO error: End of file
[https @ 0x7f93be716fc0] Error reading HTTP response: End of file
[tls @ 0x7f93df113640] IO error: End of file
[https @ 0x7f93df115980] Error reading HTTP response: End of file
[tls @ 0x7f93de711a80] IO error: End of file
[https @ 0x7f93de715b40] Error reading HTTP response: End of file
[tls @ 0x7f93df013040] IO error: End of file
[https @ 0x7f93df042000] Error reading HTTP response: End of file
[2026-04-12T18:22:09.710670] Saved clip /Users/Chen/PycharmProjects/CSCI_6234_Final/recordings/cam208/clips/2026/04/12/cam208_20260412T222127Z.mp4 (3106407 bytes)
[2026-04-12T18:22:10.240105] Starting 60-second capture -> /Users/Chen/PycharmProjects/CSCI_6234_Final/recordings/cam208/clips/2026/04/12/cam208_20260412T222210Z.mp4
[tls @ 0x7f92c5104680] IO error: End of file
[https @ 0x7f92c5104540] Error reading HTTP response: End of file
[tls @ 0x7f92c4f04cc0] IO error: End of file
[https @ 0x7f92c4f04c00] Error reading HTTP response: End of file
[tls @ 0x7f92c4f04f00] IO error: End of file
[https @ 0x7f92c4f04cc0] Error reading HTTP response: End of file
[tls @ 0x7f92d4f59d80] IO error: End of file
[https @ 0x7f92d4f6bf80] Error reading HTTP response: End of file
[tls @ 0x7f92c4f05a80] IO error: End of file
[https @ 0x7f92c4f05140] Error reading HTTP response: End of file
[2026-04-12T18:22:54.361431] Saved clip /Users/Chen/PycharmProjects/CSCI_6234_Final/recordings/cam208/clips/2026/04/12/cam208_20260412T222210Z.mp4 (3106932 bytes)
[2026-04-12T18:22:54.887783] Starting 60-second capture -> /Users/Chen/PycharmProjects/CSCI_6234_Final/recordings/cam208/clips/2026/04/12/cam208_20260412T222254Z.mp4
[tls @ 0x7f969dd04d00] IO error: End of file
[https @ 0x7f969dd04bc0] Error reading HTTP response: End of file
[tls @ 0x7f969dc0b800] IO error: End of file
[https @ 0x7f969dc0b740] Error reading HTTP response: End of file
[tls @ 0x7f969db6fd80] IO error: End of file
[https @ 0x7f969db4de80] Error reading HTTP response: End of file
[tls @ 0x7f969db0dec0] IO error: End of file
[https @ 0x7f969db08b80] Error reading HTTP response: End of file
[tls @ 0x7f969db6fd80] IO error: End of file
[https @ 0x7f969db74900] Error reading HTTP response: End of file
[tls @ 0x7f969db6dbc0] IO error: End of file
[https @ 0x7f969db06640] Error reading HTTP response: End of file
[tls @ 0x7f969dd3c3c0] IO error: End of file
[https @ 0x7f969dd34ec0] Error reading HTTP response: End of file
[2026-04-12T18:23:37.306308] Saved clip /Users/Chen/PycharmProjects/CSCI_6234_Final/recordings/cam208/clips/2026/04/12/cam208_20260412T222254Z.mp4 (3113043 bytes)
[2026-04-12T18:23:37.822022] Starting 60-second capture -> /Users/Chen/PycharmProjects/CSCI_6234_Final/recordings/cam208/clips/2026/04/12/cam208_20260412T222337Z.mp4
[tls @ 0x7fa4b910b880] IO error: End of file
[https @ 0x7fa4b9106e00] Error reading HTTP response: End of file
[tls @ 0x7fa4c0a84100] IO error: End of file
[https @ 0x7fa4c0a8a2c0] Error reading HTTP response: End of file
[tls @ 0x7fa4b910b880] IO error: End of file
[https @ 0x7fa4b9106e00] Error reading HTTP response: End of file
[tls @ 0x7fa4c0a53a40] IO error: End of file
[https @ 0x7fa4c0a5d140] Error reading HTTP response: End of file
[tls @ 0x7fa4b901b0c0] IO error: End of file
[https @ 0x7fa4b9027d00] Error reading HTTP response: End of file
[tls @ 0x7fa4b905f8c0] IO error: End of file
[https @ 0x7fa4b9063c80] Error reading HTTP response: End of file
[2026-04-12T18:24:20.891198] Saved clip /Users/Chen/PycharmProjects/CSCI_6234_Final/recordings/cam208/clips/2026/04/12/cam208_20260412T222337Z.mp4 (3107774 bytes)
[2026-04-12T18:24:21.409271] Starting 60-second capture -> /Users/Chen/PycharmProjects/CSCI_6234_Final/recordings/cam208/clips/2026/04/12/cam208_20260412T222421Z.mp4
[tls @ 0x7f8ef4904500] IO error: End of file
[https @ 0x7f8ef49043c0] Error reading HTTP response: End of file
[tls @ 0x7f8ef484c7c0] IO error: End of file
[https @ 0x7f8ef48342c0] Error reading HTTP response: End of file
[tls @ 0x7f8ef495ec00] IO error: End of file
[https @ 0x7f8ef492fc40] Error reading HTTP response: End of file
[tls @ 0x7f8ef492ec80] IO error: End of file
[https @ 0x7f8ef492b080] Error reading HTTP response: End of file
[tls @ 0x7f8ef482cdc0] IO error: End of file
[https @ 0x7f8ef48342c0] Error reading HTTP response: End of file
[tls @ 0x7f8ef481fa80] IO error: End of file
[https @ 0x7f8ef4816d00] Error reading HTTP response: End of file
[2026-04-12T18:25:03.947805] Saved clip /Users/Chen/PycharmProjects/CSCI_6234_Final/recordings/cam208/clips/2026/04/12/cam208_20260412T222421Z.mp4 (3110511 bytes)
[2026-04-12T18:25:04.459061] Starting 60-second capture -> /Users/Chen/PycharmProjects/CSCI_6234_Final/recordings/cam208/clips/2026/04/12/cam208_20260412T222504Z.mp4
[tls @ 0x7fb821a0df40] IO error: End of file
[https @ 0x7fb821a15700] Error reading HTTP response: End of file
[tls @ 0x7fb821b7d580] IO error: End of file
[https @ 0x7fb821b745c0] Error reading HTTP response: End of file
[tls @ 0x7fb821805a80] IO error: End of file
[https @ 0x7fb821805640] Error reading HTTP response: End of file
[tls @ 0x7fb7f1804200] IO error: End of file
[https @ 0x7fb7f1804140] Error reading HTTP response: End of file
[2026-04-12T18:25:48.188198] Saved clip /Users/Chen/PycharmProjects/CSCI_6234_Final/recordings/cam208/clips/2026/04/12/cam208_20260412T222504Z.mp4 (3111026 bytes)
[2026-04-12T18:25:48.703699] Starting 60-second capture -> /Users/Chen/PycharmProjects/CSCI_6234_Final/recordings/cam208/clips/2026/04/12/cam208_20260412T222548Z.mp4
[tls @ 0x7f8f50005080] IO error: End of file
[https @ 0x7f8f50004b40] Error reading HTTP response: End of file
[tls @ 0x7f8f57721dc0] IO error: End of file
[https @ 0x7f8f5771e1c0] Error reading HTTP response: End of file
[tls @ 0x7f8f57708a00] IO error: End of file
[https @ 0x7f8f57708500] Error reading HTTP response: End of file
[tls @ 0x7f8f57721dc0] IO error: End of file
[https @ 0x7f8f57733fc0] Error reading HTTP response: End of file
[tls @ 0x7f8f57751b40] IO error: End of file
[https @ 0x7f8f57755c80] Error reading HTTP response: End of file
[tls @ 0x7f8f17804280] IO error: End of file
[https @ 0x7f8f178040c0] Error reading HTTP response: End of file
[tls @ 0x7f8f67709540] IO error: End of file
[https @ 0x7f8f67709480] Error reading HTTP response: End of file
[2026-04-12T18:26:31.117447] Saved clip /Users/Chen/PycharmProjects/CSCI_6234_Final/recordings/cam208/clips/2026/04/12/cam208_20260412T222548Z.mp4 (3109535 bytes)
[2026-04-12T18:26:31.629834] Starting 60-second capture -> /Users/Chen/PycharmProjects/CSCI_6234_Final/recordings/cam208/clips/2026/04/12/cam208_20260412T222631Z.mp4
[tls @ 0x7fe774206980] IO error: End of file
[https @ 0x7fe7742068c0] Error reading HTTP response: End of file
[tls @ 0x7fe763704580] IO error: End of file
[https @ 0x7fe763704080] Error reading HTTP response: End of file
[tls @ 0x7fe763705800] IO error: End of file
[https @ 0x7fe763705740] Error reading HTTP response: End of file
[tls @ 0x7fe763705740] IO error: End of file
[https @ 0x7fe763705800] Error reading HTTP response: End of file
[2026-04-12T18:27:14.279592] Saved clip /Users/Chen/PycharmProjects/CSCI_6234_Final/recordings/cam208/clips/2026/04/12/cam208_20260412T222631Z.mp4 (3105730 bytes)
[2026-04-12T18:27:14.793106] Starting 60-second capture -> /Users/Chen/PycharmProjects/CSCI_6234_Final/recordings/cam208/clips/2026/04/12/cam208_20260412T222714Z.mp4
[tls @ 0x7fea13157840] IO error: End of file
[https @ 0x7fea13171a80] Error reading HTTP response: End of file
[tls @ 0x7fea03306dc0] IO error: End of file
[https @ 0x7fea03307080] Error reading HTTP response: End of file
[tls @ 0x7fea027049c0] IO error: End of file
[https @ 0x7fea02704880] Error reading HTTP response: End of file
[tls @ 0x7fea03217180] IO error: End of file
[https @ 0x7fea0323e780] Error reading HTTP response: End of file
[tls @ 0x7fea0311d5c0] IO error: End of file
[https @ 0x7fea0312d400] Error reading HTTP response: End of file
[tls @ 0x7fea03316f80] IO error: End of file
[https @ 0x7fea033291c0] Error reading HTTP response: End of file
[tls @ 0x7fea12704d80] IO error: End of file
[https @ 0x7fea12704c80] Error reading HTTP response: End of file
[2026-04-12T18:27:57.176442] Saved clip /Users/Chen/PycharmProjects/CSCI_6234_Final/recordings/cam208/clips/2026/04/12/cam208_20260412T222714Z.mp4 (3111906 bytes)
[2026-04-12T18:27:57.684432] Starting 60-second capture -> /Users/Chen/PycharmProjects/CSCI_6234_Final/recordings/cam208/clips/2026/04/12/cam208_20260412T222757Z.mp4
[tls @ 0x7fc1dc8376c0] IO error: End of file
[https @ 0x7fc1dc828bc0] Error reading HTTP response: End of file
[tls @ 0x7fc1cc904380] IO error: End of file
[https @ 0x7fc1cc904200] Error reading HTTP response: End of file
[tls @ 0x7fc1dbf09e00] IO error: End of file
[https @ 0x7fc1dbf09c40] Error reading HTTP response: End of file
[tls @ 0x7fc1cbf05fc0] IO error: End of file
[https @ 0x7fc1cbf05ec0] Error reading HTTP response: End of file
[tls @ 0x7fc1dcb22e00] IO error: End of file
[https @ 0x7fc1dcb3a040] Error reading HTTP response: End of file
[tls @ 0x7fc1cbf44d00] IO error: End of file
[https @ 0x7fc1cbf40c40] Error reading HTTP response: End of file
[2026-04-12T18:28:40.302074] Saved clip /Users/Chen/PycharmProjects/CSCI_6234_Final/recordings/cam208/clips/2026/04/12/cam208_20260412T222757Z.mp4 (3112652 bytes)
[2026-04-12T18:28:40.811529] Starting 60-second capture -> /Users/Chen/PycharmProjects/CSCI_6234_Final/recordings/cam208/clips/2026/04/12/cam208_20260412T222840Z.mp4
[tls @ 0x7f8626704680] IO error: End of file
[https @ 0x7f8626704540] Error reading HTTP response: End of file
[tls @ 0x7f85f6704200] IO error: End of file
[https @ 0x7f85f6704140] Error reading HTTP response: End of file
[tls @ 0x7f8627220680] IO error: End of file
[https @ 0x7f862722cfc0] Error reading HTTP response: End of file
[tls @ 0x7f8627220680] IO error: End of file
[https @ 0x7f8627231bc0] Error reading HTTP response: End of file
[tls @ 0x7f862720e140] IO error: End of file
[https @ 0x7f862720a540] Error reading HTTP response: End of file
[2026-04-12T18:29:25.779408] Saved clip /Users/Chen/PycharmProjects/CSCI_6234_Final/recordings/cam208/clips/2026/04/12/cam208_20260412T222840Z.mp4 (3113262 bytes)
[2026-04-12T18:29:26.294561] Starting 60-second capture -> /Users/Chen/PycharmProjects/CSCI_6234_Final/recordings/cam208/clips/2026/04/12/cam208_20260412T222926Z.mp4
[tls @ 0x7fd7a9f05100] IO error: End of file
[https @ 0x7fd7a9f04b80] Error reading HTTP response: End of file
[tls @ 0x7fd7ba882900] IO error: End of file
[https @ 0x7fd7ba89ee40] Error reading HTTP response: End of file
[tls @ 0x7fd7aa805340] IO error: End of file
[https @ 0x7fd7aa805240] Error reading HTTP response: End of file
[tls @ 0x7fd7aa831cc0] IO error: End of file
[https @ 0x7fd7aa83b400] Error reading HTTP response: End of file
[tls @ 0x7fd7aaa04700] IO error: End of file
[https @ 0x7fd7aaa04600] Error reading HTTP response: End of file
[2026-04-12T18:29:58.567589] Saved clip /Users/Chen/PycharmProjects/CSCI_6234_Final/recordings/cam208/clips/2026/04/12/cam208_20260412T222926Z.mp4 (3118629 bytes)
[2026-04-12T18:29:59.077637] Starting 60-second capture -> /Users/Chen/PycharmProjects/CSCI_6234_Final/recordings/cam208/clips/2026/04/12/cam208_20260412T222959Z.mp4
[tls @ 0x7fa76f106140] IO error: End of file
[https @ 0x7fa76f105ac0] Error reading HTTP response: End of file
[tls @ 0x7fa75f82d600] IO error: End of file
[https @ 0x7fa75f857500] Error reading HTTP response: End of file
[tls @ 0x7fa75e70bb80] IO error: End of file
[https @ 0x7fa75fb05080] Error reading HTTP response: End of file
[tls @ 0x7fa71f004200] IO error: End of file
[https @ 0x7fa71f004080] Error reading HTTP response: End of file
[tls @ 0x7fa71f045480] IO error: End of file
[https @ 0x7fa71f057680] Error reading HTTP response: End of file
[tls @ 0x7fa75e71af00] IO error: End of file
[https @ 0x7fa75e71ae40] Error reading HTTP response: End of file
[tls @ 0x7fa6ff004240] IO error: End of file
[https @ 0x7fa6ff004080] Error reading HTTP response: End of file
[2026-04-12T18:30:41.892655] Saved clip /Users/Chen/PycharmProjects/CSCI_6234_Final/recordings/cam208/clips/2026/04/12/cam208_20260412T222959Z.mp4 (3112400 bytes)
[2026-04-12T18:30:42.402993] Starting 60-second capture -> /Users/Chen/PycharmProjects/CSCI_6234_Final/recordings/cam208/clips/2026/04/12/cam208_20260412T223042Z.mp4
[tls @ 0x7f8975904380] IO error: End of file
[https @ 0x7f8975904240] Error reading HTTP response: End of file
[tls @ 0x7f8975804380] IO error: End of file
[https @ 0x7f89758041c0] Error reading HTTP response: End of file
[tls @ 0x7f8975904b80] IO error: End of file
[https @ 0x7f8975904a80] Error reading HTTP response: End of file
[tls @ 0x7f8934f04200] IO error: End of file
[https @ 0x7f8934f04140] Error reading HTTP response: End of file
[tls @ 0x7f8935a043c0] IO error: End of file
[https @ 0x7f8935a04200] Error reading HTTP response: End of file
[tls @ 0x7f8935a04880] IO error: End of file
[https @ 0x7f8935a04080] Error reading HTTP response: End of file
[tls @ 0x7f8975a45b80] IO error: End of file
[https @ 0x7f8975a536c0] Error reading HTTP response: End of file
[2026-04-12T18:31:25.297301] Saved clip /Users/Chen/PycharmProjects/CSCI_6234_Final/recordings/cam208/clips/2026/04/12/cam208_20260412T223042Z.mp4 (3113910 bytes)
[2026-04-12T18:31:25.809684] Starting 60-second capture -> /Users/Chen/PycharmProjects/CSCI_6234_Final/recordings/cam208/clips/2026/04/12/cam208_20260412T223125Z.mp4
[tls @ 0x7faabf004500] IO error: End of file
[https @ 0x7faabf0043c0] Error reading HTTP response: End of file
[tls @ 0x7faabf005180] IO error: End of file
[https @ 0x7faabf0050c0] Error reading HTTP response: End of file
[tls @ 0x7faabe7295c0] IO error: End of file
[https @ 0x7faabe73d1c0] Error reading HTTP response: End of file
[tls @ 0x7faa8e70e0c0] IO error: End of file
[https @ 0x7faa8e70e000] Error reading HTTP response: End of file
[tls @ 0x7faabf007c00] IO error: End of file
[https @ 0x7faabf004b40] Error reading HTTP response: End of file
[tls @ 0x7faace704880] IO error: End of file
[https @ 0x7faace7047c0] Error reading HTTP response: End of file
[tls @ 0x7faabf205000] IO error: End of file
[https @ 0x7faabf204f40] Error reading HTTP response: End of file
[2026-04-12T18:31:58.574556] Saved clip /Users/Chen/PycharmProjects/CSCI_6234_Final/recordings/cam208/clips/2026/04/12/cam208_20260412T223125Z.mp4 (3111821 bytes)
[2026-04-12T18:31:59.087789] Starting 60-second capture -> /Users/Chen/PycharmProjects/CSCI_6234_Final/recordings/cam208/clips/2026/04/12/cam208_20260412T223159Z.mp4
[tls @ 0x7fb264405b00] IO error: End of file
[https @ 0x7fb2644059c0] Error reading HTTP response: End of file
[tls @ 0x7fb25370e480] IO error: End of file
[https @ 0x7fb253704080] Error reading HTTP response: End of file
[tls @ 0x7fb264006b00] IO error: End of file
[https @ 0x7fb26402d980] Error reading HTTP response: End of file
[tls @ 0x7fb2643041c0] IO error: End of file
[https @ 0x7fb26430c6c0] Error reading HTTP response: End of file
[tls @ 0x7fb264244c40] IO error: End of file
[https @ 0x7fb264256e80] Error reading HTTP response: End of file
[2026-04-12T18:32:43.216735] Saved clip /Users/Chen/PycharmProjects/CSCI_6234_Final/recordings/cam208/clips/2026/04/12/cam208_20260412T223159Z.mp4 (3108067 bytes)
[2026-04-12T18:32:43.726485] Starting 60-second capture -> /Users/Chen/PycharmProjects/CSCI_6234_Final/recordings/cam208/clips/2026/04/12/cam208_20260412T223243Z.mp4
[tls @ 0x7fc401804880] IO error: End of file
[https @ 0x7fc3f2104080] Error reading HTTP response: End of file
[tls @ 0x7fc3f0f05d00] IO error: End of file
[https @ 0x7fc3f0f08080] Error reading HTTP response: End of file
[tls @ 0x7fc3f2104ac0] IO error: End of file
[https @ 0x7fc3f21049c0] Error reading HTTP response: End of file
[tls @ 0x7fc3a0f04280] IO error: End of file
[https @ 0x7fc3a0f040c0] Error reading HTTP response: End of file
[tls @ 0x7fc4018133c0] IO error: End of file
[https @ 0x7fc4018047c0] Error reading HTTP response: End of file
[tls @ 0x7fc3f0f04780] IO error: End of file
[https @ 0x7fc3f0f045c0] Error reading HTTP response: End of file
[tls @ 0x7fc3f200f940] IO error: End of file
[https @ 0x7fc3f2022780] Error reading HTTP response: End of file
[2026-04-12T18:33:26.422273] Saved clip /Users/Chen/PycharmProjects/CSCI_6234_Final/recordings/cam208/clips/2026/04/12/cam208_20260412T223243Z.mp4 (3105352 bytes)
[2026-04-12T18:33:26.938062] Starting 60-second capture -> /Users/Chen/PycharmProjects/CSCI_6234_Final/recordings/cam208/clips/2026/04/12/cam208_20260412T223326Z.mp4
[tls @ 0x7f8f5a105980] IO error: End of file
[https @ 0x7f8f5a105840] Error reading HTTP response: End of file
[tls @ 0x7f8f5972ec40] IO error: End of file
[https @ 0x7f8f59730240] Error reading HTTP response: End of file
[tls @ 0x7f8f5a057300] IO error: End of file
[https @ 0x7f8f5a0710c0] Error reading HTTP response: End of file
[tls @ 0x7f8f49c45340] IO error: End of file
[https @ 0x7f8f49c5cbc0] Error reading HTTP response: End of file
[tls @ 0x7f8f5a057300] IO error: End of file
[https @ 0x7f8f5a06eb80] Error reading HTTP response: End of file
[tls @ 0x7f8f49a04140] IO error: End of file
[https @ 0x7f8f49a10ac0] Error reading HTTP response: End of file
[tls @ 0x7f8f5a105980] IO error: End of file
[https @ 0x7f8f5a105800] Error reading HTTP response: End of file
[2026-04-12T18:34:09.868225] Saved clip /Users/Chen/PycharmProjects/CSCI_6234_Final/recordings/cam208/clips/2026/04/12/cam208_20260412T223326Z.mp4 (3104643 bytes)
[2026-04-12T18:34:10.378628] Starting 60-second capture -> /Users/Chen/PycharmProjects/CSCI_6234_Final/recordings/cam208/clips/2026/04/12/cam208_20260412T223410Z.mp4
[tls @ 0x7fa4a9d04500] IO error: End of file
[https @ 0x7fa4a9d043c0] Error reading HTTP response: End of file
[tls @ 0x7fa4a9d0b8c0] IO error: End of file
[https @ 0x7fa4a9d04480] Error reading HTTP response: End of file
[tls @ 0x7fa4a9d05180] IO error: End of file
[https @ 0x7fa4a9d050c0] Error reading HTTP response: End of file
[tls @ 0x7fa4a9b11680] IO error: End of file
[https @ 0x7fa4a9b30f00] Error reading HTTP response: End of file
[tls @ 0x7fa488f04480] IO error: End of file
[https @ 0x7fa488f043c0] Error reading HTTP response: End of file
[tls @ 0x7fa4a9c18600] IO error: End of file
[https @ 0x7fa4a9c04b80] Error reading HTTP response: End of file
[2026-04-12T18:34:53.036867] Saved clip /Users/Chen/PycharmProjects/CSCI_6234_Final/recordings/cam208/clips/2026/04/12/cam208_20260412T223410Z.mp4 (3110928 bytes)
[2026-04-12T18:34:53.552888] Starting 60-second capture -> /Users/Chen/PycharmProjects/CSCI_6234_Final/recordings/cam208/clips/2026/04/12/cam208_20260412T223453Z.mp4
[tls @ 0x7fed2b2046c0] IO error: End of file
[https @ 0x7fed2b204580] Error reading HTTP response: End of file
[tls @ 0x7fed2b005140] IO error: End of file
[https @ 0x7fed2b0054c0] Error reading HTTP response: End of file
[tls @ 0x7fed2b155b80] IO error: End of file
[https @ 0x7fed2b167d80] Error reading HTTP response: End of file
[tls @ 0x7fed2a7083c0] IO error: End of file
[https @ 0x7fed2a708b00] Error reading HTTP response: End of file
[tls @ 0x7fed1a75f280] IO error: End of file
[https @ 0x7fed1a75d900] Error reading HTTP response: End of file
[tls @ 0x7fecfb8075c0] IO error: End of file
[https @ 0x7fecfb807480] Error reading HTTP response: End of file
[tls @ 0x7fecfa709340] IO error: End of file
[https @ 0x7fecfa705780] Error reading HTTP response: End of file
[2026-04-12T18:35:36.172763] Saved clip /Users/Chen/PycharmProjects/CSCI_6234_Final/recordings/cam208/clips/2026/04/12/cam208_20260412T223453Z.mp4 (3107445 bytes)
[2026-04-12T18:35:36.684251] Starting 60-second capture -> /Users/Chen/PycharmProjects/CSCI_6234_Final/recordings/cam208/clips/2026/04/12/cam208_20260412T223536Z.mp4
[tls @ 0x7fb176504680] IO error: End of file
[https @ 0x7fb176504540] Error reading HTTP response: End of file
[tls @ 0x7fb176312900] IO error: End of file
[https @ 0x7fb176313c00] Error reading HTTP response: End of file
[tls @ 0x7fb176112f00] IO error: End of file
[https @ 0x7fb17612a740] Error reading HTTP response: End of file
[tls @ 0x7fb17660ba80] IO error: End of file
[https @ 0x7fb17660c040] Error reading HTTP response: End of file
[2026-04-12T18:36:08.890404] Saved clip /Users/Chen/PycharmProjects/CSCI_6234_Final/recordings/cam208/clips/2026/04/12/cam208_20260412T223536Z.mp4 (3112063 bytes)
[2026-04-12T18:36:09.404448] Starting 60-second capture -> /Users/Chen/PycharmProjects/CSCI_6234_Final/recordings/cam208/clips/2026/04/12/cam208_20260412T223609Z.mp4
[tls @ 0x7ff7138563c0] IO error: End of file
[https @ 0x7ff713870600] Error reading HTTP response: End of file
[tls @ 0x7ff704705040] IO error: End of file
[https @ 0x7ff704704080] Error reading HTTP response: End of file
[tls @ 0x7ff713835d00] IO error: End of file
[https @ 0x7ff7138685c0] Error reading HTTP response: End of file
[tls @ 0x7ff712f079c0] IO error: End of file
[https @ 0x7ff712f07f00] Error reading HTTP response: End of file
[tls @ 0x7ff704705040] IO error: End of file
[https @ 0x7ff704704080] Error reading HTTP response: End of file
[tls @ 0x7ff70470a3c0] IO error: End of file
[https @ 0x7ff70471a200] Error reading HTTP response: End of file
[tls @ 0x7ff702f22900] IO error: End of file
[https @ 0x7ff702f1e840] Error reading HTTP response: End of file
[2026-04-12T18:36:52.655373] Saved clip /Users/Chen/PycharmProjects/CSCI_6234_Final/recordings/cam208/clips/2026/04/12/cam208_20260412T223609Z.mp4 (3110854 bytes)
[2026-04-12T18:36:53.164353] Starting 60-second capture -> /Users/Chen/PycharmProjects/CSCI_6234_Final/recordings/cam208/clips/2026/04/12/cam208_20260412T223653Z.mp4
[tls @ 0x7f9530f05100] IO error: End of file
[https @ 0x7f9530f04b80] Error reading HTTP response: End of file
[tls @ 0x7f9511904840] IO error: End of file
[https @ 0x7f9511904700] Error reading HTTP response: End of file
[tls @ 0x7f9530f06200] IO error: End of file
[https @ 0x7f9530f06140] Error reading HTTP response: End of file
[tls @ 0x7f95419f6940] IO error: End of file
[https @ 0x7f95419e9f80] Error reading HTTP response: End of file
[tls @ 0x7f9530f26500] IO error: End of file
[https @ 0x7f9530f1d240] Error reading HTTP response: End of file
[tls @ 0x7f9511905d80] IO error: End of file
[https @ 0x7f9511904200] Error reading HTTP response: End of file
[tls @ 0x7f94d0f04140] IO error: End of file
[https @ 0x7f94d0f04080] Error reading HTTP response: End of file
[2026-04-12T18:37:35.718929] Saved clip /Users/Chen/PycharmProjects/CSCI_6234_Final/recordings/cam208/clips/2026/04/12/cam208_20260412T223653Z.mp4 (3108070 bytes)
[2026-04-12T18:37:36.228576] Starting 60-second capture -> /Users/Chen/PycharmProjects/CSCI_6234_Final/recordings/cam208/clips/2026/04/12/cam208_20260412T223736Z.mp4
[tls @ 0x7fc4eb204c00] IO error: End of file
[https @ 0x7fc4eb204ac0] Error reading HTTP response: End of file
[tls @ 0x7fc4eb0057c0] IO error: End of file
[https @ 0x7fc4eb0056c0] Error reading HTTP response: End of file
[tls @ 0x7fc4eb222240] IO error: End of file
[https @ 0x7fc4eb2388c0] Error reading HTTP response: End of file
[tls @ 0x7fc4eb005f00] IO error: End of file
[https @ 0x7fc4eb005980] Error reading HTTP response: End of file
[tls @ 0x7fc4da72cdc0] IO error: End of file
[https @ 0x7fc4da72cc80] Error reading HTTP response: End of file
[2026-04-12T18:38:08.291253] Saved clip /Users/Chen/PycharmProjects/CSCI_6234_Final/recordings/cam208/clips/2026/04/12/cam208_20260412T223736Z.mp4 (3107639 bytes)
[2026-04-12T18:38:08.801205] Starting 60-second capture -> /Users/Chen/PycharmProjects/CSCI_6234_Final/recordings/cam208/clips/2026/04/12/cam208_20260412T223808Z.mp4
[tls @ 0x7f9413804680] IO error: End of file
[https @ 0x7f9413804540] Error reading HTTP response: End of file
[tls @ 0x7f9423808a80] IO error: End of file
[https @ 0x7f94238089c0] Error reading HTTP response: End of file
[tls @ 0x7f9413904340] IO error: End of file
[https @ 0x7f9413904200] Error reading HTTP response: End of file
[tls @ 0x7f9412f04440] IO error: End of file
[https @ 0x7f9412f04080] Error reading HTTP response: End of file
[tls @ 0x7f9423971100] IO error: End of file
[https @ 0x7f942396f340] Error reading HTTP response: End of file
[tls @ 0x7f9413809c40] IO error: End of file
[https @ 0x7f9413809b40] Error reading HTTP response: End of file
[tls @ 0x7f9413804840] IO error: End of file
[https @ 0x7f9413809880] Error reading HTTP response: End of file
[2026-04-12T18:38:51.834693] Saved clip /Users/Chen/PycharmProjects/CSCI_6234_Final/recordings/cam208/clips/2026/04/12/cam208_20260412T223808Z.mp4 (3111864 bytes)
[2026-04-12T18:38:52.345387] Starting 60-second capture -> /Users/Chen/PycharmProjects/CSCI_6234_Final/recordings/cam208/clips/2026/04/12/cam208_20260412T223852Z.mp4
[tls @ 0x7fa4f3705f00] IO error: End of file
[https @ 0x7fa4f3705e40] Error reading HTTP response: End of file
[tls @ 0x7fa4f41b3e00] IO error: End of file
[https @ 0x7fa4f41b0200] Error reading HTTP response: End of file
[tls @ 0x7fa4f4504840] IO error: End of file
[https @ 0x7fa4f4504700] Error reading HTTP response: End of file
[tls @ 0x7fa493704240] IO error: End of file
[https @ 0x7fa493704140] Error reading HTTP response: End of file
[tls @ 0x7fa5009042c0] IO error: End of file
[https @ 0x7fa500904200] Error reading HTTP response: End of file
[tls @ 0x7fa493704140] IO error: End of file
[https @ 0x7fa493704200] Error reading HTTP response: End of file
[tls @ 0x7fa4f4404380] IO error: End of file
[https @ 0x7fa4f4404240] Error reading HTTP response: End of file
[2026-04-12T18:39:35.824282] Saved clip /Users/Chen/PycharmProjects/CSCI_6234_Final/recordings/cam208/clips/2026/04/12/cam208_20260412T223852Z.mp4 (3103484 bytes)
[2026-04-12T18:39:36.335422] Starting 60-second capture -> /Users/Chen/PycharmProjects/CSCI_6234_Final/recordings/cam208/clips/2026/04/12/cam208_20260412T223936Z.mp4
[tls @ 0x7fa6c2804680] IO error: End of file
[https @ 0x7fa6c2804540] Error reading HTTP response: End of file
[tls @ 0x7fa6c2a1e1c0] IO error: End of file
[https @ 0x7fa6c2a27a00] Error reading HTTP response: End of file
[tls @ 0x7fa6c2805d40] IO error: End of file
[https @ 0x7fa6c2806e40] Error reading HTTP response: End of file
[tls @ 0x7fa6c1f3c6c0] IO error: End of file
[https @ 0x7fa6c1f4d880] Error reading HTTP response: End of file
[tls @ 0x7fa681f06e80] IO error: End of file
[https @ 0x7fa681f067c0] Error reading HTTP response: End of file
[2026-04-12T18:40:08.653335] Saved clip /Users/Chen/PycharmProjects/CSCI_6234_Final/recordings/cam208/clips/2026/04/12/cam208_20260412T223936Z.mp4 (3106568 bytes)
[2026-04-12T18:40:09.167689] Starting 60-second capture -> /Users/Chen/PycharmProjects/CSCI_6234_Final/recordings/cam208/clips/2026/04/12/cam208_20260412T224009Z.mp4
[tls @ 0x7f97fd804400] IO error: End of file
[https @ 0x7f97fd804300] Error reading HTTP response: End of file
[tls @ 0x7f980c957140] IO error: End of file
[https @ 0x7f980c96b480] Error reading HTTP response: End of file
[tls @ 0x7f97fd914a40] IO error: End of file
[https @ 0x7f97fd917f80] Error reading HTTP response: End of file
[tls @ 0x7f980ca0cc40] IO error: End of file
[https @ 0x7f980ca0cb80] Error reading HTTP response: End of file
[tls @ 0x7f980bf16f80] IO error: End of file
[https @ 0x7f980bf18300] Error reading HTTP response: End of file
[tls @ 0x7f97fbf04480] IO error: End of file
[https @ 0x7f97fbf04340] Error reading HTTP response: End of file
[tls @ 0x7f980c81dac0] IO error: End of file
[https @ 0x7f980c81fe00] Error reading HTTP response: End of file
[2026-04-12T18:40:52.017318] Saved clip /Users/Chen/PycharmProjects/CSCI_6234_Final/recordings/cam208/clips/2026/04/12/cam208_20260412T224009Z.mp4 (3110571 bytes)
[2026-04-12T18:40:52.529199] Starting 60-second capture -> /Users/Chen/PycharmProjects/CSCI_6234_Final/recordings/cam208/clips/2026/04/12/cam208_20260412T224052Z.mp4
[tls @ 0x7fbe7e005d00] IO error: End of file
[https @ 0x7fbe7e005bc0] Error reading HTTP response: End of file
[tls @ 0x7fbe6e00a300] IO error: End of file
[https @ 0x7fbe6e00a240] Error reading HTTP response: End of file
[tls @ 0x7fbe6e0053c0] IO error: End of file
[https @ 0x7fbe6e0052c0] Error reading HTTP response: End of file
[tls @ 0x7fbe2e004240] IO error: End of file
[https @ 0x7fbe2e004080] Error reading HTTP response: End of file
[tls @ 0x7fbe2d704240] IO error: End of file
[https @ 0x7fbe2d704080] Error reading HTTP response: End of file
[tls @ 0x7fbe7d77ea80] IO error: End of file
[https @ 0x7fbe7d707980] Error reading HTTP response: End of file
[tls @ 0x7fbe2e013e40] IO error: End of file
[https @ 0x7fbe2e021980] Error reading HTTP response: End of file
[2026-04-12T18:41:36.282910] Saved clip /Users/Chen/PycharmProjects/CSCI_6234_Final/recordings/cam208/clips/2026/04/12/cam208_20260412T224052Z.mp4 (3111016 bytes)
[2026-04-12T18:41:36.797674] Starting 60-second capture -> /Users/Chen/PycharmProjects/CSCI_6234_Final/recordings/cam208/clips/2026/04/12/cam208_20260412T224136Z.mp4
[tls @ 0x7fec031564c0] IO error: End of file
[https @ 0x7fec03168700] Error reading HTTP response: End of file
[tls @ 0x7febf31159c0] IO error: End of file
[https @ 0x7febf3115900] Error reading HTTP response: End of file
[tls @ 0x7febf3206600] IO error: End of file
[https @ 0x7febf3206540] Error reading HTTP response: End of file
[tls @ 0x7fec027080c0] IO error: End of file
[https @ 0x7fec02707fc0] Error reading HTTP response: End of file
[tls @ 0x7febf2746e80] IO error: End of file
[https @ 0x7febf27590c0] Error reading HTTP response: End of file
[2026-04-12T18:42:09.652956] Saved clip /Users/Chen/PycharmProjects/CSCI_6234_Final/recordings/cam208/clips/2026/04/12/cam208_20260412T224136Z.mp4 (3100949 bytes)
[2026-04-12T18:42:10.164425] Starting 60-second capture -> /Users/Chen/PycharmProjects/CSCI_6234_Final/recordings/cam208/clips/2026/04/12/cam208_20260412T224210Z.mp4
[tls @ 0x7fc7d4704680] IO error: End of file
[https @ 0x7fc7d4704540] Error reading HTTP response: End of file
[tls @ 0x7fc7d53043c0] IO error: End of file
[https @ 0x7fc7d5304280] Error reading HTTP response: End of file
[tls @ 0x7fc7d5304400] IO error: End of file
[https @ 0x7fc7d5304340] Error reading HTTP response: End of file
[tls @ 0x7fc7d51049c0] IO error: End of file
[https @ 0x7fc7d5106600] Error reading HTTP response: End of file
[tls @ 0x7fc7d5105440] IO error: End of file
[https @ 0x7fc7d5105380] Error reading HTTP response: End of file
[2026-04-12T18:42:53.356632] Saved clip /Users/Chen/PycharmProjects/CSCI_6234_Final/recordings/cam208/clips/2026/04/12/cam208_20260412T224210Z.mp4 (3107907 bytes)
[2026-04-12T18:42:53.872127] Starting 60-second capture -> /Users/Chen/PycharmProjects/CSCI_6234_Final/recordings/cam208/clips/2026/04/12/cam208_20260412T224253Z.mp4
[tls @ 0x7fcc75704680] IO error: End of file
[https @ 0x7fcc75704540] Error reading HTTP response: End of file
[tls @ 0x7fcc76006240] IO error: End of file
[https @ 0x7fcc76006100] Error reading HTTP response: End of file
[tls @ 0x7fcc7576bd00] IO error: End of file
[https @ 0x7fcc75792d80] Error reading HTTP response: End of file
[tls @ 0x7fcc76108bc0] IO error: End of file
[https @ 0x7fcc76108b00] Error reading HTTP response: End of file
[tls @ 0x7fcc76005d80] IO error: End of file
[https @ 0x7fcc760060c0] Error reading HTTP response: End of file
[tls @ 0x7fcc86207700] IO error: End of file
[https @ 0x7fcc86207640] Error reading HTTP response: End of file
[tls @ 0x7fcc75747500] IO error: End of file
[https @ 0x7fcc86212800] Error reading HTTP response: End of file
[tls @ 0x7fcc457043c0] IO error: End of file
[https @ 0x7fcc45704300] Error reading HTTP response: End of file
[2026-04-12T18:43:36.432299] Saved clip /Users/Chen/PycharmProjects/CSCI_6234_Final/recordings/cam208/clips/2026/04/12/cam208_20260412T224253Z.mp4 (3113213 bytes)
[2026-04-12T18:43:36.945716] Starting 60-second capture -> /Users/Chen/PycharmProjects/CSCI_6234_Final/recordings/cam208/clips/2026/04/12/cam208_20260412T224336Z.mp4
[tls @ 0x7ff6ef005240] IO error: End of file
[https @ 0x7ff6ef005180] Error reading HTTP response: End of file
[tls @ 0x7ff6df2091c0] IO error: End of file
[https @ 0x7ff6df216f80] Error reading HTTP response: End of file
[tls @ 0x7ff6de704b00] IO error: End of file
[https @ 0x7ff6df104700] Error reading HTTP response: End of file
[tls @ 0x7ff6ae704280] IO error: End of file
[https @ 0x7ff6ae7040c0] Error reading HTTP response: End of file
[tls @ 0x7ff6ee73a580] IO error: End of file
[https @ 0x7ff6ee74ce00] Error reading HTTP response: End of file
[tls @ 0x7ff6df147ec0] IO error: End of file
[https @ 0x7ff6df14f480] Error reading HTTP response: End of file
[tls @ 0x7ff6ee73a580] IO error: End of file
[https @ 0x7ff6ee72d0c0] Error reading HTTP response: End of file
[2026-04-12T18:44:19.671180] Saved clip /Users/Chen/PycharmProjects/CSCI_6234_Final/recordings/cam208/clips/2026/04/12/cam208_20260412T224336Z.mp4 (3112623 bytes)
[2026-04-12T18:44:20.184667] Starting 60-second capture -> /Users/Chen/PycharmProjects/CSCI_6234_Final/recordings/cam208/clips/2026/04/12/cam208_20260412T224420Z.mp4
[tls @ 0x7fcf3d304500] IO error: End of file
[https @ 0x7fcf3d3043c0] Error reading HTTP response: End of file
[tls @ 0x7fcf3d113fc0] IO error: End of file
[https @ 0x7fcf3d147d80] Error reading HTTP response: End of file
[tls @ 0x7fcf3d204cc0] IO error: End of file
[https @ 0x7fcf3d204b80] Error reading HTTP response: End of file
[tls @ 0x7fcf3d522680] IO error: End of file
[https @ 0x7fcf3d524b80] Error reading HTTP response: End of file
[tls @ 0x7fcf3d113fc0] IO error: End of file
[https @ 0x7fcf3d147d80] Error reading HTTP response: End of file
[2026-04-12T18:45:03.167415] Saved clip /Users/Chen/PycharmProjects/CSCI_6234_Final/recordings/cam208/clips/2026/04/12/cam208_20260412T224420Z.mp4 (3104194 bytes)
[2026-04-12T18:45:03.679087] Starting 60-second capture -> /Users/Chen/PycharmProjects/CSCI_6234_Final/recordings/cam208/clips/2026/04/12/cam208_20260412T224503Z.mp4
[tls @ 0x7f9fab804500] IO error: End of file
[https @ 0x7f9fab8043c0] Error reading HTTP response: End of file
[tls @ 0x7f9fab94c300] IO error: End of file
[https @ 0x7f9fab9610c0] Error reading HTTP response: End of file
[tls @ 0x7f9fbb21dbc0] IO error: End of file
[https @ 0x7f9fbb24e400] Error reading HTTP response: End of file
[tls @ 0x7f9faa71b600] IO error: End of file
[https @ 0x7f9faa716cc0] Error reading HTTP response: End of file
[tls @ 0x7f9faa705540] IO error: End of file
[https @ 0x7f9faa70d1c0] Error reading HTTP response: End of file
[2026-04-12T18:45:47.898654] Saved clip /Users/Chen/PycharmProjects/CSCI_6234_Final/recordings/cam208/clips/2026/04/12/cam208_20260412T224503Z.mp4 (3104883 bytes)
[2026-04-12T18:45:48.416777] Starting 60-second capture -> /Users/Chen/PycharmProjects/CSCI_6234_Final/recordings/cam208/clips/2026/04/12/cam208_20260412T224548Z.mp4
[tls @ 0x7fe8ea904380] IO error: End of file
[https @ 0x7fe8ea904240] Error reading HTTP response: End of file
[tls @ 0x7fe8e9f4bd40] IO error: End of file
[https @ 0x7fe8e9f735c0] Error reading HTTP response: End of file
[tls @ 0x7fe8ea91a040] IO error: End of file
[https @ 0x7fe8ea91ac00] Error reading HTTP response: End of file
[tls @ 0x7fe8ea837bc0] IO error: End of file
[https @ 0x7fe8ea849dc0] Error reading HTTP response: End of file
[tls @ 0x7fe8faa1d180] IO error: End of file
[https @ 0x7fe8faa225c0] Error reading HTTP response: End of file
[tls @ 0x7fe8faa2e280] IO error: End of file
[https @ 0x7fe8faa2a1c0] Error reading HTTP response: End of file
[2026-04-12T18:46:31.254713] Saved clip /Users/Chen/PycharmProjects/CSCI_6234_Final/recordings/cam208/clips/2026/04/12/cam208_20260412T224548Z.mp4 (3115617 bytes)
[2026-04-12T18:46:31.770069] Starting 60-second capture -> /Users/Chen/PycharmProjects/CSCI_6234_Final/recordings/cam208/clips/2026/04/12/cam208_20260412T224631Z.mp4
[tls @ 0x7f84d25087c0] IO error: End of file
[https @ 0x7f84d250c380] Error reading HTTP response: End of file
[tls @ 0x7f84d27328c0] IO error: End of file
[https @ 0x7f84d2725f00] Error reading HTTP response: End of file
[tls @ 0x7f84d260bd00] IO error: End of file
[https @ 0x7f84d260bc40] Error reading HTTP response: End of file
[tls @ 0x7f84d261f480] IO error: End of file
[https @ 0x7f84d2618a40] Error reading HTTP response: End of file
[tls @ 0x7f84d26080c0] IO error: End of file
[https @ 0x7f84d2639800] Error reading HTTP response: End of file
[tls @ 0x7f84d2460d80] IO error: End of file
[https @ 0x7f84d247dec0] Error reading HTTP response: End of file
[tls @ 0x7f84d2743b80] IO error: End of file
[https @ 0x7f84d2740500] Error reading HTTP response: End of file
[2026-04-12T18:47:14.425351] Saved clip /Users/Chen/PycharmProjects/CSCI_6234_Final/recordings/cam208/clips/2026/04/12/cam208_20260412T224631Z.mp4 (3112681 bytes)
[2026-04-12T18:47:14.937720] Starting 60-second capture -> /Users/Chen/PycharmProjects/CSCI_6234_Final/recordings/cam208/clips/2026/04/12/cam208_20260412T224714Z.mp4
[tls @ 0x7fde89a06840] IO error: End of file
[https @ 0x7fde89a06700] Error reading HTTP response: End of file
[tls @ 0x7fde7a129fc0] IO error: End of file
[https @ 0x7fde7a12e880] Error reading HTTP response: End of file
[tls @ 0x7fde7a10ff00] IO error: End of file
[https @ 0x7fde7a11b300] Error reading HTTP response: End of file
[tls @ 0x7fde7a129fc0] IO error: End of file
[https @ 0x7fde7a123000] Error reading HTTP response: End of file
[tls @ 0x7fde7a0341c0] IO error: End of file
[https @ 0x7fde7a034000] Error reading HTTP response: End of file
[tls @ 0x7fde89a4c7c0] IO error: End of file
[https @ 0x7fde7a03ea00] Error reading HTTP response: End of file
[tls @ 0x7fde89a514c0] IO error: End of file
[https @ 0x7fde89a2c780] Error reading HTTP response: End of file
[2026-04-12T18:47:57.441083] Saved clip /Users/Chen/PycharmProjects/CSCI_6234_Final/recordings/cam208/clips/2026/04/12/cam208_20260412T224714Z.mp4 (3113143 bytes)
[2026-04-12T18:47:57.957642] Starting 60-second capture -> /Users/Chen/PycharmProjects/CSCI_6234_Final/recordings/cam208/clips/2026/04/12/cam208_20260412T224757Z.mp4
[tls @ 0x7f8e19004680] IO error: End of file
[https @ 0x7f8e19004540] Error reading HTTP response: End of file
[tls @ 0x7f8e191111c0] IO error: End of file
[https @ 0x7f8e191387c0] Error reading HTTP response: End of file
[tls @ 0x7f8e19006e00] IO error: End of file
[https @ 0x7f8e19006d00] Error reading HTTP response: End of file
[tls @ 0x7f8e1901a6c0] IO error: End of file
[https @ 0x7f8e1901da40] Error reading HTTP response: End of file
[tls @ 0x7f8e0ff5b400] IO error: End of file
[https @ 0x7f8e0ff57800] Error reading HTTP response: End of file
[tls @ 0x7f8e0ff07800] IO error: End of file
[https @ 0x7f8e0ff04080] Error reading HTTP response: End of file
[tls @ 0x7f8e0ff07700] IO error: End of file
[https @ 0x7f8e0ff07600] Error reading HTTP response: End of file
[2026-04-12T18:48:40.551788] Saved clip /Users/Chen/PycharmProjects/CSCI_6234_Final/recordings/cam208/clips/2026/04/12/cam208_20260412T224757Z.mp4 (3101534 bytes)
[2026-04-12T18:48:41.069228] Starting 60-second capture -> /Users/Chen/PycharmProjects/CSCI_6234_Final/recordings/cam208/clips/2026/04/12/cam208_20260412T224841Z.mp4
[tls @ 0x7fb359004680] IO error: End of file
[https @ 0x7fb359004540] Error reading HTTP response: End of file
[tls @ 0x7fb35902c2c0] IO error: End of file
[https @ 0x7fb35902ed80] Error reading HTTP response: End of file
[tls @ 0x7fb369732b00] IO error: End of file
[https @ 0x7fb369732a40] Error reading HTTP response: End of file
[tls @ 0x7fb369732a40] IO error: End of file
[https @ 0x7fb369732b00] Error reading HTTP response: End of file
[2026-04-12T18:49:23.938622] Saved clip /Users/Chen/PycharmProjects/CSCI_6234_Final/recordings/cam208/clips/2026/04/12/cam208_20260412T224841Z.mp4 (3108891 bytes)
[2026-04-12T18:49:24.454425] Starting 60-second capture -> /Users/Chen/PycharmProjects/CSCI_6234_Final/recordings/cam208/clips/2026/04/12/cam208_20260412T224924Z.mp4
[tls @ 0x7ff365004500] IO error: End of file
[https @ 0x7ff3650043c0] Error reading HTTP response: End of file
[tls @ 0x7ff365239c80] IO error: End of file
[https @ 0x7ff3652591c0] Error reading HTTP response: End of file
[tls @ 0x7ff350719780] IO error: End of file
[https @ 0x7ff3507129c0] Error reading HTTP response: End of file
[tls @ 0x7ff365239c80] IO error: End of file
[https @ 0x7ff3652433c0] Error reading HTTP response: End of file
[tls @ 0x7ff36514e740] IO error: End of file
[https @ 0x7ff3651200c0] Error reading HTTP response: End of file
[2026-04-12T18:50:07.243443] Saved clip /Users/Chen/PycharmProjects/CSCI_6234_Final/recordings/cam208/clips/2026/04/12/cam208_20260412T224924Z.mp4 (3112601 bytes)
[2026-04-12T18:50:07.749730] Starting 60-second capture -> /Users/Chen/PycharmProjects/CSCI_6234_Final/recordings/cam208/clips/2026/04/12/cam208_20260412T225007Z.mp4
[tls @ 0x7fd911708a00] IO error: End of file
[https @ 0x7fd911708900] Error reading HTTP response: End of file
[tls @ 0x7fd912509280] IO error: End of file
[https @ 0x7fd9125096c0] Error reading HTTP response: End of file
[tls @ 0x7fd912604200] IO error: End of file
[https @ 0x7fd912604100] Error reading HTTP response: End of file
[tls @ 0x7fd911749c80] IO error: End of file
[https @ 0x7fd91175be80] Error reading HTTP response: End of file
[tls @ 0x7fd912134300] IO error: End of file
[https @ 0x7fd912168700] Error reading HTTP response: End of file
[tls @ 0x7fd91204a2c0] IO error: End of file
[https @ 0x7fd912004980] Error reading HTTP response: End of file
[2026-04-12T18:50:50.597093] Saved clip /Users/Chen/PycharmProjects/CSCI_6234_Final/recordings/cam208/clips/2026/04/12/cam208_20260412T225007Z.mp4 (3109159 bytes)
[2026-04-12T18:50:51.110131] Starting 60-second capture -> /Users/Chen/PycharmProjects/CSCI_6234_Final/recordings/cam208/clips/2026/04/12/cam208_20260412T225051Z.mp4
[tls @ 0x7fd55a756640] IO error: End of file
[https @ 0x7fd55a768840] Error reading HTTP response: End of file
[tls @ 0x7fd55b604280] IO error: End of file
[https @ 0x7fd55b6040c0] Error reading HTTP response: End of file
[tls @ 0x7fd55b205dc0] IO error: End of file
[https @ 0x7fd55b205cc0] Error reading HTTP response: End of file
[tls @ 0x7fd55b00e2c0] IO error: End of file
[https @ 0x7fd55b00d8c0] Error reading HTTP response: End of file
[tls @ 0x7fd568048980] IO error: End of file
[https @ 0x7fd568044dc0] Error reading HTTP response: End of file
[tls @ 0x7fd55b604140] IO error: End of file
[https @ 0x7fd55b604080] Error reading HTTP response: End of file
[tls @ 0x7fd55b7042c0] IO error: End of file
[https @ 0x7fd55b74f200] Error reading HTTP response: End of file
[2026-04-12T18:51:33.615517] Saved clip /Users/Chen/PycharmProjects/CSCI_6234_Final/recordings/cam208/clips/2026/04/12/cam208_20260412T225051Z.mp4 (3111387 bytes)
[2026-04-12T18:51:34.131127] Starting 60-second capture -> /Users/Chen/PycharmProjects/CSCI_6234_Final/recordings/cam208/clips/2026/04/12/cam208_20260412T225134Z.mp4
[tls @ 0x7fbd12a05e00] IO error: End of file
[https @ 0x7fbd12a05cc0] Error reading HTTP response: End of file
[tls @ 0x7fbce2804340] IO error: End of file
[https @ 0x7fbce28040c0] Error reading HTTP response: End of file
[tls @ 0x7fbd12955900] IO error: End of file
[https @ 0x7fbd12967b00] Error reading HTTP response: End of file
[tls @ 0x7fbce2819380] IO error: End of file
[https @ 0x7fbce2819240] Error reading HTTP response: End of file
[tls @ 0x7fbcf1f0a840] IO error: End of file
[https @ 0x7fbcf1f0c1c0] Error reading HTTP response: End of file
[tls @ 0x7fbcf1f0c580] IO error: End of file
[https @ 0x7fbcf1f0cc40] Error reading HTTP response: End of file
[tls @ 0x7fbcc1f04240] IO error: End of file
[https @ 0x7fbcc1f04080] Error reading HTTP response: End of file
[2026-04-12T18:52:16.895675] Saved clip /Users/Chen/PycharmProjects/CSCI_6234_Final/recordings/cam208/clips/2026/04/12/cam208_20260412T225134Z.mp4 (3112911 bytes)
[2026-04-12T18:52:17.408746] Starting 60-second capture -> /Users/Chen/PycharmProjects/CSCI_6234_Final/recordings/cam208/clips/2026/04/12/cam208_20260412T225217Z.mp4
[tls @ 0x7fabfdb04800] IO error: End of file
[https @ 0x7fabfdb046c0] Error reading HTTP response: End of file
[tls @ 0x7fabecf25380] IO error: End of file
[https @ 0x7fabecf21780] Error reading HTTP response: End of file
[tls @ 0x7fabfdd0c7c0] IO error: End of file
[https @ 0x7fabfdd0c5c0] Error reading HTTP response: End of file
[tls @ 0x7fabfdd05fc0] IO error: End of file
[https @ 0x7fabfdd05e80] Error reading HTTP response: End of file
[tls @ 0x7fabfdc48ec0] IO error: End of file
[https @ 0x7fabfdc5d940] Error reading HTTP response: End of file
[tls @ 0x7fabfd904f80] IO error: End of file
[https @ 0x7fabfd904ec0] Error reading HTTP response: End of file
[2026-04-12T18:53:00.959364] Saved clip /Users/Chen/PycharmProjects/CSCI_6234_Final/recordings/cam208/clips/2026/04/12/cam208_20260412T225217Z.mp4 (3106837 bytes)
[2026-04-12T18:53:01.468875] Starting 60-second capture -> /Users/Chen/PycharmProjects/CSCI_6234_Final/recordings/cam208/clips/2026/04/12/cam208_20260412T225301Z.mp4
[tls @ 0x7f7fdd9057c0] IO error: End of file
[https @ 0x7f7fdd9056c0] Error reading HTTP response: End of file
[tls @ 0x7f7fbcf049c0] IO error: End of file
[https @ 0x7f7fbcf04880] Error reading HTTP response: End of file
[tls @ 0x7f7fdd8053c0] IO error: End of file
[https @ 0x7f7fdd807400] Error reading HTTP response: End of file
[tls @ 0x7f7fdd92d340] IO error: End of file
[https @ 0x7f7fdd93f540] Error reading HTTP response: End of file
[tls @ 0x7f7fbd80f5c0] IO error: End of file
[https @ 0x7f7fbd80ce80] Error reading HTTP response: End of file
[tls @ 0x7f7fbd90c400] IO error: End of file
[https @ 0x7f7fbd92ec00] Error reading HTTP response: End of file
[tls @ 0x7f7fbcf24440] IO error: End of file
[https @ 0x7f7fbcf35080] Error reading HTTP response: End of file
[tls @ 0x7f7fbd920680] IO error: End of file
[https @ 0x7f7fbd92ecc0] Error reading HTTP response: End of file
[2026-04-12T18:53:43.929385] Saved clip /Users/Chen/PycharmProjects/CSCI_6234_Final/recordings/cam208/clips/2026/04/12/cam208_20260412T225301Z.mp4 (3100452 bytes)
[2026-04-12T18:53:44.442039] Starting 60-second capture -> /Users/Chen/PycharmProjects/CSCI_6234_Final/recordings/cam208/clips/2026/04/12/cam208_20260412T225344Z.mp4
[tls @ 0x7fa0f4304680] IO error: End of file
[https @ 0x7fa0f4304540] Error reading HTTP response: End of file
[tls @ 0x7fa0f4305300] IO error: End of file
[https @ 0x7fa0f4305240] Error reading HTTP response: End of file
[tls @ 0x7fa0f4306dc0] IO error: End of file
[https @ 0x7fa0f4304600] Error reading HTTP response: End of file
[tls @ 0x7fa0f450c240] IO error: End of file
[https @ 0x7fa0f450b680] Error reading HTTP response: End of file
[tls @ 0x7fa0d3704800] IO error: End of file
[https @ 0x7fa0d3707840] Error reading HTTP response: End of file
[tls @ 0x7fa0f4306dc0] IO error: End of file
[https @ 0x7fa0f43056c0] Error reading HTTP response: End of file
[2026-04-12T18:54:27.523299] Saved clip /Users/Chen/PycharmProjects/CSCI_6234_Final/recordings/cam208/clips/2026/04/12/cam208_20260412T225344Z.mp4 (3109944 bytes)
[2026-04-12T18:54:28.036375] Starting 60-second capture -> /Users/Chen/PycharmProjects/CSCI_6234_Final/recordings/cam208/clips/2026/04/12/cam208_20260412T225428Z.mp4
[tls @ 0x7ff48d204800] IO error: End of file
[https @ 0x7ff48d2046c0] Error reading HTTP response: End of file
[tls @ 0x7ff48d223580] IO error: End of file
[https @ 0x7ff48d25ba40] Error reading HTTP response: End of file
[tls @ 0x7ff47d0369c0] IO error: End of file
[https @ 0x7ff47d01a6c0] Error reading HTTP response: End of file
[tls @ 0x7ff48d322a40] IO error: End of file
[https @ 0x7ff48d328000] Error reading HTTP response: End of file
[tls @ 0x7ff48d223580] IO error: End of file
[https @ 0x7ff48d25ba40] Error reading HTTP response: End of file
[tls @ 0x7ff48d309b80] IO error: End of file
[https @ 0x7ff48d307400] Error reading HTTP response: End of file
[2026-04-12T18:55:11.391860] Saved clip /Users/Chen/PycharmProjects/CSCI_6234_Final/recordings/cam208/clips/2026/04/12/cam208_20260412T225428Z.mp4 (3107434 bytes)
[2026-04-12T18:55:11.906842] Starting 60-second capture -> /Users/Chen/PycharmProjects/CSCI_6234_Final/recordings/cam208/clips/2026/04/12/cam208_20260412T225511Z.mp4
[tls @ 0x7f7ab4704b40] IO error: End of file
[https @ 0x7f7ab4704a00] Error reading HTTP response: End of file
[tls @ 0x7f7ac5236940] IO error: End of file
[https @ 0x7f7ac5251a00] Error reading HTTP response: End of file
[tls @ 0x7f7ab470cd00] IO error: End of file
[https @ 0x7f7ab471e540] Error reading HTTP response: End of file
[tls @ 0x7f7ac5236940] IO error: End of file
[https @ 0x7f7ac524f2c0] Error reading HTTP response: End of file
[tls @ 0x7f7ab5126140] IO error: End of file
[https @ 0x7f7ab5126080] Error reading HTTP response: End of file
[tls @ 0x7f7ab506d100] IO error: End of file
[https @ 0x7f7ab5091fc0] Error reading HTTP response: End of file
[tls @ 0x7f7ab4754940] IO error: End of file
[https @ 0x7f7ab5032f00] Error reading HTTP response: End of file
[2026-04-12T18:55:54.578752] Saved clip /Users/Chen/PycharmProjects/CSCI_6234_Final/recordings/cam208/clips/2026/04/12/cam208_20260412T225511Z.mp4 (3112820 bytes)
[2026-04-12T18:55:55.095611] Starting 60-second capture -> /Users/Chen/PycharmProjects/CSCI_6234_Final/recordings/cam208/clips/2026/04/12/cam208_20260412T225555Z.mp4
[tls @ 0x7f9004804380] IO error: End of file
[https @ 0x7f9004804240] Error reading HTTP response: End of file
[tls @ 0x7f9004819640] IO error: End of file
[https @ 0x7f90048194c0] Error reading HTTP response: End of file
[tls @ 0x7f9014b575c0] IO error: End of file
[https @ 0x7f9014b53bc0] Error reading HTTP response: End of file
[tls @ 0x7f9014a10700] IO error: End of file
[https @ 0x7f9014a2bd80] Error reading HTTP response: End of file
[tls @ 0x7f9014a77b80] IO error: End of file
[https @ 0x7f9014a73b00] Error reading HTTP response: End of file
[tls @ 0x7f9014b575c0] IO error: End of file
[https @ 0x7f9014b53bc0] Error reading HTTP response: End of file
[2026-04-12T18:56:37.823742] Saved clip /Users/Chen/PycharmProjects/CSCI_6234_Final/recordings/cam208/clips/2026/04/12/cam208_20260412T225555Z.mp4 (3108748 bytes)
[2026-04-12T18:56:38.340990] Starting 60-second capture -> /Users/Chen/PycharmProjects/CSCI_6234_Final/recordings/cam208/clips/2026/04/12/cam208_20260412T225638Z.mp4
[tls @ 0x7fb6df106800] IO error: End of file
[https @ 0x7fb6df1044c0] Error reading HTTP response: End of file
[tls @ 0x7fb6df164f80] IO error: End of file
[https @ 0x7fb6df18c640] Error reading HTTP response: End of file
[tls @ 0x7fb6cf105240] IO error: End of file
[https @ 0x7fb6cf105100] Error reading HTTP response: End of file
[tls @ 0x7fb6cf055480] IO error: End of file
[https @ 0x7fb6cf051880] Error reading HTTP response: End of file
[tls @ 0x7fb6ce704140] IO error: End of file
[https @ 0x7fb6ce704080] Error reading HTTP response: End of file
[tls @ 0x7fb6cf017240] IO error: End of file
[https @ 0x7fb6cf01a080] Error reading HTTP response: End of file
[2026-04-12T18:57:21.357827] Saved clip /Users/Chen/PycharmProjects/CSCI_6234_Final/recordings/cam208/clips/2026/04/12/cam208_20260412T225638Z.mp4 (3106145 bytes)
[2026-04-12T18:57:21.871031] Starting 60-second capture -> /Users/Chen/PycharmProjects/CSCI_6234_Final/recordings/cam208/clips/2026/04/12/cam208_20260412T225721Z.mp4
[tls @ 0x7fe579f04680] IO error: End of file
[https @ 0x7fe579f04540] Error reading HTTP response: End of file
[tls @ 0x7fe579f05580] IO error: End of file
[https @ 0x7fe579f05480] Error reading HTTP response: End of file
[tls @ 0x7fe58ab73b80] IO error: End of file
[https @ 0x7fe58ab780c0] Error reading HTTP response: End of file
[tls @ 0x7fe58aa5d980] IO error: End of file
[https @ 0x7fe58aa63e80] Error reading HTTP response: End of file
[tls @ 0x7fe579f25080] IO error: End of file
[https @ 0x7fe579f37280] Error reading HTTP response: End of file
[tls @ 0x7fe579f0fc80] IO error: End of file
[https @ 0x7fe579f21480] Error reading HTTP response: End of file
[tls @ 0x7fe58aa4d300] IO error: End of file
[https @ 0x7fe58aa4d1c0] Error reading HTTP response: End of file
[tls @ 0x7fe58ab73b80] IO error: End of file
[https @ 0x7fe58ab780c0] Error reading HTTP response: End of file
[2026-04-12T18:58:05.794216] Saved clip /Users/Chen/PycharmProjects/CSCI_6234_Final/recordings/cam208/clips/2026/04/12/cam208_20260412T225721Z.mp4 (3118922 bytes)
[2026-04-12T18:58:06.304917] Starting 60-second capture -> /Users/Chen/PycharmProjects/CSCI_6234_Final/recordings/cam208/clips/2026/04/12/cam208_20260412T225806Z.mp4
[tls @ 0x7feba2204340] IO error: End of file
[https @ 0x7feba2204200] Error reading HTTP response: End of file
[tls @ 0x7feb91705740] IO error: End of file
[https @ 0x7feb91705640] Error reading HTTP response: End of file
[tls @ 0x7feba220d3c0] IO error: End of file
[https @ 0x7feba2234a00] Error reading HTTP response: End of file
[tls @ 0x7feb91705340] IO error: End of file
[https @ 0x7feb917041c0] Error reading HTTP response: End of file
[tls @ 0x7feba2256e40] IO error: End of file
[https @ 0x7feba2231bc0] Error reading HTTP response: End of file
[2026-04-12T18:58:39.146419] Saved clip /Users/Chen/PycharmProjects/CSCI_6234_Final/recordings/cam208/clips/2026/04/12/cam208_20260412T225806Z.mp4 (3115644 bytes)
[2026-04-12T18:58:39.663169] Starting 60-second capture -> /Users/Chen/PycharmProjects/CSCI_6234_Final/recordings/cam208/clips/2026/04/12/cam208_20260412T225839Z.mp4
[tls @ 0x7fdbc3705100] IO error: End of file
[https @ 0x7fdbc3704b80] Error reading HTTP response: End of file
[tls @ 0x7fdbc37affc0] IO error: End of file
[https @ 0x7fdbc3772800] Error reading HTTP response: End of file
[tls @ 0x7fdbd430e540] IO error: End of file
[https @ 0x7fdbd4317100] Error reading HTTP response: End of file
[tls @ 0x7fdbd4306600] IO error: End of file
[https @ 0x7fdbd4306500] Error reading HTTP response: End of file
[tls @ 0x7fdbd430e540] IO error: End of file
[https @ 0x7fdbd4319f40] Error reading HTTP response: End of file
[tls @ 0x7fdbd4310800] IO error: End of file
[https @ 0x7fdbd4317100] Error reading HTTP response: End of file
[2026-04-12T18:59:22.999268] Saved clip /Users/Chen/PycharmProjects/CSCI_6234_Final/recordings/cam208/clips/2026/04/12/cam208_20260412T225839Z.mp4 (3114574 bytes)
[2026-04-12T18:59:23.514517] Starting 60-second capture -> /Users/Chen/PycharmProjects/CSCI_6234_Final/recordings/cam208/clips/2026/04/12/cam208_20260412T225923Z.mp4
[tls @ 0x7f8df1205240] IO error: End of file
[https @ 0x7f8df1205100] Error reading HTTP response: End of file
[tls @ 0x7f8df1484d00] IO error: End of file
[https @ 0x7f8df1496f40] Error reading HTTP response: End of file
[tls @ 0x7f8de0751500] IO error: End of file
[https @ 0x7f8de0767500] Error reading HTTP response: End of file
[tls @ 0x7f8df1411880] IO error: End of file
[https @ 0x7f8df14117c0] Error reading HTTP response: End of file
[tls @ 0x7f8de0751500] IO error: End of file
[https @ 0x7f8de074d440] Error reading HTTP response: End of file
[tls @ 0x7f8df1408d80] IO error: End of file
[https @ 0x7f8de070bb40] Error reading HTTP response: End of file
[2026-04-12T19:00:06.131906] Saved clip /Users/Chen/PycharmProjects/CSCI_6234_Final/recordings/cam208/clips/2026/04/12/cam208_20260412T225923Z.mp4 (3116811 bytes)
[2026-04-12T19:00:06.652234] Starting 60-second capture -> /Users/Chen/PycharmProjects/CSCI_6234_Final/recordings/cam208/clips/2026/04/12/cam208_20260412T230006Z.mp4
[tls @ 0x7fe477106ac0] IO error: End of file
[https @ 0x7fe477106580] Error reading HTTP response: End of file
[tls @ 0x7fe477027080] IO error: End of file
[https @ 0x7fe4770392c0] Error reading HTTP response: End of file
[tls @ 0x7fe473404500] IO error: End of file
[https @ 0x7fe473404440] Error reading HTTP response: End of file
[2026-04-12T19:00:41.999392] Saved clip /Users/Chen/PycharmProjects/CSCI_6234_Final/recordings/cam208/clips/2026/04/12/cam208_20260412T230006Z.mp4 (3111278 bytes)
[2026-04-12T19:00:42.536818] Starting 60-second capture -> /Users/Chen/PycharmProjects/CSCI_6234_Final/recordings/cam208/clips/2026/04/12/cam208_20260412T230042Z.mp4
[tls @ 0x7f841a304800] IO error: End of file
[https @ 0x7f841a3046c0] Error reading HTTP response: End of file
[tls @ 0x7f841a515180] IO error: End of file
[https @ 0x7f841a5473c0] Error reading HTTP response: End of file
[tls @ 0x7f83f8f21680] IO error: End of file
[https @ 0x7f83f8f28e40] Error reading HTTP response: End of file
[tls @ 0x7f841a313f00] IO error: End of file
[https @ 0x7f841a306540] Error reading HTTP response: End of file
[2026-04-12T19:01:25.145846] Saved clip /Users/Chen/PycharmProjects/CSCI_6234_Final/recordings/cam208/clips/2026/04/12/cam208_20260412T230042Z.mp4 (3111471 bytes)
[2026-04-12T19:01:25.659421] Starting 60-second capture -> /Users/Chen/PycharmProjects/CSCI_6234_Final/recordings/cam208/clips/2026/04/12/cam208_20260412T230125Z.mp4
[tls @ 0x7fc13d804380] IO error: End of file
[https @ 0x7fc13d804240] Error reading HTTP response: End of file
[tls @ 0x7fc13d915700] IO error: End of file
[https @ 0x7fc13d915640] Error reading HTTP response: End of file
[tls @ 0x7fc15db10300] IO error: End of file
[https @ 0x7fc15db27b80] Error reading HTTP response: End of file
[tls @ 0x7fc15db27d00] IO error: End of file
[https @ 0x7fc15db27c40] Error reading HTTP response: End of file
[tls @ 0x7fc13c7505c0] IO error: End of file
[https @ 0x7fc15db48ec0] Error reading HTTP response: End of file
[tls @ 0x7fc13d946640] IO error: End of file
[https @ 0x7fc13d945c00] Error reading HTTP response: End of file
[tls @ 0x7fc15db40c40] IO error: End of file
[https @ 0x7fc15db3d080] Error reading HTTP response: End of file
[2026-04-12T19:02:08.397204] Saved clip /Users/Chen/PycharmProjects/CSCI_6234_Final/recordings/cam208/clips/2026/04/12/cam208_20260412T230125Z.mp4 (3111828 bytes)
[2026-04-12T19:02:08.915763] Starting 60-second capture -> /Users/Chen/PycharmProjects/CSCI_6234_Final/recordings/cam208/clips/2026/04/12/cam208_20260412T230208Z.mp4
[tls @ 0x7fea6dc04ac0] IO error: End of file
[https @ 0x7fea6dc04980] Error reading HTTP response: End of file
[tls @ 0x7fea6db04440] IO error: End of file
[https @ 0x7fea6db04380] Error reading HTTP response: End of file
[tls @ 0x7fea6db05c00] IO error: End of file
[https @ 0x7fea6db05b40] Error reading HTTP response: End of file
[tls @ 0x7fea6d97f8c0] IO error: End of file
[https @ 0x7fea6d971340] Error reading HTTP response: End of file
[tls @ 0x7fea6d97b980] IO error: End of file
[https @ 0x7fea6d96bc40] Error reading HTTP response: End of file
[tls @ 0x7fea6db22d40] IO error: End of file
[https @ 0x7fea6db25080] Error reading HTTP response: End of file
[tls @ 0x7fea6da37a40] IO error: End of file
[https @ 0x7fea6da22fc0] Error reading HTTP response: End of file
[2026-04-12T19:02:51.536708] Saved clip /Users/Chen/PycharmProjects/CSCI_6234_Final/recordings/cam208/clips/2026/04/12/cam208_20260412T230208Z.mp4 (3109432 bytes)
[2026-04-12T19:02:52.071466] Starting 60-second capture -> /Users/Chen/PycharmProjects/CSCI_6234_Final/recordings/cam208/clips/2026/04/12/cam208_20260412T230252Z.mp4
[tls @ 0x7f9202304380] IO error: End of file
[https @ 0x7f9202304240] Error reading HTTP response: End of file
[tls @ 0x7f91f202d1c0] IO error: End of file
[https @ 0x7f91f202d380] Error reading HTTP response: End of file
[tls @ 0x7f91f1723340] IO error: End of file
[https @ 0x7f91f172ec40] Error reading HTTP response: End of file
[tls @ 0x7f920244cd00] IO error: End of file
[https @ 0x7f920245b840] Error reading HTTP response: End of file
[2026-04-12T19:03:36.012321] Saved clip /Users/Chen/PycharmProjects/CSCI_6234_Final/recordings/cam208/clips/2026/04/12/cam208_20260412T230252Z.mp4 (3106337 bytes)
[2026-04-12T19:03:36.535459] Starting 60-second capture -> /Users/Chen/PycharmProjects/CSCI_6234_Final/recordings/cam208/clips/2026/04/12/cam208_20260412T230336Z.mp4
[tls @ 0x7f88d1b0af00] IO error: End of file
[https @ 0x7f88d1b0ab80] Error reading HTTP response: End of file
[tls @ 0x7f88d1c20a40] IO error: End of file
[https @ 0x7f88d1c2da80] Error reading HTTP response: End of file
[tls @ 0x7f88d1b2a400] IO error: End of file
[https @ 0x7f88d1b7ebc0] Error reading HTTP response: End of file
[tls @ 0x7f88d1c20a40] IO error: End of file
[https @ 0x7f88d1e1f040] Error reading HTTP response: End of file
[tls @ 0x7f88d1c47f80] IO error: End of file
[https @ 0x7f88d1c70480] Error reading HTTP response: End of file
[tls @ 0x7f88d1c20a40] IO error: End of file
[https @ 0x7f88d1c2da80] Error reading HTTP response: End of file
[2026-04-12T19:04:08.897362] Saved clip /Users/Chen/PycharmProjects/CSCI_6234_Final/recordings/cam208/clips/2026/04/12/cam208_20260412T230336Z.mp4 (3107520 bytes)
[2026-04-12T19:04:09.413775] Starting 60-second capture -> /Users/Chen/PycharmProjects/CSCI_6234_Final/recordings/cam208/clips/2026/04/12/cam208_20260412T230409Z.mp4
[tls @ 0x7f900b804680] IO error: End of file
[https @ 0x7f900b804540] Error reading HTTP response: End of file
[tls @ 0x7f900b939180] IO error: End of file
[https @ 0x7f900b93d640] Error reading HTTP response: End of file
[tls @ 0x7f900a73a040] IO error: End of file
[https @ 0x7f900a731880] Error reading HTTP response: End of file
[tls @ 0x7f901b339640] IO error: End of file
[https @ 0x7f901b310b00] Error reading HTTP response: End of file
[2026-04-12T19:04:54.611311] Saved clip /Users/Chen/PycharmProjects/CSCI_6234_Final/recordings/cam208/clips/2026/04/12/cam208_20260412T230409Z.mp4 (3112089 bytes)
[2026-04-12T19:04:55.134954] Starting 60-second capture -> /Users/Chen/PycharmProjects/CSCI_6234_Final/recordings/cam208/clips/2026/04/12/cam208_20260412T230455Z.mp4
[tls @ 0x7fe959338400] IO error: End of file
[https @ 0x7fe95933f9c0] Error reading HTTP response: End of file
[tls @ 0x7fe959416380] IO error: End of file
[https @ 0x7fe959419d00] Error reading HTTP response: End of file
[tls @ 0x7fe947f267c0] IO error: End of file
[https @ 0x7fe947f34c40] Error reading HTTP response: End of file
[tls @ 0x7fe947f4d6c0] IO error: End of file
[https @ 0x7fe947f58540] Error reading HTTP response: End of file
[tls @ 0x7fe9510465c0] IO error: End of file
[https @ 0x7fe951083900] Error reading HTTP response: End of file
[tls @ 0x7fe959359480] IO error: End of file
[https @ 0x7fe95934a040] Error reading HTTP response: End of file
[tls @ 0x7fe947f77600] IO error: End of file
[https @ 0x7fe947f58540] Error reading HTTP response: End of file
[tls @ 0x7fe947f94f00] IO error: End of file
[https @ 0x7fe947f91300] Error reading HTTP response: End of file
[tls @ 0x7fe959448340] IO error: End of file
[https @ 0x7fe959430680] Error reading HTTP response: End of file
[2026-04-12T19:05:38.494477] Saved clip /Users/Chen/PycharmProjects/CSCI_6234_Final/recordings/cam208/clips/2026/04/12/cam208_20260412T230455Z.mp4 (3108737 bytes)
[2026-04-12T19:05:39.005578] Starting 60-second capture -> /Users/Chen/PycharmProjects/CSCI_6234_Final/recordings/cam208/clips/2026/04/12/cam208_20260412T230539Z.mp4
[tls @ 0x7ff38b804b00] IO error: End of file
[https @ 0x7ff38b8049c0] Error reading HTTP response: End of file
[tls @ 0x7ff39ba24400] IO error: End of file
[https @ 0x7ff39ba2dcc0] Error reading HTTP response: End of file
[tls @ 0x7ff39bb23e80] IO error: End of file
[https @ 0x7ff39bb25080] Error reading HTTP response: End of file
[tls @ 0x7ff38af58740] IO error: End of file
[https @ 0x7ff38af29e00] Error reading HTTP response: End of file
[tls @ 0x7ff38b8065c0] IO error: End of file
[https @ 0x7ff38b85a740] Error reading HTTP response: End of file
[tls @ 0x7ff39bb39700] IO error: End of file
[https @ 0x7ff39bb35bc0] Error reading HTTP response: End of file
[tls @ 0x7ff38af58740] IO error: End of file
[https @ 0x7ff38af49a80] Error reading HTTP response: End of file
[2026-04-12T19:06:21.876616] Saved clip /Users/Chen/PycharmProjects/CSCI_6234_Final/recordings/cam208/clips/2026/04/12/cam208_20260412T230539Z.mp4 (3108200 bytes)
[2026-04-12T19:06:22.395327] Starting 60-second capture -> /Users/Chen/PycharmProjects/CSCI_6234_Final/recordings/cam208/clips/2026/04/12/cam208_20260412T230622Z.mp4
[tls @ 0x7fce60f04680] IO error: End of file
[https @ 0x7fce60f04540] Error reading HTTP response: End of file
[tls @ 0x7fce60f20880] IO error: End of file
[https @ 0x7fce60f14ec0] Error reading HTTP response: End of file
[tls @ 0x7fce61a134c0] IO error: End of file
[https @ 0x7fce61a2e180] Error reading HTTP response: End of file
[tls @ 0x7fce60f39100] IO error: End of file
[https @ 0x7fce60f387c0] Error reading HTTP response: End of file
[tls @ 0x7fce61a2e180] IO error: End of file
[https @ 0x7fce61a2e240] Error reading HTTP response: End of file
[tls @ 0x7fce71807c80] IO error: End of file
[https @ 0x7fce71807100] Error reading HTTP response: End of file
[tls @ 0x7fce6194f6c0] IO error: End of file
[https @ 0x7fce61951880] Error reading HTTP response: End of file
[tls @ 0x7fce61944840] IO error: End of file
[https @ 0x7fce61928680] Error reading HTTP response: End of file
[2026-04-12T19:07:05.402004] Saved clip /Users/Chen/PycharmProjects/CSCI_6234_Final/recordings/cam208/clips/2026/04/12/cam208_20260412T230622Z.mp4 (3109987 bytes)
[2026-04-12T19:07:05.917535] Starting 60-second capture -> /Users/Chen/PycharmProjects/CSCI_6234_Final/recordings/cam208/clips/2026/04/12/cam208_20260412T230705Z.mp4
[tls @ 0x7f7da2705080] IO error: End of file
[https @ 0x7f7da27049c0] Error reading HTTP response: End of file
[tls @ 0x7f7da2738940] IO error: End of file
[https @ 0x7f7da2752300] Error reading HTTP response: End of file
[tls @ 0x7f7db33422c0] IO error: End of file
[https @ 0x7f7db331d580] Error reading HTTP response: End of file
[tls @ 0x7f7da2729240] IO error: End of file
[https @ 0x7f7da27308c0] Error reading HTTP response: End of file
[2026-04-12T19:07:42.407885] Saved clip /Users/Chen/PycharmProjects/CSCI_6234_Final/recordings/cam208/clips/2026/04/12/cam208_20260412T230705Z.mp4 (3109452 bytes)
[2026-04-12T19:07:42.923464] Starting 60-second capture -> /Users/Chen/PycharmProjects/CSCI_6234_Final/recordings/cam208/clips/2026/04/12/cam208_20260412T230742Z.mp4
[tls @ 0x7fa04bc04680] IO error: End of file
[https @ 0x7fa04bc04580] Error reading HTTP response: End of file
[tls @ 0x7fa04bb10740] IO error: End of file
[https @ 0x7fa04bb160c0] Error reading HTTP response: End of file
[tls @ 0x7fa04bd36cc0] IO error: End of file
[https @ 0x7fa04bd42a80] Error reading HTTP response: End of file
[tls @ 0x7fa04bb0ce80] IO error: End of file
[https @ 0x7fa04bb05040] Error reading HTTP response: End of file
[tls @ 0x7fa04bc46bc0] IO error: End of file
[https @ 0x7fa04bc35300] Error reading HTTP response: End of file
[tls @ 0x7fa04be3bb80] IO error: End of file
[https @ 0x7fa04be4b300] Error reading HTTP response: End of file
[tls @ 0x7fa04bd40440] IO error: End of file
[https @ 0x7fa04bd385c0] Error reading HTTP response: End of file
[tls @ 0x7fa04bb0c940] IO error: End of file
[https @ 0x7fa04bb05040] Error reading HTTP response: End of file
[2026-04-12T19:08:25.768481] Saved clip /Users/Chen/PycharmProjects/CSCI_6234_Final/recordings/cam208/clips/2026/04/12/cam208_20260412T230742Z.mp4 (3108019 bytes)
[2026-04-12T19:08:26.292314] Starting 60-second capture -> /Users/Chen/PycharmProjects/CSCI_6234_Final/recordings/cam208/clips/2026/04/12/cam208_20260412T230826Z.mp4
[tls @ 0x7f9fdf00a240] IO error: End of file
[https @ 0x7f9fdf00a140] Error reading HTTP response: End of file
[tls @ 0x7f9fde749200] IO error: End of file
[https @ 0x7f9fde75d8c0] Error reading HTTP response: End of file
[tls @ 0x7f9fde711340] IO error: End of file
[https @ 0x7f9fde70ff00] Error reading HTTP response: End of file
[tls @ 0x7f9fde738180] IO error: End of file
[https @ 0x7f9fde734580] Error reading HTTP response: End of file
[tls @ 0x7f9fefb46880] IO error: End of file
[https @ 0x7f9fefb65ec0] Error reading HTTP response: End of file
[tls @ 0x7f9fefa576c0] IO error: End of file
[https @ 0x7f9fefa67700] Error reading HTTP response: End of file
[2026-04-12T19:08:58.542865] Saved clip /Users/Chen/PycharmProjects/CSCI_6234_Final/recordings/cam208/clips/2026/04/12/cam208_20260412T230826Z.mp4 (3112370 bytes)
[2026-04-12T19:08:59.060975] Starting 60-second capture -> /Users/Chen/PycharmProjects/CSCI_6234_Final/recordings/cam208/clips/2026/04/12/cam208_20260412T230859Z.mp4
[tls @ 0x7fa280704b80] IO error: End of file
[https @ 0x7fa280704a40] Error reading HTTP response: End of file
[tls @ 0x7fa2a1c1b680] IO error: End of file
[https @ 0x7fa2a1c041c0] Error reading HTTP response: End of file
[tls @ 0x7fa2818368c0] IO error: End of file
[https @ 0x7fa28183fdc0] Error reading HTTP response: End of file
[tls @ 0x7fa2a1c1b680] IO error: End of file
[https @ 0x7fa2a1c07500] Error reading HTTP response: End of file
[2026-04-12T19:09:41.687141] Saved clip /Users/Chen/PycharmProjects/CSCI_6234_Final/recordings/cam208/clips/2026/04/12/cam208_20260412T230859Z.mp4 (3114592 bytes)
[2026-04-12T19:09:42.203437] Starting 60-second capture -> /Users/Chen/PycharmProjects/CSCI_6234_Final/recordings/cam208/clips/2026/04/12/cam208_20260412T230942Z.mp4
[tls @ 0x7f9054d04500] IO error: End of file
[https @ 0x7f9054d043c0] Error reading HTTP response: End of file
[tls @ 0x7f9054c23f40] IO error: End of file
[https @ 0x7f9054c3db00] Error reading HTTP response: End of file
[tls @ 0x7f9054d22f00] IO error: End of file
[https @ 0x7f9054d23f40] Error reading HTTP response: End of file
[tls @ 0x7f9054d38500] IO error: End of file
[https @ 0x7f9054d36ec0] Error reading HTTP response: End of file
[tls @ 0x7f904502c580] IO error: End of file
[https @ 0x7f904502c9c0] Error reading HTTP response: End of file
[2026-04-12T19:10:25.170654] Saved clip /Users/Chen/PycharmProjects/CSCI_6234_Final/recordings/cam208/clips/2026/04/12/cam208_20260412T230942Z.mp4 (3112423 bytes)
[2026-04-12T19:10:25.692033] Starting 60-second capture -> /Users/Chen/PycharmProjects/CSCI_6234_Final/recordings/cam208/clips/2026/04/12/cam208_20260412T231025Z.mp4
[tls @ 0x7f8036705600] IO error: End of file
[https @ 0x7f80367054c0] Error reading HTTP response: End of file
[tls @ 0x7f8037107a00] IO error: End of file
[https @ 0x7f8037119200] Error reading HTTP response: End of file
[tls @ 0x7f8036724a40] IO error: End of file
[https @ 0x7f8036725080] Error reading HTTP response: End of file
[tls @ 0x7f80267355c0] IO error: End of file
[https @ 0x7f802673c940] Error reading HTTP response: End of file
[tls @ 0x7f802671d680] IO error: End of file
[https @ 0x7f8026709880] Error reading HTTP response: End of file
[tls @ 0x7f8037063780] IO error: End of file
[https @ 0x7f8037004540] Error reading HTTP response: End of file
[tls @ 0x7f8037045880] IO error: End of file
[https @ 0x7f8037056200] Error reading HTTP response: End of file
[tls @ 0x7f803672cfc0] IO error: End of file
[https @ 0x7f803672d640] Error reading HTTP response: End of file
[tls @ 0x7f8037043c40] IO error: End of file
[https @ 0x7f8037028b40] Error reading HTTP response: End of file
[2026-04-12T19:11:08.557529] Saved clip /Users/Chen/PycharmProjects/CSCI_6234_Final/recordings/cam208/clips/2026/04/12/cam208_20260412T231025Z.mp4 (3107438 bytes)
[2026-04-12T19:11:09.080446] Starting 60-second capture -> /Users/Chen/PycharmProjects/CSCI_6234_Final/recordings/cam208/clips/2026/04/12/cam208_20260412T231109Z.mp4
[tls @ 0x7fecc0f048c0] IO error: End of file
[https @ 0x7fecc0f04800] Error reading HTTP response: End of file
[tls @ 0x7fecc0f17e40] IO error: End of file
[https @ 0x7fecc0f04500] Error reading HTTP response: End of file
[tls @ 0x7fecd1a14c00] IO error: End of file
[https @ 0x7fecd1a18100] Error reading HTTP response: End of file
[tls @ 0x7fecd1b2f540] IO error: End of file
[https @ 0x7fecd1b0fdc0] Error reading HTTP response: End of file
[tls @ 0x7fecc0f17e40] IO error: End of file
[https @ 0x7fecc0f04500] Error reading HTTP response: End of file
[tls @ 0x7fecc0f1a140] IO error: End of file
[https @ 0x7fecc0f20c00] Error reading HTTP response: End of file
[tls @ 0x7fecd1b21180] IO error: End of file
[https @ 0x7fecd1b11100] Error reading HTTP response: End of file
[2026-04-12T19:11:51.927597] Saved clip /Users/Chen/PycharmProjects/CSCI_6234_Final/recordings/cam208/clips/2026/04/12/cam208_20260412T231109Z.mp4 (3110348 bytes)
[2026-04-12T19:11:52.444011] Starting 60-second capture -> /Users/Chen/PycharmProjects/CSCI_6234_Final/recordings/cam208/clips/2026/04/12/cam208_20260412T231152Z.mp4
[tls @ 0x7fbda1804500] IO error: End of file
[https @ 0x7fbda18043c0] Error reading HTTP response: End of file
[tls @ 0x7fbda0f334c0] IO error: End of file
[https @ 0x7fbda0f34ec0] Error reading HTTP response: End of file
[tls @ 0x7fbdb1a46640] IO error: End of file
[https @ 0x7fbdb1a42a40] Error reading HTTP response: End of file
[tls @ 0x7fbda180cd00] IO error: End of file
[https @ 0x7fbda1805100] Error reading HTTP response: End of file
[tls @ 0x7fbda182ca00] IO error: End of file
[https @ 0x7fbda182ed40] Error reading HTTP response: End of file
[tls @ 0x7fbda180c340] IO error: End of file
[https @ 0x7fbda182ee00] Error reading HTTP response: End of file
[tls @ 0x7fbda18043c0] IO error: End of file
[https @ 0x7fbda1804940] Error reading HTTP response: End of file
[2026-04-12T19:12:34.855466] Saved clip /Users/Chen/PycharmProjects/CSCI_6234_Final/recordings/cam208/clips/2026/04/12/cam208_20260412T231152Z.mp4 (3109608 bytes)
[2026-04-12T19:12:35.373372] Starting 60-second capture -> /Users/Chen/PycharmProjects/CSCI_6234_Final/recordings/cam208/clips/2026/04/12/cam208_20260412T231235Z.mp4
[tls @ 0x7fad1ba06980] IO error: End of file
[https @ 0x7fad1ba062c0] Error reading HTTP response: End of file
[tls @ 0x7fad1ba1fb80] IO error: End of file
[https @ 0x7fad1ba06380] Error reading HTTP response: End of file
[tls @ 0x7fad1b911340] IO error: End of file
[https @ 0x7fad1b92b000] Error reading HTTP response: End of file
[tls @ 0x7fad1ba1fb80] IO error: End of file
[https @ 0x7fad1ba06940] Error reading HTTP response: End of file
[tls @ 0x7fad1b95fa00] IO error: End of file
[https @ 0x7fad1b94be00] Error reading HTTP response: End of file
[tls @ 0x7fad0af1e580] IO error: End of file
[https @ 0x7fad0af7a940] Error reading HTTP response: End of file
[tls @ 0x7fad1b943540] IO error: End of file
[https @ 0x7fad1b944840] Error reading HTTP response: End of file
[2026-04-12T19:13:18.015047] Saved clip /Users/Chen/PycharmProjects/CSCI_6234_Final/recordings/cam208/clips/2026/04/12/cam208_20260412T231235Z.mp4 (3108277 bytes)
[2026-04-12T19:13:18.528610] Starting 60-second capture -> /Users/Chen/PycharmProjects/CSCI_6234_Final/recordings/cam208/clips/2026/04/12/cam208_20260412T231318Z.mp4
[tls @ 0x7ff2c9a06300] IO error: End of file
[https @ 0x7ff2c9a06200] Error reading HTTP response: End of file
[tls @ 0x7ff2b982bc40] IO error: End of file
[https @ 0x7ff2b9826e40] Error reading HTTP response: End of file
[tls @ 0x7ff2b9823c80] IO error: End of file
[https @ 0x7ff2b98172c0] Error reading HTTP response: End of file
[tls @ 0x7ff2b9929780] IO error: End of file
[https @ 0x7ff2b9947740] Error reading HTTP response: End of file
[tls @ 0x7ff2b8f8f7c0] IO error: End of file
[https @ 0x7ff2b8fa19c0] Error reading HTTP response: End of file
[tls @ 0x7ff2b8f1f280] IO error: End of file
[https @ 0x7ff2b8f58740] Error reading HTTP response: End of file
[tls @ 0x7ff2c9a4b9c0] IO error: End of file
[https @ 0x7ff2c9a58040] Error reading HTTP response: End of file
[2026-04-12T19:14:01.471131] Saved clip /Users/Chen/PycharmProjects/CSCI_6234_Final/recordings/cam208/clips/2026/04/12/cam208_20260412T231318Z.mp4 (3102942 bytes)
[2026-04-12T19:14:01.987371] Starting 60-second capture -> /Users/Chen/PycharmProjects/CSCI_6234_Final/recordings/cam208/clips/2026/04/12/cam208_20260412T231401Z.mp4
[tls @ 0x7fcf43404340] IO error: End of file
[https @ 0x7fcf43404200] Error reading HTTP response: End of file
[tls @ 0x7fcf43318540] IO error: End of file
[https @ 0x7fcf43318440] Error reading HTTP response: End of file
[tls @ 0x7fcf32704840] IO error: End of file
[https @ 0x7fcf32704700] Error reading HTTP response: End of file
[tls @ 0x7fcf32724480] IO error: End of file
[https @ 0x7fcf3273f600] Error reading HTTP response: End of file
[tls @ 0x7fcf327a1e40] IO error: End of file
[https @ 0x7fcf327b4040] Error reading HTTP response: End of file
[tls @ 0x7fcf32724480] IO error: End of file
[https @ 0x7fcf327ce8c0] Error reading HTTP response: End of file
[tls @ 0x7fcf12706700] IO error: End of file
[https @ 0x7fcf12706600] Error reading HTTP response: End of file
[2026-04-12T19:14:45.021619] Saved clip /Users/Chen/PycharmProjects/CSCI_6234_Final/recordings/cam208/clips/2026/04/12/cam208_20260412T231401Z.mp4 (3109810 bytes)
[2026-04-12T19:14:45.541705] Starting 60-second capture -> /Users/Chen/PycharmProjects/CSCI_6234_Final/recordings/cam208/clips/2026/04/12/cam208_20260412T231445Z.mp4
[tls @ 0x7fb939b05c80] IO error: End of file
[https @ 0x7fb939b05b40] Error reading HTTP response: End of file
[tls @ 0x7fb928f1e740] IO error: End of file
[https @ 0x7fb928f1ef00] Error reading HTTP response: End of file
[tls @ 0x7fb939b12d00] IO error: End of file
[https @ 0x7fb939b14000] Error reading HTTP response: End of file
[tls @ 0x7fb939b31880] IO error: End of file
[https @ 0x7fb939b07100] Error reading HTTP response: End of file
[tls @ 0x7fb928f24940] IO error: End of file
[https @ 0x7fb928f1ef00] Error reading HTTP response: End of file
[tls @ 0x7fb939a66c80] IO error: End of file
[https @ 0x7fb939a8b200] Error reading HTTP response: End of file
[tls @ 0x7fb939a9bec0] IO error: End of file
[https @ 0x7fb939aae0c0] Error reading HTTP response: End of file
[tls @ 0x7fb928f0ba00] IO error: End of file
[https @ 0x7fb928f19580] Error reading HTTP response: End of file
[2026-04-12T19:15:28.550744] Saved clip /Users/Chen/PycharmProjects/CSCI_6234_Final/recordings/cam208/clips/2026/04/12/cam208_20260412T231445Z.mp4 (3112512 bytes)
[2026-04-12T19:15:29.068591] Starting 60-second capture -> /Users/Chen/PycharmProjects/CSCI_6234_Final/recordings/cam208/clips/2026/04/12/cam208_20260412T231529Z.mp4
[tls @ 0x7fa920004680] IO error: End of file
[https @ 0x7fa920004540] Error reading HTTP response: End of file
[tls @ 0x7fa916f54740] IO error: End of file
[https @ 0x7fa916f47d40] Error reading HTTP response: End of file
[tls @ 0x7fa920193bc0] IO error: End of file
[https @ 0x7fa92018fb00] Error reading HTTP response: End of file
[tls @ 0x7fa926f0e540] IO error: End of file
[https @ 0x7fa926f0e480] Error reading HTTP response: End of file
[tls @ 0x7fa920193bc0] IO error: End of file
[https @ 0x7fa920188b40] Error reading HTTP response: End of file
[tls @ 0x7fa92000fdc0] IO error: End of file
[https @ 0x7fa920016180] Error reading HTTP response: End of file
[2026-04-12T19:16:12.050386] Saved clip /Users/Chen/PycharmProjects/CSCI_6234_Final/recordings/cam208/clips/2026/04/12/cam208_20260412T231529Z.mp4 (3114932 bytes)
[2026-04-12T19:16:12.568217] Starting 60-second capture -> /Users/Chen/PycharmProjects/CSCI_6234_Final/recordings/cam208/clips/2026/04/12/cam208_20260412T231612Z.mp4
[tls @ 0x7fe35ac05100] IO error: End of file
[https @ 0x7fe35ac04b80] Error reading HTTP response: End of file
[tls @ 0x7fe35a919740] IO error: End of file
[https @ 0x7fe35a910340] Error reading HTTP response: End of file
[tls @ 0x7fe35ab4fe40] IO error: End of file
[https @ 0x7fe35ab62080] Error reading HTTP response: End of file
[tls @ 0x7fe35ab62200] IO error: End of file
[https @ 0x7fe35ab62140] Error reading HTTP response: End of file
[tls @ 0x7fe35ac73d40] IO error: End of file
[https @ 0x7fe35ac8f900] Error reading HTTP response: End of file
[tls @ 0x7fe35ab9b480] IO error: End of file
[https @ 0x7fe35aba8e00] Error reading HTTP response: End of file
[tls @ 0x7fe35a90dec0] IO error: End of file
[https @ 0x7fe35a90e180] Error reading HTTP response: End of file
[2026-04-12T19:16:55.265179] Saved clip /Users/Chen/PycharmProjects/CSCI_6234_Final/recordings/cam208/clips/2026/04/12/cam208_20260412T231612Z.mp4 (3104714 bytes)
[2026-04-12T19:16:55.782013] Starting 60-second capture -> /Users/Chen/PycharmProjects/CSCI_6234_Final/recordings/cam208/clips/2026/04/12/cam208_20260412T231655Z.mp4
[tls @ 0x7fb312f05100] IO error: End of file
[https @ 0x7fb312f04b80] Error reading HTTP response: End of file
[tls @ 0x7fb312f47b00] IO error: End of file
[https @ 0x7fb312f38f80] Error reading HTTP response: End of file
[tls @ 0x7fb312f26cc0] IO error: End of file
[https @ 0x7fb312f38ec0] Error reading HTTP response: End of file
[tls @ 0x7fb313934f00] IO error: End of file
[https @ 0x7fb3139240c0] Error reading HTTP response: End of file
[tls @ 0x7fb313805a80] IO error: End of file
[https @ 0x7fb313805600] Error reading HTTP response: End of file
[tls @ 0x7fb323b25500] IO error: End of file
[https @ 0x7fb323b12c80] Error reading HTTP response: End of file
[2026-04-12T19:17:29.490556] Saved clip /Users/Chen/PycharmProjects/CSCI_6234_Final/recordings/cam208/clips/2026/04/12/cam208_20260412T231655Z.mp4 (3102951 bytes)
[2026-04-12T19:17:30.005835] Starting 60-second capture -> /Users/Chen/PycharmProjects/CSCI_6234_Final/recordings/cam208/clips/2026/04/12/cam208_20260412T231730Z.mp4
[tls @ 0x7fe963e04bc0] IO error: End of file
[https @ 0x7fe963c04fc0] Error reading HTTP response: End of file
[tls @ 0x7fe952f1f5c0] IO error: End of file
[https @ 0x7fe952f173c0] Error reading HTTP response: End of file
[tls @ 0x7fe963c35240] IO error: End of file
[https @ 0x7fe963c19300] Error reading HTTP response: End of file
[tls @ 0x7fe963c3a800] IO error: End of file
[https @ 0x7fe963c39d00] Error reading HTTP response: End of file
[tls @ 0x7fe963d23c00] IO error: End of file
[https @ 0x7fe963d0b3c0] Error reading HTTP response: End of file
[tls @ 0x7fe952f32700] IO error: End of file
[https @ 0x7fe952f0e380] Error reading HTTP response: End of file
[tls @ 0x7fe923904540] IO error: End of file
[https @ 0x7fe923904480] Error reading HTTP response: End of file
[2026-04-12T19:18:12.918538] Saved clip /Users/Chen/PycharmProjects/CSCI_6234_Final/recordings/cam208/clips/2026/04/12/cam208_20260412T231730Z.mp4 (3114740 bytes)
[2026-04-12T19:18:13.433177] Starting 60-second capture -> /Users/Chen/PycharmProjects/CSCI_6234_Final/recordings/cam208/clips/2026/04/12/cam208_20260412T231813Z.mp4
[tls @ 0x7fde8f705100] IO error: End of file
[https @ 0x7fde8f704b80] Error reading HTTP response: End of file
[tls @ 0x7fdeb0124dc0] IO error: End of file
[https @ 0x7fdeb0136fc0] Error reading HTTP response: End of file
[tls @ 0x7fdeb000dc80] IO error: End of file
[https @ 0x7fdeb000f480] Error reading HTTP response: End of file
[tls @ 0x7fde98214680] IO error: End of file
[https @ 0x7fde98212f80] Error reading HTTP response: End of file
[tls @ 0x7fdeb0218e00] IO error: End of file
[https @ 0x7fdeb0228c00] Error reading HTTP response: End of file
[tls @ 0x7fde98212f80] IO error: End of file
[https @ 0x7fde98213040] Error reading HTTP response: End of file
[tls @ 0x7fde98107280] IO error: End of file
[https @ 0x7fde98108d80] Error reading HTTP response: End of file
[2026-04-12T19:18:55.949570] Saved clip /Users/Chen/PycharmProjects/CSCI_6234_Final/recordings/cam208/clips/2026/04/12/cam208_20260412T231813Z.mp4 (3113727 bytes)
[2026-04-12T19:18:56.467405] Starting 60-second capture -> /Users/Chen/PycharmProjects/CSCI_6234_Final/recordings/cam208/clips/2026/04/12/cam208_20260412T231856Z.mp4
[tls @ 0x7ff589004500] IO error: End of file
[https @ 0x7ff5890043c0] Error reading HTTP response: End of file
[tls @ 0x7ff57ff1e140] IO error: End of file
[https @ 0x7ff57ff1be80] Error reading HTTP response: End of file
[tls @ 0x7ff58ff16a40] IO error: End of file
[https @ 0x7ff58ff19f80] Error reading HTTP response: End of file
[tls @ 0x7ff57ff07340] IO error: End of file
[https @ 0x7ff57ff06980] Error reading HTTP response: End of file
[tls @ 0x7ff589130980] IO error: End of file
[https @ 0x7ff589118200] Error reading HTTP response: End of file
[tls @ 0x7ff58ff31680] IO error: End of file
[https @ 0x7ff58ff32480] Error reading HTTP response: End of file
[2026-04-12T19:19:28.854964] Saved clip /Users/Chen/PycharmProjects/CSCI_6234_Final/recordings/cam208/clips/2026/04/12/cam208_20260412T231856Z.mp4 (3109645 bytes)
[2026-04-12T19:19:29.371301] Starting 60-second capture -> /Users/Chen/PycharmProjects/CSCI_6234_Final/recordings/cam208/clips/2026/04/12/cam208_20260412T231929Z.mp4
[tls @ 0x7fedaf804680] IO error: End of file
[https @ 0x7fedaf804540] Error reading HTTP response: End of file
[tls @ 0x7fedbf817840] IO error: End of file
[https @ 0x7fedbf8409c0] Error reading HTTP response: End of file
[tls @ 0x7fedaef20440] IO error: End of file
[https @ 0x7fedaef32640] Error reading HTTP response: End of file
[tls @ 0x7fedaf81c700] IO error: End of file
[https @ 0x7fedaf83c340] Error reading HTTP response: End of file
[tls @ 0x7fedaef30640] IO error: End of file
[https @ 0x7fedaef2ee00] Error reading HTTP response: End of file
[tls @ 0x7fedaf838080] IO error: End of file
[https @ 0x7fedaf81efc0] Error reading HTTP response: End of file
[tls @ 0x7fedaef16780] IO error: End of file
[https @ 0x7fedaef04c40] Error reading HTTP response: End of file
[2026-04-12T19:20:12.301564] Saved clip /Users/Chen/PycharmProjects/CSCI_6234_Final/recordings/cam208/clips/2026/04/12/cam208_20260412T231929Z.mp4 (3115506 bytes)
[2026-04-12T19:20:12.816368] Starting 60-second capture -> /Users/Chen/PycharmProjects/CSCI_6234_Final/recordings/cam208/clips/2026/04/12/cam208_20260412T232012Z.mp4
[tls @ 0x7fb4cc423a80] IO error: End of file
[https @ 0x7fb4cc41e100] Error reading HTTP response: End of file
[tls @ 0x7fb4cc539180] IO error: End of file
[https @ 0x7fb4cc511940] Error reading HTTP response: End of file
[tls @ 0x7fb4cc427080] IO error: End of file
[https @ 0x7fb4cc41d600] Error reading HTTP response: End of file
[tls @ 0x7fb4cc30b740] IO error: End of file
[https @ 0x7fb4cc30d140] Error reading HTTP response: End of file
[tls @ 0x7fb4cc57b280] IO error: End of file
[https @ 0x7fb4cc41e100] Error reading HTTP response: End of file
[tls @ 0x7fb4cc30b740] IO error: End of file
[https @ 0x7fb4cc321640] Error reading HTTP response: End of file
[tls @ 0x7fb4cc3421c0] IO error: End of file
[https @ 0x7fb4cc326680] Error reading HTTP response: End of file
[2026-04-12T19:20:55.790373] Saved clip /Users/Chen/PycharmProjects/CSCI_6234_Final/recordings/cam208/clips/2026/04/12/cam208_20260412T232012Z.mp4 (3103602 bytes)
[2026-04-12T19:20:56.305935] Starting 60-second capture -> /Users/Chen/PycharmProjects/CSCI_6234_Final/recordings/cam208/clips/2026/04/12/cam208_20260412T232056Z.mp4
[tls @ 0x7fd230005b00] IO error: End of file
[https @ 0x7fd230004300] Error reading HTTP response: End of file
[tls @ 0x7fd216f20740] IO error: End of file
[https @ 0x7fd216f15280] Error reading HTTP response: End of file
[tls @ 0x7fd216f32880] IO error: End of file
[https @ 0x7fd216f044c0] Error reading HTTP response: End of file
[tls @ 0x7fd2178079c0] IO error: End of file
[https @ 0x7fd217808080] Error reading HTTP response: End of file
[tls @ 0x7fd230034400] IO error: End of file
[https @ 0x7fd230046640] Error reading HTTP response: End of file
[tls @ 0x7fd226f1ec00] IO error: End of file
[https @ 0x7fd226f31740] Error reading HTTP response: End of file
[tls @ 0x7fd226f49740] IO error: End of file
[https @ 0x7fd226f21980] Error reading HTTP response: End of file
[2026-04-12T19:21:28.787631] Saved clip /Users/Chen/PycharmProjects/CSCI_6234_Final/recordings/cam208/clips/2026/04/12/cam208_20260412T232056Z.mp4 (3102334 bytes)
[2026-04-12T19:21:29.302900] Starting 60-second capture -> /Users/Chen/PycharmProjects/CSCI_6234_Final/recordings/cam208/clips/2026/04/12/cam208_20260412T232129Z.mp4
[tls @ 0x7f95ab255640] IO error: End of file
[https @ 0x7f95ab251a40] Error reading HTTP response: End of file
[tls @ 0x7f95ab255640] IO error: End of file
[https @ 0x7f95ab281e00] Error reading HTTP response: End of file
[tls @ 0x7f95ab40b640] IO error: End of file
[https @ 0x7f95ab41ce80] Error reading HTTP response: End of file
[tls @ 0x7f95ab321280] IO error: End of file
[https @ 0x7f95ab304d00] Error reading HTTP response: End of file
[tls @ 0x7f95ab52d5c0] IO error: End of file
[https @ 0x7f95ab5308c0] Error reading HTTP response: End of file
[tls @ 0x7f95ab33a1c0] IO error: End of file
[https @ 0x7f95ab3248c0] Error reading HTTP response: End of file
[tls @ 0x7f95ab52d5c0] IO error: End of file
[https @ 0x7f95ab53a180] Error reading HTTP response: End of file
[2026-04-12T19:22:11.882087] Saved clip /Users/Chen/PycharmProjects/CSCI_6234_Final/recordings/cam208/clips/2026/04/12/cam208_20260412T232129Z.mp4 (3111371 bytes)
[2026-04-12T19:22:12.400875] Starting 60-second capture -> /Users/Chen/PycharmProjects/CSCI_6234_Final/recordings/cam208/clips/2026/04/12/cam208_20260412T232212Z.mp4
[tls @ 0x7fe4f1504500] IO error: End of file
[https @ 0x7fe4f15043c0] Error reading HTTP response: End of file
[tls @ 0x7fe4f151e2c0] IO error: End of file
[https @ 0x7fe4f1530500] Error reading HTTP response: End of file
[tls @ 0x7fe4f1426280] IO error: End of file
[https @ 0x7fe4f1443200] Error reading HTTP response: End of file
[tls @ 0x7fe4f151c100] IO error: End of file
[https @ 0x7fe4f152d540] Error reading HTTP response: End of file
[tls @ 0x7fe4f1523880] IO error: End of file
[https @ 0x7fe4f150d140] Error reading HTTP response: End of file
[tls @ 0x7fe4f125c440] IO error: End of file
[https @ 0x7fe4f12627c0] Error reading HTTP response: End of file
[tls @ 0x7fe4f1551b80] IO error: End of file
[https @ 0x7fe4f1565040] Error reading HTTP response: End of file
[tls @ 0x7fe4f141f580] IO error: Connection reset by peer
[https @ 0x7fe4f1492b00] Error reading HTTP response: Connection reset by peer
[in#0/hls @ 0x7fe4f10048c0] keepalive request failed for 'https://itsvideo.arlingtonva.us:8013/live/cam208.stream/media_w165056502_244577.ts' with error: 'Connection reset by peer' when opening url, retrying with new connection
[2026-04-12T19:22:55.716952] Saved clip /Users/Chen/PycharmProjects/CSCI_6234_Final/recordings/cam208/clips/2026/04/12/cam208_20260412T232212Z.mp4 (3109366 bytes)
[2026-04-12T19:22:56.235274] Starting 60-second capture -> /Users/Chen/PycharmProjects/CSCI_6234_Final/recordings/cam208/clips/2026/04/12/cam208_20260412T232256Z.mp4
[tls @ 0x7fcd4a004680] IO error: End of file
[https @ 0x7fcd4a004540] Error reading HTTP response: End of file
[tls @ 0x7fcd497362c0] IO error: End of file
[https @ 0x7fcd49735cc0] Error reading HTTP response: End of file
[tls @ 0x7fcd5a295a40] IO error: End of file
[https @ 0x7fcd5a2a7d80] Error reading HTTP response: End of file
[tls @ 0x7fcd497362c0] IO error: End of file
[https @ 0x7fcd497344c0] Error reading HTTP response: End of file
[2026-04-12T19:23:28.396959] Saved clip /Users/Chen/PycharmProjects/CSCI_6234_Final/recordings/cam208/clips/2026/04/12/cam208_20260412T232256Z.mp4 (3107801 bytes)
[2026-04-12T19:23:28.912527] Starting 60-second capture -> /Users/Chen/PycharmProjects/CSCI_6234_Final/recordings/cam208/clips/2026/04/12/cam208_20260412T232328Z.mp4
[tls @ 0x7fc754a11180] IO error: End of file
[https @ 0x7fc754c043c0] Error reading HTTP response: End of file
[tls @ 0x7fc754b1e780] IO error: End of file
[https @ 0x7fc754b15e40] Error reading HTTP response: End of file
[tls @ 0x7fc754c059c0] IO error: End of file
[https @ 0x7fc754c05400] Error reading HTTP response: End of file
[tls @ 0x7fc754926600] IO error: End of file
[https @ 0x7fc75497ef00] Error reading HTTP response: End of file
[tls @ 0x7fc754942d00] IO error: End of file
[https @ 0x7fc754931380] Error reading HTTP response: End of file
[tls @ 0x7fc75497ef00] IO error: End of file
[https @ 0x7fc754954500] Error reading HTTP response: End of file
[tls @ 0x7fc754928100] IO error: End of file
[https @ 0x7fc75491b740] Error reading HTTP response: End of file
[2026-04-12T19:24:11.956617] Saved clip /Users/Chen/PycharmProjects/CSCI_6234_Final/recordings/cam208/clips/2026/04/12/cam208_20260412T232328Z.mp4 (3109836 bytes)
[2026-04-12T19:24:12.476196] Starting 60-second capture -> /Users/Chen/PycharmProjects/CSCI_6234_Final/recordings/cam208/clips/2026/04/12/cam208_20260412T232412Z.mp4
[tls @ 0x7f9be6f04680] IO error: End of file
[https @ 0x7f9be6f04540] Error reading HTTP response: End of file
[tls @ 0x7f9bf7879900] IO error: End of file
[https @ 0x7f9bf782d940] Error reading HTTP response: End of file
[tls @ 0x7f9be7824940] IO error: End of file
[https @ 0x7f9be7817f80] Error reading HTTP response: End of file
[tls @ 0x7f9bf782d940] IO error: End of file
[https @ 0x7f9bf782da00] Error reading HTTP response: End of file
[tls @ 0x7f9bf7816d40] IO error: End of file
[https @ 0x7f9bf78bff80] Error reading HTTP response: End of file
[tls @ 0x7f9bf7879e00] IO error: End of file
[https @ 0x7f9bf78cfa80] Error reading HTTP response: End of file
[tls @ 0x7f9be780f000] IO error: End of file
[https @ 0x7f9be7812280] Error reading HTTP response: End of file
[2026-04-12T19:24:55.485679] Saved clip /Users/Chen/PycharmProjects/CSCI_6234_Final/recordings/cam208/clips/2026/04/12/cam208_20260412T232412Z.mp4 (3112005 bytes)
[2026-04-12T19:24:55.997325] Starting 60-second capture -> /Users/Chen/PycharmProjects/CSCI_6234_Final/recordings/cam208/clips/2026/04/12/cam208_20260412T232455Z.mp4
[tls @ 0x7f78f3804500] IO error: End of file
[https @ 0x7f78f38043c0] Error reading HTTP response: End of file
[tls @ 0x7f78f3852200] IO error: End of file
[https @ 0x7f78f3859000] Error reading HTTP response: End of file
[tls @ 0x7f78f3a07b00] IO error: End of file
[https @ 0x7f78f3a07a40] Error reading HTTP response: End of file
[tls @ 0x7f78f391d080] IO error: End of file
[https @ 0x7f78f3916f80] Error reading HTTP response: End of file
[tls @ 0x7f78f3945e00] IO error: End of file
[https @ 0x7f78f394a6c0] Error reading HTTP response: End of file
[tls @ 0x7f78f3842bc0] IO error: End of file
[https @ 0x7f78f383efc0] Error reading HTTP response: End of file
[2026-04-12T19:25:28.858036] Saved clip /Users/Chen/PycharmProjects/CSCI_6234_Final/recordings/cam208/clips/2026/04/12/cam208_20260412T232455Z.mp4 (3101427 bytes)
[2026-04-12T19:25:29.371493] Starting 60-second capture -> /Users/Chen/PycharmProjects/CSCI_6234_Final/recordings/cam208/clips/2026/04/12/cam208_20260412T232529Z.mp4
[tls @ 0x7fc0fa704240] IO error: End of file
[https @ 0x7fc0fa504580] Error reading HTTP response: End of file
[tls @ 0x7fc0fa704200] IO error: End of file
[https @ 0x7fc0fa7197c0] Error reading HTTP response: End of file
[tls @ 0x7fc0fa612800] IO error: End of file
[https @ 0x7fc0fa608540] Error reading HTTP response: End of file
[tls @ 0x7fc0fa7197c0] IO error: End of file
[https @ 0x7fc0fa704200] Error reading HTTP response: End of file
[tls @ 0x7fc0fa66c580] IO error: End of file
[https @ 0x7fc0fa654900] Error reading HTTP response: End of file
[tls @ 0x7fc0fe83b200] IO error: End of file
[https @ 0x7fc0fe804080] Error reading HTTP response: End of file
[tls @ 0x7fc0fe84a0c0] IO error: End of file
[https @ 0x7fc0fe85af80] Error reading HTTP response: End of file
[2026-04-12T19:26:11.966919] Saved clip /Users/Chen/PycharmProjects/CSCI_6234_Final/recordings/cam208/clips/2026/04/12/cam208_20260412T232529Z.mp4 (3110659 bytes)
[2026-04-12T19:26:12.480021] Starting 60-second capture -> /Users/Chen/PycharmProjects/CSCI_6234_Final/recordings/cam208/clips/2026/04/12/cam208_20260412T232612Z.mp4
[tls @ 0x7fae4d405b00] IO error: End of file
[https @ 0x7fae4d405a40] Error reading HTTP response: End of file
[tls @ 0x7fae4d2187c0] IO error: End of file
[https @ 0x7fae4d225b00] Error reading HTTP response: End of file
[tls @ 0x7fae4d305ac0] IO error: End of file
[https @ 0x7fae4d3059c0] Error reading HTTP response: End of file
[tls @ 0x7fae4d2187c0] IO error: End of file
[https @ 0x7fae4d225bc0] Error reading HTTP response: End of file
[tls @ 0x7fae3c781ec0] IO error: End of file
[https @ 0x7fae3c744680] Error reading HTTP response: End of file
[tls @ 0x7fae4d40d980] IO error: End of file
[https @ 0x7fae4d40fcc0] Error reading HTTP response: End of file
[2026-04-12T19:26:55.324514] Saved clip /Users/Chen/PycharmProjects/CSCI_6234_Final/recordings/cam208/clips/2026/04/12/cam208_20260412T232612Z.mp4 (3105315 bytes)
[2026-04-12T19:26:55.833780] Starting 60-second capture -> /Users/Chen/PycharmProjects/CSCI_6234_Final/recordings/cam208/clips/2026/04/12/cam208_20260412T232655Z.mp4
[tls @ 0x7fd3a2904940] IO error: End of file
[https @ 0x7fd3a2904800] Error reading HTTP response: End of file
[tls @ 0x7fd3a2b27000] IO error: End of file
[https @ 0x7fd3a2b38540] Error reading HTTP response: End of file
[tls @ 0x7fd391f09fc0] IO error: End of file
[https @ 0x7fd391f09f00] Error reading HTTP response: End of file
[tls @ 0x7fd3a2950bc0] IO error: End of file
[https @ 0x7fd3a292c1c0] Error reading HTTP response: End of file
[tls @ 0x7fd391f08640] IO error: End of file
[https @ 0x7fd391f22d80] Error reading HTTP response: End of file
[tls @ 0x7fd391f15f40] IO error: End of file
[https @ 0x7fd391f1d500] Error reading HTTP response: End of file
[2026-04-12T19:27:28.733901] Saved clip /Users/Chen/PycharmProjects/CSCI_6234_Final/recordings/cam208/clips/2026/04/12/cam208_20260412T232655Z.mp4 (3108990 bytes)
[2026-04-12T19:27:29.248709] Starting 60-second capture -> /Users/Chen/PycharmProjects/CSCI_6234_Final/recordings/cam208/clips/2026/04/12/cam208_20260412T232729Z.mp4
[tls @ 0x7fd414f04680] IO error: End of file
[https @ 0x7fd414f04540] Error reading HTTP response: End of file
[tls @ 0x7fd41611a300] IO error: End of file
[https @ 0x7fd416111040] Error reading HTTP response: End of file
[tls @ 0x7fd416225c00] IO error: End of file
[https @ 0x7fd416204080] Error reading HTTP response: End of file
[tls @ 0x7fd41604ff40] IO error: End of file
[https @ 0x7fd41611a2c0] Error reading HTTP response: End of file
[tls @ 0x7fd4160041c0] IO error: End of file
[https @ 0x7fd416004100] Error reading HTTP response: End of file
[tls @ 0x7fd414f23600] IO error: End of file
[https @ 0x7fd414f23500] Error reading HTTP response: End of file
[tls @ 0x7fd41622a740] IO error: End of file
[https @ 0x7fd4162317c0] Error reading HTTP response: End of file
[tls @ 0x7fd41624a580] IO error: End of file
[https @ 0x7fd41625c800] Error reading HTTP response: End of file
[2026-04-12T19:28:11.897839] Saved clip /Users/Chen/PycharmProjects/CSCI_6234_Final/recordings/cam208/clips/2026/04/12/cam208_20260412T232729Z.mp4 (3110573 bytes)
[2026-04-12T19:28:12.417452] Starting 60-second capture -> /Users/Chen/PycharmProjects/CSCI_6234_Final/recordings/cam208/clips/2026/04/12/cam208_20260412T232812Z.mp4
[tls @ 0x7fa806f05c80] IO error: End of file
[https @ 0x7fa806f05b40] Error reading HTTP response: End of file
[tls @ 0x7fa817804f80] IO error: End of file
[https @ 0x7fa817804400] Error reading HTTP response: End of file
[tls @ 0x7fa7f780c280] IO error: End of file
[https @ 0x7fa7f780c1c0] Error reading HTTP response: End of file
[tls @ 0x7fa810019980] IO error: End of file
[https @ 0x7fa81002ff80] Error reading HTTP response: End of file
[tls @ 0x7fa81000a500] IO error: End of file
[https @ 0x7fa810014680] Error reading HTTP response: End of file
[2026-04-12T19:28:56.626940] Saved clip /Users/Chen/PycharmProjects/CSCI_6234_Final/recordings/cam208/clips/2026/04/12/cam208_20260412T232812Z.mp4 (3106217 bytes)
[2026-04-12T19:28:57.144400] Starting 60-second capture -> /Users/Chen/PycharmProjects/CSCI_6234_Final/recordings/cam208/clips/2026/04/12/cam208_20260412T232857Z.mp4
[tls @ 0x7fc5f9004680] IO error: End of file
[https @ 0x7fc5f9004540] Error reading HTTP response: End of file
[tls @ 0x7fc5f871d7c0] IO error: End of file
[https @ 0x7fc5f871aac0] Error reading HTTP response: End of file
[tls @ 0x7fc5f90bcb40] IO error: End of file
[https @ 0x7fc5f90ced80] Error reading HTTP response: End of file
[tls @ 0x7fc609106c00] IO error: End of file
[https @ 0x7fc609109300] Error reading HTTP response: End of file
[tls @ 0x7fc5f9022d40] IO error: End of file
[https @ 0x7fc5f9027fc0] Error reading HTTP response: End of file
[2026-04-12T19:29:39.833067] Saved clip /Users/Chen/PycharmProjects/CSCI_6234_Final/recordings/cam208/clips/2026/04/12/cam208_20260412T232857Z.mp4 (3107922 bytes)
[2026-04-12T19:29:40.351297] Starting 60-second capture -> /Users/Chen/PycharmProjects/CSCI_6234_Final/recordings/cam208/clips/2026/04/12/cam208_20260412T232940Z.mp4
[tls @ 0x7fd9b9c04680] IO error: End of file
[https @ 0x7fd9b9c04540] Error reading HTTP response: End of file
[tls @ 0x7fd9b9e46b40] IO error: End of file
[https @ 0x7fd9b9e29800] Error reading HTTP response: End of file
[tls @ 0x7fd9b9d28c80] IO error: End of file
[https @ 0x7fd9b9d47ec0] Error reading HTTP response: End of file
[tls @ 0x7fd9b9e1bdc0] IO error: End of file
[https @ 0x7fd9b9e1d0c0] Error reading HTTP response: End of file
[tls @ 0x7fd9b9d28c80] IO error: End of file
[https @ 0x7fd9b9d4bf00] Error reading HTTP response: End of file
[tls @ 0x7fd9b9f2dfc0] IO error: End of file
[https @ 0x7fd9b9f3aa80] Error reading HTTP response: End of file
[2026-04-12T19:30:22.883396] Saved clip /Users/Chen/PycharmProjects/CSCI_6234_Final/recordings/cam208/clips/2026/04/12/cam208_20260412T232940Z.mp4 (3111675 bytes)
[2026-04-12T19:30:23.397715] Starting 60-second capture -> /Users/Chen/PycharmProjects/CSCI_6234_Final/recordings/cam208/clips/2026/04/12/cam208_20260412T233023Z.mp4
[tls @ 0x7fad4a905e00] IO error: End of file
[https @ 0x7fad4a905cc0] Error reading HTTP response: End of file
[tls @ 0x7fad3a924bc0] IO error: End of file
[https @ 0x7fad3a936e00] Error reading HTTP response: End of file
[tls @ 0x7fad3a946900] IO error: End of file
[https @ 0x7fad3a9a39c0] Error reading HTTP response: End of file
[tls @ 0x7fad3a81b580] IO error: End of file
[https @ 0x7fad3a81e2c0] Error reading HTTP response: End of file
[tls @ 0x7fad3a80b880] IO error: End of file
[https @ 0x7fad3a82cd00] Error reading HTTP response: End of file
[tls @ 0x7fad3a84af80] IO error: End of file
[https @ 0x7fad3a83d640] Error reading HTTP response: End of file
[tls @ 0x7fad4a93c8c0] IO error: End of file
[https @ 0x7fad4a93dc80] Error reading HTTP response: End of file
[tls @ 0x7fad39f6ecc0] IO error: End of file
[https @ 0x7fad39f7ea00] Error reading HTTP response: End of file
[2026-04-12T19:31:06.097729] Saved clip /Users/Chen/PycharmProjects/CSCI_6234_Final/recordings/cam208/clips/2026/04/12/cam208_20260412T233023Z.mp4 (3108558 bytes)
[2026-04-12T19:31:06.611690] Starting 60-second capture -> /Users/Chen/PycharmProjects/CSCI_6234_Final/recordings/cam208/clips/2026/04/12/cam208_20260412T233106Z.mp4
[tls @ 0x7f842bd06ac0] IO error: End of file
[https @ 0x7f842bd06580] Error reading HTTP response: End of file
[tls @ 0x7f842bb63680] IO error: End of file
[https @ 0x7f842bb7f3c0] Error reading HTTP response: End of file
[tls @ 0x7f842bd27cc0] IO error: End of file
[https @ 0x7f842bd06ac0] Error reading HTTP response: End of file
[tls @ 0x7f842ba0c640] IO error: End of file
[https @ 0x7f842ba0f440] Error reading HTTP response: End of file
[tls @ 0x7f842bb8ed80] IO error: End of file
[https @ 0x7f842bb3a840] Error reading HTTP response: End of file
[tls @ 0x7f841af25b40] IO error: End of file
[https @ 0x7f841af19180] Error reading HTTP response: End of file
[2026-04-12T19:31:38.976571] Saved clip /Users/Chen/PycharmProjects/CSCI_6234_Final/recordings/cam208/clips/2026/04/12/cam208_20260412T233106Z.mp4 (3111536 bytes)
[2026-04-12T19:31:39.496054] Starting 60-second capture -> /Users/Chen/PycharmProjects/CSCI_6234_Final/recordings/cam208/clips/2026/04/12/cam208_20260412T233139Z.mp4
[tls @ 0x7fabcf704740] IO error: End of file
[https @ 0x7fabcf704600] Error reading HTTP response: End of file
[tls @ 0x7fabd8023700] IO error: End of file
[https @ 0x7fabd801fb00] Error reading HTTP response: End of file
[tls @ 0x7fabd8030c00] IO error: End of file
[https @ 0x7fabd8024e80] Error reading HTTP response: End of file
[tls @ 0x7fabcf70f700] IO error: End of file
[https @ 0x7fabcf70bf80] Error reading HTTP response: End of file
[tls @ 0x7fabd8085780] IO error: End of file
[https @ 0x7fabd806db00] Error reading HTTP response: End of file
[tls @ 0x7fabd800fe00] IO error: End of file
[https @ 0x7fabd804f380] Error reading HTTP response: End of file
[tls @ 0x7fabdf75d580] IO error: End of file
[https @ 0x7fabdf70e0c0] Error reading HTTP response: End of file
[tls @ 0x7fabdf707780] IO error: End of file
[https @ 0x7fabdf72dbc0] Error reading HTTP response: End of file
[2026-04-12T19:32:22.165205] Saved clip /Users/Chen/PycharmProjects/CSCI_6234_Final/recordings/cam208/clips/2026/04/12/cam208_20260412T233139Z.mp4 (3111273 bytes)
[2026-04-12T19:32:22.682598] Starting 60-second capture -> /Users/Chen/PycharmProjects/CSCI_6234_Final/recordings/cam208/clips/2026/04/12/cam208_20260412T233222Z.mp4
[tls @ 0x7f8ce00097c0] IO error: End of file
[https @ 0x7f8ce000d500] Error reading HTTP response: End of file
[tls @ 0x7f8ce81187c0] IO error: End of file
[https @ 0x7f8ce8133a40] Error reading HTTP response: End of file
[tls @ 0x7f8ce00294c0] IO error: End of file
[https @ 0x7f8ce00258c0] Error reading HTTP response: End of file
[tls @ 0x7f8ce0088d40] IO error: End of file
[https @ 0x7f8ce000d500] Error reading HTTP response: End of file
[tls @ 0x7f8ce007ff80] IO error: End of file
[https @ 0x7f8ce0080580] Error reading HTTP response: End of file
[tls @ 0x7f8ce0219fc0] IO error: End of file
[https @ 0x7f8ce02329c0] Error reading HTTP response: End of file
[tls @ 0x7f8cd778c200] IO error: End of file
[https @ 0x7f8cd7717340] Error reading HTTP response: End of file
[2026-04-12T19:33:05.214315] Saved clip /Users/Chen/PycharmProjects/CSCI_6234_Final/recordings/cam208/clips/2026/04/12/cam208_20260412T233222Z.mp4 (3111001 bytes)
[2026-04-12T19:33:05.728731] Starting 60-second capture -> /Users/Chen/PycharmProjects/CSCI_6234_Final/recordings/cam208/clips/2026/04/12/cam208_20260412T233305Z.mp4
[tls @ 0x7fbade004500] IO error: End of file
[https @ 0x7fbade004400] Error reading HTTP response: End of file
[tls @ 0x7fbade31e240] IO error: End of file
[https @ 0x7fbade313bc0] Error reading HTTP response: End of file
[tls @ 0x7fbade143900] IO error: End of file
[https @ 0x7fbade13fd00] Error reading HTTP response: End of file
[tls @ 0x7fbade31e240] IO error: End of file
[https @ 0x7fbade312f40] Error reading HTTP response: End of file
[tls @ 0x7fbade356200] IO error: End of file
[https @ 0x7fbade352600] Error reading HTTP response: End of file
[tls @ 0x7fbade224780] IO error: End of file
[https @ 0x7fbade21c280] Error reading HTTP response: End of file
[2026-04-12T19:33:39.295933] Saved clip /Users/Chen/PycharmProjects/CSCI_6234_Final/recordings/cam208/clips/2026/04/12/cam208_20260412T233305Z.mp4 (3117971 bytes)
[2026-04-12T19:33:39.816796] Starting 60-second capture -> /Users/Chen/PycharmProjects/CSCI_6234_Final/recordings/cam208/clips/2026/04/12/cam208_20260412T233339Z.mp4
[tls @ 0x7fed92804680] IO error: End of file
[https @ 0x7fed92804540] Error reading HTTP response: End of file
[tls @ 0x7fed92b049c0] IO error: Connection reset by peer
[https @ 0x7fed92b048c0] Error reading HTTP response: Connection reset by peer
[in#0/hls @ 0x7feda28048c0] keepalive request failed for 'https://itsvideo.arlingtonva.us:8013/live/cam208.stream/media_w1667143474_244643.ts' with error: 'Connection reset by peer' when opening url, retrying with new connection
[tls @ 0x7fed92a27600] IO error: End of file
[https @ 0x7fed92a44900] Error reading HTTP response: End of file
[tls @ 0x7fed9285bc80] IO error: End of file
[https @ 0x7fed9286dec0] Error reading HTTP response: End of file
[tls @ 0x7fed92b41180] IO error: End of file
[https @ 0x7fed92b05bc0] Error reading HTTP response: End of file
[tls @ 0x7fed928499c0] IO error: End of file
[https @ 0x7fed92805880] Error reading HTTP response: End of file
[2026-04-12T19:34:22.947358] Saved clip /Users/Chen/PycharmProjects/CSCI_6234_Final/recordings/cam208/clips/2026/04/12/cam208_20260412T233339Z.mp4 (3114413 bytes)
[2026-04-12T19:34:23.463372] Starting 60-second capture -> /Users/Chen/PycharmProjects/CSCI_6234_Final/recordings/cam208/clips/2026/04/12/cam208_20260412T233423Z.mp4
[tls @ 0x7fad28f04680] IO error: End of file
[https @ 0x7fad28f04540] Error reading HTTP response: End of file
[tls @ 0x7fad29a0ca00] IO error: End of file
[https @ 0x7fad29a1cf00] Error reading HTTP response: End of file
[tls @ 0x7fad29804840] IO error: End of file
[https @ 0x7fad29804700] Error reading HTTP response: End of file
[tls @ 0x7fad299178c0] IO error: End of file
[https @ 0x7fad29915b80] Error reading HTTP response: End of file
[tls @ 0x7fad29a0ca00] IO error: End of file
[https @ 0x7fad29a08480] Error reading HTTP response: End of file
[2026-04-12T19:35:05.976448] Saved clip /Users/Chen/PycharmProjects/CSCI_6234_Final/recordings/cam208/clips/2026/04/12/cam208_20260412T233423Z.mp4 (3111309 bytes)
[2026-04-12T19:35:06.493245] Starting 60-second capture -> /Users/Chen/PycharmProjects/CSCI_6234_Final/recordings/cam208/clips/2026/04/12/cam208_20260412T233506Z.mp4
[tls @ 0x7fe064a04680] IO error: End of file
[https @ 0x7fe064a04540] Error reading HTTP response: End of file
[tls @ 0x7fe064c0cc40] IO error: End of file
[https @ 0x7fe064c09a80] Error reading HTTP response: End of file
[tls @ 0x7fe06491d300] IO error: End of file
[https @ 0x7fe064938880] Error reading HTTP response: End of file
[tls @ 0x7fe064984ec0] IO error: End of file
[https @ 0x7fe064997100] Error reading HTTP response: End of file
[tls @ 0x7fe064a42dc0] IO error: End of file
[https @ 0x7fe064a3f200] Error reading HTTP response: End of file
[tls @ 0x7fe064c5f180] IO error: End of file
[https @ 0x7fe064c61f40] Error reading HTTP response: End of file
[tls @ 0x7fe064b46780] IO error: End of file
[https @ 0x7fe064b25200] Error reading HTTP response: End of file
[2026-04-12T19:35:39.335376] Saved clip /Users/Chen/PycharmProjects/CSCI_6234_Final/recordings/cam208/clips/2026/04/12/cam208_20260412T233506Z.mp4 (3108033 bytes)
[2026-04-12T19:35:39.851157] Starting 60-second capture -> /Users/Chen/PycharmProjects/CSCI_6234_Final/recordings/cam208/clips/2026/04/12/cam208_20260412T233539Z.mp4
[tls @ 0x7f9f44b04080] IO error: End of file
[https @ 0x7f9f33f04b80] Error reading HTTP response: End of file
[tls @ 0x7f9f44b292c0] IO error: End of file
[https @ 0x7f9f44b30640] Error reading HTTP response: End of file
[tls @ 0x7f9f33f13b80] IO error: End of file
[https @ 0x7f9f33f1ad40] Error reading HTTP response: End of file
[tls @ 0x7f9f43f08200] IO error: End of file
[https @ 0x7f9f43f08140] Error reading HTTP response: End of file
[tls @ 0x7f9f44b2b200] IO error: End of file
[https @ 0x7f9f44b30640] Error reading HTTP response: End of file
[tls @ 0x7f9f44a0f6c0] IO error: End of file
[https @ 0x7f9f44a14000] Error reading HTTP response: End of file
[2026-04-12T19:36:22.487470] Saved clip /Users/Chen/PycharmProjects/CSCI_6234_Final/recordings/cam208/clips/2026/04/12/cam208_20260412T233539Z.mp4 (3108411 bytes)
[2026-04-12T19:36:23.004666] Starting 60-second capture -> /Users/Chen/PycharmProjects/CSCI_6234_Final/recordings/cam208/clips/2026/04/12/cam208_20260412T233623Z.mp4
[tls @ 0x7fc21c304680] IO error: End of file
[https @ 0x7fc21c304540] Error reading HTTP response: End of file
[tls @ 0x7fc21c33c680] IO error: End of file
[https @ 0x7fc21c355280] Error reading HTTP response: End of file
[tls @ 0x7fc21c43b540] IO error: End of file
[https @ 0x7fc21c437940] Error reading HTTP response: End of file
[tls @ 0x7fc21c33c680] IO error: End of file
[https @ 0x7fc21c33f480] Error reading HTTP response: End of file
[tls @ 0x7fc21c446480] IO error: End of file
[https @ 0x7fc21c446100] Error reading HTTP response: End of file
[tls @ 0x7fc21c404a00] IO error: End of file
[https @ 0x7fc21c446680] Error reading HTTP response: End of file
[tls @ 0x7fc21c392b40] IO error: End of file
[https @ 0x7fc21c33f480] Error reading HTTP response: End of file
[2026-04-12T19:37:05.519238] Saved clip /Users/Chen/PycharmProjects/CSCI_6234_Final/recordings/cam208/clips/2026/04/12/cam208_20260412T233623Z.mp4 (3106191 bytes)
[2026-04-12T19:37:06.037881] Starting 60-second capture -> /Users/Chen/PycharmProjects/CSCI_6234_Final/recordings/cam208/clips/2026/04/12/cam208_20260412T233706Z.mp4
[tls @ 0x7f79c9004380] IO error: End of file
[https @ 0x7f79c9004240] Error reading HTTP response: End of file
[tls @ 0x7f79bff27c40] IO error: End of file
[https @ 0x7f79bff19e00] Error reading HTTP response: End of file
[tls @ 0x7f79bff09b00] IO error: End of file
[https @ 0x7f79bff09a00] Error reading HTTP response: End of file
[tls @ 0x7f79cff4f640] IO error: End of file
[https @ 0x7f79cff36980] Error reading HTTP response: End of file
[tls @ 0x7f79d883d040] IO error: End of file
[https @ 0x7f79d8847f00] Error reading HTTP response: End of file
[tls @ 0x7f79d883df40] IO error: End of file
[https @ 0x7f79d8827dc0] Error reading HTTP response: End of file
[2026-04-12T19:37:38.555136] Saved clip /Users/Chen/PycharmProjects/CSCI_6234_Final/recordings/cam208/clips/2026/04/12/cam208_20260412T233706Z.mp4 (3106085 bytes)
[2026-04-12T19:37:39.071768] Starting 60-second capture -> /Users/Chen/PycharmProjects/CSCI_6234_Final/recordings/cam208/clips/2026/04/12/cam208_20260412T233739Z.mp4
[tls @ 0x7fde58804680] IO error: End of file
[https @ 0x7fde58804540] Error reading HTTP response: End of file
[tls @ 0x7fde70904280] IO error: End of file
[https @ 0x7fde709041c0] Error reading HTTP response: End of file
[tls @ 0x7fde5ff079c0] IO error: End of file
[https @ 0x7fde5ff07180] Error reading HTTP response: End of file
[tls @ 0x7fde5ff33440] IO error: End of file
[https @ 0x7fde5ff31000] Error reading HTTP response: End of file
[tls @ 0x7fde5ff3fa40] IO error: End of file
[https @ 0x7fde5ff51dc0] Error reading HTTP response: End of file
[2026-04-12T19:38:21.600337] Saved clip /Users/Chen/PycharmProjects/CSCI_6234_Final/recordings/cam208/clips/2026/04/12/cam208_20260412T233739Z.mp4 (3110668 bytes)
[2026-04-12T19:38:22.118700] Starting 60-second capture -> /Users/Chen/PycharmProjects/CSCI_6234_Final/recordings/cam208/clips/2026/04/12/cam208_20260412T233822Z.mp4
[tls @ 0x7ff669704680] IO error: End of file
[https @ 0x7ff669704540] Error reading HTTP response: End of file
[tls @ 0x7ff66a024280] IO error: End of file
[https @ 0x7ff66a01bd80] Error reading HTTP response: End of file
[tls @ 0x7ff66972f6c0] IO error: End of file
[https @ 0x7ff669741900] Error reading HTTP response: End of file
[tls @ 0x7ff669751a80] IO error: End of file
[https @ 0x7ff6697a0dc0] Error reading HTTP response: End of file
[tls @ 0x7ff66a049e00] IO error: End of file
[https @ 0x7ff66a037cc0] Error reading HTTP response: End of file
[tls @ 0x7ff66a1176c0] IO error: End of file
[https @ 0x7ff66a12e940] Error reading HTTP response: End of file
[tls @ 0x7ff66a125640] IO error: End of file
[https @ 0x7ff66a15da00] Error reading HTTP response: End of file
[2026-04-12T19:39:06.090090] Saved clip /Users/Chen/PycharmProjects/CSCI_6234_Final/recordings/cam208/clips/2026/04/12/cam208_20260412T233822Z.mp4 (3114810 bytes)
[2026-04-12T19:39:06.609084] Starting 60-second capture -> /Users/Chen/PycharmProjects/CSCI_6234_Final/recordings/cam208/clips/2026/04/12/cam208_20260412T233906Z.mp4
[tls @ 0x7fe20f005c80] IO error: End of file
[https @ 0x7fe20f005b40] Error reading HTTP response: End of file
[tls @ 0x7fe1ff1043c0] IO error: End of file
[https @ 0x7fe1ff1042c0] Error reading HTTP response: End of file
[tls @ 0x7fe20f064980] IO error: End of file
[https @ 0x7fe20f074b80] Error reading HTTP response: End of file
[tls @ 0x7fe1ff10edc0] IO error: End of file
[https @ 0x7fe1ff106240] Error reading HTTP response: End of file
[tls @ 0x7fe1ff107e80] IO error: End of file
[https @ 0x7fe1ff107f40] Error reading HTTP response: End of file
[tls @ 0x7fe1ff0ebb40] IO error: End of file
[https @ 0x7fe1ff0e7f40] Error reading HTTP response: End of file
[2026-04-12T19:39:40.654503] Saved clip /Users/Chen/PycharmProjects/CSCI_6234_Final/recordings/cam208/clips/2026/04/12/cam208_20260412T233906Z.mp4 (3103239 bytes)
[2026-04-12T19:39:41.169563] Starting 60-second capture -> /Users/Chen/PycharmProjects/CSCI_6234_Final/recordings/cam208/clips/2026/04/12/cam208_20260412T233941Z.mp4
[tls @ 0x7fb525305b80] IO error: End of file
[https @ 0x7fb525305a40] Error reading HTTP response: End of file
[tls @ 0x7fb52523a380] IO error: End of file
[https @ 0x7fb52526cc40] Error reading HTTP response: End of file
[tls @ 0x7fb525216380] IO error: End of file
[https @ 0x7fb52520dd00] Error reading HTTP response: End of file
[tls @ 0x7fb52523a380] IO error: End of file
[https @ 0x7fb525256e40] Error reading HTTP response: End of file
[tls @ 0x7fb5251289c0] IO error: End of file
[https @ 0x7fb525121b40] Error reading HTTP response: End of file
[tls @ 0x7fb525305a80] IO error: End of file
[https @ 0x7fb52531c100] Error reading HTTP response: End of file
[tls @ 0x7fb525309100] IO error: End of file
[https @ 0x7fb525312a80] Error reading HTTP response: End of file
[2026-04-12T19:40:23.688651] Saved clip /Users/Chen/PycharmProjects/CSCI_6234_Final/recordings/cam208/clips/2026/04/12/cam208_20260412T233941Z.mp4 (3109039 bytes)
[2026-04-12T19:40:24.206364] Starting 60-second capture -> /Users/Chen/PycharmProjects/CSCI_6234_Final/recordings/cam208/clips/2026/04/12/cam208_20260412T234024Z.mp4
[tls @ 0x7f8a21004380] IO error: End of file
[https @ 0x7f8a21004240] Error reading HTTP response: End of file
[tls @ 0x7f8a211707c0] IO error: End of file
[https @ 0x7f8a21156280] Error reading HTTP response: End of file
[tls @ 0x7f8a27f093c0] IO error: End of file
[https @ 0x7f8a27f092c0] Error reading HTTP response: End of file
[tls @ 0x7f8a17f25140] IO error: End of file
[https @ 0x7f8a17f04ac0] Error reading HTTP response: End of file
[tls @ 0x7f8a17f3c940] IO error: End of file
[https @ 0x7f8a17f4bb80] Error reading HTTP response: End of file
[tls @ 0x7f8a27f11140] IO error: End of file
[https @ 0x7f8a27f0aa40] Error reading HTTP response: End of file
[tls @ 0x7f8a2100b540] IO error: End of file
[https @ 0x7f8a2105b4c0] Error reading HTTP response: End of file
[2026-04-12T19:41:07.189340] Saved clip /Users/Chen/PycharmProjects/CSCI_6234_Final/recordings/cam208/clips/2026/04/12/cam208_20260412T234024Z.mp4 (3115866 bytes)
[2026-04-12T19:41:07.705191] Starting 60-second capture -> /Users/Chen/PycharmProjects/CSCI_6234_Final/recordings/cam208/clips/2026/04/12/cam208_20260412T234107Z.mp4
[tls @ 0x7fe6fc804500] IO error: End of file
[https @ 0x7fe6fc8043c0] Error reading HTTP response: End of file
[tls @ 0x7fe6fc93f4c0] IO error: End of file
[https @ 0x7fe6fc93f400] Error reading HTTP response: End of file
[tls @ 0x7fe6fc934d40] IO error: End of file
[https @ 0x7fe6fc931140] Error reading HTTP response: End of file
[tls @ 0x7fe6fc82f040] IO error: End of file
[https @ 0x7fe6fc862180] Error reading HTTP response: End of file
[tls @ 0x7fe6fc91f900] IO error: End of file
[https @ 0x7fe6fc90b8c0] Error reading HTTP response: End of file
[tls @ 0x7fe6fc936500] IO error: End of file
[https @ 0x7fe6fc93f480] Error reading HTTP response: End of file
[tls @ 0x7fe70cb2b1c0] IO error: End of file
[https @ 0x7fe70cb2b100] Error reading HTTP response: End of file
[2026-04-12T19:41:50.909676] Saved clip /Users/Chen/PycharmProjects/CSCI_6234_Final/recordings/cam208/clips/2026/04/12/cam208_20260412T234107Z.mp4 (3108147 bytes)
[2026-04-12T19:41:51.429929] Starting 60-second capture -> /Users/Chen/PycharmProjects/CSCI_6234_Final/recordings/cam208/clips/2026/04/12/cam208_20260412T234151Z.mp4
[tls @ 0x7f94d1305e00] IO error: End of file
[https @ 0x7f94d1305cc0] Error reading HTTP response: End of file
[tls @ 0x7f94c0704500] IO error: End of file
[https @ 0x7f94c0704440] Error reading HTTP response: End of file
[tls @ 0x7f94c10055c0] IO error: End of file
[https @ 0x7f94c10178c0] Error reading HTTP response: End of file
[tls @ 0x7f94c103e380] IO error: End of file
[https @ 0x7f94c1085fc0] Error reading HTTP response: End of file
[tls @ 0x7f94d133fa40] IO error: End of file
[https @ 0x7f94d1346d00] Error reading HTTP response: End of file
[tls @ 0x7f94d1316100] IO error: End of file
[https @ 0x7f94d131d6c0] Error reading HTTP response: End of file
[2026-04-12T19:42:34.603046] Saved clip /Users/Chen/PycharmProjects/CSCI_6234_Final/recordings/cam208/clips/2026/04/12/cam208_20260412T234151Z.mp4 (3114016 bytes)
[2026-04-12T19:42:35.119649] Starting 60-second capture -> /Users/Chen/PycharmProjects/CSCI_6234_Final/recordings/cam208/clips/2026/04/12/cam208_20260412T234235Z.mp4
[tls @ 0x7fbac5704680] IO error: End of file
[https @ 0x7fbac5704540] Error reading HTTP response: End of file
[tls @ 0x7fbad61046c0] IO error: End of file
[https @ 0x7fbad6104140] Error reading HTTP response: End of file
[tls @ 0x7fbad6305fc0] IO error: End of file
[https @ 0x7fbad6305ec0] Error reading HTTP response: End of file
[tls @ 0x7fbad6409240] IO error: End of file
[https @ 0x7fbad64469c0] Error reading HTTP response: End of file
[tls @ 0x7fbad6335100] IO error: End of file
[https @ 0x7fbad6337200] Error reading HTTP response: End of file
[tls @ 0x7fbad6420540] IO error: End of file
[https @ 0x7fbad6421c00] Error reading HTTP response: End of file
[tls @ 0x7fbad6408540] IO error: End of file
[https @ 0x7fbad645c080] Error reading HTTP response: End of file
[2026-04-12T19:43:17.865999] Saved clip /Users/Chen/PycharmProjects/CSCI_6234_Final/recordings/cam208/clips/2026/04/12/cam208_20260412T234235Z.mp4 (3111796 bytes)
[2026-04-12T19:43:18.387936] Starting 60-second capture -> /Users/Chen/PycharmProjects/CSCI_6234_Final/recordings/cam208/clips/2026/04/12/cam208_20260412T234318Z.mp4
[tls @ 0x7fcf7f704680] IO error: End of file
[https @ 0x7fcf7f704580] Error reading HTTP response: End of file
[tls @ 0x7fcf8800ae00] IO error: End of file
[https @ 0x7fcf8800b440] Error reading HTTP response: End of file
[tls @ 0x7fcf6f73e000] IO error: End of file
[https @ 0x7fcf6f743040] Error reading HTTP response: End of file
[tls @ 0x7fcf78041440] IO error: End of file
[https @ 0x7fcf78048a00] Error reading HTTP response: End of file
[tls @ 0x7fcf88060e40] IO error: End of file
[https @ 0x7fcf8806cf00] Error reading HTTP response: End of file
[2026-04-12T19:44:01.049530] Saved clip /Users/Chen/PycharmProjects/CSCI_6234_Final/recordings/cam208/clips/2026/04/12/cam208_20260412T234318Z.mp4 (3109398 bytes)
[2026-04-12T19:44:01.574590] Starting 60-second capture -> /Users/Chen/PycharmProjects/CSCI_6234_Final/recordings/cam208/clips/2026/04/12/cam208_20260412T234401Z.mp4
[tls @ 0x7f9fe9104680] IO error: End of file
[https @ 0x7f9fe9104540] Error reading HTTP response: End of file
[tls @ 0x7f9fe9315f40] IO error: End of file
[https @ 0x7f9fe93254c0] Error reading HTTP response: End of file
[tls @ 0x7f9fe9049a40] IO error: End of file
[https @ 0x7f9fe9058100] Error reading HTTP response: End of file
[tls @ 0x7f9fe9241380] IO error: End of file
[https @ 0x7f9fe904d980] Error reading HTTP response: End of file
[2026-04-12T19:44:44.775599] Saved clip /Users/Chen/PycharmProjects/CSCI_6234_Final/recordings/cam208/clips/2026/04/12/cam208_20260412T234401Z.mp4 (3111988 bytes)
[2026-04-12T19:44:45.292341] Starting 60-second capture -> /Users/Chen/PycharmProjects/CSCI_6234_Final/recordings/cam208/clips/2026/04/12/cam208_20260412T234445Z.mp4
[tls @ 0x7f9eb9c04680] IO error: End of file
[https @ 0x7f9eb9c04540] Error reading HTTP response: End of file
[tls @ 0x7f9eb9d36080] IO error: End of file
[https @ 0x7f9eb9d3d600] Error reading HTTP response: End of file
[tls @ 0x7f9eb9d0bac0] IO error: End of file
[https @ 0x7f9eb9d1e500] Error reading HTTP response: End of file
[tls @ 0x7f9eb9c64440] IO error: End of file
[https @ 0x7f9eb9c604c0] Error reading HTTP response: End of file
[tls @ 0x7f9eb9b2bd40] IO error: End of file
[https @ 0x7f9eb9b31b80] Error reading HTTP response: End of file
[tls @ 0x7f9ea8f2f080] IO error: End of file
[https @ 0x7f9ea8f32400] Error reading HTTP response: End of file
[tls @ 0x7f9eb9c64440] IO error: End of file
[https @ 0x7f9eb9c752c0] Error reading HTTP response: End of file
[tls @ 0x7f9eb9c38600] IO error: End of file
[https @ 0x7f9eb9c45f40] Error reading HTTP response: End of file
[2026-04-12T19:45:29.042291] Saved clip /Users/Chen/PycharmProjects/CSCI_6234_Final/recordings/cam208/clips/2026/04/12/cam208_20260412T234445Z.mp4 (3108114 bytes)
[2026-04-12T19:45:29.559843] Starting 60-second capture -> /Users/Chen/PycharmProjects/CSCI_6234_Final/recordings/cam208/clips/2026/04/12/cam208_20260412T234529Z.mp4
[tls @ 0x7fa54d505e00] IO error: End of file
[https @ 0x7fa54d505cc0] Error reading HTTP response: End of file
[tls @ 0x7fa54d541b00] IO error: End of file
[https @ 0x7fa54d53a5c0] Error reading HTTP response: End of file
[tls @ 0x7fa53c72acc0] IO error: End of file
[https @ 0x7fa53c727100] Error reading HTTP response: End of file
[tls @ 0x7fa53c70ac80] IO error: End of file
[https @ 0x7fa53c70abc0] Error reading HTTP response: End of file
[tls @ 0x7fa54d552e80] IO error: End of file
[https @ 0x7fa54d552d80] Error reading HTTP response: End of file
[tls @ 0x7fa54d42cb80] IO error: End of file
[https @ 0x7fa54d404600] Error reading HTTP response: End of file
[tls @ 0x7fa54d4406c0] IO error: End of file
[https @ 0x7fa54d46a140] Error reading HTTP response: End of file
[2026-04-12T19:46:12.925482] Saved clip /Users/Chen/PycharmProjects/CSCI_6234_Final/recordings/cam208/clips/2026/04/12/cam208_20260412T234529Z.mp4 (3108980 bytes)
[2026-04-12T19:46:13.446225] Starting 60-second capture -> /Users/Chen/PycharmProjects/CSCI_6234_Final/recordings/cam208/clips/2026/04/12/cam208_20260412T234613Z.mp4
[tls @ 0x7fb53a004680] IO error: End of file
[https @ 0x7fb53a004540] Error reading HTTP response: End of file
[tls @ 0x7fb539744840] IO error: End of file
[https @ 0x7fb539736a00] Error reading HTTP response: End of file
[tls @ 0x7fb54a30f300] IO error: End of file
[https @ 0x7fb54a30a180] Error reading HTTP response: End of file
[tls @ 0x7fb53a029a00] IO error: End of file
[https @ 0x7fb53a029940] Error reading HTTP response: End of file
[tls @ 0x7fb53a109800] IO error: End of file
[https @ 0x7fb53a134e00] Error reading HTTP response: End of file
[tls @ 0x7fb53a045140] IO error: End of file
[https @ 0x7fb53a0231c0] Error reading HTTP response: End of file
[tls @ 0x7fb54a357e80] IO error: End of file
[https @ 0x7fb54a360b80] Error reading HTTP response: End of file
[2026-04-12T19:46:56.124445] Saved clip /Users/Chen/PycharmProjects/CSCI_6234_Final/recordings/cam208/clips/2026/04/12/cam208_20260412T234613Z.mp4 (3112150 bytes)
[2026-04-12T19:46:56.647301] Starting 60-second capture -> /Users/Chen/PycharmProjects/CSCI_6234_Final/recordings/cam208/clips/2026/04/12/cam208_20260412T234656Z.mp4
[tls @ 0x7fd5b0110900] IO error: End of file
[https @ 0x7fd5b0113bc0] Error reading HTTP response: End of file
[tls @ 0x7fd5a7708740] IO error: End of file
[https @ 0x7fd5a7715540] Error reading HTTP response: End of file
[tls @ 0x7fd5b8226880] IO error: End of file
[https @ 0x7fd5b8222c80] Error reading HTTP response: End of file
[tls @ 0x7fd5b8253a80] IO error: End of file
[https @ 0x7fd5b824a100] Error reading HTTP response: End of file
[tls @ 0x7fd5b0045600] IO error: End of file
[https @ 0x7fd5b0059800] Error reading HTTP response: End of file
[tls @ 0x7fd5b00171c0] IO error: End of file
[https @ 0x7fd5b004e6c0] Error reading HTTP response: End of file
[2026-04-12T19:47:28.864272] Saved clip /Users/Chen/PycharmProjects/CSCI_6234_Final/recordings/cam208/clips/2026/04/12/cam208_20260412T234656Z.mp4 (3115333 bytes)
[2026-04-12T19:47:29.381493] Starting 60-second capture -> /Users/Chen/PycharmProjects/CSCI_6234_Final/recordings/cam208/clips/2026/04/12/cam208_20260412T234729Z.mp4
[tls @ 0x7fcad4905200] IO error: End of file
[https @ 0x7fcad4905100] Error reading HTTP response: End of file
[tls @ 0x7fcad4b28380] IO error: End of file
[https @ 0x7fcad4b17e00] Error reading HTTP response: End of file
[tls @ 0x7fcad4b28380] IO error: End of file
[https @ 0x7fcad4b1a340] Error reading HTTP response: End of file
[tls @ 0x7fcad4b28380] IO error: End of file
[https @ 0x7fcad4b17e00] Error reading HTTP response: End of file
[tls @ 0x7fcad4e2ed00] IO error: End of file
[https @ 0x7fcad4e3c780] Error reading HTTP response: End of file
[2026-04-12T19:48:12.882735] Saved clip /Users/Chen/PycharmProjects/CSCI_6234_Final/recordings/cam208/clips/2026/04/12/cam208_20260412T234729Z.mp4 (3109906 bytes)
[2026-04-12T19:48:13.403833] Starting 60-second capture -> /Users/Chen/PycharmProjects/CSCI_6234_Final/recordings/cam208/clips/2026/04/12/cam208_20260412T234813Z.mp4
[tls @ 0x7fb15a804500] IO error: End of file
[https @ 0x7fb15a8043c0] Error reading HTTP response: End of file
[tls @ 0x7fb15aa21ec0] IO error: End of file
[https @ 0x7fb15aa04080] Error reading HTTP response: End of file
[tls @ 0x7fb159f1fb40] IO error: End of file
[https @ 0x7fb159f14f40] Error reading HTTP response: End of file
[tls @ 0x7fb15a928040] IO error: End of file
[https @ 0x7fb15a966980] Error reading HTTP response: End of file
[tls @ 0x7fb15a848c40] IO error: End of file
[https @ 0x7fb159f4ef80] Error reading HTTP response: End of file
[tls @ 0x7fb15aa21ec0] IO error: End of file
[https @ 0x7fb15aa04080] Error reading HTTP response: End of file
[tls @ 0x7fb15a84f7c0] IO error: End of file
[https @ 0x7fb15a855300] Error reading HTTP response: End of file
[tls @ 0x7fb15aa1c000] IO error: End of file
[https @ 0x7fb15aa042c0] Error reading HTTP response: End of file
[2026-04-12T19:49:01.167651] Saved clip /Users/Chen/PycharmProjects/CSCI_6234_Final/recordings/cam208/clips/2026/04/12/cam208_20260412T234813Z.mp4 (3111859 bytes)
[2026-04-12T19:49:01.691874] Starting 60-second capture -> /Users/Chen/PycharmProjects/CSCI_6234_Final/recordings/cam208/clips/2026/04/12/cam208_20260412T234901Z.mp4
[tls @ 0x7f987ac05380] IO error: End of file
[https @ 0x7f987ac05240] Error reading HTTP response: End of file
[tls @ 0x7f987ac35500] IO error: End of file
[https @ 0x7f987ac46b80] Error reading HTTP response: End of file
[tls @ 0x7f987ab05d40] IO error: End of file
[https @ 0x7f987ac1e680] Error reading HTTP response: End of file
[tls @ 0x7f987ac35500] IO error: End of file
[https @ 0x7f987ac43d80] Error reading HTTP response: End of file
[tls @ 0x7f987ac65a80] IO error: End of file
[https @ 0x7f987ac60280] Error reading HTTP response: End of file
[tls @ 0x7f987aa23e00] IO error: End of file
[https @ 0x7f987aa27b40] Error reading HTTP response: End of file
[tls @ 0x7f987ab35f80] IO error: End of file
[https @ 0x7f987ab47580] Error reading HTTP response: End of file
[2026-04-12T19:49:44.092657] Saved clip /Users/Chen/PycharmProjects/CSCI_6234_Final/recordings/cam208/clips/2026/04/12/cam208_20260412T234901Z.mp4 (3106578 bytes)
[2026-04-12T19:49:44.608709] Starting 60-second capture -> /Users/Chen/PycharmProjects/CSCI_6234_Final/recordings/cam208/clips/2026/04/12/cam208_20260412T234944Z.mp4
[tls @ 0x7f9b16505980] IO error: End of file
[https @ 0x7f9b16505840] Error reading HTTP response: End of file
[tls @ 0x7f9b16598700] IO error: End of file
[https @ 0x7f9b1659fec0] Error reading HTTP response: End of file
[tls @ 0x7f9b16598700] IO error: End of file
[https @ 0x7f9b165a3380] Error reading HTTP response: End of file
[tls @ 0x7f9b1620d700] IO error: End of file
[https @ 0x7f9b16209b00] Error reading HTTP response: End of file
[tls @ 0x7f9b16338a80] IO error: End of file
[https @ 0x7f9b1632d580] Error reading HTTP response: End of file
[tls @ 0x7f9b16340b80] IO error: End of file
[https @ 0x7f9b16347e00] Error reading HTTP response: End of file
[2026-04-12T19:50:27.192474] Saved clip /Users/Chen/PycharmProjects/CSCI_6234_Final/recordings/cam208/clips/2026/04/12/cam208_20260412T234944Z.mp4 (3111176 bytes)
[2026-04-12T19:50:27.710907] Starting 60-second capture -> /Users/Chen/PycharmProjects/CSCI_6234_Final/recordings/cam208/clips/2026/04/12/cam208_20260412T235027Z.mp4
[tls @ 0x7f7f02205c80] IO error: End of file
[https @ 0x7f7f02205b40] Error reading HTTP response: End of file
[tls @ 0x7f7ef194f980] IO error: End of file
[https @ 0x7f7ef195cc00] Error reading HTTP response: End of file
[tls @ 0x7f7ef1911580] IO error: End of file
[https @ 0x7f7ef190d7c0] Error reading HTTP response: End of file
[tls @ 0x7f7f02241a40] IO error: End of file
[https @ 0x7f7f0224f180] Error reading HTTP response: End of file
[tls @ 0x7f7f02252840] IO error: End of file
[https @ 0x7f7f0222bbc0] Error reading HTTP response: End of file
[tls @ 0x7f7f02241a40] IO error: End of file
[https @ 0x7f7f02237a80] Error reading HTTP response: End of file
[tls @ 0x7f7f0226e840] IO error: End of file
[https @ 0x7f7f02218280] Error reading HTTP response: End of file
[2026-04-12T19:51:10.219684] Saved clip /Users/Chen/PycharmProjects/CSCI_6234_Final/recordings/cam208/clips/2026/04/12/cam208_20260412T235027Z.mp4 (3115087 bytes)
[2026-04-12T19:51:10.736678] Starting 60-second capture -> /Users/Chen/PycharmProjects/CSCI_6234_Final/recordings/cam208/clips/2026/04/12/cam208_20260412T235110Z.mp4
[tls @ 0x7ff512804380] IO error: End of file
[https @ 0x7ff512804240] Error reading HTTP response: End of file
[tls @ 0x7ff511f07cc0] IO error: End of file
[https @ 0x7ff511f04780] Error reading HTTP response: End of file
[tls @ 0x7ff512a93700] IO error: End of file
[https @ 0x7ff512a8fb00] Error reading HTTP response: End of file
[tls @ 0x7ff511f351c0] IO error: End of file
[https @ 0x7ff511f315c0] Error reading HTTP response: End of file
[tls @ 0x7ff512a93700] IO error: End of file
[https @ 0x7ff512a24780] Error reading HTTP response: End of file
[tls @ 0x7ff511f2b000] IO error: End of file
[https @ 0x7ff511f26400] Error reading HTTP response: End of file
[tls @ 0x7ff512837b40] IO error: End of file
[https @ 0x7ff512834d40] Error reading HTTP response: End of file
[tls @ 0x7ff512aaf1c0] IO error: End of file
[https @ 0x7ff512aab600] Error reading HTTP response: End of file
[2026-04-12T19:51:53.186022] Saved clip /Users/Chen/PycharmProjects/CSCI_6234_Final/recordings/cam208/clips/2026/04/12/cam208_20260412T235110Z.mp4 (3116515 bytes)
[2026-04-12T19:51:53.704841] Starting 60-second capture -> /Users/Chen/PycharmProjects/CSCI_6234_Final/recordings/cam208/clips/2026/04/12/cam208_20260412T235153Z.mp4
[tls @ 0x7f86a0104380] IO error: End of file
[https @ 0x7f86a0104240] Error reading HTTP response: End of file
[tls @ 0x7f86a024d5c0] IO error: End of file
[https @ 0x7f86a0232440] Error reading HTTP response: End of file
[tls @ 0x7f86a013c3c0] IO error: End of file
[https @ 0x7f86a014ad40] Error reading HTTP response: End of file
[tls @ 0x7f86a013c3c0] IO error: End of file
[https @ 0x7f86a0147f40] Error reading HTTP response: End of file
[2026-04-12T19:52:36.327081] Saved clip /Users/Chen/PycharmProjects/CSCI_6234_Final/recordings/cam208/clips/2026/04/12/cam208_20260412T235153Z.mp4 (3113632 bytes)
[2026-04-12T19:52:36.852888] Starting 60-second capture -> /Users/Chen/PycharmProjects/CSCI_6234_Final/recordings/cam208/clips/2026/04/12/cam208_20260412T235236Z.mp4
[tls @ 0x7f9f24404800] IO error: End of file
[https @ 0x7f9f244046c0] Error reading HTTP response: End of file
[tls @ 0x7f9f13707080] IO error: End of file
[https @ 0x7f9f13706fc0] Error reading HTTP response: End of file
[tls @ 0x7f9f24327980] IO error: End of file
[https @ 0x7f9f2432ef40] Error reading HTTP response: End of file
[tls @ 0x7f9f13748480] IO error: End of file
[https @ 0x7f9f13744880] Error reading HTTP response: End of file
[tls @ 0x7f9f24442d80] IO error: End of file
[https @ 0x7f9f24529440] Error reading HTTP response: End of file
[tls @ 0x7f9f1376bcc0] IO error: End of file
[https @ 0x7f9f1377bec0] Error reading HTTP response: End of file
[tls @ 0x7f9f24555b40] IO error: End of file
[https @ 0x7f9f24564dc0] Error reading HTTP response: End of file
[2026-04-12T19:53:09.927975] Saved clip /Users/Chen/PycharmProjects/CSCI_6234_Final/recordings/cam208/clips/2026/04/12/cam208_20260412T235236Z.mp4 (3114555 bytes)
[2026-04-12T19:53:10.448883] Starting 60-second capture -> /Users/Chen/PycharmProjects/CSCI_6234_Final/recordings/cam208/clips/2026/04/12/cam208_20260412T235310Z.mp4
[tls @ 0x7f9e0ef04140] IO error: End of file
[https @ 0x7f9e1ef19540] Error reading HTTP response: End of file
[tls @ 0x7f9e1ef4e780] IO error: End of file
[https @ 0x7f9e1ef51d00] Error reading HTTP response: End of file
[tls @ 0x7f9e2fa27580] IO error: End of file
[https @ 0x7f9e2fa1ef40] Error reading HTTP response: End of file
[tls @ 0x7f9e0ef17e80] IO error: End of file
[https @ 0x7f9e0ef168c0] Error reading HTTP response: End of file
[tls @ 0x7f9e2fa4cdc0] IO error: End of file
[https @ 0x7f9e2fa2afc0] Error reading HTTP response: End of file
[tls @ 0x7f9e1ef4d400] IO error: End of file
[https @ 0x7f9e1ef71a00] Error reading HTTP response: End of file
[tls @ 0x7f9e1ef29000] IO error: End of file
[https @ 0x7f9e1ef87d40] Error reading HTTP response: End of file
[2026-04-12T19:53:53.124981] Saved clip /Users/Chen/PycharmProjects/CSCI_6234_Final/recordings/cam208/clips/2026/04/12/cam208_20260412T235310Z.mp4 (3105794 bytes)
[2026-04-12T19:53:53.641948] Starting 60-second capture -> /Users/Chen/PycharmProjects/CSCI_6234_Final/recordings/cam208/clips/2026/04/12/cam208_20260412T235353Z.mp4
[tls @ 0x7f9ddff04380] IO error: End of file
[https @ 0x7f9ddff04240] Error reading HTTP response: End of file
[tls @ 0x7f9deff19580] IO error: End of file
[https @ 0x7f9deff132c0] Error reading HTTP response: End of file
[tls @ 0x7f9deff19580] IO error: End of file
[https @ 0x7f9deff12ec0] Error reading HTTP response: End of file
[tls @ 0x7f9df918c940] IO error: End of file
[https @ 0x7f9df9190640] Error reading HTTP response: End of file
[tls @ 0x7f9ddff0f6c0] IO error: End of file
[https @ 0x7f9ddff10a00] Error reading HTTP response: End of file
[2026-04-12T19:54:36.338095] Saved clip /Users/Chen/PycharmProjects/CSCI_6234_Final/recordings/cam208/clips/2026/04/12/cam208_20260412T235353Z.mp4 (3110948 bytes)
[2026-04-12T19:54:36.863687] Starting 60-second capture -> /Users/Chen/PycharmProjects/CSCI_6234_Final/recordings/cam208/clips/2026/04/12/cam208_20260412T235436Z.mp4
[tls @ 0x7fecf7005c80] IO error: End of file
[https @ 0x7fecf7005b40] Error reading HTTP response: End of file
[tls @ 0x7fecf2e1eb00] IO error: End of file
[https @ 0x7fecf2e13180] Error reading HTTP response: End of file
[tls @ 0x7fecf2e3a3c0] IO error: End of file
[https @ 0x7fecf2e40c80] Error reading HTTP response: End of file
[tls @ 0x7fecf702e400] IO error: End of file
[https @ 0x7fecf700e640] Error reading HTTP response: End of file
[tls @ 0x7fecf2e06c80] IO error: End of file
[https @ 0x7fecf2e2a500] Error reading HTTP response: End of file
[tls @ 0x7fecf2d22180] IO error: End of file
[https @ 0x7fecf2d34140] Error reading HTTP response: End of file
[2026-04-12T19:55:09.469199] Saved clip /Users/Chen/PycharmProjects/CSCI_6234_Final/recordings/cam208/clips/2026/04/12/cam208_20260412T235436Z.mp4 (3108098 bytes)
[2026-04-12T19:55:09.988413] Starting 60-second capture -> /Users/Chen/PycharmProjects/CSCI_6234_Final/recordings/cam208/clips/2026/04/12/cam208_20260412T235509Z.mp4
[tls @ 0x7fa681a11c80] IO error: End of file
[https @ 0x7fa681a11b40] Error reading HTTP response: End of file
[tls @ 0x7fa68196f900] IO error: End of file
[https @ 0x7fa68196c000] Error reading HTTP response: End of file
[tls @ 0x7fa681b26e80] IO error: End of file
[https @ 0x7fa681b27040] Error reading HTTP response: End of file
[tls @ 0x7fa68196f900] IO error: End of file
[https @ 0x7fa681a72d00] Error reading HTTP response: End of file
[tls @ 0x7fa681b0c180] IO error: End of file
[https @ 0x7fa68194e980] Error reading HTTP response: End of file
[2026-04-12T19:55:52.563315] Saved clip /Users/Chen/PycharmProjects/CSCI_6234_Final/recordings/cam208/clips/2026/04/12/cam208_20260412T235509Z.mp4 (3110924 bytes)
[2026-04-12T19:55:53.076947] Starting 60-second capture -> /Users/Chen/PycharmProjects/CSCI_6234_Final/recordings/cam208/clips/2026/04/12/cam208_20260412T235553Z.mp4
[tls @ 0x7f9986804500] IO error: End of file
[https @ 0x7f99868043c0] Error reading HTTP response: End of file
[tls @ 0x7f9996249400] IO error: End of file
[https @ 0x7f9996225340] Error reading HTTP response: End of file
[tls @ 0x7f9985704140] IO error: End of file
[https @ 0x7f9985704080] Error reading HTTP response: End of file
[tls @ 0x7f9965704200] IO error: End of file
[https @ 0x7f9965704140] Error reading HTTP response: End of file
[2026-04-12T19:56:37.129938] Saved clip /Users/Chen/PycharmProjects/CSCI_6234_Final/recordings/cam208/clips/2026/04/12/cam208_20260412T235553Z.mp4 (3112109 bytes)
[2026-04-12T19:56:37.652431] Starting 60-second capture -> /Users/Chen/PycharmProjects/CSCI_6234_Final/recordings/cam208/clips/2026/04/12/cam208_20260412T235637Z.mp4
[tls @ 0x7fc3c2004680] IO error: End of file
[https @ 0x7fc3c2004540] Error reading HTTP response: End of file
[tls @ 0x7fc3c2141fc0] IO error: End of file
[https @ 0x7fc3c2139f40] Error reading HTTP response: End of file
[tls @ 0x7fc3d232f100] IO error: End of file
[https @ 0x7fc3c202df80] Error reading HTTP response: End of file
[tls @ 0x7fc3d232f100] IO error: End of file
[https @ 0x7fc3d2333200] Error reading HTTP response: End of file
[2026-04-12T19:57:20.497390] Saved clip /Users/Chen/PycharmProjects/CSCI_6234_Final/recordings/cam208/clips/2026/04/12/cam208_20260412T235637Z.mp4 (3114632 bytes)
[2026-04-12T19:57:21.013521] Starting 60-second capture -> /Users/Chen/PycharmProjects/CSCI_6234_Final/recordings/cam208/clips/2026/04/12/cam208_20260412T235721Z.mp4
[tls @ 0x7fbae2704680] IO error: End of file
[https @ 0x7fbae2704540] Error reading HTTP response: End of file
[tls @ 0x7fbae273f200] IO error: End of file
[https @ 0x7fbae271cf00] Error reading HTTP response: End of file
[tls @ 0x7fbae2712e80] IO error: End of file
[https @ 0x7fbae2707200] Error reading HTTP response: End of file
[tls @ 0x7fbae273f200] IO error: End of file
[https @ 0x7fbae270d740] Error reading HTTP response: End of file
[tls @ 0x7fbae271cf00] IO error: End of file
[https @ 0x7fbae270d800] Error reading HTTP response: End of file
[tls @ 0x7fbaf343f340] IO error: End of file
[https @ 0x7fbaf3446600] Error reading HTTP response: End of file
[tls @ 0x7fbaf3405bc0] IO error: End of file
[https @ 0x7fbaf3418f00] Error reading HTTP response: End of file
[2026-04-12T19:58:04.000436] Saved clip /Users/Chen/PycharmProjects/CSCI_6234_Final/recordings/cam208/clips/2026/04/12/cam208_20260412T235721Z.mp4 (3109524 bytes)
[2026-04-12T19:58:04.524184] Starting 60-second capture -> /Users/Chen/PycharmProjects/CSCI_6234_Final/recordings/cam208/clips/2026/04/12/cam208_20260412T235804Z.mp4
[tls @ 0x7fdaaf804380] IO error: End of file
[https @ 0x7fdaaf804240] Error reading HTTP response: End of file
[tls @ 0x7fdaaf814840] IO error: End of file
[https @ 0x7fdaaf82c080] Error reading HTTP response: End of file
[tls @ 0x7fdaaf814840] IO error: End of file
[https @ 0x7fdaaf80f880] Error reading HTTP response: End of file
[tls @ 0x7fdaaf80f700] IO error: End of file
[https @ 0x7fdaaf80f080] Error reading HTTP response: End of file
[tls @ 0x7fdabe7389c0] IO error: End of file
[https @ 0x7fdabe736800] Error reading HTTP response: End of file
[tls @ 0x7fdaae765d80] IO error: End of file
[https @ 0x7fdaaf907b40] Error reading HTTP response: End of file
[2026-04-12T19:58:47.011638] Saved clip /Users/Chen/PycharmProjects/CSCI_6234_Final/recordings/cam208/clips/2026/04/12/cam208_20260412T235804Z.mp4 (3109623 bytes)
[2026-04-12T19:58:47.535585] Starting 60-second capture -> /Users/Chen/PycharmProjects/CSCI_6234_Final/recordings/cam208/clips/2026/04/12/cam208_20260412T235847Z.mp4
[tls @ 0x7fdf942069c0] IO error: End of file
[https @ 0x7fdf94206880] Error reading HTTP response: End of file
[tls @ 0x7fdf83725ec0] IO error: End of file
[https @ 0x7fdf8371be00] Error reading HTTP response: End of file
[tls @ 0x7fdf9412d680] IO error: End of file
[https @ 0x7fdf9413f880] Error reading HTTP response: End of file
[tls @ 0x7fdf838226c0] IO error: End of file
[https @ 0x7fdf8382f5c0] Error reading HTTP response: End of file
[tls @ 0x7fdf94259d80] IO error: End of file
[https @ 0x7fdf94261340] Error reading HTTP response: End of file
[tls @ 0x7fdf942373c0] IO error: End of file
[https @ 0x7fdf94267d80] Error reading HTTP response: End of file
[tls @ 0x7fdf94247680] IO error: End of file
[https @ 0x7fdf94254a80] Error reading HTTP response: End of file
[2026-04-12T19:59:30.327718] Saved clip /Users/Chen/PycharmProjects/CSCI_6234_Final/recordings/cam208/clips/2026/04/12/cam208_20260412T235847Z.mp4 (3108568 bytes)
[2026-04-12T19:59:30.850079] Starting 60-second capture -> /Users/Chen/PycharmProjects/CSCI_6234_Final/recordings/cam208/clips/2026/04/12/cam208_20260412T235930Z.mp4
[tls @ 0x7fbb0ac04200] IO error: End of file
[https @ 0x7fbb0ac05100] Error reading HTTP response: End of file
[tls @ 0x7fbb0ae0b780] IO error: End of file
[https @ 0x7fbb0ae192c0] Error reading HTTP response: End of file
[tls @ 0x7fbb0ac651c0] IO error: End of file
[https @ 0x7fbb0ac69d00] Error reading HTTP response: End of file
[tls @ 0x7fbb0ad84900] IO error: End of file
[https @ 0x7fbb0ad80d00] Error reading HTTP response: End of file
[tls @ 0x7fbb0ad8b300] IO error: End of file
[https @ 0x7fbb0ad88cc0] Error reading HTTP response: End of file
[tls @ 0x7fbb0ad6ea40] IO error: End of file
[https @ 0x7fbb0ad6de40] Error reading HTTP response: End of file
[tls @ 0x7fbb0ad348c0] IO error: End of file
[https @ 0x7fbb0ad95500] Error reading HTTP response: End of file
[2026-04-12T20:00:13.418599] Saved clip /Users/Chen/PycharmProjects/CSCI_6234_Final/recordings/cam208/clips/2026/04/12/cam208_20260412T235930Z.mp4 (3112312 bytes)
[2026-04-12T20:00:13.938677] Starting 60-second capture -> /Users/Chen/PycharmProjects/CSCI_6234_Final/recordings/cam208/clips/2026/04/13/cam208_20260413T000013Z.mp4
[tls @ 0x7fce23a042c0] IO error: End of file
[https @ 0x7fce23b05440] Error reading HTTP response: End of file
[tls @ 0x7fce12f10b00] IO error: End of file
[https @ 0x7fce12f17900] Error reading HTTP response: End of file
[tls @ 0x7fce12f46780] IO error: End of file
[https @ 0x7fce12f39080] Error reading HTTP response: End of file
[tls @ 0x7fce23b63000] IO error: End of file
[https @ 0x7fce23b51380] Error reading HTTP response: End of file
[tls @ 0x7fce12f2bb40] IO error: End of file
[https @ 0x7fce12f11440] Error reading HTTP response: End of file
[tls @ 0x7fce23b0d980] IO error: End of file
[https @ 0x7fce23b0a700] Error reading HTTP response: End of file
[2026-04-12T20:00:50.707843] Saved clip /Users/Chen/PycharmProjects/CSCI_6234_Final/recordings/cam208/clips/2026/04/13/cam208_20260413T000013Z.mp4 (3116392 bytes)
[2026-04-12T20:00:51.224359] Starting 60-second capture -> /Users/Chen/PycharmProjects/CSCI_6234_Final/recordings/cam208/clips/2026/04/13/cam208_20260413T000051Z.mp4
[tls @ 0x7f9c67704e40] IO error: End of file
[https @ 0x7f9c67704240] Error reading HTTP response: End of file
[tls @ 0x7f9c57735d40] IO error: End of file
[https @ 0x7f9c57732140] Error reading HTTP response: End of file
[tls @ 0x7f9c57754e80] IO error: End of file
[https @ 0x7f9c57743ac0] Error reading HTTP response: End of file
[tls @ 0x7f9c67756180] IO error: End of file
[https @ 0x7f9c67767200] Error reading HTTP response: End of file
[tls @ 0x7f9c70053a00] IO error: End of file
[https @ 0x7f9c70020a00] Error reading HTTP response: End of file
[tls @ 0x7f9c67753f80] IO error: End of file
[https @ 0x7f9c6774d640] Error reading HTTP response: End of file
[tls @ 0x7f9c70047cc0] IO error: End of file
[https @ 0x7f9c7002be00] Error reading HTTP response: End of file
[tls @ 0x7f9c700609c0] IO error: End of file
[https @ 0x7f9c70076500] Error reading HTTP response: End of file
[2026-04-12T20:01:34.003076] Saved clip /Users/Chen/PycharmProjects/CSCI_6234_Final/recordings/cam208/clips/2026/04/13/cam208_20260413T000051Z.mp4 (3113667 bytes)
[2026-04-12T20:01:34.525725] Starting 60-second capture -> /Users/Chen/PycharmProjects/CSCI_6234_Final/recordings/cam208/clips/2026/04/13/cam208_20260413T000134Z.mp4
[tls @ 0x7fdd6cb04680] IO error: End of file
[https @ 0x7fdd6cb04540] Error reading HTTP response: End of file
[tls @ 0x7fdd6cb16480] IO error: End of file
[https @ 0x7fdd5d01b6c0] Error reading HTTP response: End of file
[tls @ 0x7fdd5d079b00] IO error: End of file
[https @ 0x7fdd5d08bd00] Error reading HTTP response: End of file
[tls @ 0x7fdd6ca0a4c0] IO error: End of file
[https @ 0x7fdd6ca1b880] Error reading HTTP response: End of file
[tls @ 0x7fdd6cb23140] IO error: End of file
[https @ 0x7fdd6cb47d00] Error reading HTTP response: End of file
[tls @ 0x7fdd6ca16e80] IO error: End of file
[https @ 0x7fdd6ca06100] Error reading HTTP response: End of file
[tls @ 0x7fdd5d079b00] IO error: End of file
[https @ 0x7fdd5d08bd00] Error reading HTTP response: End of file
[tls @ 0x7fdd6ca16e80] IO error: End of file
[https @ 0x7fdd6ca4f440] Error reading HTTP response: End of file
[2026-04-12T20:02:17.545791] Saved clip /Users/Chen/PycharmProjects/CSCI_6234_Final/recordings/cam208/clips/2026/04/13/cam208_20260413T000134Z.mp4 (3110767 bytes)
[2026-04-12T20:02:18.071802] Starting 60-second capture -> /Users/Chen/PycharmProjects/CSCI_6234_Final/recordings/cam208/clips/2026/04/13/cam208_20260413T000218Z.mp4
[tls @ 0x7fdaf9f04500] IO error: End of file
[https @ 0x7fdaf9f043c0] Error reading HTTP response: End of file
[tls @ 0x7fdb0aa328c0] IO error: End of file
[https @ 0x7fdb0aa340c0] Error reading HTTP response: End of file
[tls @ 0x7fdafa013c00] IO error: End of file
[https @ 0x7fdafa017580] Error reading HTTP response: End of file
[tls @ 0x7fdafa048cc0] IO error: End of file
[https @ 0x7fdafa034b80] Error reading HTTP response: End of file
[tls @ 0x7fdaf9f21340] IO error: End of file
[https @ 0x7fdaf9f4c940] Error reading HTTP response: End of file
[tls @ 0x7fdb0ab13100] IO error: End of file
[https @ 0x7fdb0ab3e680] Error reading HTTP response: End of file
[2026-04-12T20:03:00.664310] Saved clip /Users/Chen/PycharmProjects/CSCI_6234_Final/recordings/cam208/clips/2026/04/13/cam208_20260413T000218Z.mp4 (3109647 bytes)
[2026-04-12T20:03:01.190601] Starting 60-second capture -> /Users/Chen/PycharmProjects/CSCI_6234_Final/recordings/cam208/clips/2026/04/13/cam208_20260413T000301Z.mp4
[tls @ 0x7fceb4105c80] IO error: End of file
[https @ 0x7fceb4105bc0] Error reading HTTP response: End of file
[tls @ 0x7fceb410c5c0] IO error: End of file
[https @ 0x7fceb410c500] Error reading HTTP response: End of file
[tls @ 0x7fcea3717d00] IO error: End of file
[https @ 0x7fcea3704440] Error reading HTTP response: End of file
[tls @ 0x7fcea401c380] IO error: End of file
[https @ 0x7fcea4012880] Error reading HTTP response: End of file
[tls @ 0x7fcea375fd40] IO error: End of file
[https @ 0x7fcea3771f80] Error reading HTTP response: End of file
[tls @ 0x7fcea4117300] IO error: End of file
[https @ 0x7fcea4118d40] Error reading HTTP response: End of file
[tls @ 0x7fceb4112fc0] IO error: End of file
[https @ 0x7fcea373f680] Error reading HTTP response: End of file
[tls @ 0x7fcea412f600] IO error: End of file
[https @ 0x7fcea4127540] Error reading HTTP response: End of file
[2026-04-12T20:03:45.231023] Saved clip /Users/Chen/PycharmProjects/CSCI_6234_Final/recordings/cam208/clips/2026/04/13/cam208_20260413T000301Z.mp4 (3107119 bytes)
[2026-04-12T20:03:45.751550] Starting 60-second capture -> /Users/Chen/PycharmProjects/CSCI_6234_Final/recordings/cam208/clips/2026/04/13/cam208_20260413T000345Z.mp4
[tls @ 0x7fa612804680] IO error: End of file
[https @ 0x7fa612804540] Error reading HTTP response: End of file
[tls @ 0x7fa61173f500] IO error: End of file
[https @ 0x7fa611704080] Error reading HTTP response: End of file
[tls @ 0x7fa622208240] IO error: End of file
[https @ 0x7fa622208100] Error reading HTTP response: End of file
[tls @ 0x7fa622208780] IO error: End of file
[https @ 0x7fa622208680] Error reading HTTP response: End of file
[tls @ 0x7fa612952400] IO error: End of file
[https @ 0x7fa612953740] Error reading HTTP response: End of file
[tls @ 0x7fa6128292c0] IO error: End of file
[https @ 0x7fa612818a00] Error reading HTTP response: End of file
[2026-04-12T20:04:18.602461] Saved clip /Users/Chen/PycharmProjects/CSCI_6234_Final/recordings/cam208/clips/2026/04/13/cam208_20260413T000345Z.mp4 (3106518 bytes)
[2026-04-12T20:04:19.132683] Starting 60-second capture -> /Users/Chen/PycharmProjects/CSCI_6234_Final/recordings/cam208/clips/2026/04/13/cam208_20260413T000419Z.mp4
[tls @ 0x7f9dc8904680] IO error: End of file
[https @ 0x7f9dc8904540] Error reading HTTP response: End of file
[tls @ 0x7f9dbff399c0] IO error: End of file
[https @ 0x7f9dbff19a40] Error reading HTTP response: End of file
[tls @ 0x7f9dbff399c0] IO error: End of file
[https @ 0x7f9dbff19b00] Error reading HTTP response: End of file
[tls @ 0x7f9dbff16980] IO error: End of file
[https @ 0x7f9dbff10640] Error reading HTTP response: End of file
[tls @ 0x7f9dbff399c0] IO error: End of file
[https @ 0x7f9dbff19bc0] Error reading HTTP response: End of file
[tls @ 0x7f9daff39fc0] IO error: End of file
[https @ 0x7f9daff3abc0] Error reading HTTP response: End of file
[2026-04-12T20:05:01.996393] Saved clip /Users/Chen/PycharmProjects/CSCI_6234_Final/recordings/cam208/clips/2026/04/13/cam208_20260413T000419Z.mp4 (3103229 bytes)
[2026-04-12T20:05:02.518039] Starting 60-second capture -> /Users/Chen/PycharmProjects/CSCI_6234_Final/recordings/cam208/clips/2026/04/13/cam208_20260413T000502Z.mp4
[tls @ 0x7f8f0cf04680] IO error: End of file
[https @ 0x7f8f0cf04540] Error reading HTTP response: End of file
[tls @ 0x7f8f0d8765c0] IO error: End of file
[https @ 0x7f8f0d849900] Error reading HTTP response: End of file
[tls @ 0x7f8f0d83b980] IO error: End of file
[https @ 0x7f8f0d846e40] Error reading HTTP response: End of file
[tls @ 0x7f8f0cf1e600] IO error: End of file
[https @ 0x7f8f0cf2d940] Error reading HTTP response: End of file
[tls @ 0x7f8f0cf53100] IO error: End of file
[https @ 0x7f8f0cf4f500] Error reading HTTP response: End of file
[tls @ 0x7f8f0cf1e600] IO error: End of file
[https @ 0x7f8f0cf71640] Error reading HTTP response: End of file
[tls @ 0x7f8f0cf07540] IO error: End of file
[https @ 0x7f8f0cf45ec0] Error reading HTTP response: End of file
[2026-04-12T20:05:44.698208] Saved clip /Users/Chen/PycharmProjects/CSCI_6234_Final/recordings/cam208/clips/2026/04/13/cam208_20260413T000502Z.mp4 (3108142 bytes)
[2026-04-12T20:05:45.221829] Starting 60-second capture -> /Users/Chen/PycharmProjects/CSCI_6234_Final/recordings/cam208/clips/2026/04/13/cam208_20260413T000545Z.mp4
[tls @ 0x7fd86e104680] IO error: End of file
[https @ 0x7fd86e104580] Error reading HTTP response: End of file
[tls @ 0x7fd86e34d840] IO error: End of file
[https @ 0x7fd86e34cd00] Error reading HTTP response: End of file
[tls @ 0x7fd85d707d80] IO error: End of file
[https @ 0x7fd85d707cc0] Error reading HTTP response: End of file
[tls @ 0x7fd86e121680] IO error: End of file
[https @ 0x7fd86e1052c0] Error reading HTTP response: End of file
[tls @ 0x7fd86e116f00] IO error: End of file
[https @ 0x7fd86e158600] Error reading HTTP response: End of file
[tls @ 0x7fd85e0043c0] IO error: End of file
[https @ 0x7fd85e0042c0] Error reading HTTP response: End of file
[2026-04-12T20:06:27.926583] Saved clip /Users/Chen/PycharmProjects/CSCI_6234_Final/recordings/cam208/clips/2026/04/13/cam208_20260413T000545Z.mp4 (3115571 bytes)
[2026-04-12T20:06:28.454369] Starting 60-second capture -> /Users/Chen/PycharmProjects/CSCI_6234_Final/recordings/cam208/clips/2026/04/13/cam208_20260413T000628Z.mp4
[tls @ 0x7fc97e204500] IO error: End of file
[https @ 0x7fc97e2043c0] Error reading HTTP response: End of file
[tls @ 0x7fc97e236e40] IO error: End of file
[https @ 0x7fc97e23a680] Error reading HTTP response: End of file
[tls @ 0x7fc96d70c840] IO error: End of file
[https @ 0x7fc96d708280] Error reading HTTP response: End of file
[tls @ 0x7fc97e236e40] IO error: End of file
[https @ 0x7fc97e20f700] Error reading HTTP response: End of file
[tls @ 0x7fc96d75d0c0] IO error: End of file
[https @ 0x7fc96d7594c0] Error reading HTTP response: End of file
[tls @ 0x7fc97e21bf40] IO error: End of file
[https @ 0x7fc97e210980] Error reading HTTP response: End of file
[2026-04-12T20:07:11.264699] Saved clip /Users/Chen/PycharmProjects/CSCI_6234_Final/recordings/cam208/clips/2026/04/13/cam208_20260413T000628Z.mp4 (3110816 bytes)
[2026-04-12T20:07:11.792990] Starting 60-second capture -> /Users/Chen/PycharmProjects/CSCI_6234_Final/recordings/cam208/clips/2026/04/13/cam208_20260413T000711Z.mp4
[tls @ 0x7fa29b704500] IO error: End of file
[https @ 0x7fa29b7043c0] Error reading HTTP response: End of file
[tls @ 0x7fa29b72a740] IO error: End of file
[https @ 0x7fa29b728d40] Error reading HTTP response: End of file
[tls @ 0x7fa2ac33a640] IO error: End of file
[https @ 0x7fa2ac31f600] Error reading HTTP response: End of file
[tls @ 0x7fa2ac33a640] IO error: End of file
[https @ 0x7fa2ac2645c0] Error reading HTTP response: End of file
[tls @ 0x7fa29b70e8c0] IO error: End of file
[https @ 0x7fa29b71d280] Error reading HTTP response: End of file
[2026-04-12T20:07:55.393361] Saved clip /Users/Chen/PycharmProjects/CSCI_6234_Final/recordings/cam208/clips/2026/04/13/cam208_20260413T000711Z.mp4 (3108232 bytes)
[2026-04-12T20:07:55.916813] Starting 60-second capture -> /Users/Chen/PycharmProjects/CSCI_6234_Final/recordings/cam208/clips/2026/04/13/cam208_20260413T000755Z.mp4
[tls @ 0x7f9613004500] IO error: End of file
[https @ 0x7f96130043c0] Error reading HTTP response: End of file
[tls @ 0x7f9613225340] IO error: End of file
[https @ 0x7f9613219e80] Error reading HTTP response: End of file
[tls @ 0x7f9612709e40] IO error: End of file
[https @ 0x7f9612710e40] Error reading HTTP response: End of file
[tls @ 0x7f9613042a00] IO error: End of file
[https @ 0x7f9613004fc0] Error reading HTTP response: End of file
[tls @ 0x7f95e3304540] IO error: End of file
[https @ 0x7f95e3304480] Error reading HTTP response: End of file
[tls @ 0x7f9613233dc0] IO error: End of file
[https @ 0x7f96132301c0] Error reading HTTP response: End of file
[2026-04-12T20:08:29.932329] Saved clip /Users/Chen/PycharmProjects/CSCI_6234_Final/recordings/cam208/clips/2026/04/13/cam208_20260413T000755Z.mp4 (3105459 bytes)
[2026-04-12T20:08:30.456976] Starting 60-second capture -> /Users/Chen/PycharmProjects/CSCI_6234_Final/recordings/cam208/clips/2026/04/13/cam208_20260413T000830Z.mp4
[tls @ 0x7fc52b707900] IO error: Connection reset by peer
[https @ 0x7fc52c004c80] Error reading HTTP response: Connection reset by peer
[in#0 @ 0x7fc52c0046c0] Error opening input: Connection reset by peer
Error opening input file https://itsvideo.arlingtonva.us:8013/live/cam208.stream/playlist.m3u8.
Error opening input files: Connection reset by peer
[2026-04-12T20:08:30.839903] ffmpeg exited with code 202
[2026-04-12T20:08:32.877722] Starting 60-second capture -> /Users/Chen/PycharmProjects/CSCI_6234_Final/recordings/cam208/clips/2026/04/13/cam208_20260413T000832Z.mp4
[tls @ 0x7faea18043c0] IO error: End of file
[https @ 0x7faea1804280] Error reading HTTP response: End of file
[tls @ 0x7faeb1341e40] IO error: End of file
[https @ 0x7faeb1333a80] Error reading HTTP response: End of file
[tls @ 0x7faeb131f500] IO error: End of file
[https @ 0x7faeb131eac0] Error reading HTTP response: End of file
[tls @ 0x7faea1836e80] IO error: End of file
[https @ 0x7faea1857400] Error reading HTTP response: End of file
[tls @ 0x7faeb1225d40] IO error: End of file
[https @ 0x7faeb1215840] Error reading HTTP response: End of file
[tls @ 0x7faea1850200] IO error: End of file
[https @ 0x7faea183f200] Error reading HTTP response: End of file
[tls @ 0x7faeb130ce80] IO error: End of file
[https @ 0x7faeb131c600] Error reading HTTP response: End of file
[2026-04-12T20:09:15.234961] Saved clip /Users/Chen/PycharmProjects/CSCI_6234_Final/recordings/cam208/clips/2026/04/13/cam208_20260413T000832Z.mp4 (3107655 bytes)
[2026-04-12T20:09:15.762374] Starting 60-second capture -> /Users/Chen/PycharmProjects/CSCI_6234_Final/recordings/cam208/clips/2026/04/13/cam208_20260413T000915Z.mp4
[tls @ 0x7f9564204680] IO error: End of file
[https @ 0x7f9564204580] Error reading HTTP response: End of file
[tls @ 0x7f9564220340] IO error: End of file
[https @ 0x7f9564245140] Error reading HTTP response: End of file
[tls @ 0x7f95644052c0] IO error: End of file
[https @ 0x7f95644051c0] Error reading HTTP response: End of file
[tls @ 0x7f956431f680] IO error: End of file
[https @ 0x7f956431fa00] Error reading HTTP response: End of file
[tls @ 0x7f956425f9c0] IO error: End of file
[https @ 0x7f9564207880] Error reading HTTP response: End of file
[tls @ 0x7f956431f680] IO error: End of file
[https @ 0x7f956430fd40] Error reading HTTP response: End of file
[tls @ 0x7f955373da40] IO error: End of file
[https @ 0x7f955373fd80] Error reading HTTP response: End of file
[tls @ 0x7f956440af80] IO error: End of file
[https @ 0x7f9564416280] Error reading HTTP response: End of file
[2026-04-12T20:09:58.807084] Saved clip /Users/Chen/PycharmProjects/CSCI_6234_Final/recordings/cam208/clips/2026/04/13/cam208_20260413T000915Z.mp4 (3107279 bytes)
[2026-04-12T20:09:59.332209] Starting 60-second capture -> /Users/Chen/PycharmProjects/CSCI_6234_Final/recordings/cam208/clips/2026/04/13/cam208_20260413T000959Z.mp4
[tls @ 0x7f9bc5b04500] IO error: End of file
[https @ 0x7f9bc5b043c0] Error reading HTTP response: End of file
[tls @ 0x7f9bb4f131c0] IO error: End of file
[https @ 0x7f9bb4f13100] Error reading HTTP response: End of file
[tls @ 0x7f9bb4f36540] IO error: End of file
[https @ 0x7f9bb4f200c0] Error reading HTTP response: End of file
[tls @ 0x7f9bc5b82280] IO error: End of file
[https @ 0x7f9bb4f0b540] Error reading HTTP response: End of file
[tls @ 0x7f9bc5a08000] IO error: End of file
[https @ 0x7f9bc5a0c480] Error reading HTTP response: End of file
[tls @ 0x7f9bc5c793c0] IO error: End of file
[https @ 0x7f9bc5c6a840] Error reading HTTP response: End of file
[tls @ 0x7f9b94f04200] IO error: End of file
[https @ 0x7f9b94f04140] Error reading HTTP response: End of file
[tls @ 0x7f9bc5c3f900] IO error: End of file
[https @ 0x7f9bc5a41780] Error reading HTTP response: End of file
[2026-04-12T20:10:41.741703] Saved clip /Users/Chen/PycharmProjects/CSCI_6234_Final/recordings/cam208/clips/2026/04/13/cam208_20260413T000959Z.mp4 (3108233 bytes)
[2026-04-12T20:10:42.265399] Starting 60-second capture -> /Users/Chen/PycharmProjects/CSCI_6234_Final/recordings/cam208/clips/2026/04/13/cam208_20260413T001042Z.mp4
[tls @ 0x7fa115804680] IO error: End of file
[https @ 0x7fa115804540] Error reading HTTP response: End of file
[tls @ 0x7fa125956c80] IO error: End of file
[https @ 0x7fa125966700] Error reading HTTP response: End of file
[tls @ 0x7fa125a37fc0] IO error: End of file
[https @ 0x7fa125a3b000] Error reading HTTP response: End of file
[tls @ 0x7fa125a5f740] IO error: End of file
[https @ 0x7fa125a3f440] Error reading HTTP response: End of file
[tls @ 0x7fa12590a840] IO error: End of file
[https @ 0x7fa125904a80] Error reading HTTP response: End of file
[tls @ 0x7fa115831380] IO error: End of file
[https @ 0x7fa115807380] Error reading HTTP response: End of file
[tls @ 0x7fa125930ac0] IO error: End of file
[https @ 0x7fa1259361c0] Error reading HTTP response: End of file
[2026-04-12T20:11:24.711034] Saved clip /Users/Chen/PycharmProjects/CSCI_6234_Final/recordings/cam208/clips/2026/04/13/cam208_20260413T001042Z.mp4 (3107054 bytes)
[2026-04-12T20:11:25.233381] Starting 60-second capture -> /Users/Chen/PycharmProjects/CSCI_6234_Final/recordings/cam208/clips/2026/04/13/cam208_20260413T001125Z.mp4
[tls @ 0x7f8973b04680] IO error: End of file
[https @ 0x7f8973b04540] Error reading HTTP response: End of file
[tls @ 0x7f8973918500] IO error: End of file
[https @ 0x7f8973927b80] Error reading HTTP response: End of file
[tls @ 0x7f8973918500] IO error: End of file
[https @ 0x7f8973905540] Error reading HTTP response: End of file
[tls @ 0x7f8973c095c0] IO error: End of file
[https @ 0x7f8973c094c0] Error reading HTTP response: End of file
[tls @ 0x7f8973c22600] IO error: End of file
[https @ 0x7f8973c29e00] Error reading HTTP response: End of file
[tls @ 0x7f8973a18080] IO error: End of file
[https @ 0x7f8973a888c0] Error reading HTTP response: End of file
[2026-04-12T20:12:07.473719] Saved clip /Users/Chen/PycharmProjects/CSCI_6234_Final/recordings/cam208/clips/2026/04/13/cam208_20260413T001125Z.mp4 (3112001 bytes)
[2026-04-12T20:12:07.999402] Starting 60-second capture -> /Users/Chen/PycharmProjects/CSCI_6234_Final/recordings/cam208/clips/2026/04/13/cam208_20260413T001207Z.mp4
[tls @ 0x7f80ba304380] IO error: End of file
[https @ 0x7f80ba304240] Error reading HTTP response: End of file
[tls @ 0x7f80ba0057c0] IO error: End of file
[https @ 0x7f80ba004b80] Error reading HTTP response: End of file
[tls @ 0x7f80ba42a080] IO error: End of file
[https @ 0x7f80ba406240] Error reading HTTP response: End of file
[tls @ 0x7f80ba32abc0] IO error: End of file
[https @ 0x7f80ba344240] Error reading HTTP response: End of file
[tls @ 0x7f80ba409700] IO error: End of file
[https @ 0x7f80ba424580] Error reading HTTP response: End of file
[tls @ 0x7f80b97598c0] IO error: End of file
[https @ 0x7f80b976bac0] Error reading HTTP response: End of file
[tls @ 0x7f80ba329b80] IO error: End of file
[https @ 0x7f80ba30b540] Error reading HTTP response: End of file
[2026-04-12T20:12:50.307316] Saved clip /Users/Chen/PycharmProjects/CSCI_6234_Final/recordings/cam208/clips/2026/04/13/cam208_20260413T001207Z.mp4 (3112016 bytes)
[2026-04-12T20:12:50.830476] Starting 60-second capture -> /Users/Chen/PycharmProjects/CSCI_6234_Final/recordings/cam208/clips/2026/04/13/cam208_20260413T001250Z.mp4
[tls @ 0x7fbad7004080] IO error: End of file
[https @ 0x7fbad6704540] Error reading HTTP response: End of file
[tls @ 0x7fbad700f0c0] IO error: End of file
[https @ 0x7fbad700f000] Error reading HTTP response: End of file
[tls @ 0x7fbad72232c0] IO error: End of file
[https @ 0x7fbad7225180] Error reading HTTP response: End of file
[tls @ 0x7fbad7113d40] IO error: End of file
[https @ 0x7fbad7116cc0] Error reading HTTP response: End of file
[tls @ 0x7fbad7154280] IO error: End of file
[https @ 0x7fbad7109980] Error reading HTTP response: End of file
[tls @ 0x7fbad7113d00] IO error: End of file
[https @ 0x7fbad711ae40] Error reading HTTP response: End of file
[tls @ 0x7fbae6707ec0] IO error: End of file
[https @ 0x7fbae6707dc0] Error reading HTTP response: End of file
[tls @ 0x7fbad720f6c0] IO error: End of file
[https @ 0x7fbad7225180] Error reading HTTP response: End of file
[2026-04-12T20:13:33.495996] Saved clip /Users/Chen/PycharmProjects/CSCI_6234_Final/recordings/cam208/clips/2026/04/13/cam208_20260413T001250Z.mp4 (3111499 bytes)
[2026-04-12T20:13:34.022454] Starting 60-second capture -> /Users/Chen/PycharmProjects/CSCI_6234_Final/recordings/cam208/clips/2026/04/13/cam208_20260413T001334Z.mp4
[tls @ 0x7fc622304080] IO error: End of file
[https @ 0x7fc611704480] Error reading HTTP response: End of file
[tls @ 0x7fc622229440] IO error: End of file
[https @ 0x7fc6222509c0] Error reading HTTP response: End of file
[tls @ 0x7fc622311c40] IO error: End of file
[https @ 0x7fc622314900] Error reading HTTP response: End of file
[tls @ 0x7fc611736d00] IO error: End of file
[https @ 0x7fc611743180] Error reading HTTP response: End of file
[tls @ 0x7fc6120485c0] IO error: End of file
[https @ 0x7fc612048bc0] Error reading HTTP response: End of file
[tls @ 0x7fc61170fe80] IO error: End of file
[https @ 0x7fc611710a80] Error reading HTTP response: End of file
[2026-04-12T20:14:16.310129] Saved clip /Users/Chen/PycharmProjects/CSCI_6234_Final/recordings/cam208/clips/2026/04/13/cam208_20260413T001334Z.mp4 (3110650 bytes)
[2026-04-12T20:14:16.831615] Starting 60-second capture -> /Users/Chen/PycharmProjects/CSCI_6234_Final/recordings/cam208/clips/2026/04/13/cam208_20260413T001416Z.mp4
[tls @ 0x7f889d005340] IO error: End of file
[https @ 0x7f889d005200] Error reading HTTP response: End of file
[tls @ 0x7f889d22c880] IO error: End of file
[https @ 0x7f889d22d5c0] Error reading HTTP response: End of file
[tls @ 0x7f889d429c00] IO error: End of file
[https @ 0x7f889d44e680] Error reading HTTP response: End of file
[tls @ 0x7f889d22c880] IO error: End of file
[https @ 0x7f889d227980] Error reading HTTP response: End of file
[tls @ 0x7f889d345000] IO error: End of file
[https @ 0x7f889d370e40] Error reading HTTP response: End of file
[tls @ 0x7f889d22c880] IO error: End of file
[https @ 0x7f889d219400] Error reading HTTP response: End of file
[2026-04-12T20:14:49.017359] Saved clip /Users/Chen/PycharmProjects/CSCI_6234_Final/recordings/cam208/clips/2026/04/13/cam208_20260413T001416Z.mp4 (3104721 bytes)
[2026-04-12T20:14:49.541578] Starting 60-second capture -> /Users/Chen/PycharmProjects/CSCI_6234_Final/recordings/cam208/clips/2026/04/13/cam208_20260413T001449Z.mp4
[tls @ 0x7fb144704500] IO error: End of file
[https @ 0x7fb1447043c0] Error reading HTTP response: End of file
[tls @ 0x7fb155443300] IO error: End of file
[https @ 0x7fb155456500] Error reading HTTP response: End of file
[tls @ 0x7fb15530cc00] IO error: End of file
[https @ 0x7fb15530cb40] Error reading HTTP response: End of file
[tls @ 0x7fb14472cd00] IO error: End of file
[https @ 0x7fb144729600] Error reading HTTP response: End of file
[tls @ 0x7fb155551500] IO error: End of file
[https @ 0x7fb1555497c0] Error reading HTTP response: End of file
[tls @ 0x7fb155317b00] IO error: End of file
[https @ 0x7fb155313500] Error reading HTTP response: End of file
[tls @ 0x7fb15530a700] IO error: End of file
[https @ 0x7fb15530ab40] Error reading HTTP response: End of file
[2026-04-12T20:15:31.818671] Saved clip /Users/Chen/PycharmProjects/CSCI_6234_Final/recordings/cam208/clips/2026/04/13/cam208_20260413T001449Z.mp4 (3114761 bytes)
[2026-04-12T20:15:32.341982] Starting 60-second capture -> /Users/Chen/PycharmProjects/CSCI_6234_Final/recordings/cam208/clips/2026/04/13/cam208_20260413T001532Z.mp4
[tls @ 0x7fb416f04680] IO error: End of file
[https @ 0x7fb416f04540] Error reading HTTP response: End of file
[tls @ 0x7fb42022fd40] IO error: End of file
[https @ 0x7fb420210140] Error reading HTTP response: End of file
[tls @ 0x7fb416f0fc00] IO error: End of file
[https @ 0x7fb416f10240] Error reading HTTP response: End of file
[tls @ 0x7fb42022fd40] IO error: End of file
[https @ 0x7fb420242d00] Error reading HTTP response: End of file
[tls @ 0x7fb42012af80] IO error: End of file
[https @ 0x7fb420125b80] Error reading HTTP response: End of file
[tls @ 0x7fb420033f00] IO error: End of file
[https @ 0x7fb420030640] Error reading HTTP response: End of file
[tls @ 0x7fb420009dc0] IO error: End of file
[https @ 0x7fb420055340] Error reading HTTP response: End of file
[2026-04-12T20:16:15.059818] Saved clip /Users/Chen/PycharmProjects/CSCI_6234_Final/recordings/cam208/clips/2026/04/13/cam208_20260413T001532Z.mp4 (3110314 bytes)
[2026-04-12T20:16:15.585029] Starting 60-second capture -> /Users/Chen/PycharmProjects/CSCI_6234_Final/recordings/cam208/clips/2026/04/13/cam208_20260413T001615Z.mp4
[tls @ 0x7fd165204680] IO error: End of file
[https @ 0x7fd165204540] Error reading HTTP response: End of file
[tls @ 0x7fd165308b00] IO error: End of file
[https @ 0x7fd165308a40] Error reading HTTP response: End of file
[tls @ 0x7fd1654416c0] IO error: End of file
[https @ 0x7fd165468b80] Error reading HTTP response: End of file
[tls @ 0x7fd164709f80] IO error: End of file
[https @ 0x7fd164709ec0] Error reading HTTP response: End of file
[tls @ 0x7fd16534d1c0] IO error: End of file
[https @ 0x7fd165354740] Error reading HTTP response: End of file
[tls @ 0x7fd165543400] IO error: End of file
[https @ 0x7fd16554d300] Error reading HTTP response: End of file
[tls @ 0x7fd165358940] IO error: End of file
[https @ 0x7fd165366580] Error reading HTTP response: End of file
[tls @ 0x7fd16543dc00] IO error: End of file
[https @ 0x7fd16543e040] Error reading HTTP response: End of file
[2026-04-12T20:16:57.846729] Saved clip /Users/Chen/PycharmProjects/CSCI_6234_Final/recordings/cam208/clips/2026/04/13/cam208_20260413T001615Z.mp4 (3106978 bytes)
[2026-04-12T20:16:58.369407] Starting 60-second capture -> /Users/Chen/PycharmProjects/CSCI_6234_Final/recordings/cam208/clips/2026/04/13/cam208_20260413T001658Z.mp4
[tls @ 0x7f98f7904bc0] IO error: End of file
[https @ 0x7f98f79047c0] Error reading HTTP response: End of file
[tls @ 0x7f98f7c4a340] IO error: End of file
[https @ 0x7f98f7c2e280] Error reading HTTP response: End of file
[tls @ 0x7f98f7910840] IO error: End of file
[https @ 0x7f98f7910c00] Error reading HTTP response: End of file
[tls @ 0x7f98f7930c80] IO error: End of file
[https @ 0x7f98f7925880] Error reading HTTP response: End of file
[tls @ 0x7f98f7910c00] IO error: End of file
[https @ 0x7f98f790f500] Error reading HTTP response: End of file
[tls @ 0x7f98f7a39140] IO error: End of file
[https @ 0x7f98f7a4a180] Error reading HTTP response: End of file
[tls @ 0x7f98f7a54500] IO error: End of file
[https @ 0x7f98f7a3da00] Error reading HTTP response: End of file
[2026-04-12T20:17:40.945088] Saved clip /Users/Chen/PycharmProjects/CSCI_6234_Final/recordings/cam208/clips/2026/04/13/cam208_20260413T001658Z.mp4 (3120034 bytes)
[2026-04-12T20:17:41.470532] Starting 60-second capture -> /Users/Chen/PycharmProjects/CSCI_6234_Final/recordings/cam208/clips/2026/04/13/cam208_20260413T001741Z.mp4
[tls @ 0x7fea36704500] IO error: End of file
[https @ 0x7fea36704400] Error reading HTTP response: End of file
[tls @ 0x7fea4671f840] IO error: End of file
[https @ 0x7fea4671d3c0] Error reading HTTP response: End of file
[tls @ 0x7fea47053d40] IO error: End of file
[https @ 0x7fea47061e40] Error reading HTTP response: End of file
[tls @ 0x7fea47051a80] IO error: End of file
[https @ 0x7fea470364c0] Error reading HTTP response: End of file
[tls @ 0x7fea37010880] IO error: End of file
[https @ 0x7fea37024bc0] Error reading HTTP response: End of file
[tls @ 0x7fea47051a80] IO error: End of file
[https @ 0x7fea47061e40] Error reading HTTP response: End of file
[tls @ 0x7fea46749240] IO error: End of file
[https @ 0x7fea46704800] Error reading HTTP response: End of file
[tls @ 0x7fea57005240] IO error: End of file
[https @ 0x7fea57005180] Error reading HTTP response: End of file
[2026-04-12T20:18:23.488912] Saved clip /Users/Chen/PycharmProjects/CSCI_6234_Final/recordings/cam208/clips/2026/04/13/cam208_20260413T001741Z.mp4 (3101193 bytes)
[2026-04-12T20:18:24.006787] Starting 60-second capture -> /Users/Chen/PycharmProjects/CSCI_6234_Final/recordings/cam208/clips/2026/04/13/cam208_20260413T001824Z.mp4
[tls @ 0x7f8874a04140] IO error: End of file
[https @ 0x7f8873f04280] Error reading HTTP response: End of file
[tls @ 0x7f8874840740] IO error: End of file
[https @ 0x7f8874851f00] Error reading HTTP response: End of file
[tls @ 0x7f8874a17000] IO error: End of file
[https @ 0x7f8874a186c0] Error reading HTTP response: End of file
[tls @ 0x7f8873f3b240] IO error: End of file
[https @ 0x7f8873f3f680] Error reading HTTP response: End of file
[tls @ 0x7f8874a16fc0] IO error: End of file
[https @ 0x7f8874a070c0] Error reading HTTP response: End of file
[tls @ 0x7f887492e740] IO error: End of file
[https @ 0x7f8874913b00] Error reading HTTP response: End of file
[tls @ 0x7f8873f06480] IO error: End of file
[https @ 0x7f8873f1db40] Error reading HTTP response: End of file
[2026-04-12T20:19:06.608969] Saved clip /Users/Chen/PycharmProjects/CSCI_6234_Final/recordings/cam208/clips/2026/04/13/cam208_20260413T001824Z.mp4 (3115503 bytes)
[2026-04-12T20:19:07.132455] Starting 60-second capture -> /Users/Chen/PycharmProjects/CSCI_6234_Final/recordings/cam208/clips/2026/04/13/cam208_20260413T001907Z.mp4
[tls @ 0x7fbfaa409f00] IO error: End of file
[https @ 0x7fbfaa40d9c0] Error reading HTTP response: End of file
[tls @ 0x7fbfaa11dd80] IO error: End of file
[https @ 0x7fbfaa14fcc0] Error reading HTTP response: End of file
[tls @ 0x7fbfaa4132c0] IO error: End of file
[https @ 0x7fbfaa41f880] Error reading HTTP response: End of file
[tls @ 0x7fbfaa409f00] IO error: End of file
[https @ 0x7fbfaa442280] Error reading HTTP response: End of file
[tls @ 0x7fbfaa337540] IO error: End of file
[https @ 0x7fbfaa337480] Error reading HTTP response: End of file
[tls @ 0x7fbfaa122400] IO error: End of file
[https @ 0x7fbfaa14fcc0] Error reading HTTP response: End of file
[tls @ 0x7fbfaa134980] IO error: End of file
[https @ 0x7fbfaa122bc0] Error reading HTTP response: End of file
[2026-04-12T20:19:49.487192] Saved clip /Users/Chen/PycharmProjects/CSCI_6234_Final/recordings/cam208/clips/2026/04/13/cam208_20260413T001907Z.mp4 (3109602 bytes)
[2026-04-12T20:19:50.012231] Starting 60-second capture -> /Users/Chen/PycharmProjects/CSCI_6234_Final/recordings/cam208/clips/2026/04/13/cam208_20260413T001950Z.mp4
[tls @ 0x7f952f104e80] IO error: End of file
[https @ 0x7f952f104600] Error reading HTTP response: End of file
[tls @ 0x7f952f10b300] IO error: End of file
[https @ 0x7f952f118e80] Error reading HTTP response: End of file
[tls @ 0x7f951e73fd80] IO error: End of file
[https @ 0x7f951e741180] Error reading HTTP response: End of file
[tls @ 0x7f951e725300] IO error: End of file
[https @ 0x7f951e71bc80] Error reading HTTP response: End of file
[tls @ 0x7f951e73f340] IO error: End of file
[https @ 0x7f951e73edc0] Error reading HTTP response: End of file
[tls @ 0x7f952f31fa40] IO error: End of file
[https @ 0x7f952f30c800] Error reading HTTP response: End of file
[tls @ 0x7f952f329c00] IO error: End of file
[https @ 0x7f952f340940] Error reading HTTP response: End of file
[tls @ 0x7f952f11fec0] IO error: End of file
[https @ 0x7f952f11c900] Error reading HTTP response: End of file
[2026-04-12T20:20:32.137466] Saved clip /Users/Chen/PycharmProjects/CSCI_6234_Final/recordings/cam208/clips/2026/04/13/cam208_20260413T001950Z.mp4 (3109617 bytes)
[2026-04-12T20:20:32.669472] Starting 60-second capture -> /Users/Chen/PycharmProjects/CSCI_6234_Final/recordings/cam208/clips/2026/04/13/cam208_20260413T002032Z.mp4
[tls @ 0x7fc9d3b04500] IO error: End of file
[https @ 0x7fc9d3b043c0] Error reading HTTP response: End of file
[tls @ 0x7fc9d3a38740] IO error: End of file
[https @ 0x7fc9d3a21480] Error reading HTTP response: End of file
[tls @ 0x7fc9d3b19000] IO error: End of file
[https @ 0x7fc9d3b15400] Error reading HTTP response: End of file
[tls @ 0x7fc9d3c43580] IO error: End of file
[https @ 0x7fc9d3c57380] Error reading HTTP response: End of file
[tls @ 0x7fc9d3d12500] IO error: End of file
[https @ 0x7fc9d3d11fc0] Error reading HTTP response: End of file
[tls @ 0x7fc9d3c2f480] IO error: End of file
[https @ 0x7fc9d3c13900] Error reading HTTP response: End of file
[tls @ 0x7fc9d3a40a40] IO error: End of file
[https @ 0x7fc9d3a4e4c0] Error reading HTTP response: End of file
[2026-04-12T20:21:14.951503] Saved clip /Users/Chen/PycharmProjects/CSCI_6234_Final/recordings/cam208/clips/2026/04/13/cam208_20260413T002032Z.mp4 (3111356 bytes)
[2026-04-12T20:21:15.474552] Starting 60-second capture -> /Users/Chen/PycharmProjects/CSCI_6234_Final/recordings/cam208/clips/2026/04/13/cam208_20260413T002115Z.mp4
[tls @ 0x7f9a8c804680] IO error: End of file
[https @ 0x7f9a8c804540] Error reading HTTP response: End of file
[tls @ 0x7f9a8c829a80] IO error: End of file
[https @ 0x7f9a8c804780] Error reading HTTP response: End of file
[tls @ 0x7f9a8c7212c0] IO error: End of file
[https @ 0x7f9a8c71d6c0] Error reading HTTP response: End of file
[tls @ 0x7f9a9d21e1c0] IO error: End of file
[https @ 0x7f9a9d20cc40] Error reading HTTP response: End of file
[tls @ 0x7f9a9d33fc80] IO error: End of file
[https @ 0x7f9a9d365440] Error reading HTTP response: End of file
[tls @ 0x7f9a8c811180] IO error: End of file
[https @ 0x7f9a8c84e880] Error reading HTTP response: End of file
[2026-04-12T20:21:48.474644] Saved clip /Users/Chen/PycharmProjects/CSCI_6234_Final/recordings/cam208/clips/2026/04/13/cam208_20260413T002115Z.mp4 (3111481 bytes)
[2026-04-12T20:21:49.000302] Starting 60-second capture -> /Users/Chen/PycharmProjects/CSCI_6234_Final/recordings/cam208/clips/2026/04/13/cam208_20260413T002148Z.mp4
[tls @ 0x7fc72c405280] IO error: End of file
[https @ 0x7fc72c405140] Error reading HTTP response: End of file
[tls @ 0x7fc72c426ec0] IO error: End of file
[https @ 0x7fc72c44d980] Error reading HTTP response: End of file
[tls @ 0x7fc71b759540] IO error: End of file
[https @ 0x7fc71b759780] Error reading HTTP response: End of file
[tls @ 0x7fc72c40a8c0] IO error: Connection reset by peer
[https @ 0x7fc72c413000] Error reading HTTP response: Connection reset by peer
[in#0/hls @ 0x7fc72c0048c0] keepalive request failed for 'https://itsvideo.arlingtonva.us:8013/live/cam208.stream/media_w362835687_244934.ts' with error: 'Connection reset by peer' when opening url, retrying with new connection
[tls @ 0x7fc72c252900] IO error: End of file
[https @ 0x7fc72c2311c0] Error reading HTTP response: End of file
[tls @ 0x7fc72c20aac0] IO error: End of file
[https @ 0x7fc72c207440] Error reading HTTP response: End of file
[2026-04-12T20:22:31.403990] Saved clip /Users/Chen/PycharmProjects/CSCI_6234_Final/recordings/cam208/clips/2026/04/13/cam208_20260413T002148Z.mp4 (3112605 bytes)
[2026-04-12T20:22:31.929402] Starting 60-second capture -> /Users/Chen/PycharmProjects/CSCI_6234_Final/recordings/cam208/clips/2026/04/13/cam208_20260413T002231Z.mp4
[tls @ 0x7fc3d6204680] IO error: End of file
[https @ 0x7fc3d6204540] Error reading HTTP response: End of file
[tls @ 0x7fc3d634c880] IO error: End of file
[https @ 0x7fc3d6356f80] Error reading HTTP response: End of file
[tls @ 0x7fc3d6515c40] IO error: End of file
[https @ 0x7fc3d6213b40] Error reading HTTP response: End of file
[tls @ 0x7fc3d6410f80] IO error: End of file
[https @ 0x7fc3d6414e80] Error reading HTTP response: End of file
[tls @ 0x7fc3d6536280] IO error: End of file
[https @ 0x7fc3d6537e00] Error reading HTTP response: End of file
[2026-04-12T20:23:13.897482] Saved clip /Users/Chen/PycharmProjects/CSCI_6234_Final/recordings/cam208/clips/2026/04/13/cam208_20260413T002231Z.mp4 (3109803 bytes)
[2026-04-12T20:23:14.419641] Starting 60-second capture -> /Users/Chen/PycharmProjects/CSCI_6234_Final/recordings/cam208/clips/2026/04/13/cam208_20260413T002314Z.mp4
[tls @ 0x7fd2a2304440] IO error: End of file
[https @ 0x7fd291704240] Error reading HTTP response: End of file
[tls @ 0x7fd2a224c900] IO error: End of file
[https @ 0x7fd2a2241600] Error reading HTTP response: End of file
[tls @ 0x7fd291718540] IO error: End of file
[https @ 0x7fd29171c180] Error reading HTTP response: End of file
[tls @ 0x7fd2a240ac00] IO error: End of file
[https @ 0x7fd2a240ab40] Error reading HTTP response: End of file
[tls @ 0x7fd2a240bf80] IO error: End of file
[https @ 0x7fd2a241b340] Error reading HTTP response: End of file
[tls @ 0x7fd29171ec00] IO error: End of file
[https @ 0x7fd291720680] Error reading HTTP response: End of file
[2026-04-12T20:23:56.505539] Saved clip /Users/Chen/PycharmProjects/CSCI_6234_Final/recordings/cam208/clips/2026/04/13/cam208_20260413T002314Z.mp4 (3109153 bytes)
[2026-04-12T20:23:57.032491] Starting 60-second capture -> /Users/Chen/PycharmProjects/CSCI_6234_Final/recordings/cam208/clips/2026/04/13/cam208_20260413T002357Z.mp4
[tls @ 0x7fc7c5b060c0] IO error: End of file
[https @ 0x7fc7c5b06000] Error reading HTTP response: End of file
[tls @ 0x7fc7c5a32d00] IO error: End of file
[https @ 0x7fc7c5a4a3c0] Error reading HTTP response: End of file
[tls @ 0x7fc7b580d740] IO error: End of file
[https @ 0x7fc7b580ed00] Error reading HTTP response: End of file
[tls @ 0x7fc7c5b30340] IO error: End of file
[https @ 0x7fc7c5b30dc0] Error reading HTTP response: End of file
[tls @ 0x7fc7b4f2ea40] IO error: End of file
[https @ 0x7fc7b4f29080] Error reading HTTP response: End of file
[tls @ 0x7fc7c5a32d00] IO error: End of file
[https @ 0x7fc7c5a804c0] Error reading HTTP response: End of file
[tls @ 0x7fc7b4f2ea40] IO error: End of file
[https @ 0x7fc7b4f47cc0] Error reading HTTP response: End of file
[2026-04-12T20:24:39.327475] Saved clip /Users/Chen/PycharmProjects/CSCI_6234_Final/recordings/cam208/clips/2026/04/13/cam208_20260413T002357Z.mp4 (3108449 bytes)
[2026-04-12T20:24:39.852554] Starting 60-second capture -> /Users/Chen/PycharmProjects/CSCI_6234_Final/recordings/cam208/clips/2026/04/13/cam208_20260413T002439Z.mp4
[tls @ 0x7f87a7705100] IO error: End of file
[https @ 0x7f87a7704b80] Error reading HTTP response: End of file
[tls @ 0x7f87c0014d40] IO error: End of file
[https @ 0x7f87b770bc00] Error reading HTTP response: End of file
[tls @ 0x7f87b772c040] IO error: End of file
[https @ 0x7f87b7711c00] Error reading HTTP response: End of file
[tls @ 0x7f87c001a200] IO error: End of file
[https @ 0x7f87c004ef00] Error reading HTTP response: End of file
[tls @ 0x7f87a771f980] IO error: End of file
[https @ 0x7f87a7741340] Error reading HTTP response: End of file
[tls @ 0x7f87b0852b40] IO error: End of file
[https @ 0x7f87b08778c0] Error reading HTTP response: End of file
[tls @ 0x7f87c0058c40] IO error: End of file
[https @ 0x7f87c0069bc0] Error reading HTTP response: End of file
[tls @ 0x7f87b08657c0] IO error: End of file
[https @ 0x7f87b0816700] Error reading HTTP response: End of file
[2026-04-12T20:25:22.365822] Saved clip /Users/Chen/PycharmProjects/CSCI_6234_Final/recordings/cam208/clips/2026/04/13/cam208_20260413T002439Z.mp4 (3109064 bytes)
[2026-04-12T20:25:22.890635] Starting 60-second capture -> /Users/Chen/PycharmProjects/CSCI_6234_Final/recordings/cam208/clips/2026/04/13/cam208_20260413T002522Z.mp4
[tls @ 0x7feecb204680] IO error: End of file
[https @ 0x7feecb204580] Error reading HTTP response: End of file
[tls @ 0x7feecb30b880] IO error: End of file
[https @ 0x7feecb312380] Error reading HTTP response: End of file
[tls @ 0x7feeaa837bc0] IO error: End of file
[https @ 0x7feeaa82b440] Error reading HTTP response: End of file
[tls @ 0x7feeaa720ac0] IO error: End of file
[https @ 0x7feeaa721ac0] Error reading HTTP response: End of file
[tls @ 0x7feecb341a00] IO error: End of file
[https @ 0x7feecb31cd00] Error reading HTTP response: End of file
[tls @ 0x7feecb20d400] IO error: End of file
[https @ 0x7feecb2308c0] Error reading HTTP response: End of file
[tls @ 0x7feeaa837bc0] IO error: End of file
[https @ 0x7feeaa82b440] Error reading HTTP response: End of file
[tls @ 0x7feeaa72af40] IO error: End of file
[https @ 0x7feeaa71c2c0] Error reading HTTP response: End of file
[2026-04-12T20:26:05.142053] Saved clip /Users/Chen/PycharmProjects/CSCI_6234_Final/recordings/cam208/clips/2026/04/13/cam208_20260413T002522Z.mp4 (3109518 bytes)
[2026-04-12T20:26:05.665282] Starting 60-second capture -> /Users/Chen/PycharmProjects/CSCI_6234_Final/recordings/cam208/clips/2026/04/13/cam208_20260413T002605Z.mp4
[tls @ 0x7feeadc06100] IO error: End of file
[https @ 0x7feeadc06000] Error reading HTTP response: End of file
[tls @ 0x7feeada360c0] IO error: End of file
[https @ 0x7feeada1a840] Error reading HTTP response: End of file
[tls @ 0x7feeada17280] IO error: End of file
[https @ 0x7feeada0a1c0] Error reading HTTP response: End of file
[tls @ 0x7feeadb4fc40] IO error: End of file
[https @ 0x7feeadb53440] Error reading HTTP response: End of file
[tls @ 0x7feeadb0d480] IO error: End of file
[https @ 0x7feeadb0d3c0] Error reading HTTP response: End of file
[tls @ 0x7feeadb4fc40] IO error: End of file
[https @ 0x7feeadb0f200] Error reading HTTP response: End of file
[tls @ 0x7feeadc36d00] IO error: End of file
[https @ 0x7feeadc06240] Error reading HTTP response: End of file
[2026-04-12T20:26:47.757239] Saved clip /Users/Chen/PycharmProjects/CSCI_6234_Final/recordings/cam208/clips/2026/04/13/cam208_20260413T002605Z.mp4 (3111281 bytes)
[2026-04-12T20:26:48.283554] Starting 60-second capture -> /Users/Chen/PycharmProjects/CSCI_6234_Final/recordings/cam208/clips/2026/04/13/cam208_20260413T002648Z.mp4
[tls @ 0x7fa7fc7048c0] IO error: End of file
[https @ 0x7fa7fc704800] Error reading HTTP response: End of file
[tls @ 0x7fa7fc766d40] IO error: End of file
[https @ 0x7fa7fc73cd00] Error reading HTTP response: End of file
[tls @ 0x7fa7fc71f200] IO error: End of file
[https @ 0x7fa7fc725ec0] Error reading HTTP response: End of file
[tls @ 0x7fa7fc81d6c0] IO error: End of file
[https @ 0x7fa7fc810540] Error reading HTTP response: End of file
[tls @ 0x7fa80d30fb00] IO error: End of file
[https @ 0x7fa80d310dc0] Error reading HTTP response: End of file
[tls @ 0x7fa80d313000] IO error: End of file
[https @ 0x7fa80d31dd80] Error reading HTTP response: End of file
[tls @ 0x7fa7fc7452c0] IO error: End of file
[https @ 0x7fa7fc75b3c0] Error reading HTTP response: End of file
[2026-04-12T20:27:30.307665] Saved clip /Users/Chen/PycharmProjects/CSCI_6234_Final/recordings/cam208/clips/2026/04/13/cam208_20260413T002648Z.mp4 (3123612 bytes)
[2026-04-12T20:27:30.831982] Starting 60-second capture -> /Users/Chen/PycharmProjects/CSCI_6234_Final/recordings/cam208/clips/2026/04/13/cam208_20260413T002730Z.mp4
[tls @ 0x7fe94bb04380] IO error: End of file
[https @ 0x7fe94bb04240] Error reading HTTP response: End of file
[tls @ 0x7fe94bd39c80] IO error: End of file
[https @ 0x7fe94bd2c380] Error reading HTTP response: End of file
[tls @ 0x7fe94bd19780] IO error: End of file
[https @ 0x7fe94bd1eb00] Error reading HTTP response: End of file
[tls @ 0x7fe94ba272c0] IO error: End of file
[https @ 0x7fe94ba0da80] Error reading HTTP response: End of file
[tls @ 0x7fe94ba44780] IO error: End of file
[https @ 0x7fe94bb08cc0] Error reading HTTP response: End of file
[tls @ 0x7fe94bc31c40] IO error: End of file
[https @ 0x7fe94bc52e80] Error reading HTTP response: End of file
[tls @ 0x7fe94ba42580] IO error: End of file
[https @ 0x7fe94ba05c00] Error reading HTTP response: End of file
[2026-04-12T20:28:13.035022] Saved clip /Users/Chen/PycharmProjects/CSCI_6234_Final/recordings/cam208/clips/2026/04/13/cam208_20260413T002730Z.mp4 (3116981 bytes)
[2026-04-12T20:28:13.557814] Starting 60-second capture -> /Users/Chen/PycharmProjects/CSCI_6234_Final/recordings/cam208/clips/2026/04/13/cam208_20260413T002813Z.mp4
[tls @ 0x7fa399d04140] IO error: End of file
[https @ 0x7fa399c04240] Error reading HTTP response: End of file
[tls @ 0x7fa399b3b540] IO error: End of file
[https @ 0x7fa399b378c0] Error reading HTTP response: End of file
[tls @ 0x7fa399c0e140] IO error: End of file
[https @ 0x7fa399c0a940] Error reading HTTP response: End of file
[tls @ 0x7fa399d3af00] IO error: End of file
[https @ 0x7fa399d266c0] Error reading HTTP response: End of file
[tls @ 0x7fa399d1e8c0] IO error: End of file
[https @ 0x7fa399d781c0] Error reading HTTP response: End of file
[tls @ 0x7fa399c1b780] IO error: End of file
[https @ 0x7fa399c5ca40] Error reading HTTP response: End of file
[tls @ 0x7fa399c52900] IO error: End of file
[https @ 0x7fa399c4d100] Error reading HTTP response: End of file
[2026-04-12T20:28:55.763957] Saved clip /Users/Chen/PycharmProjects/CSCI_6234_Final/recordings/cam208/clips/2026/04/13/cam208_20260413T002813Z.mp4 (3110270 bytes)
[2026-04-12T20:28:56.289904] Starting 60-second capture -> /Users/Chen/PycharmProjects/CSCI_6234_Final/recordings/cam208/clips/2026/04/13/cam208_20260413T002856Z.mp4
[tls @ 0x7f8426704440] IO error: End of file
[https @ 0x7f8427804240] Error reading HTTP response: End of file
[tls @ 0x7f8427a08e80] IO error: End of file
[https @ 0x7f8427a1c4c0] Error reading HTTP response: End of file
[tls @ 0x7f842671e780] IO error: End of file
[https @ 0x7f8426719480] Error reading HTTP response: End of file
[tls @ 0x7f8427973300] IO error: End of file
[https @ 0x7f8427966b00] Error reading HTTP response: End of file
[tls @ 0x7f8427936280] IO error: End of file
[https @ 0x7f8427923c80] Error reading HTTP response: End of file
[tls @ 0x7f8427a376c0] IO error: End of file
[https @ 0x7f8427a46b00] Error reading HTTP response: End of file
[tls @ 0x7f8426765f40] IO error: End of file
[https @ 0x7f842670bc80] Error reading HTTP response: End of file
[2026-04-12T20:29:28.376110] Saved clip /Users/Chen/PycharmProjects/CSCI_6234_Final/recordings/cam208/clips/2026/04/13/cam208_20260413T002856Z.mp4 (3111466 bytes)
[2026-04-12T20:29:28.902655] Starting 60-second capture -> /Users/Chen/PycharmProjects/CSCI_6234_Final/recordings/cam208/clips/2026/04/13/cam208_20260413T002928Z.mp4
[tls @ 0x7fcc10857380] IO error: End of file
[https @ 0x7fcc108695c0] Error reading HTTP response: End of file
[tls @ 0x7fcbf880f9c0] IO error: End of file
[https @ 0x7fcbf8811300] Error reading HTTP response: End of file
[tls @ 0x7fcbf8822e80] IO error: End of file
[https @ 0x7fcbf881cc00] Error reading HTTP response: End of file
[tls @ 0x7fcbf8a2bcc0] IO error: End of file
[https @ 0x7fcbf8a1ce80] Error reading HTTP response: End of file
[tls @ 0x7fcbf8a1b600] IO error: End of file
[https @ 0x7fcbf8a0ee80] Error reading HTTP response: End of file
[tls @ 0x7fcbeff43640] IO error: End of file
[https @ 0x7fcbeff431c0] Error reading HTTP response: End of file
[tls @ 0x7fcbf881d8c0] IO error: End of file
[https @ 0x7fcbf882ca00] Error reading HTTP response: End of file
[tls @ 0x7fcbeff46940] IO error: End of file
[https @ 0x7fcbeff3b5c0] Error reading HTTP response: End of file
[2026-04-12T20:30:12.212156] Saved clip /Users/Chen/PycharmProjects/CSCI_6234_Final/recordings/cam208/clips/2026/04/13/cam208_20260413T002928Z.mp4 (3108576 bytes)
[2026-04-12T20:30:12.737266] Starting 60-second capture -> /Users/Chen/PycharmProjects/CSCI_6234_Final/recordings/cam208/clips/2026/04/13/cam208_20260413T003012Z.mp4
[tls @ 0x7fc5beb04500] IO error: End of file
[https @ 0x7fc5beb043c0] Error reading HTTP response: End of file
[tls @ 0x7fc5bea38dc0] IO error: End of file
[https @ 0x7fc5bea6ad00] Error reading HTTP response: End of file
[tls @ 0x7fc5bea07940] IO error: End of file
[https @ 0x7fc5bea22340] Error reading HTTP response: End of file
[tls @ 0x7fc5beb21c00] IO error: End of file
[https @ 0x7fc5beb21d40] Error reading HTTP response: End of file
[tls @ 0x7fc5bec042c0] IO error: End of file
[https @ 0x7fc5bec08e80] Error reading HTTP response: End of file
[tls @ 0x7fc5bed75800] IO error: End of file
[https @ 0x7fc5beb21ec0] Error reading HTTP response: End of file
[tls @ 0x7fc5beb3a5c0] IO error: End of file
[https @ 0x7fc5beb3d840] Error reading HTTP response: End of file
[2026-04-12T20:30:55.240937] Saved clip /Users/Chen/PycharmProjects/CSCI_6234_Final/recordings/cam208/clips/2026/04/13/cam208_20260413T003012Z.mp4 (3111269 bytes)
[2026-04-12T20:30:55.762706] Starting 60-second capture -> /Users/Chen/PycharmProjects/CSCI_6234_Final/recordings/cam208/clips/2026/04/13/cam208_20260413T003055Z.mp4
[tls @ 0x7fce31a04680] IO error: End of file
[https @ 0x7fce31a04540] Error reading HTTP response: End of file
[tls @ 0x7fce31c30380] IO error: End of file
[https @ 0x7fce31c3b440] Error reading HTTP response: End of file
[tls @ 0x7fce31d04b80] IO error: End of file
[https @ 0x7fce31a06240] Error reading HTTP response: End of file
[tls @ 0x7fce31b0a600] IO error: End of file
[https @ 0x7fce31b29b40] Error reading HTTP response: End of file
[tls @ 0x7fce31956ac0] IO error: End of file
[https @ 0x7fce31968cc0] Error reading HTTP response: End of file
[tls @ 0x7fce31c342c0] IO error: End of file
[https @ 0x7fce31c3b440] Error reading HTTP response: End of file
[tls @ 0x7fce31d4c4c0] IO error: End of file
[https @ 0x7fce31d4c900] Error reading HTTP response: End of file
[tls @ 0x7fce31d075c0] IO error: End of file
[https @ 0x7fce31d0eac0] Error reading HTTP response: End of file
[2026-04-12T20:31:38.372482] Saved clip /Users/Chen/PycharmProjects/CSCI_6234_Final/recordings/cam208/clips/2026/04/13/cam208_20260413T003055Z.mp4 (3109124 bytes)
[2026-04-12T20:31:38.894533] Starting 60-second capture -> /Users/Chen/PycharmProjects/CSCI_6234_Final/recordings/cam208/clips/2026/04/13/cam208_20260413T003138Z.mp4
[tls @ 0x7f8522004680] IO error: End of file
[https @ 0x7f8522004540] Error reading HTTP response: End of file
[tls @ 0x7f8521f3eec0] IO error: End of file
[https @ 0x7f8521f4d880] Error reading HTTP response: End of file
[tls @ 0x7f8521f0ec40] IO error: End of file
[https @ 0x7f8521f20440] Error reading HTTP response: End of file
[tls @ 0x7f852200e200] IO error: End of file
[https @ 0x7f852202ce80] Error reading HTTP response: End of file
[tls @ 0x7f852203cf40] IO error: End of file
[https @ 0x7f8522009f80] Error reading HTTP response: End of file
[tls @ 0x7f8532b3d2c0] IO error: End of file
[https @ 0x7f8532b3ca80] Error reading HTTP response: End of file
[tls @ 0x7f8532a129c0] IO error: End of file
[https @ 0x7f8532a1a140] Error reading HTTP response: End of file
[2026-04-12T20:32:21.476505] Saved clip /Users/Chen/PycharmProjects/CSCI_6234_Final/recordings/cam208/clips/2026/04/13/cam208_20260413T003138Z.mp4 (3103408 bytes)
[2026-04-12T20:32:22.004667] Starting 60-second capture -> /Users/Chen/PycharmProjects/CSCI_6234_Final/recordings/cam208/clips/2026/04/13/cam208_20260413T003222Z.mp4
[tls @ 0x7f9adba04900] IO error: End of file
[https @ 0x7f9adbb043c0] Error reading HTTP response: End of file
[tls @ 0x7f9adba3aa00] IO error: End of file
[https @ 0x7f9adbc2d6c0] Error reading HTTP response: End of file
[tls @ 0x7f9acaf12cc0] IO error: End of file
[https @ 0x7f9acaf1d880] Error reading HTTP response: End of file
[tls @ 0x7f9adbb2c440] IO error: End of file
[https @ 0x7f9adbb1c9c0] Error reading HTTP response: End of file
[tls @ 0x7f9adbb0b280] IO error: End of file
[https @ 0x7f9adbb42200] Error reading HTTP response: End of file
[tls @ 0x7f9acaf46d40] IO error: End of file
[https @ 0x7f9acaf47480] Error reading HTTP response: End of file
[tls @ 0x7f9adbc1c1c0] IO error: End of file
[https @ 0x7f9adbc56ec0] Error reading HTTP response: End of file
[2026-04-12T20:33:04.102855] Saved clip /Users/Chen/PycharmProjects/CSCI_6234_Final/recordings/cam208/clips/2026/04/13/cam208_20260413T003222Z.mp4 (3103587 bytes)
[2026-04-12T20:33:04.627840] Starting 60-second capture -> /Users/Chen/PycharmProjects/CSCI_6234_Final/recordings/cam208/clips/2026/04/13/cam208_20260413T003304Z.mp4
[tls @ 0x7ff47f704680] IO error: End of file
[https @ 0x7ff47f704540] Error reading HTTP response: End of file
[tls @ 0x7ff47f741c80] IO error: End of file
[https @ 0x7ff47f74a8c0] Error reading HTTP response: End of file
[tls @ 0x7ff48f723440] IO error: End of file
[https @ 0x7ff48f732600] Error reading HTTP response: End of file
[tls @ 0x7ff488023480] IO error: End of file
[https @ 0x7ff488009980] Error reading HTTP response: End of file
[tls @ 0x7ff48f70ca00] IO error: End of file
[https @ 0x7ff48f728e80] Error reading HTTP response: End of file
[tls @ 0x7ff488023480] IO error: End of file
[https @ 0x7ff4880492c0] Error reading HTTP response: End of file
[tls @ 0x7ff48f708f80] IO error: End of file
[https @ 0x7ff48f77b480] Error reading HTTP response: End of file
[2026-04-12T20:33:46.663483] Saved clip /Users/Chen/PycharmProjects/CSCI_6234_Final/recordings/cam208/clips/2026/04/13/cam208_20260413T003304Z.mp4 (3105972 bytes)
[2026-04-12T20:33:47.187553] Starting 60-second capture -> /Users/Chen/PycharmProjects/CSCI_6234_Final/recordings/cam208/clips/2026/04/13/cam208_20260413T003347Z.mp4
[tls @ 0x7fdb15404380] IO error: End of file
[https @ 0x7fdb15404240] Error reading HTTP response: End of file
[tls @ 0x7fdb1560b880] IO error: End of file
[https @ 0x7fdb15610d00] Error reading HTTP response: End of file
[tls @ 0x7fdb15520100] IO error: End of file
[https @ 0x7fdb15527280] Error reading HTTP response: End of file
[tls @ 0x7fdb1542ab00] IO error: End of file
[https @ 0x7fdb15438e40] Error reading HTTP response: End of file
[tls @ 0x7fdb15445400] IO error: End of file
[https @ 0x7fdb15443440] Error reading HTTP response: End of file
[tls @ 0x7fdb1533f1c0] IO error: End of file
[https @ 0x7fdb1533b9c0] Error reading HTTP response: End of file
[tls @ 0x7fdb1552ff40] IO error: End of file
[https @ 0x7fdb1552dec0] Error reading HTTP response: End of file
[tls @ 0x7fdb1550c500] IO error: End of file
[https @ 0x7fdb1550efc0] Error reading HTTP response: End of file
[2026-04-12T20:34:29.058466] Saved clip /Users/Chen/PycharmProjects/CSCI_6234_Final/recordings/cam208/clips/2026/04/13/cam208_20260413T003347Z.mp4 (3113163 bytes)
[2026-04-12T20:34:29.584037] Starting 60-second capture -> /Users/Chen/PycharmProjects/CSCI_6234_Final/recordings/cam208/clips/2026/04/13/cam208_20260413T003429Z.mp4
[tls @ 0x7f8bc1a04680] IO error: End of file
[https @ 0x7f8bc1a04540] Error reading HTTP response: End of file
[tls @ 0x7f8bc1c09180] IO error: End of file
[https @ 0x7f8bc1c0a4c0] Error reading HTTP response: End of file
[tls @ 0x7f8bc1c2d040] IO error: End of file
[https @ 0x7f8bc1c1a400] Error reading HTTP response: End of file
[tls @ 0x7f8bc1919b40] IO error: End of file
[https @ 0x7f8bc1937f80] Error reading HTTP response: End of file
[tls @ 0x7f8bc1a4e1c0] IO error: End of file
[https @ 0x7f8bc1915100] Error reading HTTP response: End of file
[tls @ 0x7f8bc1a046c0] IO error: End of file
[https @ 0x7f8bc1a1f7c0] Error reading HTTP response: End of file
[tls @ 0x7f8bc1910980] IO error: End of file
[https @ 0x7f8bc195e900] Error reading HTTP response: End of file
[tls @ 0x7f8bc1c5e9c0] IO error: End of file
[https @ 0x7f8bc1c151c0] Error reading HTTP response: End of file
[2026-04-12T20:35:11.724206] Saved clip /Users/Chen/PycharmProjects/CSCI_6234_Final/recordings/cam208/clips/2026/04/13/cam208_20260413T003429Z.mp4 (3106773 bytes)
[2026-04-12T20:35:12.251246] Starting 60-second capture -> /Users/Chen/PycharmProjects/CSCI_6234_Final/recordings/cam208/clips/2026/04/13/cam208_20260413T003512Z.mp4
[tls @ 0x7fed11404380] IO error: End of file
[https @ 0x7fed11404240] Error reading HTTP response: End of file
[tls @ 0x7fed11425080] IO error: End of file
[https @ 0x7fed11438f00] Error reading HTTP response: End of file
[tls @ 0x7fed1166e880] IO error: End of file
[https @ 0x7fed1161dd40] Error reading HTTP response: End of file
[tls @ 0x7fed1142c100] IO error: End of file
[https @ 0x7fed11432240] Error reading HTTP response: End of file
[tls @ 0x7fed1166e880] IO error: End of file
[https @ 0x7fed11472440] Error reading HTTP response: End of file
[tls @ 0x7fed1147c580] IO error: End of file
[https @ 0x7fed1148eb80] Error reading HTTP response: End of file
[tls @ 0x7fed1166e880] IO error: End of file
[https @ 0x7fed1164f080] Error reading HTTP response: End of file
[tls @ 0x7fed11523540] IO error: End of file
[https @ 0x7fed11509c00] Error reading HTTP response: End of file
[2026-04-12T20:35:54.368578] Saved clip /Users/Chen/PycharmProjects/CSCI_6234_Final/recordings/cam208/clips/2026/04/13/cam208_20260413T003512Z.mp4 (3107012 bytes)
[2026-04-12T20:35:54.895699] Starting 60-second capture -> /Users/Chen/PycharmProjects/CSCI_6234_Final/recordings/cam208/clips/2026/04/13/cam208_20260413T003554Z.mp4
[tls @ 0x7faeb6a04500] IO error: End of file
[https @ 0x7faeb6a043c0] Error reading HTTP response: End of file
[tls @ 0x7faea5f2e200] IO error: End of file
[https @ 0x7faea5f22f80] Error reading HTTP response: End of file
[tls @ 0x7faeb6b0a440] IO error: End of file
[https @ 0x7faeb6b09ec0] Error reading HTTP response: End of file
[tls @ 0x7faeb6a38380] IO error: End of file
[https @ 0x7faeb6a40540] Error reading HTTP response: End of file
[tls @ 0x7faeb6b2e4c0] IO error: End of file
[https @ 0x7faeb6b356c0] Error reading HTTP response: End of file
[tls @ 0x7faea5f45200] IO error: End of file
[https @ 0x7faea5f38a80] Error reading HTTP response: End of file
[tls @ 0x7faeb6b3de40] IO error: End of file
[https @ 0x7faeb6b30c80] Error reading HTTP response: End of file
[2026-04-12T20:36:37.145776] Saved clip /Users/Chen/PycharmProjects/CSCI_6234_Final/recordings/cam208/clips/2026/04/13/cam208_20260413T003554Z.mp4 (3107239 bytes)
[2026-04-12T20:36:37.664908] Starting 60-second capture -> /Users/Chen/PycharmProjects/CSCI_6234_Final/recordings/cam208/clips/2026/04/13/cam208_20260413T003637Z.mp4
[tls @ 0x7fe042405a80] IO error: End of file
[https @ 0x7fe042405940] Error reading HTTP response: End of file
[tls @ 0x7fe0422205c0] IO error: End of file
[https @ 0x7fe0422281c0] Error reading HTTP response: End of file
[tls @ 0x7fe031710a80] IO error: End of file
[https @ 0x7fe042419100] Error reading HTTP response: End of file
[tls @ 0x7fe04232f580] IO error: End of file
[https @ 0x7fe042304800] Error reading HTTP response: End of file
[tls @ 0x7fe0423296c0] IO error: End of file
[https @ 0x7fe04231fe00] Error reading HTTP response: End of file
[tls @ 0x7fe0422205c0] IO error: End of file
[https @ 0x7fe03172e440] Error reading HTTP response: End of file
[tls @ 0x7fe0423296c0] IO error: End of file
[https @ 0x7fe04231d4c0] Error reading HTTP response: End of file
[2026-04-12T20:37:20.287566] Saved clip /Users/Chen/PycharmProjects/CSCI_6234_Final/recordings/cam208/clips/2026/04/13/cam208_20260413T003637Z.mp4 (3109926 bytes)
[2026-04-12T20:37:20.812080] Starting 60-second capture -> /Users/Chen/PycharmProjects/CSCI_6234_Final/recordings/cam208/clips/2026/04/13/cam208_20260413T003720Z.mp4
[tls @ 0x7fb5bd7044c0] IO error: End of file
[https @ 0x7fb5bd7043c0] Error reading HTTP response: End of file
[tls @ 0x7fb5ce1082c0] IO error: End of file
[https @ 0x7fb5ce10f040] Error reading HTTP response: End of file
[tls @ 0x7fb5ce1239c0] IO error: End of file
[https @ 0x7fb5ce11fdc0] Error reading HTTP response: End of file
[tls @ 0x7fb5bd70ebc0] IO error: Connection reset by peer
[https @ 0x7fb5bd706b80] Error reading HTTP response: Connection reset by peer
[in#0/hls @ 0x7fb5cd707e40] keepalive request failed for 'https://itsvideo.arlingtonva.us:8013/live/cam208.stream/media_w240971909_245026.ts' with error: 'Connection reset by peer' when opening url, retrying with new connection
[tls @ 0x7fb5bd709600] IO error: End of file
[https @ 0x7fb5bd709540] Error reading HTTP response: End of file
[tls @ 0x7fb5bd747880] IO error: End of file
[https @ 0x7fb5bd7157c0] Error reading HTTP response: End of file
[tls @ 0x7fb5ce23f600] IO error: End of file
[https @ 0x7fb5ce21ffc0] Error reading HTTP response: End of file
[tls @ 0x7fb5bd747880] IO error: End of file
[https @ 0x7fb5bd7167c0] Error reading HTTP response: End of file
[2026-04-12T20:38:04.088341] Saved clip /Users/Chen/PycharmProjects/CSCI_6234_Final/recordings/cam208/clips/2026/04/13/cam208_20260413T003720Z.mp4 (3105060 bytes)
[2026-04-12T20:38:04.614393] Starting 60-second capture -> /Users/Chen/PycharmProjects/CSCI_6234_Final/recordings/cam208/clips/2026/04/13/cam208_20260413T003804Z.mp4
[tls @ 0x7f89c47048c0] IO error: End of file
[https @ 0x7f89c4704800] Error reading HTTP response: End of file
[tls @ 0x7f89d538e080] IO error: End of file
[https @ 0x7f89d5385e80] Error reading HTTP response: End of file
[tls @ 0x7f89d54099c0] IO error: Connection reset by peer
[https @ 0x7f89d540e200] Error reading HTTP response: Connection reset by peer
[in#0/hls @ 0x7f89d50048c0] keepalive request failed for 'https://itsvideo.arlingtonva.us:8013/live/cam208.stream/media_w1477594851_245030.ts' with error: 'Connection reset by peer' when opening url, retrying with new connection
[tls @ 0x7f89d5441cc0] IO error: End of file
[https @ 0x7f89d5423280] Error reading HTTP response: End of file
[tls @ 0x7f89d5210400] IO error: End of file
[https @ 0x7f89d5230d40] Error reading HTTP response: End of file
[2026-04-12T20:38:47.690140] Saved clip /Users/Chen/PycharmProjects/CSCI_6234_Final/recordings/cam208/clips/2026/04/13/cam208_20260413T003804Z.mp4 (3113235 bytes)
[2026-04-12T20:38:48.202498] Starting 60-second capture -> /Users/Chen/PycharmProjects/CSCI_6234_Final/recordings/cam208/clips/2026/04/13/cam208_20260413T003848Z.mp4
[tls @ 0x7fe926004680] IO error: End of file
[https @ 0x7fe926004540] Error reading HTTP response: End of file
[tls @ 0x7fe9363325c0] IO error: End of file
[https @ 0x7fe936359bc0] Error reading HTTP response: End of file
[tls @ 0x7fe936306740] IO error: End of file
[https @ 0x7fe936306640] Error reading HTTP response: End of file
[tls @ 0x7fe936104440] IO error: End of file
[https @ 0x7fe936105500] Error reading HTTP response: End of file
[tls @ 0x7fe936207cc0] IO error: End of file
[https @ 0x7fe936207c00] Error reading HTTP response: End of file
[tls @ 0x7fe926204280] IO error: End of file
[https @ 0x7fe9262040c0] Error reading HTTP response: End of file
[tls @ 0x7fe8f5704240] IO error: End of file
[https @ 0x7fe8f5704080] Error reading HTTP response: End of file
[2026-04-12T20:39:30.980815] Saved clip /Users/Chen/PycharmProjects/CSCI_6234_Final/recordings/cam208/clips/2026/04/13/cam208_20260413T003848Z.mp4 (3109987 bytes)
[2026-04-12T20:39:31.496404] Starting 60-second capture -> /Users/Chen/PycharmProjects/CSCI_6234_Final/recordings/cam208/clips/2026/04/13/cam208_20260413T003931Z.mp4
[tls @ 0x7fdd8d204b80] IO error: End of file
[https @ 0x7fdd8d204a80] Error reading HTTP response: End of file
[tls @ 0x7fdd8d4146c0] IO error: End of file
[https @ 0x7fdd8d404380] Error reading HTTP response: End of file
[tls @ 0x7fdd8d537a80] IO error: End of file
[https @ 0x7fdd8d52a740] Error reading HTTP response: End of file
[tls @ 0x7fdd8d310c00] IO error: End of file
[https @ 0x7fdd8d30f340] Error reading HTTP response: End of file
[2026-04-12T20:40:14.502313] Saved clip /Users/Chen/PycharmProjects/CSCI_6234_Final/recordings/cam208/clips/2026/04/13/cam208_20260413T003931Z.mp4 (3113918 bytes)
[2026-04-12T20:40:15.020084] Starting 60-second capture -> /Users/Chen/PycharmProjects/CSCI_6234_Final/recordings/cam208/clips/2026/04/13/cam208_20260413T004015Z.mp4
[tls @ 0x7fabb7705100] IO error: End of file
[https @ 0x7fabb7704b80] Error reading HTTP response: End of file
[tls @ 0x7fabc0006a80] IO error: End of file
[https @ 0x7fabc0012700] Error reading HTTP response: End of file
[tls @ 0x7fabc0308d40] IO error: End of file
[https @ 0x7fabc0308c80] Error reading HTTP response: End of file
[tls @ 0x7fabc0124fc0] IO error: End of file
[https @ 0x7fabc0120900] Error reading HTTP response: End of file
[tls @ 0x7fabc0313900] IO error: End of file
[https @ 0x7fabc0308d40] Error reading HTTP response: End of file
[tls @ 0x7fabc0234640] IO error: End of file
[https @ 0x7fabc0266800] Error reading HTTP response: End of file
[tls @ 0x7fabc0310940] IO error: End of file
[https @ 0x7fabc0307700] Error reading HTTP response: End of file
[2026-04-12T20:40:57.590858] Saved clip /Users/Chen/PycharmProjects/CSCI_6234_Final/recordings/cam208/clips/2026/04/13/cam208_20260413T004015Z.mp4 (3109965 bytes)
[2026-04-12T20:40:58.103380] Starting 60-second capture -> /Users/Chen/PycharmProjects/CSCI_6234_Final/recordings/cam208/clips/2026/04/13/cam208_20260413T004058Z.mp4
[tls @ 0x7f8ba0904500] IO error: End of file
[https @ 0x7f8ba09043c0] Error reading HTTP response: End of file
[tls @ 0x7f8ba09291c0] IO error: End of file
[https @ 0x7f8ba0929680] Error reading HTTP response: End of file
[tls @ 0x7f8b97f04b40] IO error: End of file
[https @ 0x7f8b97f17dc0] Error reading HTTP response: End of file
[tls @ 0x7f8ba0866540] IO error: End of file
[https @ 0x7f8ba083d300] Error reading HTTP response: End of file
[tls @ 0x7f8ba09470c0] IO error: End of file
[https @ 0x7f8b97f040c0] Error reading HTTP response: End of file
[tls @ 0x7f8ba0a6c1c0] IO error: End of file
[https @ 0x7f8ba0a769c0] Error reading HTTP response: End of file
[tls @ 0x7f8ba083a500] IO error: End of file
[https @ 0x7f8ba0807fc0] Error reading HTTP response: End of file
[2026-04-12T20:41:40.838819] Saved clip /Users/Chen/PycharmProjects/CSCI_6234_Final/recordings/cam208/clips/2026/04/13/cam208_20260413T004058Z.mp4 (3115337 bytes)
[2026-04-12T20:41:41.357110] Starting 60-second capture -> /Users/Chen/PycharmProjects/CSCI_6234_Final/recordings/cam208/clips/2026/04/13/cam208_20260413T004141Z.mp4
[tls @ 0x7fdbb1d35700] IO error: End of file
[https @ 0x7fdbb1d31b00] Error reading HTTP response: End of file
[tls @ 0x7fdbb1d35700] IO error: End of file
[https @ 0x7fdbb1d2ed00] Error reading HTTP response: End of file
[tls @ 0x7fdbb1b063c0] IO error: End of file
[https @ 0x7fdbb1b062c0] Error reading HTTP response: End of file
[tls @ 0x7fdbb1d35700] IO error: End of file
[https @ 0x7fdbb1d31b00] Error reading HTTP response: End of file
[tls @ 0x7fdbb1a69580] IO error: End of file
[https @ 0x7fdbb1a27280] Error reading HTTP response: End of file
[tls @ 0x7fdbb1b407c0] IO error: End of file
[https @ 0x7fdbb1b05040] Error reading HTTP response: End of file
[tls @ 0x7fdbb1abc040] IO error: End of file
[https @ 0x7fdbb1ab8440] Error reading HTTP response: End of file
[2026-04-12T20:42:23.876885] Saved clip /Users/Chen/PycharmProjects/CSCI_6234_Final/recordings/cam208/clips/2026/04/13/cam208_20260413T004141Z.mp4 (3111838 bytes)
[2026-04-12T20:42:24.395471] Starting 60-second capture -> /Users/Chen/PycharmProjects/CSCI_6234_Final/recordings/cam208/clips/2026/04/13/cam208_20260413T004224Z.mp4
[tls @ 0x7f9019705100] IO error: End of file
[https @ 0x7f9019704b80] Error reading HTTP response: End of file
[tls @ 0x7f902a25d640] IO error: End of file
[https @ 0x7f902a23cf80] Error reading HTTP response: End of file
[tls @ 0x7f902a214bc0] IO error: End of file
[https @ 0x7f902a226dc0] Error reading HTTP response: End of file
[tls @ 0x7f901a00f7c0] IO error: End of file
[https @ 0x7f9019704b80] Error reading HTTP response: End of file
[tls @ 0x7f902a20e9c0] IO error: End of file
[https @ 0x7f902a21d100] Error reading HTTP response: End of file
[tls @ 0x7f902a342f80] IO error: End of file
[https @ 0x7f902a35ec80] Error reading HTTP response: End of file
[tls @ 0x7f901a01a940] IO error: End of file
[https @ 0x7f901a018d80] Error reading HTTP response: End of file
[2026-04-12T20:43:07.820375] Saved clip /Users/Chen/PycharmProjects/CSCI_6234_Final/recordings/cam208/clips/2026/04/13/cam208_20260413T004224Z.mp4 (3109706 bytes)
[2026-04-12T20:43:08.337636] Starting 60-second capture -> /Users/Chen/PycharmProjects/CSCI_6234_Final/recordings/cam208/clips/2026/04/13/cam208_20260413T004308Z.mp4
[tls @ 0x7ff315604500] IO error: End of file
[https @ 0x7ff3156043c0] Error reading HTTP response: End of file
[tls @ 0x7ff315416f40] IO error: End of file
[https @ 0x7ff315419600] Error reading HTTP response: End of file
[tls @ 0x7ff315529080] IO error: End of file
[https @ 0x7ff315504440] Error reading HTTP response: End of file
[2026-04-12T20:43:30.601253] Recorder thread stopped
