[2026-04-12T16:17:35.057443] Recorder thread started
[2026-04-12T16:17:35.061793] Starting 60-second capture -> /Users/Chen/PycharmProjects/CSCI_6234_Final/recordings/cam222/clips/2026/04/12/cam222_20260412T201735Z.mp4
[tls @ 0x7fa3bac04680] IO error: End of file
[https @ 0x7fa3bac04540] Error reading HTTP response: End of file
[tls @ 0x7fa3bac04780] IO error: End of file
[https @ 0x7fa3bac05c00] Error reading HTTP response: End of file
[tls @ 0x7fa3bac05480] IO error: End of file
[https @ 0x7fa3bac053c0] Error reading HTTP response: End of file
[tls @ 0x7fa3bae060c0] IO error: End of file
[https @ 0x7fa3bae069c0] Error reading HTTP response: End of file
[tls @ 0x7fa3bac07540] IO error: End of file
[https @ 0x7fa3bac05c00] Stream ends prematurely at 683568, should be 1003356
[2026-04-12T16:18:25.216015] Saved clip /Users/Chen/PycharmProjects/CSCI_6234_Final/recordings/cam222/clips/2026/04/12/cam222_20260412T201735Z.mp4 (5592627 bytes)
[2026-04-12T16:18:25.725399] Starting 60-second capture -> /Users/Chen/PycharmProjects/CSCI_6234_Final/recordings/cam222/clips/2026/04/12/cam222_20260412T201825Z.mp4
[tls @ 0x7f7c95f062c0] IO error: End of file
[https @ 0x7f7c95f05d80] Error reading HTTP response: End of file
[tls @ 0x7f7c8712bf40] IO error: End of file
[https @ 0x7f7c8712bcc0] Error reading HTTP response: End of file
[tls @ 0x7f7c87014fc0] IO error: End of file
[https @ 0x7f7c87010a80] Error reading HTTP response: End of file
[tls @ 0x7f7c87010a80] IO error: End of file
[https @ 0x7f7c87010b40] Error reading HTTP response: End of file
[2026-04-12T16:19:12.389315] Saved clip /Users/Chen/PycharmProjects/CSCI_6234_Final/recordings/cam222/clips/2026/04/12/cam222_20260412T201825Z.mp4 (5953932 bytes)
[2026-04-12T16:19:12.896773] Starting 60-second capture -> /Users/Chen/PycharmProjects/CSCI_6234_Final/recordings/cam222/clips/2026/04/12/cam222_20260412T201912Z.mp4
[tls @ 0x7fe185904500] IO error: End of file
[https @ 0x7fe1859043c0] Error reading HTTP response: End of file
[tls @ 0x7fe196327400] IO error: End of file
[https @ 0x7fe1963138c0] Error reading HTTP response: End of file
[tls @ 0x7fe185925e00] IO error: End of file
[https @ 0x7fe185906100] Error reading HTTP response: End of file
[tls @ 0x7fe196327400] IO error: End of file
[https @ 0x7fe196311ec0] Error reading HTTP response: End of file
[2026-04-12T16:19:52.696402] Saved clip /Users/Chen/PycharmProjects/CSCI_6234_Final/recordings/cam222/clips/2026/04/12/cam222_20260412T201912Z.mp4 (5938266 bytes)
[2026-04-12T16:19:53.203507] Starting 60-second capture -> /Users/Chen/PycharmProjects/CSCI_6234_Final/recordings/cam222/clips/2026/04/12/cam222_20260412T201953Z.mp4
[tls @ 0x7faa86f05b00] IO error: End of file
[https @ 0x7faa86f059c0] Error reading HTTP response: End of file
[tls @ 0x7faa86f0b100] IO error: End of file
[https @ 0x7faa86f13880] Error reading HTTP response: End of file
[tls @ 0x7faa87011f40] IO error: End of file
[https @ 0x7faa87013bc0] Error reading HTTP response: End of file
[tls @ 0x7faa86f05ec0] IO error: End of file
[https @ 0x7faa86f05980] Stream ends prematurely at 535236, should be 1023848
[tls @ 0x7faa87126080] IO error: End of file
[https @ 0x7faa87125b40] Error reading HTTP response: End of file
[2026-04-12T16:20:36.499041] Saved clip /Users/Chen/PycharmProjects/CSCI_6234_Final/recordings/cam222/clips/2026/04/12/cam222_20260412T201953Z.mp4 (5474345 bytes)
[2026-04-12T16:20:37.015370] Starting 60-second capture -> /Users/Chen/PycharmProjects/CSCI_6234_Final/recordings/cam222/clips/2026/04/12/cam222_20260412T202037Z.mp4
[tls @ 0x7f7cb8906ac0] IO error: End of file
[https @ 0x7f7cb8906540] Error reading HTTP response: End of file
[tls @ 0x7f7c9f74f2c0] IO error: End of file
[https @ 0x7f7c9f73d440] Error reading HTTP response: End of file
[tls @ 0x7f7c9f74f2c0] IO error: End of file
[https @ 0x7f7c9f753840] Error reading HTTP response: End of file
[tls @ 0x7f7cb8936e40] IO error: End of file
[https @ 0x7f7cb8945840] Error reading HTTP response: End of file
[2026-04-12T16:21:26.139486] Saved clip /Users/Chen/PycharmProjects/CSCI_6234_Final/recordings/cam222/clips/2026/04/12/cam222_20260412T202037Z.mp4 (5915171 bytes)
[2026-04-12T16:21:26.650664] Starting 60-second capture -> /Users/Chen/PycharmProjects/CSCI_6234_Final/recordings/cam222/clips/2026/04/12/cam222_20260412T202126Z.mp4
[tls @ 0x7ff3de7066c0] IO error: End of file
[https @ 0x7ff3de706580] Error reading HTTP response: End of file
[tls @ 0x7ff3de73cbc0] IO error: End of file
[https @ 0x7ff3de739500] Error reading HTTP response: End of file
[tls @ 0x7ff3de73cbc0] IO error: End of file
[https @ 0x7ff3de7376c0] Error reading HTTP response: End of file
[tls @ 0x7ff3be717640] IO error: End of file
[https @ 0x7ff3be7276c0] Error reading HTTP response: End of file
[2026-04-12T16:22:09.821707] Saved clip /Users/Chen/PycharmProjects/CSCI_6234_Final/recordings/cam222/clips/2026/04/12/cam222_20260412T202126Z.mp4 (5891686 bytes)
[2026-04-12T16:22:10.330141] Starting 60-second capture -> /Users/Chen/PycharmProjects/CSCI_6234_Final/recordings/cam222/clips/2026/04/12/cam222_20260412T202210Z.mp4
[tls @ 0x7fa066b04680] IO error: End of file
[https @ 0x7fa066b04580] Error reading HTTP response: End of file
[tls @ 0x7fa045f28880] IO error: End of file
[https @ 0x7fa045f1dd80] Error reading HTTP response: End of file
[tls @ 0x7fa066a15ac0] IO error: End of file
[https @ 0x7fa066a18fc0] Error reading HTTP response: End of file
[tls @ 0x7fa066b17c00] IO error: End of file
[https @ 0x7fa066b10740] Error reading HTTP response: End of file
[tls @ 0x7fa066b7bfc0] IO error: End of file
[https @ 0x7fa066b96200] Error reading HTTP response: End of file
[tls @ 0x7fa066b17c00] IO error: End of file
[https @ 0x7fa066baf080] Error reading HTTP response: End of file
[2026-04-12T16:22:53.702634] Saved clip /Users/Chen/PycharmProjects/CSCI_6234_Final/recordings/cam222/clips/2026/04/12/cam222_20260412T202210Z.mp4 (5955779 bytes)
[2026-04-12T16:22:54.212377] Starting 60-second capture -> /Users/Chen/PycharmProjects/CSCI_6234_Final/recordings/cam222/clips/2026/04/12/cam222_20260412T202254Z.mp4
[tls @ 0x7fd508005840] IO error: End of file
[https @ 0x7fd508005700] Error reading HTTP response: End of file
[tls @ 0x7fd4f9006d00] IO error: End of file
[https @ 0x7fd4f9006c40] Stream ends prematurely at 500644, should be 1012568
[tls @ 0x7fd4f9006d00] IO error: End of file
[https @ 0x7fd4f9006c40] Error reading HTTP response: End of file
[tls @ 0x7fd4f9024840] IO error: End of file
[https @ 0x7fd4f9024a00] Error reading HTTP response: End of file
[tls @ 0x7fd508005f00] IO error: End of file
[https @ 0x7fd508005e40] Stream ends prematurely at 742412, should be 1045468
[tls @ 0x7fd4f9024840] IO error: End of file
[https @ 0x7fd4f9025200] Error reading HTTP response: End of file
[2026-04-12T16:23:34.192960] Saved clip /Users/Chen/PycharmProjects/CSCI_6234_Final/recordings/cam222/clips/2026/04/12/cam222_20260412T202254Z.mp4 (5130320 bytes)
[2026-04-12T16:23:34.701838] Starting 60-second capture -> /Users/Chen/PycharmProjects/CSCI_6234_Final/recordings/cam222/clips/2026/04/12/cam222_20260412T202334Z.mp4
[tls @ 0x7f8559004500] IO error: End of file
[https @ 0x7f85590043c0] Error reading HTTP response: End of file
[tls @ 0x7f855ff16740] IO error: End of file
[https @ 0x7f855ff19a40] Stream ends prematurely at 744480, should be 1035692
[tls @ 0x7f855ff234c0] IO error: End of file
[https @ 0x7f855ff36000] Error reading HTTP response: End of file
[tls @ 0x7f855ff16740] IO error: End of file
[https @ 0x7f855ff19a40] Error reading HTTP response: End of file
[tls @ 0x7f854ff08ec0] IO error: End of file
[https @ 0x7f854ff24ac0] Error reading HTTP response: End of file
[tls @ 0x7f8559041040] IO error: End of file
[https @ 0x7f855904b7c0] Error reading HTTP response: End of file
[2026-04-12T16:24:25.040660] Saved clip /Users/Chen/PycharmProjects/CSCI_6234_Final/recordings/cam222/clips/2026/04/12/cam222_20260412T202334Z.mp4 (5642713 bytes)
[2026-04-12T16:24:25.549010] Starting 60-second capture -> /Users/Chen/PycharmProjects/CSCI_6234_Final/recordings/cam222/clips/2026/04/12/cam222_20260412T202425Z.mp4
[tls @ 0x7fae3d404500] IO error: End of file
[https @ 0x7fae3d4043c0] Error reading HTTP response: End of file
[tls @ 0x7fae3d4b1a00] IO error: End of file
[https @ 0x7fae3d4d6040] Error reading HTTP response: End of file
[tls @ 0x7fae2c707600] IO error: End of file
[https @ 0x7fae2c707540] Error reading HTTP response: End of file
[tls @ 0x7fae3d534640] IO error: End of file
[https @ 0x7fae3d546f80] Error reading HTTP response: End of file
[tls @ 0x7fae3d404a80] IO error: End of file
[https @ 0x7fae3d4d6040] Stream ends prematurely at 772680, should be 1041896
[2026-04-12T16:25:11.775035] Saved clip /Users/Chen/PycharmProjects/CSCI_6234_Final/recordings/cam222/clips/2026/04/12/cam222_20260412T202425Z.mp4 (5666867 bytes)
[2026-04-12T16:25:12.283394] Starting 60-second capture -> /Users/Chen/PycharmProjects/CSCI_6234_Final/recordings/cam222/clips/2026/04/12/cam222_20260412T202512Z.mp4
[tls @ 0x7f8c95604800] IO error: End of file
[https @ 0x7f8c956046c0] Error reading HTTP response: End of file
[tls @ 0x7f8c9561d380] IO error: End of file
[https @ 0x7f8c95618380] Error reading HTTP response: End of file
[tls @ 0x7f8c95430bc0] IO error: End of file
[https @ 0x7f8c95425740] Error reading HTTP response: End of file
[tls @ 0x7f8c9561c9c0] IO error: End of file
[https @ 0x7f8c9561c900] Stream ends prematurely at 512676, should be 968952
[tls @ 0x7f8c9560bc00] IO error: End of file
[https @ 0x7f8c9560bd80] Error reading HTTP response: End of file
[tls @ 0x7f8c9561c9c0] IO error: End of file
[https @ 0x7f8c9561c900] Error reading HTTP response: End of file
[2026-04-12T16:25:56.806820] Saved clip /Users/Chen/PycharmProjects/CSCI_6234_Final/recordings/cam222/clips/2026/04/12/cam222_20260412T202512Z.mp4 (5445255 bytes)
[2026-04-12T16:25:57.316920] Starting 60-second capture -> /Users/Chen/PycharmProjects/CSCI_6234_Final/recordings/cam222/clips/2026/04/12/cam222_20260412T202557Z.mp4
[tls @ 0x7fca0e405c80] IO error: End of file
[https @ 0x7fca0e405b40] Error reading HTTP response: End of file
[tls @ 0x7fc9fd7052c0] IO error: End of file
[https @ 0x7fc9fd704d00] Error reading HTTP response: End of file
[tls @ 0x7fca0e4516c0] IO error: End of file
[https @ 0x7fca0e448d00] Error reading HTTP response: End of file
[tls @ 0x7fca0e34ea00] IO error: End of file
[https @ 0x7fca0e3380c0] Stream ends prematurely at 752940, should be 1015952
[tls @ 0x7fca0e44d280] IO error: End of file
[https @ 0x7fca0e451680] Error reading HTTP response: End of file
[2026-04-12T16:26:43.417975] Saved clip /Users/Chen/PycharmProjects/CSCI_6234_Final/recordings/cam222/clips/2026/04/12/cam222_20260412T202557Z.mp4 (5705055 bytes)
[2026-04-12T16:26:43.931683] Starting 60-second capture -> /Users/Chen/PycharmProjects/CSCI_6234_Final/recordings/cam222/clips/2026/04/12/cam222_20260412T202643Z.mp4
[tls @ 0x7f8b5ca04680] IO error: End of file
[https @ 0x7f8b5ca04540] Error reading HTTP response: End of file
[tls @ 0x7f8b5cc32d00] IO error: End of file
[https @ 0x7f8b5cc30b00] Error reading HTTP response: End of file
[tls @ 0x7f8b5cb2c4c0] IO error: End of file
[https @ 0x7f8b5cb288c0] Stream ends prematurely at 402884, should be 1036632
[tls @ 0x7f8b5c92bb80] IO error: End of file
[https @ 0x7f8b5c920680] Error reading HTTP response: End of file
[2026-04-12T16:27:18.564901] Saved clip /Users/Chen/PycharmProjects/CSCI_6234_Final/recordings/cam222/clips/2026/04/12/cam222_20260412T202643Z.mp4 (5334723 bytes)
[2026-04-12T16:27:19.075462] Starting 60-second capture -> /Users/Chen/PycharmProjects/CSCI_6234_Final/recordings/cam222/clips/2026/04/12/cam222_20260412T202719Z.mp4
[tls @ 0x7fb8b8704680] IO error: End of file
[https @ 0x7fb8b8704540] Error reading HTTP response: End of file
[tls @ 0x7fb8c964d400] IO error: End of file
[https @ 0x7fb8c9684400] Error reading HTTP response: End of file
[tls @ 0x7fb8c964d400] IO error: End of file
[https @ 0x7fb8c9687900] Error reading HTTP response: End of file
[tls @ 0x7fb8b87246c0] IO error: End of file
[https @ 0x7fb8c95134c0] Error reading HTTP response: End of file
[2026-04-12T16:28:05.332891] Saved clip /Users/Chen/PycharmProjects/CSCI_6234_Final/recordings/cam222/clips/2026/04/12/cam222_20260412T202719Z.mp4 (5953289 bytes)
[2026-04-12T16:28:05.842284] Starting 60-second capture -> /Users/Chen/PycharmProjects/CSCI_6234_Final/recordings/cam222/clips/2026/04/12/cam222_20260412T202805Z.mp4
[tls @ 0x7fabd1b21e80] IO error: End of file
[https @ 0x7fabd1b16fc0] Error reading HTTP response: End of file
[tls @ 0x7fabd1b21e80] IO error: End of file
[https @ 0x7fabd1b1f080] Error reading HTTP response: End of file
[tls @ 0x7fabd6a26740] IO error: End of file
[https @ 0x7fabd6a18000] Error reading HTTP response: End of file
[tls @ 0x7fabd1a3db40] IO error: End of file
[https @ 0x7fabd1939cc0] Error reading HTTP response: End of file
[tls @ 0x7fabd1a61880] IO error: End of file
[https @ 0x7fabd1a63bc0] Stream ends prematurely at 739780, should be 1026480
[2026-04-12T16:28:53.400938] Saved clip /Users/Chen/PycharmProjects/CSCI_6234_Final/recordings/cam222/clips/2026/04/12/cam222_20260412T202805Z.mp4 (5652973 bytes)
[2026-04-12T16:28:53.906440] Starting 60-second capture -> /Users/Chen/PycharmProjects/CSCI_6234_Final/recordings/cam222/clips/2026/04/12/cam222_20260412T202853Z.mp4
[tls @ 0x7fdb6bf04500] IO error: End of file
[https @ 0x7fdb6bf04400] Error reading HTTP response: End of file
[tls @ 0x7fdb6d17b600] IO error: End of file
[https @ 0x7fdb6d18d800] Stream ends prematurely at 707068, should be 1015576
[tls @ 0x7fdb6d011c80] IO error: End of file
[https @ 0x7fdb6d03e380] Error reading HTTP response: End of file
[tls @ 0x7fdb6d17b600] IO error: End of file
[https @ 0x7fdb6d18d800] Error reading HTTP response: End of file
[tls @ 0x7fdb6d215b80] IO error: End of file
[https @ 0x7fdb6d226e80] Error reading HTTP response: End of file
[2026-04-12T16:29:33.344988] Saved clip /Users/Chen/PycharmProjects/CSCI_6234_Final/recordings/cam222/clips/2026/04/12/cam222_20260412T202853Z.mp4 (5564975 bytes)
[2026-04-12T16:29:33.854659] Starting 60-second capture -> /Users/Chen/PycharmProjects/CSCI_6234_Final/recordings/cam222/clips/2026/04/12/cam222_20260412T202933Z.mp4
[tls @ 0x7f8949204140] IO error: End of file
[https @ 0x7f8949104240] Error reading HTTP response: End of file
[tls @ 0x7f89490254c0] IO error: End of file
[https @ 0x7f8949049980] Error reading HTTP response: End of file
[tls @ 0x7f893ff45100] IO error: End of file
[https @ 0x7f893ff08c80] Error reading HTTP response: End of file
[tls @ 0x7f894911ad00] IO error: End of file
[https @ 0x7f8949120e80] Error reading HTTP response: End of file
[2026-04-12T16:30:20.476851] Saved clip /Users/Chen/PycharmProjects/CSCI_6234_Final/recordings/cam222/clips/2026/04/12/cam222_20260412T202933Z.mp4 (5914651 bytes)
[2026-04-12T16:30:20.992642] Starting 60-second capture -> /Users/Chen/PycharmProjects/CSCI_6234_Final/recordings/cam222/clips/2026/04/12/cam222_20260412T203020Z.mp4
[tls @ 0x7fdc219059c0] IO error: End of file
[https @ 0x7fdc21905900] Error reading HTTP response: End of file
[tls @ 0x7fdc21a04680] IO error: End of file
[https @ 0x7fdc21a045c0] Error reading HTTP response: End of file
[tls @ 0x7fdc10f37880] IO error: End of file
[https @ 0x7fdc10f4e0c0] Error reading HTTP response: End of file
[tls @ 0x7fdc21920040] IO error: End of file
[https @ 0x7fdc21919600] Error reading HTTP response: End of file
[2026-04-12T16:31:04.562055] Saved clip /Users/Chen/PycharmProjects/CSCI_6234_Final/recordings/cam222/clips/2026/04/12/cam222_20260412T203020Z.mp4 (5966931 bytes)
[2026-04-12T16:31:05.070361] Starting 60-second capture -> /Users/Chen/PycharmProjects/CSCI_6234_Final/recordings/cam222/clips/2026/04/12/cam222_20260412T203105Z.mp4
[tls @ 0x7fad8e704200] IO error: End of file
[https @ 0x7fad7e7043c0] Error reading HTTP response: End of file
[tls @ 0x7fad7f038440] IO error: End of file
[https @ 0x7fad7f038b00] Error reading HTTP response: End of file
[tls @ 0x7fad7e70e940] IO error: End of file
[https @ 0x7fad7e712940] Error reading HTTP response: End of file
[tls @ 0x7fad7e71cf00] IO error: End of file
[https @ 0x7fad7e724a00] Error reading HTTP response: End of file
[tls @ 0x7fad7e7051c0] IO error: End of file
[https @ 0x7fad8f0102c0] Stream ends prematurely at 551404, should be 1018960
[2026-04-12T16:31:49.536853] Saved clip /Users/Chen/PycharmProjects/CSCI_6234_Final/recordings/cam222/clips/2026/04/12/cam222_20260412T203105Z.mp4 (5486048 bytes)
[2026-04-12T16:31:50.047884] Starting 60-second capture -> /Users/Chen/PycharmProjects/CSCI_6234_Final/recordings/cam222/clips/2026/04/12/cam222_20260412T203150Z.mp4
[tls @ 0x7fdbc8825540] IO error: End of file
[https @ 0x7fdbc8818b80] Stream ends prematurely at 746736, should be 1018960
[tls @ 0x7fdbc8804680] IO error: End of file
[https @ 0x7fdbc8804540] Error reading HTTP response: End of file
[tls @ 0x7fdbc8825540] IO error: End of file
[https @ 0x7fdbc8818b80] Error reading HTTP response: End of file
[tls @ 0x7fdbbcf46280] IO error: End of file
[https @ 0x7fdbbcf29b00] Error reading HTTP response: End of file
[tls @ 0x7fdbbce17ec0] IO error: End of file
[https @ 0x7fdbbce296c0] Error reading HTTP response: End of file
[tls @ 0x7fdbbcf1d180] IO error: End of file
[https @ 0x7fdbbcf1ce00] Error reading HTTP response: End of file
[tls @ 0x7fdbc8923fc0] IO error: End of file
[https @ 0x7fdbc890a280] Stream ends prematurely at 589004, should be 1014072
[2026-04-12T16:32:33.280274] Saved clip /Users/Chen/PycharmProjects/CSCI_6234_Final/recordings/cam222/clips/2026/04/12/cam222_20260412T203150Z.mp4 (5241231 bytes)
[2026-04-12T16:32:33.795028] Starting 60-second capture -> /Users/Chen/PycharmProjects/CSCI_6234_Final/recordings/cam222/clips/2026/04/12/cam222_20260412T203233Z.mp4
[tls @ 0x7f8067f06480] IO error: End of file
[https @ 0x7f8067f06340] Error reading HTTP response: End of file
[in#0/hls @ 0x7f8078904640] skipping 1 segments ahead, expired from playlists
[tls @ 0x7f8057f20680] IO error: End of file
[https @ 0x7f8057f32880] Stream ends prematurely at 739968, should be 1014072
[tls @ 0x7f8057f20680] IO error: End of file
[https @ 0x7f8057f32880] Error reading HTTP response: End of file
[vist#0:1/h264 @ 0x7f806080f000] timestamp discontinuity (stream id=0): 13947333, new offset= -13947333
[tls @ 0x7f8067f36f40] IO error: End of file
[https @ 0x7f8067f2af40] Error reading HTTP response: End of file
[tls @ 0x7f807084d540] IO error: End of file
[https @ 0x7f807084c800] Stream ends prematurely at 743916, should be 1003920
[tls @ 0x7f8070839b80] IO error: End of file
[https @ 0x7f807082db40] Error reading HTTP response: End of file
[tls @ 0x7f807084d540] IO error: End of file
[https @ 0x7f807084c800] Error reading HTTP response: End of file
[tls @ 0x7f8070839b80] IO error: End of file
[https @ 0x7f80708282c0] Error reading HTTP response: End of file
[2026-04-12T16:33:31.137342] Saved clip /Users/Chen/PycharmProjects/CSCI_6234_Final/recordings/cam222/clips/2026/04/12/cam222_20260412T203233Z.mp4 (5781833 bytes)
[2026-04-12T16:33:31.648829] Starting 60-second capture -> /Users/Chen/PycharmProjects/CSCI_6234_Final/recordings/cam222/clips/2026/04/12/cam222_20260412T203331Z.mp4
[tls @ 0x7f91ce706100] IO error: End of file
[https @ 0x7f91ce705fc0] Error reading HTTP response: End of file
[tls @ 0x7f91cf84f1c0] IO error: End of file
[https @ 0x7f91cf86a780] Error reading HTTP response: End of file
[tls @ 0x7f91ce733d40] IO error: End of file
[https @ 0x7f91ce7392c0] Error reading HTTP response: End of file
[2026-04-12T16:34:10.593091] Saved clip /Users/Chen/PycharmProjects/CSCI_6234_Final/recordings/cam222/clips/2026/04/12/cam222_20260412T203331Z.mp4 (5924985 bytes)
[2026-04-12T16:34:11.106363] Starting 60-second capture -> /Users/Chen/PycharmProjects/CSCI_6234_Final/recordings/cam222/clips/2026/04/12/cam222_20260412T203411Z.mp4
[tls @ 0x7fc40ba04800] IO error: End of file
[https @ 0x7fc40ba046c0] Error reading HTTP response: End of file
[tls @ 0x7fc40ba53e40] IO error: End of file
[https @ 0x7fc40ba36840] Error reading HTTP response: End of file
[tls @ 0x7fc40b908dc0] IO error: End of file
[https @ 0x7fc40b908d00] Stream ends prematurely at 746771, should be 1027044
[tls @ 0x7fc40b908dc0] IO error: End of file
[https @ 0x7fc40b908d00] Error reading HTTP response: End of file
[mpegts @ 0x7fc40b908a80] PES packet size mismatch
[mpegts @ 0x7fc40b908a80] Packet corrupt (stream = 1, dts = 865714964).
[tls @ 0x7fc40ba53e40] IO error: End of file
[https @ 0x7fc40ba20d80] Error reading HTTP response: End of file
[2026-04-12T16:35:02.595809] Saved clip /Users/Chen/PycharmProjects/CSCI_6234_Final/recordings/cam222/clips/2026/04/12/cam222_20260412T203411Z.mp4 (5682809 bytes)
[2026-04-12T16:35:03.108973] Starting 60-second capture -> /Users/Chen/PycharmProjects/CSCI_6234_Final/recordings/cam222/clips/2026/04/12/cam222_20260412T203503Z.mp4
[tls @ 0x7fa21a406700] IO error: End of file
[https @ 0x7fa21a405f80] Error reading HTTP response: End of file
[tls @ 0x7fa20a0075c0] IO error: End of file
[https @ 0x7fa209727e80] Error reading HTTP response: End of file
[tls @ 0x7fa21a422f40] IO error: End of file
[https @ 0x7fa21a429fc0] Error reading HTTP response: End of file
[tls @ 0x7fa20a008740] IO error: End of file
[https @ 0x7fa20a008640] Stream ends prematurely at 530160, should be 1046596
[tls @ 0x7fa21a42a200] IO error: End of file
[https @ 0x7fa21a4199c0] Error reading HTTP response: End of file
[2026-04-12T16:35:43.114412] Saved clip /Users/Chen/PycharmProjects/CSCI_6234_Final/recordings/cam222/clips/2026/04/12/cam222_20260412T203503Z.mp4 (5424802 bytes)
[2026-04-12T16:35:43.629843] Starting 60-second capture -> /Users/Chen/PycharmProjects/CSCI_6234_Final/recordings/cam222/clips/2026/04/12/cam222_20260412T203543Z.mp4
[tls @ 0x7f9109f04680] IO error: End of file
[https @ 0x7f9109f04540] Error reading HTTP response: End of file
[tls @ 0x7f9109f323c0] IO error: End of file
[https @ 0x7f9109f33e00] Error reading HTTP response: End of file
[tls @ 0x7f910a839600] IO error: End of file
[https @ 0x7f910a840bc0] Error reading HTTP response: End of file
[2026-04-12T16:36:24.897843] Saved clip /Users/Chen/PycharmProjects/CSCI_6234_Final/recordings/cam222/clips/2026/04/12/cam222_20260412T203543Z.mp4 (5928611 bytes)
[2026-04-12T16:36:25.404507] Starting 60-second capture -> /Users/Chen/PycharmProjects/CSCI_6234_Final/recordings/cam222/clips/2026/04/12/cam222_20260412T203625Z.mp4
[tls @ 0x7f8b6d104380] IO error: End of file
[https @ 0x7f8b6d104240] Error reading HTTP response: End of file
[tls @ 0x7f8b6d112bc0] IO error: End of file
[https @ 0x7f8b6d13ea40] Error reading HTTP response: End of file
[tls @ 0x7f8b6d0315c0] IO error: End of file
[https @ 0x7f8b6d067b40] Error reading HTTP response: End of file
[tls @ 0x7f8b6d0315c0] IO error: End of file
[https @ 0x7f8b6d060b80] Error reading HTTP response: End of file
[2026-04-12T16:37:13.151403] Saved clip /Users/Chen/PycharmProjects/CSCI_6234_Final/recordings/cam222/clips/2026/04/12/cam222_20260412T203625Z.mp4 (5930388 bytes)
[2026-04-12T16:37:13.659592] Starting 60-second capture -> /Users/Chen/PycharmProjects/CSCI_6234_Final/recordings/cam222/clips/2026/04/12/cam222_20260412T203713Z.mp4
[tls @ 0x7f9bda304140] IO error: End of file
[https @ 0x7f9bda204540] Error reading HTTP response: End of file
[tls @ 0x7f9bda2112c0] IO error: End of file
[https @ 0x7f9bda2147c0] Stream ends prematurely at 778731, should be 1054304
[tls @ 0x7f9bda513640] IO error: End of file
[https @ 0x7f9bda358800] Error reading HTTP response: End of file
[tls @ 0x7f9bda2112c0] IO error: End of file
[https @ 0x7f9bda2147c0] Error reading HTTP response: End of file
[mpegts @ 0x7f9bda3323c0] PES packet size mismatch
[mpegts @ 0x7f9bda3323c0] Packet corrupt (stream = 1, dts = 881030264).
[tls @ 0x7f9bda211280] IO error: End of file
[https @ 0x7f9bda20cb00] Stream ends prematurely at 551968, should be 854648
[tls @ 0x7f9bda513640] IO error: End of file
[https @ 0x7f9bda513040] Error reading HTTP response: End of file
[tls @ 0x7f9bda211280] IO error: End of file
[https @ 0x7f9bda20cb00] Error reading HTTP response: End of file
[2026-04-12T16:38:01.820282] Saved clip /Users/Chen/PycharmProjects/CSCI_6234_Final/recordings/cam222/clips/2026/04/12/cam222_20260412T203713Z.mp4 (5389415 bytes)
[2026-04-12T16:38:02.332748] Starting 60-second capture -> /Users/Chen/PycharmProjects/CSCI_6234_Final/recordings/cam222/clips/2026/04/12/cam222_20260412T203802Z.mp4
[tls @ 0x7fe30eb04680] IO error: End of file
[https @ 0x7fe30eb04540] Error reading HTTP response: End of file
[tls @ 0x7fe30ed42600] IO error: End of file
[https @ 0x7fe30ed1c100] Error reading HTTP response: End of file
[tls @ 0x7fe30eb587c0] IO error: End of file
[https @ 0x7fe30eb58700] Error reading HTTP response: End of file
[tls @ 0x7fe30eb58700] IO error: End of file
[https @ 0x7fe30eb2e000] Error reading HTTP response: End of file
[2026-04-12T16:38:48.842795] Saved clip /Users/Chen/PycharmProjects/CSCI_6234_Final/recordings/cam222/clips/2026/04/12/cam222_20260412T203802Z.mp4 (5924273 bytes)
[2026-04-12T16:38:49.353012] Starting 60-second capture -> /Users/Chen/PycharmProjects/CSCI_6234_Final/recordings/cam222/clips/2026/04/12/cam222_20260412T203849Z.mp4
[tls @ 0x7fec8b204680] IO error: End of file
[https @ 0x7fec8b204540] Error reading HTTP response: End of file
[tls @ 0x7fec8b26c240] IO error: End of file
[https @ 0x7fec8b416d00] Error reading HTTP response: End of file
[tls @ 0x7fec8b26c240] IO error: End of file
[https @ 0x7fec8b231600] Error reading HTTP response: End of file
[tls @ 0x7fec8b31f4c0] IO error: End of file
[https @ 0x7fec8b316fc0] Error reading HTTP response: End of file
[2026-04-12T16:39:42.003819] Saved clip /Users/Chen/PycharmProjects/CSCI_6234_Final/recordings/cam222/clips/2026/04/12/cam222_20260412T203849Z.mp4 (5919885 bytes)
[2026-04-12T16:39:42.516592] Starting 60-second capture -> /Users/Chen/PycharmProjects/CSCI_6234_Final/recordings/cam222/clips/2026/04/12/cam222_20260412T203942Z.mp4
[tls @ 0x7fc45d9043c0] IO error: End of file
[https @ 0x7fc45d904280] Error reading HTTP response: End of file
[tls @ 0x7fc46da3e640] IO error: End of file
[https @ 0x7fc46da33000] Error reading HTTP response: End of file
[tls @ 0x7fc45d8297c0] IO error: End of file
[https @ 0x7fc45d82c3c0] Error reading HTTP response: End of file
[tls @ 0x7fc45cf0e080] IO error: End of file
[https @ 0x7fc45cf0a100] Error reading HTTP response: End of file
[2026-04-12T16:40:27.198114] Saved clip /Users/Chen/PycharmProjects/CSCI_6234_Final/recordings/cam222/clips/2026/04/12/cam222_20260412T203942Z.mp4 (5950581 bytes)
[2026-04-12T16:40:27.711205] Starting 60-second capture -> /Users/Chen/PycharmProjects/CSCI_6234_Final/recordings/cam222/clips/2026/04/12/cam222_20260412T204027Z.mp4
[tls @ 0x7ff65f804c40] IO error: End of file
[https @ 0x7ff65f805640] Error reading HTTP response: End of file
[tls @ 0x7ff64ef29400] IO error: End of file
[https @ 0x7ff64ef3c8c0] Error reading HTTP response: End of file
[tls @ 0x7ff64ef11c80] IO error: End of file
[https @ 0x7ff64ef11b80] Error reading HTTP response: End of file
[tls @ 0x7ff65fa20840] IO error: End of file
[https @ 0x7ff65fa1f4c0] Error reading HTTP response: End of file
[tls @ 0x7ff63f8085c0] IO error: End of file
[https @ 0x7ff63f8078c0] Error reading HTTP response: End of file
[2026-04-12T16:41:11.460920] Saved clip /Users/Chen/PycharmProjects/CSCI_6234_Final/recordings/cam222/clips/2026/04/12/cam222_20260412T204027Z.mp4 (5921392 bytes)
[2026-04-12T16:41:11.975023] Starting 60-second capture -> /Users/Chen/PycharmProjects/CSCI_6234_Final/recordings/cam222/clips/2026/04/12/cam222_20260412T204111Z.mp4
[tls @ 0x7fcb7c057300] IO error: End of file
[https @ 0x7fcb7c071540] Error reading HTTP response: End of file
[tls @ 0x7fcb6b72a300] IO error: End of file
[https @ 0x7fcb6b726740] Stream ends prematurely at 744891, should be 1027984
[tls @ 0x7fcb6c116940] IO error: End of file
[https @ 0x7fcb6c116ec0] Error reading HTTP response: End of file
[tls @ 0x7fcb6b72a300] IO error: End of file
[https @ 0x7fcb6b726740] Error reading HTTP response: End of file
[mpegts @ 0x7fcb6c004680] PES packet size mismatch
[mpegts @ 0x7fcb6c004680] Packet corrupt (stream = 1, dts = 902471684).
[tls @ 0x7fcb6c116940] IO error: End of file
[https @ 0x7fcb6c117300] Error reading HTTP response: End of file
[tls @ 0x7fcb6c117c80] IO error: End of file
[https @ 0x7fcb6c116ec0] Stream ends prematurely at 676988, should be 962748
[2026-04-12T16:41:54.632037] Saved clip /Users/Chen/PycharmProjects/CSCI_6234_Final/recordings/cam222/clips/2026/04/12/cam222_20260412T204111Z.mp4 (5382691 bytes)
[2026-04-12T16:41:55.145237] Starting 60-second capture -> /Users/Chen/PycharmProjects/CSCI_6234_Final/recordings/cam222/clips/2026/04/12/cam222_20260412T204155Z.mp4
[tls @ 0x7fcf088042c0] IO error: End of file
[https @ 0x7fcf08a06280] Error reading HTTP response: End of file
[tls @ 0x7fceef7191c0] IO error: End of file
[https @ 0x7fceef732bc0] Error reading HTTP response: End of file
[tls @ 0x7fcf08a35b80] IO error: End of file
[https @ 0x7fcf08a07f80] Error reading HTTP response: End of file
[tls @ 0x7fcf08a35b80] IO error: End of file
[https @ 0x7fcf08a08040] Error reading HTTP response: End of file
[2026-04-12T16:42:38.719612] Saved clip /Users/Chen/PycharmProjects/CSCI_6234_Final/recordings/cam222/clips/2026/04/12/cam222_20260412T204155Z.mp4 (5867240 bytes)
[2026-04-12T16:42:39.233886] Starting 60-second capture -> /Users/Chen/PycharmProjects/CSCI_6234_Final/recordings/cam222/clips/2026/04/12/cam222_20260412T204239Z.mp4
[tls @ 0x7f841ac05740] IO error: End of file
[https @ 0x7f83f9f043c0] Error reading HTTP response: End of file
[tls @ 0x7f841ac33240] IO error: End of file
[https @ 0x7f841ac3ff40] Error reading HTTP response: End of file
[tls @ 0x7f841ab43040] IO error: End of file
[https @ 0x7f841ab357c0] Error reading HTTP response: End of file
[tls @ 0x7f83f9f124c0] IO error: End of file
[https @ 0x7f83f9f3e0c0] Error reading HTTP response: End of file
[2026-04-12T16:43:24.849673] Saved clip /Users/Chen/PycharmProjects/CSCI_6234_Final/recordings/cam222/clips/2026/04/12/cam222_20260412T204239Z.mp4 (5940368 bytes)
[2026-04-12T16:43:25.365360] Starting 60-second capture -> /Users/Chen/PycharmProjects/CSCI_6234_Final/recordings/cam222/clips/2026/04/12/cam222_20260412T204325Z.mp4
[tls @ 0x7f9b81c05100] IO error: End of file
[https @ 0x7f9b81c04bc0] Error reading HTTP response: End of file
[tls @ 0x7f9b81b6c7c0] IO error: End of file
[https @ 0x7f9b81b73f40] Error reading HTTP response: End of file
[tls @ 0x7f9b81c1dac0] IO error: End of file
[https @ 0x7f9b81c27f80] Error reading HTTP response: End of file
[tls @ 0x7f9b81a21100] IO error: End of file
[https @ 0x7f9b81a41380] Error reading HTTP response: End of file
[2026-04-12T16:44:12.359542] Saved clip /Users/Chen/PycharmProjects/CSCI_6234_Final/recordings/cam222/clips/2026/04/12/cam222_20260412T204325Z.mp4 (5951741 bytes)
[2026-04-12T16:44:12.866890] Starting 60-second capture -> /Users/Chen/PycharmProjects/CSCI_6234_Final/recordings/cam222/clips/2026/04/12/cam222_20260412T204412Z.mp4
[tls @ 0x7f9ae5e058c0] IO error: End of file
[https @ 0x7f9ad4f04540] Error reading HTTP response: End of file
[tls @ 0x7f9ae5d2b400] IO error: End of file
[https @ 0x7f9ae5d2c7c0] Error reading HTTP response: End of file
[tls @ 0x7f9ae5e18240] IO error: End of file
[https @ 0x7f9ae5e1f800] Error reading HTTP response: End of file
[tls @ 0x7f9ae5d61ac0] IO error: End of file
[https @ 0x7f9ae5d2c7c0] Stream ends prematurely at 713648, should be 1017644
[tls @ 0x7f9ad4f1b340] IO error: End of file
[https @ 0x7f9ad4f38b40] Error reading HTTP response: End of file
[tls @ 0x7f9ae5d61ac0] IO error: End of file
[https @ 0x7f9ae5d2c7c0] Error reading HTTP response: End of file
[2026-04-12T16:45:00.048146] Saved clip /Users/Chen/PycharmProjects/CSCI_6234_Final/recordings/cam222/clips/2026/04/12/cam222_20260412T204412Z.mp4 (5624490 bytes)
[2026-04-12T16:45:00.559997] Starting 60-second capture -> /Users/Chen/PycharmProjects/CSCI_6234_Final/recordings/cam222/clips/2026/04/12/cam222_20260412T204500Z.mp4
[tls @ 0x7fd1a5104380] IO error: End of file
[https @ 0x7fd1a5104240] Error reading HTTP response: End of file
[tls @ 0x7fd1b5129d00] IO error: End of file
[https @ 0x7fd1b512c500] Error reading HTTP response: End of file
[tls @ 0x7fd1b5131140] IO error: End of file
[https @ 0x7fd1b5138580] Error reading HTTP response: End of file
[tls @ 0x7fd1a470bd40] IO error: End of file
[https @ 0x7fd1a470eb00] Error reading HTTP response: End of file
[tls @ 0x7fd1a477e040] IO error: End of file
[https @ 0x7fd1a516c740] Error reading HTTP response: End of file
[2026-04-12T16:45:44.624583] Saved clip /Users/Chen/PycharmProjects/CSCI_6234_Final/recordings/cam222/clips/2026/04/12/cam222_20260412T204500Z.mp4 (5885843 bytes)
[2026-04-12T16:45:45.133743] Starting 60-second capture -> /Users/Chen/PycharmProjects/CSCI_6234_Final/recordings/cam222/clips/2026/04/12/cam222_20260412T204545Z.mp4
[tls @ 0x7fb45d605b00] IO error: End of file
[https @ 0x7fb45d6059c0] Error reading HTTP response: End of file
[tls @ 0x7fb45d31bdc0] IO error: End of file
[https @ 0x7fb45d30da40] Error reading HTTP response: End of file
[tls @ 0x7fb45d304b40] IO error: End of file
[https @ 0x7fb45d304a00] Error reading HTTP response: End of file
[tls @ 0x7fb45d414c80] IO error: End of file
[https @ 0x7fb45d44cd40] Error reading HTTP response: End of file
[tls @ 0x7fb45d316b80] IO error: End of file
[https @ 0x7fb45d312e00] Error reading HTTP response: End of file
[2026-04-12T16:46:29.195420] Saved clip /Users/Chen/PycharmProjects/CSCI_6234_Final/recordings/cam222/clips/2026/04/12/cam222_20260412T204545Z.mp4 (5936577 bytes)
[2026-04-12T16:46:29.705899] Starting 60-second capture -> /Users/Chen/PycharmProjects/CSCI_6234_Final/recordings/cam222/clips/2026/04/12/cam222_20260412T204629Z.mp4
[tls @ 0x7fa73f804500] IO error: End of file
[https @ 0x7fa73f8043c0] Error reading HTTP response: End of file
[tls @ 0x7fa73e709480] IO error: End of file
[https @ 0x7fa73e71b380] Error reading HTTP response: End of file
[tls @ 0x7fa73fa0a900] IO error: End of file
[https @ 0x7fa73fa16280] Stream ends prematurely at 705787, should be 1029864
[tls @ 0x7fa73fa53740] IO error: End of file
[https @ 0x7fa73fa55840] Error reading HTTP response: End of file
[tls @ 0x7fa73fa0a900] IO error: End of file
[https @ 0x7fa73fa16280] Error reading HTTP response: End of file
[mpegts @ 0x7fa73e71b700] PES packet size mismatch
[mpegts @ 0x7fa73e71b700] Packet corrupt (stream = 1, dts = 932201474).
[tls @ 0x7fa73e746400] IO error: End of file
[https @ 0x7fa73e706e80] Error reading HTTP response: End of file
[2026-04-12T16:47:10.729733] Saved clip /Users/Chen/PycharmProjects/CSCI_6234_Final/recordings/cam222/clips/2026/04/12/cam222_20260412T204629Z.mp4 (5616145 bytes)
[2026-04-12T16:47:11.235827] Starting 60-second capture -> /Users/Chen/PycharmProjects/CSCI_6234_Final/recordings/cam222/clips/2026/04/12/cam222_20260412T204711Z.mp4
[tls @ 0x7f9483a04680] IO error: End of file
[https @ 0x7f9483a04540] Error reading HTTP response: End of file
[tls @ 0x7f9483b81440] IO error: End of file
[https @ 0x7f9483b6d3c0] Error reading HTTP response: End of file
[tls @ 0x7f9483b44fc0] IO error: End of file
[https @ 0x7f9483b57200] Stream ends prematurely at 539184, should be 1024788
[tls @ 0x7f9483b44fc0] IO error: End of file
[https @ 0x7f9483b57200] Error reading HTTP response: End of file
[tls @ 0x7f9483d2d240] IO error: End of file
[https @ 0x7f9483d04080] Error reading HTTP response: End of file
[2026-04-12T16:48:02.211387] Saved clip /Users/Chen/PycharmProjects/CSCI_6234_Final/recordings/cam222/clips/2026/04/12/cam222_20260412T204711Z.mp4 (5448389 bytes)
[2026-04-12T16:48:02.722332] Starting 60-second capture -> /Users/Chen/PycharmProjects/CSCI_6234_Final/recordings/cam222/clips/2026/04/12/cam222_20260412T204802Z.mp4
[tls @ 0x7f9d7b304dc0] IO error: End of file
[https @ 0x7f9d7b304c80] Error reading HTTP response: End of file
[tls @ 0x7f9d7b505d00] IO error: End of file
[https @ 0x7f9d7b505c00] Stream ends prematurely at 760084, should be 1035692
[tls @ 0x7f9d7b3077c0] IO error: End of file
[https @ 0x7f9d7b307a00] Error reading HTTP response: End of file
[tls @ 0x7f9d7b505d00] IO error: End of file
[https @ 0x7f9d7b505c00] Error reading HTTP response: End of file
[tls @ 0x7f9d7b3077c0] IO error: End of file
[https @ 0x7f9d7b305a00] Error reading HTTP response: End of file
[tls @ 0x7f9d7b562200] IO error: End of file
[https @ 0x7f9d7b3054c0] Stream ends prematurely at 696916, should be 1007304
[2026-04-12T16:48:47.899988] Saved clip /Users/Chen/PycharmProjects/CSCI_6234_Final/recordings/cam222/clips/2026/04/12/cam222_20260412T204802Z.mp4 (5355383 bytes)
[2026-04-12T16:48:48.410848] Starting 60-second capture -> /Users/Chen/PycharmProjects/CSCI_6234_Final/recordings/cam222/clips/2026/04/12/cam222_20260412T204848Z.mp4
[tls @ 0x7f86eec15ac0] IO error: End of file
[https @ 0x7f86eec15a00] Error reading HTTP response: End of file
[tls @ 0x7f86cdf04080] IO error: End of file
[https @ 0x7f86cdf08c00] Error reading HTTP response: End of file
[tls @ 0x7f86cdf052c0] IO error: End of file
[https @ 0x7f86cdf04d00] Stream ends prematurely at 764784, should be 1083068
[tls @ 0x7f86ddf10e80] IO error: End of file
[https @ 0x7f86ddf086c0] Error reading HTTP response: End of file
[tls @ 0x7f86cdf052c0] IO error: End of file
[https @ 0x7f86cdf04d00] Error reading HTTP response: End of file
[tls @ 0x7f86cdf04b40] IO error: End of file
[https @ 0x7f86cdf04a40] Error reading HTTP response: End of file
[2026-04-12T16:49:36.208631] Saved clip /Users/Chen/PycharmProjects/CSCI_6234_Final/recordings/cam222/clips/2026/04/12/cam222_20260412T204848Z.mp4 (5647012 bytes)
[2026-04-12T16:49:36.717956] Starting 60-second capture -> /Users/Chen/PycharmProjects/CSCI_6234_Final/recordings/cam222/clips/2026/04/12/cam222_20260412T204936Z.mp4
[tls @ 0x7fa832004680] IO error: End of file
[https @ 0x7fa832004540] Error reading HTTP response: End of file
[tls @ 0x7fa831704080] IO error: End of file
[https @ 0x7fa831704440] Error reading HTTP response: End of file
[tls @ 0x7fa831704140] IO error: End of file
[https @ 0x7fa831704080] Error reading HTTP response: End of file
[tls @ 0x7fa802304140] IO error: End of file
[https @ 0x7fa802305d80] Error reading HTTP response: End of file
[2026-04-12T16:50:20.238574] Saved clip /Users/Chen/PycharmProjects/CSCI_6234_Final/recordings/cam222/clips/2026/04/12/cam222_20260412T204936Z.mp4 (5933087 bytes)
[2026-04-12T16:50:20.747208] Starting 60-second capture -> /Users/Chen/PycharmProjects/CSCI_6234_Final/recordings/cam222/clips/2026/04/12/cam222_20260412T205020Z.mp4
[tls @ 0x7f7bf4845a40] IO error: End of file
[https @ 0x7f7bf485fc80] Error reading HTTP response: End of file
[tls @ 0x7f7bf3f09080] IO error: End of file
[https @ 0x7f7bf3f08fc0] Stream ends prematurely at 689208, should be 987188
[tls @ 0x7f7bf3f09080] IO error: End of file
[https @ 0x7f7bf3f08fc0] Error reading HTTP response: End of file
[tls @ 0x7f7bf4b0b740] IO error: End of file
[https @ 0x7f7bf4b11880] Error reading HTTP response: End of file
[tls @ 0x7f7bf4a10cc0] IO error: End of file
[https @ 0x7f7bf4a10bc0] Stream ends prematurely at 750308, should be 1030616
[tls @ 0x7f7bf4a10cc0] IO error: End of file
[https @ 0x7f7bf4a10bc0] Error reading HTTP response: End of file
[tls @ 0x7f7bf4c19400] IO error: End of file
[https @ 0x7f7bf4c08f40] Error reading HTTP response: End of file
[2026-04-12T16:51:09.273041] Saved clip /Users/Chen/PycharmProjects/CSCI_6234_Final/recordings/cam222/clips/2026/04/12/cam222_20260412T205020Z.mp4 (5349194 bytes)
[2026-04-12T16:51:09.783372] Starting 60-second capture -> /Users/Chen/PycharmProjects/CSCI_6234_Final/recordings/cam222/clips/2026/04/12/cam222_20260412T205109Z.mp4
[tls @ 0x7f967ff04680] IO error: End of file
[https @ 0x7f967ff04540] Error reading HTTP response: End of file
[tls @ 0x7f967ff05c00] IO error: End of file
[https @ 0x7f967ff06e00] Error reading HTTP response: End of file
[tls @ 0x7f9688a26bc0] IO error: End of file
[https @ 0x7f9688a49d40] Error reading HTTP response: End of file
[tls @ 0x7f967ff05c00] IO error: End of file
[https @ 0x7f967ff27f80] Error reading HTTP response: End of file
[tls @ 0x7f9688826780] IO error: End of file
[https @ 0x7f968882f240] Error reading HTTP response: End of file
[2026-04-12T16:51:54.769101] Saved clip /Users/Chen/PycharmProjects/CSCI_6234_Final/recordings/cam222/clips/2026/04/12/cam222_20260412T205109Z.mp4 (5976917 bytes)
[2026-04-12T16:51:55.281895] Starting 60-second capture -> /Users/Chen/PycharmProjects/CSCI_6234_Final/recordings/cam222/clips/2026/04/12/cam222_20260412T205155Z.mp4
[tls @ 0x7fa0578063c0] IO error: End of file
[https @ 0x7fa0578062c0] Error reading HTTP response: End of file
[tls @ 0x7fa046f2c680] IO error: End of file
[https @ 0x7fa046f2aac0] Error reading HTTP response: End of file
[tls @ 0x7fa046f1cfc0] IO error: End of file
[https @ 0x7fa04780af80] Error reading HTTP response: End of file
[tls @ 0x7fa026f04080] IO error: End of file
[https @ 0x7fa026f05480] Error reading HTTP response: End of file
[tls @ 0x7fa0278047c0] IO error: End of file
[https @ 0x7fa027804700] Stream ends prematurely at 752376, should be 1025164
[2026-04-12T16:52:44.837256] Saved clip /Users/Chen/PycharmProjects/CSCI_6234_Final/recordings/cam222/clips/2026/04/12/cam222_20260412T205155Z.mp4 (5675735 bytes)
[2026-04-12T16:52:45.349024] Starting 60-second capture -> /Users/Chen/PycharmProjects/CSCI_6234_Final/recordings/cam222/clips/2026/04/12/cam222_20260412T205245Z.mp4
[tls @ 0x7fc6cd808280] IO error: End of file
[https @ 0x7fc6cd808180] Error reading HTTP response: End of file
[tls @ 0x7fc6cde042c0] IO error: End of file
[https @ 0x7fc6cdd04a00] Stream ends prematurely at 764408, should be 1018396
[tls @ 0x7fc6cd859cc0] IO error: End of file
[https @ 0x7fc6cd859700] Error reading HTTP response: End of file
[tls @ 0x7fc6cde042c0] IO error: End of file
[https @ 0x7fc6cdd04a00] Error reading HTTP response: End of file
[tls @ 0x7fc6cdc0aec0] IO error: End of file
[https @ 0x7fc6cdc08480] Error reading HTTP response: End of file
[tls @ 0x7fc6cdb04ac0] IO error: End of file
[https @ 0x7fc6cdb04100] Error reading HTTP response: End of file
[2026-04-12T16:53:26.875582] Saved clip /Users/Chen/PycharmProjects/CSCI_6234_Final/recordings/cam222/clips/2026/04/12/cam222_20260412T205245Z.mp4 (5726863 bytes)
[2026-04-12T16:53:27.386163] Starting 60-second capture -> /Users/Chen/PycharmProjects/CSCI_6234_Final/recordings/cam222/clips/2026/04/12/cam222_20260412T205327Z.mp4
[tls @ 0x7faed4704940] IO error: End of file
[https @ 0x7faed4704800] Error reading HTTP response: End of file
[tls @ 0x7faed47523c0] IO error: End of file
[https @ 0x7faed4767ec0] Error reading HTTP response: End of file
[tls @ 0x7faed4727340] IO error: End of file
[https @ 0x7faed4704b40] Error reading HTTP response: End of file
[tls @ 0x7faed5045a40] IO error: End of file
[https @ 0x7faed5057c40] Stream ends prematurely at 553284, should be 1027044
[tls @ 0x7faed51573c0] IO error: End of file
[https @ 0x7faed516ffc0] Error reading HTTP response: End of file
[tls @ 0x7faed5045a40] IO error: End of file
[https @ 0x7faed5057c40] Error reading HTTP response: End of file
[2026-04-12T16:54:06.514017] Saved clip /Users/Chen/PycharmProjects/CSCI_6234_Final/recordings/cam222/clips/2026/04/12/cam222_20260412T205327Z.mp4 (5475291 bytes)
[2026-04-12T16:54:07.023611] Starting 60-second capture -> /Users/Chen/PycharmProjects/CSCI_6234_Final/recordings/cam222/clips/2026/04/12/cam222_20260412T205407Z.mp4
[tls @ 0x7fa5eca04680] IO error: End of file
[https @ 0x7fa5eca04540] Error reading HTTP response: End of file
[tls @ 0x7fa5ecf043c0] IO error: End of file
[https @ 0x7fa5ecf042c0] Stream ends prematurely at 730004, should be 995460
[tls @ 0x7fa5ecb26ac0] IO error: End of file
[https @ 0x7fa5ecb26980] Error reading HTTP response: End of file
[tls @ 0x7fa5ecf043c0] IO error: End of file
[https @ 0x7fa5ecf042c0] Error reading HTTP response: End of file
[tls @ 0x7fa5eca0c1c0] IO error: End of file
[https @ 0x7fa5eca09d00] Error reading HTTP response: End of file
[tls @ 0x7fa5ecc21fc0] IO error: End of file
[https @ 0x7fa5ecc21f00] Error reading HTTP response: End of file
[2026-04-12T16:54:51.103130] Saved clip /Users/Chen/PycharmProjects/CSCI_6234_Final/recordings/cam222/clips/2026/04/12/cam222_20260412T205407Z.mp4 (5667586 bytes)
[2026-04-12T16:54:51.613760] Starting 60-second capture -> /Users/Chen/PycharmProjects/CSCI_6234_Final/recordings/cam222/clips/2026/04/12/cam222_20260412T205451Z.mp4
[tls @ 0x7f81a1f04680] IO error: End of file
[https @ 0x7f81a1f04540] Error reading HTTP response: End of file
[tls @ 0x7f81a2d06400] IO error: End of file
[https @ 0x7f81a2d06300] Error reading HTTP response: End of file
[tls @ 0x7f81a2c102c0] IO error: End of file
[https @ 0x7f81a2c178c0] Error reading HTTP response: End of file
[tls @ 0x7f81a2b049c0] IO error: End of file
[https @ 0x7f81a2b048c0] Error reading HTTP response: End of file
[tls @ 0x7f81a2a3e9c0] IO error: End of file
[https @ 0x7f81a2a4d200] Error reading HTTP response: End of file
[2026-04-12T16:55:39.529213] Saved clip /Users/Chen/PycharmProjects/CSCI_6234_Final/recordings/cam222/clips/2026/04/12/cam222_20260412T205451Z.mp4 (5942437 bytes)
[2026-04-12T16:55:40.039842] Starting 60-second capture -> /Users/Chen/PycharmProjects/CSCI_6234_Final/recordings/cam222/clips/2026/04/12/cam222_20260412T205540Z.mp4
[tls @ 0x7fdcf4704680] IO error: End of file
[https @ 0x7fdcf4704540] Error reading HTTP response: End of file
[tls @ 0x7fdcf4796340] IO error: End of file
[https @ 0x7fdcf4785d00] Error reading HTTP response: End of file
[tls @ 0x7fdd05262c80] IO error: End of file
[https @ 0x7fdd05258fc0] Stream ends prematurely at 733952, should be 1029300
[tls @ 0x7fdd05262c80] IO error: End of file
[https @ 0x7fdd05258fc0] Error reading HTTP response: End of file
[tls @ 0x7fdd051049c0] IO error: End of file
[https @ 0x7fdd0515cc80] Error reading HTTP response: End of file
[2026-04-12T16:56:29.390390] Saved clip /Users/Chen/PycharmProjects/CSCI_6234_Final/recordings/cam222/clips/2026/04/12/cam222_20260412T205540Z.mp4 (5603951 bytes)
[2026-04-12T16:56:29.903014] Starting 60-second capture -> /Users/Chen/PycharmProjects/CSCI_6234_Final/recordings/cam222/clips/2026/04/12/cam222_20260412T205629Z.mp4
[tls @ 0x7fbb0dc05e80] IO error: End of file
[https @ 0x7fbb0dc05d40] Error reading HTTP response: End of file
[tls @ 0x7fbb0dd12f40] IO error: End of file
[https @ 0x7fbb0dd12100] Error reading HTTP response: End of file
[tls @ 0x7fbb0dd135c0] IO error: End of file
[https @ 0x7fbb0dd04480] Error reading HTTP response: End of file
[tls @ 0x7fbb0dc3cfc0] IO error: End of file
[https @ 0x7fbb0dc28a00] Error reading HTTP response: End of file
[2026-04-12T16:57:11.683615] Saved clip /Users/Chen/PycharmProjects/CSCI_6234_Final/recordings/cam222/clips/2026/04/12/cam222_20260412T205629Z.mp4 (5948296 bytes)
[2026-04-12T16:57:12.190262] Starting 60-second capture -> /Users/Chen/PycharmProjects/CSCI_6234_Final/recordings/cam222/clips/2026/04/12/cam222_20260412T205712Z.mp4
[tls @ 0x7fda833055c0] IO error: End of file
[https @ 0x7fda83305480] Error reading HTTP response: End of file
[tls @ 0x7fda73107a00] IO error: End of file
[https @ 0x7fda731171c0] Error reading HTTP response: End of file
[tls @ 0x7fda731171c0] IO error: End of file
[https @ 0x7fda731055c0] Error reading HTTP response: End of file
[2026-04-12T16:57:54.025474] Saved clip /Users/Chen/PycharmProjects/CSCI_6234_Final/recordings/cam222/clips/2026/04/12/cam222_20260412T205712Z.mp4 (5911521 bytes)
[2026-04-12T16:57:54.537153] Starting 60-second capture -> /Users/Chen/PycharmProjects/CSCI_6234_Final/recordings/cam222/clips/2026/04/12/cam222_20260412T205754Z.mp4
[tls @ 0x7fb26b106840] IO error: End of file
[https @ 0x7fb26b106700] Error reading HTTP response: End of file
[tls @ 0x7fb25b06dc80] IO error: End of file
[https @ 0x7fb25b046040] Error reading HTTP response: End of file
[tls @ 0x7fb26b126fc0] IO error: End of file
[https @ 0x7fb26b127f40] Error reading HTTP response: End of file
[tls @ 0x7fb25b11c800] IO error: End of file
[https @ 0x7fb25b130bc0] Error reading HTTP response: End of file
[2026-04-12T16:58:38.497521] Saved clip /Users/Chen/PycharmProjects/CSCI_6234_Final/recordings/cam222/clips/2026/04/12/cam222_20260412T205754Z.mp4 (5963966 bytes)
[2026-04-12T16:58:39.008570] Starting 60-second capture -> /Users/Chen/PycharmProjects/CSCI_6234_Final/recordings/cam222/clips/2026/04/12/cam222_20260412T205839Z.mp4
[tls @ 0x7f8600707d80] IO error: End of file
[https @ 0x7f8600707c40] Error reading HTTP response: End of file
[tls @ 0x7f85f201dac0] IO error: End of file
[https @ 0x7f85f2022040] Error reading HTTP response: End of file
[tls @ 0x7f85f201dac0] IO error: End of file
[https @ 0x7f85f2024f40] Error reading HTTP response: End of file
[2026-04-12T16:59:23.668128] Saved clip /Users/Chen/PycharmProjects/CSCI_6234_Final/recordings/cam222/clips/2026/04/12/cam222_20260412T205839Z.mp4 (5901333 bytes)
[2026-04-12T16:59:24.180203] Starting 60-second capture -> /Users/Chen/PycharmProjects/CSCI_6234_Final/recordings/cam222/clips/2026/04/12/cam222_20260412T205924Z.mp4
[tls @ 0x7f8ab7005b00] IO error: End of file
[https @ 0x7f8ab70059c0] Error reading HTTP response: End of file
[tls @ 0x7f8ab670bfc0] IO error: End of file
[https @ 0x7f8ab670bf00] Error reading HTTP response: End of file
[tls @ 0x7f8a77104200] IO error: End of file
[https @ 0x7f8a77104140] Error reading HTTP response: End of file
[tls @ 0x7f8ab670bf00] IO error: End of file
[https @ 0x7f8ab6725a40] Error reading HTTP response: End of file
[2026-04-12T17:00:08.418991] Saved clip /Users/Chen/PycharmProjects/CSCI_6234_Final/recordings/cam222/clips/2026/04/12/cam222_20260412T205924Z.mp4 (5952476 bytes)
[2026-04-12T17:00:08.930258] Starting 60-second capture -> /Users/Chen/PycharmProjects/CSCI_6234_Final/recordings/cam222/clips/2026/04/12/cam222_20260412T210008Z.mp4
[tls @ 0x7f9617f07000] IO error: End of file
[https @ 0x7f9617f06ec0] Error reading HTTP response: End of file
[tls @ 0x7f962082be40] IO error: End of file
[https @ 0x7f9620850480] Stream ends prematurely at 728124, should be 989820
[tls @ 0x7f962086a5c0] IO error: End of file
[https @ 0x7f9620850540] Error reading HTTP response: End of file
[tls @ 0x7f962082be40] IO error: End of file
[https @ 0x7f9620850480] Error reading HTTP response: End of file
[tls @ 0x7f96289041c0] IO error: End of file
[https @ 0x7f9628935400] Stream ends prematurely at 566820, should be 1056748
[tls @ 0x7f9617f1bd40] IO error: End of file
[https @ 0x7f9617f43200] Error reading HTTP response: End of file
[tls @ 0x7f96289041c0] IO error: End of file
[https @ 0x7f9628935400] Error reading HTTP response: End of file
[2026-04-12T17:00:52.445980] Saved clip /Users/Chen/PycharmProjects/CSCI_6234_Final/recordings/cam222/clips/2026/04/12/cam222_20260412T210008Z.mp4 (5223920 bytes)
[2026-04-12T17:00:52.958017] Starting 60-second capture -> /Users/Chen/PycharmProjects/CSCI_6234_Final/recordings/cam222/clips/2026/04/12/cam222_20260412T210052Z.mp4
[tls @ 0x7feecd304440] IO error: End of file
[https @ 0x7feecd2046c0] Error reading HTTP response: End of file
[tls @ 0x7feecd417d80] IO error: End of file
[https @ 0x7feecd417b40] Error reading HTTP response: End of file
[tls @ 0x7feecd126780] IO error: End of file
[https @ 0x7feecd122b80] Error reading HTTP response: End of file
[tls @ 0x7feecd417d80] IO error: End of file
[https @ 0x7feecd417b40] Stream ends prematurely at 560992, should be 1041144
[tls @ 0x7feecd217900] IO error: End of file
[https @ 0x7feecd218140] Error reading HTTP response: End of file
[tls @ 0x7feecd417d80] IO error: End of file
[https @ 0x7feecd417b40] Error reading HTTP response: End of file
[2026-04-12T17:01:37.431023] Saved clip /Users/Chen/PycharmProjects/CSCI_6234_Final/recordings/cam222/clips/2026/04/12/cam222_20260412T210052Z.mp4 (5474165 bytes)
[2026-04-12T17:01:37.942152] Starting 60-second capture -> /Users/Chen/PycharmProjects/CSCI_6234_Final/recordings/cam222/clips/2026/04/12/cam222_20260412T210137Z.mp4
[tls @ 0x7f8ef8704680] IO error: End of file
[https @ 0x7f8ef8704540] Error reading HTTP response: End of file
[tls @ 0x7f8ef9005b00] IO error: End of file
[https @ 0x7f8ef9005a00] Error reading HTTP response: End of file
[tls @ 0x7f8ef9004640] IO error: End of file
[https @ 0x7f8ef9004140] Error reading HTTP response: End of file
[tls @ 0x7f8ef9004140] IO error: End of file
[https @ 0x7f8ef9004640] Error reading HTTP response: End of file
[2026-04-12T17:02:15.587848] Saved clip /Users/Chen/PycharmProjects/CSCI_6234_Final/recordings/cam222/clips/2026/04/12/cam222_20260412T210137Z.mp4 (5925617 bytes)
[2026-04-12T17:02:16.099881] Starting 60-second capture -> /Users/Chen/PycharmProjects/CSCI_6234_Final/recordings/cam222/clips/2026/04/12/cam222_20260412T210216Z.mp4
[tls @ 0x7fb065a063c0] IO error: End of file
[https @ 0x7fb065a062c0] Error reading HTTP response: End of file
[tls @ 0x7fb054f4ebc0] IO error: End of file
[https @ 0x7fb054f56dc0] Error reading HTTP response: End of file
[tls @ 0x7fb055929240] IO error: End of file
[https @ 0x7fb0559369c0] Error reading HTTP response: End of file
[tls @ 0x7fb065a1cbc0] IO error: End of file
[https @ 0x7fb065a27580] Error reading HTTP response: End of file
[2026-04-12T17:03:01.892000] Saved clip /Users/Chen/PycharmProjects/CSCI_6234_Final/recordings/cam222/clips/2026/04/12/cam222_20260412T210216Z.mp4 (5934183 bytes)
[2026-04-12T17:03:02.406380] Starting 60-second capture -> /Users/Chen/PycharmProjects/CSCI_6234_Final/recordings/cam222/clips/2026/04/12/cam222_20260412T210302Z.mp4
[tls @ 0x7f77b4204c00] IO error: End of file
[https @ 0x7f77b4204b00] Error reading HTTP response: End of file
[tls @ 0x7f77b424ff40] IO error: End of file
[https @ 0x7f77b4260500] Error reading HTTP response: End of file
[tls @ 0x7f77b421df80] IO error: End of file
[https @ 0x7f77b4230180] Error reading HTTP response: End of file
[tls @ 0x7f77b431f8c0] IO error: End of file
[https @ 0x7f77b434ec40] Error reading HTTP response: End of file
[2026-04-12T17:03:53.621522] Saved clip /Users/Chen/PycharmProjects/CSCI_6234_Final/recordings/cam222/clips/2026/04/12/cam222_20260412T210302Z.mp4 (5948722 bytes)
[2026-04-12T17:03:54.141640] Starting 60-second capture -> /Users/Chen/PycharmProjects/CSCI_6234_Final/recordings/cam222/clips/2026/04/12/cam222_20260412T210354Z.mp4
[tls @ 0x7fa341704500] IO error: End of file
[https @ 0x7fa341704400] Error reading HTTP response: End of file
[tls @ 0x7fa342885880] IO error: End of file
[https @ 0x7fa342881f00] Error reading HTTP response: End of file
[tls @ 0x7fa35221eec0] IO error: End of file
[https @ 0x7fa352226c00] Error reading HTTP response: End of file
[tls @ 0x7fa341745a80] IO error: End of file
[https @ 0x7fa34173e180] Error reading HTTP response: End of file
[tls @ 0x7fa341707600] IO error: End of file
[https @ 0x7fa352208180] Error reading HTTP response: End of file
[2026-04-12T17:04:45.989468] Saved clip /Users/Chen/PycharmProjects/CSCI_6234_Final/recordings/cam222/clips/2026/04/12/cam222_20260412T210354Z.mp4 (5927678 bytes)
[2026-04-12T17:04:46.499622] Starting 60-second capture -> /Users/Chen/PycharmProjects/CSCI_6234_Final/recordings/cam222/clips/2026/04/12/cam222_20260412T210446Z.mp4
[tls @ 0x7ff043704440] IO error: End of file
[https @ 0x7ff054204800] Error reading HTTP response: End of file
[tls @ 0x7ff04404e940] IO error: End of file
[https @ 0x7ff04404e4c0] Error reading HTTP response: End of file
[tls @ 0x7ff05421ed40] IO error: End of file
[https @ 0x7ff054230f40] Error reading HTTP response: End of file
[tls @ 0x7ff04370ce00] IO error: End of file
[https @ 0x7ff043734480] Error reading HTTP response: End of file
[tls @ 0x7ff05421ed00] IO error: End of file
[https @ 0x7ff05428b980] Stream ends prematurely at 576032, should be 1056372
[2026-04-12T17:05:28.264393] Saved clip /Users/Chen/PycharmProjects/CSCI_6234_Final/recordings/cam222/clips/2026/04/12/cam222_20260412T210446Z.mp4 (5473911 bytes)
[2026-04-12T17:05:28.779954] Starting 60-second capture -> /Users/Chen/PycharmProjects/CSCI_6234_Final/recordings/cam222/clips/2026/04/12/cam222_20260412T210528Z.mp4
[tls @ 0x7fa59d319d40] IO error: End of file
[https @ 0x7fa59d319c80] Error reading HTTP response: End of file
[tls @ 0x7fa59d351ac0] IO error: End of file
[https @ 0x7fa59d33e980] Error reading HTTP response: End of file
[tls @ 0x7fa59d46c300] IO error: End of file
[https @ 0x7fa59d47d540] Error reading HTTP response: End of file
[tls @ 0x7fa59d351ac0] IO error: End of file
[https @ 0x7fa59d33e980] Error reading HTTP response: End of file
[tls @ 0x7fa59d239500] IO error: End of file
[https @ 0x7fa59d235900] Error reading HTTP response: End of file
[2026-04-12T17:06:14.447450] Saved clip /Users/Chen/PycharmProjects/CSCI_6234_Final/recordings/cam222/clips/2026/04/12/cam222_20260412T210528Z.mp4 (5979151 bytes)
[2026-04-12T17:06:14.961117] Starting 60-second capture -> /Users/Chen/PycharmProjects/CSCI_6234_Final/recordings/cam222/clips/2026/04/12/cam222_20260412T210614Z.mp4
[tls @ 0x7fb24434e180] IO error: End of file
[https @ 0x7fb24434a5c0] Error reading HTTP response: End of file
[tls @ 0x7fb244446a80] IO error: End of file
[https @ 0x7fb244438c40] Error reading HTTP response: End of file
[tls @ 0x7fb244629b80] IO error: End of file
[https @ 0x7fb244620180] Error reading HTTP response: End of file
[tls @ 0x7fb244629b80] IO error: End of file
[https @ 0x7fb244604200] Error reading HTTP response: End of file
[2026-04-12T17:06:59.325152] Saved clip /Users/Chen/PycharmProjects/CSCI_6234_Final/recordings/cam222/clips/2026/04/12/cam222_20260412T210614Z.mp4 (5904500 bytes)
[2026-04-12T17:06:59.838306] Starting 60-second capture -> /Users/Chen/PycharmProjects/CSCI_6234_Final/recordings/cam222/clips/2026/04/12/cam222_20260412T210659Z.mp4
[tls @ 0x7f7becf04380] IO error: End of file
[https @ 0x7f7becf04240] Error reading HTTP response: End of file
[tls @ 0x7f7bfda3d7c0] IO error: End of file
[https @ 0x7f7bfda78900] Error reading HTTP response: End of file
[tls @ 0x7f7bfdb046c0] IO error: End of file
[https @ 0x7f7bfdb22c40] Error reading HTTP response: End of file
[tls @ 0x7f7bfda3d7c0] IO error: End of file
[https @ 0x7f7bfda78900] Error reading HTTP response: End of file
[2026-04-12T17:07:43.984296] Saved clip /Users/Chen/PycharmProjects/CSCI_6234_Final/recordings/cam222/clips/2026/04/12/cam222_20260412T210659Z.mp4 (5909538 bytes)
[2026-04-12T17:07:44.493740] Starting 60-second capture -> /Users/Chen/PycharmProjects/CSCI_6234_Final/recordings/cam222/clips/2026/04/12/cam222_20260412T210744Z.mp4
[tls @ 0x7ff5a1604a40] IO error: End of file
[https @ 0x7ff5a1604980] Error reading HTTP response: End of file
[tls @ 0x7ff5a1539740] IO error: End of file
[https @ 0x7ff5a1511c40] Error reading HTTP response: End of file
[tls @ 0x7ff5a1621940] IO error: End of file
[https @ 0x7ff5a1629880] Error reading HTTP response: End of file
[tls @ 0x7ff590724380] IO error: End of file
[https @ 0x7ff590719fc0] Error reading HTTP response: End of file
[2026-04-12T17:08:29.997827] Saved clip /Users/Chen/PycharmProjects/CSCI_6234_Final/recordings/cam222/clips/2026/04/12/cam222_20260412T210744Z.mp4 (5933103 bytes)
[2026-04-12T17:08:30.511907] Starting 60-second capture -> /Users/Chen/PycharmProjects/CSCI_6234_Final/recordings/cam222/clips/2026/04/12/cam222_20260412T210830Z.mp4
[tls @ 0x7faa4b204140] IO error: End of file
[https @ 0x7faa4b104240] Error reading HTTP response: End of file
[tls @ 0x7faa4b13ebc0] IO error: End of file
[https @ 0x7faa4b163700] Error reading HTTP response: End of file
[tls @ 0x7faa4b318c00] IO error: End of file
[https @ 0x7faa4b325080] Error reading HTTP response: End of file
[tls @ 0x7faa4b018fc0] IO error: End of file
[https @ 0x7faa4b01b6c0] Stream ends prematurely at 558924, should be 1026104
[tls @ 0x7faa4b018fc0] IO error: End of file
[https @ 0x7faa4b01b6c0] Error reading HTTP response: End of file
[2026-04-12T17:09:19.886583] Saved clip /Users/Chen/PycharmProjects/CSCI_6234_Final/recordings/cam222/clips/2026/04/12/cam222_20260412T210830Z.mp4 (5463771 bytes)
[2026-04-12T17:09:20.393482] Starting 60-second capture -> /Users/Chen/PycharmProjects/CSCI_6234_Final/recordings/cam222/clips/2026/04/12/cam222_20260412T210920Z.mp4
[tls @ 0x7fb382004280] IO error: End of file
[https @ 0x7fb3820040c0] Error reading HTTP response: End of file
[tls @ 0x7fb38173a300] IO error: End of file
[https @ 0x7fb381763040] Error reading HTTP response: End of file
[tls @ 0x7fb392137600] IO error: End of file
[https @ 0x7fb392104200] Error reading HTTP response: End of file
[tls @ 0x7fb392225580] IO error: End of file
[https @ 0x7fb39221a0c0] Error reading HTTP response: End of file
[2026-04-12T17:10:04.246629] Saved clip /Users/Chen/PycharmProjects/CSCI_6234_Final/recordings/cam222/clips/2026/04/12/cam222_20260412T210920Z.mp4 (5917566 bytes)
[2026-04-12T17:10:04.763627] Starting 60-second capture -> /Users/Chen/PycharmProjects/CSCI_6234_Final/recordings/cam222/clips/2026/04/12/cam222_20260412T211004Z.mp4
[tls @ 0x7fa530004980] IO error: End of file
[https @ 0x7fa530004840] Error reading HTTP response: End of file
[tls @ 0x7fa527f39300] IO error: End of file
[https @ 0x7fa527f3c380] Error reading HTTP response: End of file
[tls @ 0x7fa5301087c0] IO error: End of file
[https @ 0x7fa5301170c0] Error reading HTTP response: End of file
[tls @ 0x7fa547f38b40] IO error: End of file
[https @ 0x7fa547f2f900] Error reading HTTP response: End of file
[2026-04-12T17:10:48.797891] Saved clip /Users/Chen/PycharmProjects/CSCI_6234_Final/recordings/cam222/clips/2026/04/12/cam222_20260412T211004Z.mp4 (5943878 bytes)
[2026-04-12T17:10:49.306642] Starting 60-second capture -> /Users/Chen/PycharmProjects/CSCI_6234_Final/recordings/cam222/clips/2026/04/12/cam222_20260412T211049Z.mp4
[tls @ 0x7ff1e3204380] IO error: End of file
[https @ 0x7ff1e3204240] Error reading HTTP response: End of file
[tls @ 0x7ff1e3104b80] IO error: End of file
[https @ 0x7ff1e3104ac0] Error reading HTTP response: End of file
[tls @ 0x7ff1e3118140] IO error: End of file
[https @ 0x7ff1e3117a40] Error reading HTTP response: End of file
[tls @ 0x7ff1e34060c0] IO error: End of file
[https @ 0x7ff1e3405fc0] Error reading HTTP response: End of file
[2026-04-12T17:11:33.939823] Saved clip /Users/Chen/PycharmProjects/CSCI_6234_Final/recordings/cam222/clips/2026/04/12/cam222_20260412T211049Z.mp4 (5913264 bytes)
[2026-04-12T17:11:34.453104] Starting 60-second capture -> /Users/Chen/PycharmProjects/CSCI_6234_Final/recordings/cam222/clips/2026/04/12/cam222_20260412T211134Z.mp4
[tls @ 0x7f9d05206b00] IO error: End of file
[https @ 0x7f9d05206440] Error reading HTTP response: End of file
[tls @ 0x7f9cf473c340] IO error: End of file
[https @ 0x7f9cf4725c80] Error reading HTTP response: End of file
[tls @ 0x7f9cf515b680] IO error: End of file
[https @ 0x7f9cf512c900] Error reading HTTP response: End of file
[tls @ 0x7f9cf515b680] IO error: End of file
[https @ 0x7f9cf512e980] Error reading HTTP response: End of file
[2026-04-12T17:12:18.257844] Saved clip /Users/Chen/PycharmProjects/CSCI_6234_Final/recordings/cam222/clips/2026/04/12/cam222_20260412T211134Z.mp4 (5903448 bytes)
[2026-04-12T17:12:18.764409] Starting 60-second capture -> /Users/Chen/PycharmProjects/CSCI_6234_Final/recordings/cam222/clips/2026/04/12/cam222_20260412T211218Z.mp4
[tls @ 0x7fdb7f156ac0] IO error: End of file
[https @ 0x7fdb7f168cc0] Error reading HTTP response: End of file
[tls @ 0x7fdb7f337d80] IO error: End of file
[https @ 0x7fdb7f325c80] Error reading HTTP response: End of file
[tls @ 0x7fdb7f3057c0] IO error: End of file
[https @ 0x7fdb7f305700] Error reading HTTP response: End of file
[tls @ 0x7fdb7f422600] IO error: End of file
[https @ 0x7fdb7f441240] Error reading HTTP response: End of file
[tls @ 0x7fdb6f8099c0] IO error: End of file
[https @ 0x7fdb6f806b40] Error reading HTTP response: End of file
[tls @ 0x7fdb6f804400] IO error: End of file
[https @ 0x7fdb6f80b6c0] Error reading HTTP response: End of file
[2026-04-12T17:13:02.339380] Saved clip /Users/Chen/PycharmProjects/CSCI_6234_Final/recordings/cam222/clips/2026/04/12/cam222_20260412T211218Z.mp4 (5905616 bytes)
[2026-04-12T17:13:02.855432] Starting 60-second capture -> /Users/Chen/PycharmProjects/CSCI_6234_Final/recordings/cam222/clips/2026/04/12/cam222_20260412T211302Z.mp4
[tls @ 0x7fd545c04800] IO error: End of file
[https @ 0x7fd545c046c0] Error reading HTTP response: End of file
[tls @ 0x7fd545c33c00] IO error: End of file
[https @ 0x7fd545c34f40] Error reading HTTP response: End of file
[tls @ 0x7fd545b04480] IO error: End of file
[https @ 0x7fd545b21d40] Error reading HTTP response: End of file
[tls @ 0x7fd5458057c0] IO error: End of file
[https @ 0x7fd545804400] Error reading HTTP response: End of file
[tls @ 0x7fd545b04480] IO error: End of file
[https @ 0x7fd545b30600] Stream ends prematurely at 537116, should be 1008620
[2026-04-12T17:13:49.992189] Saved clip /Users/Chen/PycharmProjects/CSCI_6234_Final/recordings/cam222/clips/2026/04/12/cam222_20260412T211302Z.mp4 (5451749 bytes)
[2026-04-12T17:13:50.507848] Starting 60-second capture -> /Users/Chen/PycharmProjects/CSCI_6234_Final/recordings/cam222/clips/2026/04/12/cam222_20260412T211350Z.mp4
[tls @ 0x7fbaaf705100] IO error: End of file
[https @ 0x7fbaaf704b80] Error reading HTTP response: End of file
[tls @ 0x7fbac8926ac0] IO error: End of file
[https @ 0x7fbac8938d00] Error reading HTTP response: End of file
[tls @ 0x7fbac8825300] IO error: End of file
[https @ 0x7fbac8804ec0] Error reading HTTP response: End of file
[tls @ 0x7fbac8825300] IO error: End of file
[https @ 0x7fbac880a580] Error reading HTTP response: End of file
[2026-04-12T17:14:41.868852] Saved clip /Users/Chen/PycharmProjects/CSCI_6234_Final/recordings/cam222/clips/2026/04/12/cam222_20260412T211350Z.mp4 (5865197 bytes)
[2026-04-12T17:14:42.385836] Starting 60-second capture -> /Users/Chen/PycharmProjects/CSCI_6234_Final/recordings/cam222/clips/2026/04/12/cam222_20260412T211442Z.mp4
[tls @ 0x7fd2af105240] IO error: End of file
[https @ 0x7fd2af105180] Error reading HTTP response: End of file
[tls @ 0x7fd28fb15a00] IO error: End of file
[https @ 0x7fd28fb1f940] Error reading HTTP response: End of file
[tls @ 0x7fd28f81f900] IO error: End of file
[https @ 0x7fd28f8310c0] Error reading HTTP response: End of file
[tls @ 0x7fd28f92d580] IO error: End of file
[https @ 0x7fd28f904080] Error reading HTTP response: End of file
[tls @ 0x7fd28f964580] IO error: End of file
[https @ 0x7fd28f96f180] Stream ends prematurely at 567760, should be 1042836
[2026-04-12T17:15:23.793542] Saved clip /Users/Chen/PycharmProjects/CSCI_6234_Final/recordings/cam222/clips/2026/04/12/cam222_20260412T211442Z.mp4 (5456837 bytes)
[2026-04-12T17:15:24.309398] Starting 60-second capture -> /Users/Chen/PycharmProjects/CSCI_6234_Final/recordings/cam222/clips/2026/04/12/cam222_20260412T211524Z.mp4
[tls @ 0x7fdfa7905b00] IO error: End of file
[https @ 0x7fdfa79059c0] Error reading HTTP response: End of file
[tls @ 0x7fdf96f0be40] IO error: End of file
[https @ 0x7fdfa781ea80] Error reading HTTP response: End of file
[tls @ 0x7fdfa6f07380] IO error: End of file
[https @ 0x7fdfa6f07b80] Error reading HTTP response: End of file
[tls @ 0x7fdfa6f07380] IO error: End of file
[https @ 0x7fdfa6f0d740] Error reading HTTP response: End of file
[2026-04-12T17:16:12.300405] Saved clip /Users/Chen/PycharmProjects/CSCI_6234_Final/recordings/cam222/clips/2026/04/12/cam222_20260412T211524Z.mp4 (5897352 bytes)
[2026-04-12T17:16:12.814026] Starting 60-second capture -> /Users/Chen/PycharmProjects/CSCI_6234_Final/recordings/cam222/clips/2026/04/12/cam222_20260412T211612Z.mp4
[tls @ 0x7fad7ff04380] IO error: End of file
[https @ 0x7fad7ff04240] Error reading HTTP response: End of file
[tls @ 0x7fad89034e00] IO error: End of file
[https @ 0x7fad890402c0] Stream ends prematurely at 761059, should be 1077992
[tls @ 0x7fad7ff5fb00] IO error: End of file
[https @ 0x7fad8903fc40] Error reading HTTP response: End of file
[tls @ 0x7fad89034e00] IO error: End of file
[https @ 0x7fad890402c0] Error reading HTTP response: End of file
[tls @ 0x7fad8ff05540] IO error: End of file
[https @ 0x7fad8ff05400] Error reading HTTP response: End of file
[mpegts @ 0x7fad8ff04c80] PES packet size mismatch
[mpegts @ 0x7fad8ff04c80] Packet corrupt (stream = 1, dts = 1092381584).
[tls @ 0x7fad8ff198c0] IO error: End of file
[https @ 0x7fad8ff04340] Error reading HTTP response: End of file
[2026-04-12T17:16:53.272860] Saved clip /Users/Chen/PycharmProjects/CSCI_6234_Final/recordings/cam222/clips/2026/04/12/cam222_20260412T211612Z.mp4 (5599087 bytes)
[2026-04-12T17:16:53.784584] Starting 60-second capture -> /Users/Chen/PycharmProjects/CSCI_6234_Final/recordings/cam222/clips/2026/04/12/cam222_20260412T211653Z.mp4
[tls @ 0x7fad70004500] IO error: End of file
[https @ 0x7fad700043c0] Error reading HTTP response: End of file
[tls @ 0x7fad6770ce40] IO error: End of file
[https @ 0x7fad6773d6c0] Error reading HTTP response: End of file
[tls @ 0x7fad6770ce40] IO error: End of file
[https @ 0x7fad67721e40] Error reading HTTP response: End of file
[tls @ 0x7fad7005a500] IO error: End of file
[https @ 0x7fad7004f500] Error reading HTTP response: End of file
[2026-04-12T17:17:42.214263] Saved clip /Users/Chen/PycharmProjects/CSCI_6234_Final/recordings/cam222/clips/2026/04/12/cam222_20260412T211653Z.mp4 (5893198 bytes)
[2026-04-12T17:17:42.724745] Starting 60-second capture -> /Users/Chen/PycharmProjects/CSCI_6234_Final/recordings/cam222/clips/2026/04/12/cam222_20260412T211742Z.mp4
[tls @ 0x7f9850f05080] IO error: End of file
[https @ 0x7f9850f049c0] Error reading HTTP response: End of file
[tls @ 0x7f9861c16b80] IO error: End of file
[https @ 0x7f9861c19540] Error reading HTTP response: End of file
[tls @ 0x7f9861c0fa00] IO error: End of file
[https @ 0x7f9861c16f40] Error reading HTTP response: End of file
[tls @ 0x7f9861b2e500] IO error: End of file
[https @ 0x7f9850f8ecc0] Error reading HTTP response: End of file
[tls @ 0x7f9850f08800] IO error: End of file
[https @ 0x7f9850fa5580] Stream ends prematurely at 728688, should be 1012192
[2026-04-12T17:18:27.705503] Saved clip /Users/Chen/PycharmProjects/CSCI_6234_Final/recordings/cam222/clips/2026/04/12/cam222_20260412T211742Z.mp4 (5597540 bytes)
[2026-04-12T17:18:28.213712] Starting 60-second capture -> /Users/Chen/PycharmProjects/CSCI_6234_Final/recordings/cam222/clips/2026/04/12/cam222_20260412T211828Z.mp4
[tls @ 0x7f9c0f2045c0] IO error: End of file
[https @ 0x7f9c0f305840] Error reading HTTP response: End of file
[tls @ 0x7f9c0f218cc0] IO error: End of file
[https @ 0x7f9c0f2192c0] Error reading HTTP response: End of file
[tls @ 0x7f9bfef4d280] IO error: End of file
[https @ 0x7f9bfef5a100] Error reading HTTP response: End of file
[tls @ 0x7f9c0f2075c0] IO error: End of file
[https @ 0x7f9c0f205900] Stream ends prematurely at 484100, should be 957484
[tls @ 0x7f9c0f240780] IO error: End of file
[https @ 0x7f9c0f239180] Error reading HTTP response: End of file
[2026-04-12T17:19:06.553310] Saved clip /Users/Chen/PycharmProjects/CSCI_6234_Final/recordings/cam222/clips/2026/04/12/cam222_20260412T211828Z.mp4 (5498083 bytes)
[2026-04-12T17:19:07.066246] Starting 60-second capture -> /Users/Chen/PycharmProjects/CSCI_6234_Final/recordings/cam222/clips/2026/04/12/cam222_20260412T211907Z.mp4
[tls @ 0x7fa533104800] IO error: End of file
[https @ 0x7fa5331046c0] Error reading HTTP response: End of file
[tls @ 0x7fa52273c340] IO error: End of file
[https @ 0x7fa522731480] Error reading HTTP response: End of file
[tls @ 0x7fa5333552c0] IO error: End of file
[https @ 0x7fa533371900] Error reading HTTP response: End of file
[tls @ 0x7fa53320ce40] IO error: End of file
[https @ 0x7fa53320cd80] Error reading HTTP response: End of file
[2026-04-12T17:19:53.299081] Saved clip /Users/Chen/PycharmProjects/CSCI_6234_Final/recordings/cam222/clips/2026/04/12/cam222_20260412T211907Z.mp4 (5904544 bytes)
[2026-04-12T17:19:53.816660] Starting 60-second capture -> /Users/Chen/PycharmProjects/CSCI_6234_Final/recordings/cam222/clips/2026/04/12/cam222_20260412T211953Z.mp4
[tls @ 0x7fe835c1f000] IO error: End of file
[https @ 0x7fe835c12640] Error reading HTTP response: End of file
[tls @ 0x7fe835a3db40] IO error: End of file
[https @ 0x7fe835a48780] Error reading HTTP response: End of file
[tls @ 0x7fe835a15b40] IO error: End of file
[https @ 0x7fe835a31580] Error reading HTTP response: End of file
[tls @ 0x7fe835d12f00] IO error: End of file
[https @ 0x7fe835d24b40] Error reading HTTP response: End of file
[tls @ 0x7fe835c500c0] IO error: End of file
[https @ 0x7fe835c12640] Error reading HTTP response: End of file
[2026-04-12T17:20:37.679350] Saved clip /Users/Chen/PycharmProjects/CSCI_6234_Final/recordings/cam222/clips/2026/04/12/cam222_20260412T211953Z.mp4 (5952538 bytes)
[2026-04-12T17:20:38.197256] Starting 60-second capture -> /Users/Chen/PycharmProjects/CSCI_6234_Final/recordings/cam222/clips/2026/04/12/cam222_20260412T212038Z.mp4
[tls @ 0x7fda75a04e40] IO error: End of file
[https @ 0x7fda55804240] Error reading HTTP response: End of file
[tls @ 0x7fda5582a780] IO error: End of file
[https @ 0x7fda55826380] Error reading HTTP response: End of file
[tls @ 0x7fda75a3df00] IO error: End of file
[https @ 0x7fda75a3b8c0] Error reading HTTP response: End of file
[tls @ 0x7fda75b2f240] IO error: End of file
[https @ 0x7fda75b3a580] Error reading HTTP response: End of file
[2026-04-12T17:21:22.339136] Saved clip /Users/Chen/PycharmProjects/CSCI_6234_Final/recordings/cam222/clips/2026/04/12/cam222_20260412T212038Z.mp4 (5896349 bytes)
[2026-04-12T17:21:22.849196] Starting 60-second capture -> /Users/Chen/PycharmProjects/CSCI_6234_Final/recordings/cam222/clips/2026/04/12/cam222_20260412T212122Z.mp4
[tls @ 0x7faf26004380] IO error: End of file
[https @ 0x7faf26004240] Error reading HTTP response: End of file
[tls @ 0x7faf24f51cc0] IO error: End of file
[https @ 0x7faf24f64000] Error reading HTTP response: End of file
[tls @ 0x7faf35804f40] IO error: End of file
[https @ 0x7faf35804400] Error reading HTTP response: End of file
[tls @ 0x7faf24f51cc0] IO error: End of file
[https @ 0x7faf24f59100] Error reading HTTP response: End of file
[2026-04-12T17:22:12.201007] Saved clip /Users/Chen/PycharmProjects/CSCI_6234_Final/recordings/cam222/clips/2026/04/12/cam222_20260412T212122Z.mp4 (5858212 bytes)
[2026-04-12T17:22:12.720925] Starting 60-second capture -> /Users/Chen/PycharmProjects/CSCI_6234_Final/recordings/cam222/clips/2026/04/12/cam222_20260412T212212Z.mp4
[tls @ 0x7fda1bf04ac0] IO error: End of file
[https @ 0x7fda1bf04980] Error reading HTTP response: End of file
[tls @ 0x7fda1bf2f440] IO error: End of file
[https @ 0x7fda1bf05dc0] Error reading HTTP response: End of file
[tls @ 0x7fda2cc18d00] IO error: End of file
[https @ 0x7fda2cc34dc0] Stream ends prematurely at 750308, should be 1011252
[tls @ 0x7fda2cc2fa40] IO error: End of file
[https @ 0x7fda2cc06240] Error reading HTTP response: End of file
[tls @ 0x7fda2cc18d00] IO error: End of file
[https @ 0x7fda2cc34dc0] Error reading HTTP response: End of file
[tls @ 0x7fda1bf13c80] IO error: End of file
[https @ 0x7fda1bf05dc0] Error reading HTTP response: End of file
[2026-04-12T17:23:06.347346] Saved clip /Users/Chen/PycharmProjects/CSCI_6234_Final/recordings/cam222/clips/2026/04/12/cam222_20260412T212212Z.mp4 (5649282 bytes)
[2026-04-12T17:23:06.863893] Starting 60-second capture -> /Users/Chen/PycharmProjects/CSCI_6234_Final/recordings/cam222/clips/2026/04/12/cam222_20260412T212306Z.mp4
[tls @ 0x7f9f7f805740] IO error: End of file
[https @ 0x7f9f7e704540] Error reading HTTP response: End of file
[tls @ 0x7f9f6f0112c0] IO error: End of file
[https @ 0x7f9f6f0277c0] Stream ends prematurely at 789600, should be 1059756
[tls @ 0x7f9f6f0112c0] IO error: End of file
[https @ 0x7f9f6f0277c0] Error reading HTTP response: End of file
[tls @ 0x7f9f7f82e800] IO error: End of file
[https @ 0x7f9f7f831040] Error reading HTTP response: End of file
[tls @ 0x7f9f6f0189c0] IO error: End of file
[https @ 0x7f9f6f019540] Stream ends prematurely at 770424, should be 1060696
[tls @ 0x7f9f6f0189c0] IO error: End of file
[https @ 0x7f9f6f019540] Error reading HTTP response: End of file
[tls @ 0x7f9f7e727b80] IO error: End of file
[https @ 0x7f9f7e727980] Error reading HTTP response: End of file
[2026-04-12T17:23:56.857016] Saved clip /Users/Chen/PycharmProjects/CSCI_6234_Final/recordings/cam222/clips/2026/04/12/cam222_20260412T212306Z.mp4 (5376985 bytes)
[2026-04-12T17:23:57.373183] Starting 60-second capture -> /Users/Chen/PycharmProjects/CSCI_6234_Final/recordings/cam222/clips/2026/04/12/cam222_20260412T212357Z.mp4
[tls @ 0x7fb30d204680] IO error: End of file
[https @ 0x7fb30d204540] Error reading HTTP response: End of file
[tls @ 0x7fb30d220200] IO error: End of file
[https @ 0x7fb30d22a580] Error reading HTTP response: End of file
[tls @ 0x7fb30d53c8c0] IO error: End of file
[https @ 0x7fb30d533f40] Error reading HTTP response: End of file
[tls @ 0x7fb30d347d80] IO error: End of file
[https @ 0x7fb30d38bd80] Error reading HTTP response: End of file
[2026-04-12T17:24:40.595155] Saved clip /Users/Chen/PycharmProjects/CSCI_6234_Final/recordings/cam222/clips/2026/04/12/cam222_20260412T212357Z.mp4 (6000747 bytes)
[2026-04-12T17:24:41.111919] Starting 60-second capture -> /Users/Chen/PycharmProjects/CSCI_6234_Final/recordings/cam222/clips/2026/04/12/cam222_20260412T212441Z.mp4
[tls @ 0x7f9e30247340] IO error: End of file
[https @ 0x7f9e30259540] Error reading HTTP response: End of file
[tls @ 0x7f9e28244140] IO error: End of file
[https @ 0x7f9e28256340] Error reading HTTP response: End of file
[tls @ 0x7f9e28105100] IO error: End of file
[https @ 0x7f9e28117400] Error reading HTTP response: End of file
[tls @ 0x7f9e30247340] IO error: End of file
[https @ 0x7f9e30259540] Stream ends prematurely at 774748, should be 1026480
[tls @ 0x7f9e1f71be00] IO error: End of file
[https @ 0x7f9e1f704440] Error reading HTTP response: End of file
[tls @ 0x7f9e30247340] IO error: End of file
[https @ 0x7f9e30259540] Error reading HTTP response: End of file
[2026-04-12T17:25:27.698830] Saved clip /Users/Chen/PycharmProjects/CSCI_6234_Final/recordings/cam222/clips/2026/04/12/cam222_20260412T212441Z.mp4 (5722591 bytes)
[2026-04-12T17:25:28.211028] Starting 60-second capture -> /Users/Chen/PycharmProjects/CSCI_6234_Final/recordings/cam222/clips/2026/04/12/cam222_20260412T212528Z.mp4
[tls @ 0x7fc8df105f00] IO error: End of file
[https @ 0x7fc8df104340] Error reading HTTP response: End of file
[tls @ 0x7fc8de718280] IO error: End of file
[https @ 0x7fc8de717640] Error reading HTTP response: End of file
[tls @ 0x7fc8de7106c0] IO error: End of file
[https @ 0x7fc8df1827c0] Error reading HTTP response: End of file
[tls @ 0x7fc8df150680] IO error: End of file
[https @ 0x7fc8df120640] Stream ends prematurely at 702215, should be 989256
[mpegts @ 0x7fc8ce713c40] PES packet size mismatch
[mpegts @ 0x7fc8ce713c40] Packet corrupt (stream = 1, dts = 1142832074).
[tls @ 0x7fc8ae704080] IO error: End of file
[https @ 0x7fc8ae704e80] Error reading HTTP response: End of file
[2026-04-12T17:26:11.690692] Saved clip /Users/Chen/PycharmProjects/CSCI_6234_Final/recordings/cam222/clips/2026/04/12/cam222_20260412T212528Z.mp4 (5632099 bytes)
[2026-04-12T17:26:12.208663] Starting 60-second capture -> /Users/Chen/PycharmProjects/CSCI_6234_Final/recordings/cam222/clips/2026/04/12/cam222_20260412T212612Z.mp4
[tls @ 0x7fa3cef04080] IO error: End of file
[https @ 0x7fa3df805800] Error reading HTTP response: End of file
[tls @ 0x7fa3cf805c80] IO error: End of file
[https @ 0x7fa3cf80b380] Stream ends prematurely at 714776, should be 981736
[tls @ 0x7fa3df854340] IO error: End of file
[https @ 0x7fa3df89abc0] Error reading HTTP response: End of file
[tls @ 0x7fa3cf805c80] IO error: End of file
[https @ 0x7fa3cf80b380] Error reading HTTP response: End of file
[tls @ 0x7fa3def0e540] IO error: End of file
[https @ 0x7fa3def0c1c0] Error reading HTTP response: End of file
[tls @ 0x7fa3df854340] IO error: End of file
[https @ 0x7fa3df886dc0] Error reading HTTP response: End of file
[2026-04-12T17:26:53.539952] Saved clip /Users/Chen/PycharmProjects/CSCI_6234_Final/recordings/cam222/clips/2026/04/12/cam222_20260412T212612Z.mp4 (5691255 bytes)
[2026-04-12T17:26:54.058690] Starting 60-second capture -> /Users/Chen/PycharmProjects/CSCI_6234_Final/recordings/cam222/clips/2026/04/12/cam222_20260412T212654Z.mp4
[tls @ 0x7f8c3a705100] IO error: End of file
[https @ 0x7f8c3a704b80] Error reading HTTP response: End of file
[tls @ 0x7f8c4b37ea40] IO error: End of file
[https @ 0x7f8c4b37ae40] Error reading HTTP response: End of file
[tls @ 0x7f8c3b118080] IO error: End of file
[https @ 0x7f8c3b104240] Error reading HTTP response: End of file
[tls @ 0x7f8c3b01b200] IO error: End of file
[https @ 0x7f8c3b017640] Error reading HTTP response: End of file
[2026-04-12T17:27:37.595550] Saved clip /Users/Chen/PycharmProjects/CSCI_6234_Final/recordings/cam222/clips/2026/04/12/cam222_20260412T212654Z.mp4 (5947802 bytes)
[2026-04-12T17:27:38.103340] Starting 60-second capture -> /Users/Chen/PycharmProjects/CSCI_6234_Final/recordings/cam222/clips/2026/04/12/cam222_20260412T212738Z.mp4
[tls @ 0x7fcbd9204500] IO error: End of file
[https @ 0x7fcbd92043c0] Error reading HTTP response: End of file
[tls @ 0x7fcbd931ce40] IO error: End of file
[https @ 0x7fcbd9330e00] Error reading HTTP response: End of file
[tls @ 0x7fcbd912eb80] IO error: End of file
[https @ 0x7fcbd900ee40] Error reading HTTP response: End of file
[tls @ 0x7fcbd904d3c0] IO error: End of file
[https @ 0x7fcbd904bc80] Error reading HTTP response: End of file
[tls @ 0x7fcbd9055e00] IO error: End of file
[https @ 0x7fcbd915ddc0] Stream ends prematurely at 700488, should be 969140
[tls @ 0x7fcbd9055e00] IO error: End of file
[https @ 0x7fcbd915ddc0] Error reading HTTP response: End of file
[2026-04-12T17:28:32.681667] Saved clip /Users/Chen/PycharmProjects/CSCI_6234_Final/recordings/cam222/clips/2026/04/12/cam222_20260412T212738Z.mp4 (5666241 bytes)
[2026-04-12T17:28:33.197044] Starting 60-second capture -> /Users/Chen/PycharmProjects/CSCI_6234_Final/recordings/cam222/clips/2026/04/12/cam222_20260412T212833Z.mp4
[tls @ 0x7fd942004680] IO error: End of file
[https @ 0x7fd942004540] Error reading HTTP response: End of file
[tls @ 0x7fd952406180] IO error: End of file
[https @ 0x7fd9524060c0] Stream ends prematurely at 679996, should be 928156
[tls @ 0x7fd952406180] IO error: End of file
[https @ 0x7fd9524060c0] Error reading HTTP response: End of file
[tls @ 0x7fd952304a40] IO error: End of file
[https @ 0x7fd952304980] Error reading HTTP response: End of file
[tls @ 0x7fd94172eec0] IO error: End of file
[https @ 0x7fd941755d40] Stream ends prematurely at 569452, should be 1037384
[tls @ 0x7fd94172eec0] IO error: End of file
[https @ 0x7fd941755d40] Error reading HTTP response: End of file
[tls @ 0x7fd942043d00] IO error: End of file
[https @ 0x7fd942046a40] Error reading HTTP response: End of file
[tls @ 0x7fd952304980] IO error: End of file
[https @ 0x7fd952304540] Stream ends prematurely at 525272, should be 1022720
[tls @ 0x7fd952304980] IO error: End of file
[https @ 0x7fd952304540] Error reading HTTP response: End of file
[2026-04-12T17:29:27.875412] Saved clip /Users/Chen/PycharmProjects/CSCI_6234_Final/recordings/cam222/clips/2026/04/12/cam222_20260412T212833Z.mp4 (4802852 bytes)
[2026-04-12T17:29:28.386527] Starting 60-second capture -> /Users/Chen/PycharmProjects/CSCI_6234_Final/recordings/cam222/clips/2026/04/12/cam222_20260412T212928Z.mp4
[tls @ 0x7fd54d5054c0] IO error: End of file
[https @ 0x7fd54d5044c0] Error reading HTTP response: End of file
[tls @ 0x7fd54d415580] IO error: End of file
[https @ 0x7fd54d40eb80] Error reading HTTP response: End of file
[tls @ 0x7fd53c706e00] IO error: End of file
[https @ 0x7fd53c706d40] Error reading HTTP response: End of file
[tls @ 0x7fd53c726680] IO error: End of file
[https @ 0x7fd53c706700] Error reading HTTP response: End of file
[tls @ 0x7fd53c7439c0] IO error: End of file
[https @ 0x7fd53c794e40] Error reading HTTP response: End of file
[2026-04-12T17:30:12.363947] Saved clip /Users/Chen/PycharmProjects/CSCI_6234_Final/recordings/cam222/clips/2026/04/12/cam222_20260412T212928Z.mp4 (5912354 bytes)
[2026-04-12T17:30:12.876558] Starting 60-second capture -> /Users/Chen/PycharmProjects/CSCI_6234_Final/recordings/cam222/clips/2026/04/12/cam222_20260412T213012Z.mp4
[tls @ 0x7f87c9404800] IO error: End of file
[https @ 0x7f87c94046c0] Error reading HTTP response: End of file
[tls @ 0x7f87c9405600] IO error: End of file
[https @ 0x7f87c9405540] Stream ends prematurely at 533356, should be 1018020
[tls @ 0x7f87c9405600] IO error: End of file
[https @ 0x7f87c9405540] Error reading HTTP response: End of file
[tls @ 0x7f87c956b4c0] IO error: End of file
[https @ 0x7f87c957b280] Error reading HTTP response: End of file
[tls @ 0x7f87c96185c0] IO error: End of file
[https @ 0x7f87c9607040] Stream ends prematurely at 756735, should be 1041896
[tls @ 0x7f87c96185c0] IO error: End of file
[https @ 0x7f87c9607040] Error reading HTTP response: End of file
[mpegts @ 0x7f87c9405180] PES packet size mismatch
[mpegts @ 0x7f87c9405180] Packet corrupt (stream = 1, dts = 1168958264).
[tls @ 0x7f87c955dd00] IO error: End of file
[https @ 0x7f87c9565c40] Error reading HTTP response: End of file
[2026-04-12T17:31:07.420499] Saved clip /Users/Chen/PycharmProjects/CSCI_6234_Final/recordings/cam222/clips/2026/04/12/cam222_20260412T213012Z.mp4 (5178191 bytes)
[2026-04-12T17:31:07.933086] Starting 60-second capture -> /Users/Chen/PycharmProjects/CSCI_6234_Final/recordings/cam222/clips/2026/04/12/cam222_20260412T213107Z.mp4
[tls @ 0x7f90b6304340] IO error: End of file
[https @ 0x7f90b6304200] Error reading HTTP response: End of file
[tls @ 0x7f90a5751640] IO error: End of file
[https @ 0x7f90a57449c0] Error reading HTTP response: End of file
[tls @ 0x7f90a57449c0] IO error: End of file
[https @ 0x7f90a5744a80] Error reading HTTP response: End of file
[tls @ 0x7f90b62278c0] IO error: End of file
[https @ 0x7f90b622b080] Stream ends prematurely at 578288, should be 968200
[tls @ 0x7f90b62278c0] IO error: End of file
[https @ 0x7f90b622b080] Error reading HTTP response: End of file
[2026-04-12T17:31:56.081483] Saved clip /Users/Chen/PycharmProjects/CSCI_6234_Final/recordings/cam222/clips/2026/04/12/cam222_20260412T213107Z.mp4 (5553555 bytes)
[2026-04-12T17:31:56.593647] Starting 60-second capture -> /Users/Chen/PycharmProjects/CSCI_6234_Final/recordings/cam222/clips/2026/04/12/cam222_20260412T213156Z.mp4
[tls @ 0x7fe535f04680] IO error: End of file
[https @ 0x7fe535f04540] Error reading HTTP response: End of file
[tls @ 0x7fe546c0dd80] IO error: End of file
[https @ 0x7fe546c0dcc0] Stream ends prematurely at 585244, should be 997340
[tls @ 0x7fe535f653c0] IO error: End of file
[https @ 0x7fe535f617c0] Error reading HTTP response: End of file
[tls @ 0x7fe546c0dd80] IO error: End of file
[https @ 0x7fe546c0dcc0] Error reading HTTP response: End of file
[tls @ 0x7fe546c17e40] IO error: End of file
[https @ 0x7fe546c17f80] Error reading HTTP response: End of file
[tls @ 0x7fe535fba6c0] IO error: End of file
[https @ 0x7fe535f617c0] Stream ends prematurely at 579040, should be 980232
[2026-04-12T17:32:41.391291] Saved clip /Users/Chen/PycharmProjects/CSCI_6234_Final/recordings/cam222/clips/2026/04/12/cam222_20260412T213156Z.mp4 (5078753 bytes)
[2026-04-12T17:32:41.908552] Starting 60-second capture -> /Users/Chen/PycharmProjects/CSCI_6234_Final/recordings/cam222/clips/2026/04/12/cam222_20260412T213241Z.mp4
[tls @ 0x7fd515b05e00] IO error: End of file
[https @ 0x7fd515b05cc0] Error reading HTTP response: End of file
[tls @ 0x7fd504f04080] IO error: End of file
[https @ 0x7fd504f221c0] Error reading HTTP response: End of file
[tls @ 0x7fd515b32a00] IO error: End of file
[https @ 0x7fd515b3da80] Error reading HTTP response: End of file
[tls @ 0x7fd505819140] IO error: End of file
[https @ 0x7fd50581b1c0] Error reading HTTP response: End of file
[2026-04-12T17:33:31.114399] Saved clip /Users/Chen/PycharmProjects/CSCI_6234_Final/recordings/cam222/clips/2026/04/12/cam222_20260412T213241Z.mp4 (5906086 bytes)
[2026-04-12T17:33:31.630266] Starting 60-second capture -> /Users/Chen/PycharmProjects/CSCI_6234_Final/recordings/cam222/clips/2026/04/12/cam222_20260412T213331Z.mp4
[tls @ 0x7f9e55507d40] IO error: End of file
[https @ 0x7f9e5550fa00] Error reading HTTP response: End of file
[tls @ 0x7f9e55348940] IO error: End of file
[https @ 0x7f9e553049c0] Error reading HTTP response: End of file
[tls @ 0x7f9e5540fdc0] IO error: End of file
[https @ 0x7f9e55404740] Error reading HTTP response: End of file
[tls @ 0x7f9e55348940] IO error: End of file
[https @ 0x7f9e553049c0] Error reading HTTP response: End of file
[2026-04-12T17:34:20.629989] Saved clip /Users/Chen/PycharmProjects/CSCI_6234_Final/recordings/cam222/clips/2026/04/12/cam222_20260412T213331Z.mp4 (5964726 bytes)
[2026-04-12T17:34:21.143800] Starting 60-second capture -> /Users/Chen/PycharmProjects/CSCI_6234_Final/recordings/cam222/clips/2026/04/12/cam222_20260412T213421Z.mp4
[tls @ 0x7fc0ff704680] IO error: End of file
[https @ 0x7fc0ff704540] Error reading HTTP response: End of file
[tls @ 0x7fc0ff708400] IO error: End of file
[https @ 0x7fc0ff709380] Error reading HTTP response: End of file
[tls @ 0x7fc11811d040] IO error: End of file
[https @ 0x7fc11812a9c0] Error reading HTTP response: End of file
[tls @ 0x7fc0ff708400] IO error: End of file
[https @ 0x7fc0ff706a40] Stream ends prematurely at 713084, should be 1033060
[tls @ 0x7fc0ff748d00] IO error: End of file
[https @ 0x7fc0ff753440] Error reading HTTP response: End of file
[tls @ 0x7fc0ff708400] IO error: End of file
[https @ 0x7fc0ff706a40] Error reading HTTP response: End of file
[2026-04-12T17:35:16.355104] Saved clip /Users/Chen/PycharmProjects/CSCI_6234_Final/recordings/cam222/clips/2026/04/12/cam222_20260412T213421Z.mp4 (5604274 bytes)
[2026-04-12T17:35:16.862974] Starting 60-second capture -> /Users/Chen/PycharmProjects/CSCI_6234_Final/recordings/cam222/clips/2026/04/12/cam222_20260412T213516Z.mp4
[tls @ 0x7f8427f05740] IO error: End of file
[https @ 0x7f8420104280] Error reading HTTP response: End of file
[tls @ 0x7f8427f60ec0] IO error: End of file
[https @ 0x7f8427f83c40] Error reading HTTP response: End of file
[tls @ 0x7f83d7f04200] IO error: End of file
[https @ 0x7f83d7f04140] Error reading HTTP response: End of file
[tls @ 0x7f8438a05300] IO error: End of file
[https @ 0x7f8438a04340] Error reading HTTP response: End of file
[2026-04-12T17:36:01.357532] Saved clip /Users/Chen/PycharmProjects/CSCI_6234_Final/recordings/cam222/clips/2026/04/12/cam222_20260412T213516Z.mp4 (5924387 bytes)
[2026-04-12T17:36:01.866778] Starting 60-second capture -> /Users/Chen/PycharmProjects/CSCI_6234_Final/recordings/cam222/clips/2026/04/12/cam222_20260412T213601Z.mp4
[tls @ 0x7fc116004380] IO error: End of file
[https @ 0x7fc116004240] Error reading HTTP response: End of file
[tls @ 0x7fc114f0eec0] IO error: End of file
[https @ 0x7fc114f10400] Stream ends prematurely at 759367, should be 1058064
[mpegts @ 0x7fc114f11200] PES packet size mismatch
[mpegts @ 0x7fc114f11200] Packet corrupt (stream = 1, dts = 1198687964).
[tls @ 0x7fc114f3f540] IO error: End of file
[https @ 0x7fc114f3de00] Error reading HTTP response: End of file
[tls @ 0x7fc114f0eec0] IO error: End of file
[https @ 0x7fc114f10400] Error reading HTTP response: End of file
[tls @ 0x7fc11623a700] IO error: End of file
[https @ 0x7fc11623a8c0] Error reading HTTP response: End of file
[tls @ 0x7fc114f3f540] IO error: End of file
[https @ 0x7fc114f50580] Stream ends prematurely at 525648, should be 1066148
[2026-04-12T17:36:53.011623] Saved clip /Users/Chen/PycharmProjects/CSCI_6234_Final/recordings/cam222/clips/2026/04/12/cam222_20260412T213601Z.mp4 (5148834 bytes)
[2026-04-12T17:36:53.519975] Starting 60-second capture -> /Users/Chen/PycharmProjects/CSCI_6234_Final/recordings/cam222/clips/2026/04/12/cam222_20260412T213653Z.mp4
[tls @ 0x7f96ec705100] IO error: End of file
[https @ 0x7f96ec704b80] Error reading HTTP response: End of file
[tls @ 0x7f96ec709900] IO error: End of file
[https @ 0x7f96ec727900] Error reading HTTP response: End of file
[tls @ 0x7f96fdd384c0] IO error: End of file
[https @ 0x7f96fdd4d680] Error reading HTTP response: End of file
[tls @ 0x7f96ec709900] IO error: End of file
[https @ 0x7f96ec727500] Error reading HTTP response: End of file
[2026-04-12T17:37:39.308990] Saved clip /Users/Chen/PycharmProjects/CSCI_6234_Final/recordings/cam222/clips/2026/04/12/cam222_20260412T213653Z.mp4 (5928839 bytes)
[2026-04-12T17:37:39.823854] Starting 60-second capture -> /Users/Chen/PycharmProjects/CSCI_6234_Final/recordings/cam222/clips/2026/04/12/cam222_20260412T213739Z.mp4
[tls @ 0x7fa620704680] IO error: End of file
[https @ 0x7fa620704540] Error reading HTTP response: End of file
[in#0/hls @ 0x7fa631104640] skipping 1 segments ahead, expired from playlists
[tls @ 0x7fa63134da00] IO error: End of file
[https @ 0x7fa631349e00] Stream ends prematurely at 536552, should be 1028924
[tls @ 0x7fa63134da00] IO error: End of file
[https @ 0x7fa631349e00] Error reading HTTP response: End of file
[vist#0:1/h264 @ 0x7fa6312462c0] timestamp discontinuity (stream id=0): 15949333, new offset= -15949333
[tls @ 0x7fa631324a00] IO error: End of file
[https @ 0x7fa631320040] Error reading HTTP response: End of file
[tls @ 0x7fa620745780] IO error: End of file
[https @ 0x7fa620747ac0] Stream ends prematurely at 743164, should be 1016704
[tls @ 0x7fa631324a00] IO error: End of file
[https @ 0x7fa631349e00] Error reading HTTP response: End of file
[tls @ 0x7fa620745780] IO error: End of file
[https @ 0x7fa620747ac0] Error reading HTTP response: End of file
[tls @ 0x7fa631131f00] IO error: End of file
[https @ 0x7fa631144140] Error reading HTTP response: End of file
[tls @ 0x7fa631004b80] IO error: End of file
[https @ 0x7fa631004980] Stream ends prematurely at 527563, should be 1043212
[mpegts @ 0x7fa620749880] PES packet size mismatch
[mpegts @ 0x7fa620749880] Packet corrupt (stream = 1, dts = 1211120384).
[2026-04-12T17:38:40.922328] Saved clip /Users/Chen/PycharmProjects/CSCI_6234_Final/recordings/cam222/clips/2026/04/12/cam222_20260412T213739Z.mp4 (5702326 bytes)
[2026-04-12T17:38:41.431536] Starting 60-second capture -> /Users/Chen/PycharmProjects/CSCI_6234_Final/recordings/cam222/clips/2026/04/12/cam222_20260412T213841Z.mp4
[2026-04-12T17:38:43.813375] Recorder thread stopped
[2026-04-12T17:39:02.736635] Recorder thread started
[2026-04-12T17:39:02.738801] Starting 60-second capture -> /Users/Chen/PycharmProjects/CSCI_6234_Final/recordings/cam222/clips/2026/04/12/cam222_20260412T213902Z.mp4
[tls @ 0x7fa45e705100] IO error: End of file
[https @ 0x7fa45e704b80] Error reading HTTP response: End of file
[tls @ 0x7fa45f80da40] IO error: End of file
[https @ 0x7fa45f80c2c0] Error reading HTTP response: End of file
[tls @ 0x7fa45f80da40] IO error: End of file
[https @ 0x7fa45f811a80] Error reading HTTP response: End of file
[tls @ 0x7fa45f910600] IO error: End of file
[https @ 0x7fa45f90b8c0] Error reading HTTP response: End of file
[2026-04-12T17:39:48.511462] Saved clip /Users/Chen/PycharmProjects/CSCI_6234_Final/recordings/cam222/clips/2026/04/12/cam222_20260412T213902Z.mp4 (5932878 bytes)
[2026-04-12T17:39:49.022521] Starting 60-second capture -> /Users/Chen/PycharmProjects/CSCI_6234_Final/recordings/cam222/clips/2026/04/12/cam222_20260412T213949Z.mp4
[tls @ 0x7fb33f005c80] IO error: End of file
[https @ 0x7fb33f005b40] Error reading HTTP response: End of file
[tls @ 0x7fb33e714380] IO error: End of file
[https @ 0x7fb33e748100] Error reading HTTP response: End of file
[tls @ 0x7fb33e714380] IO error: End of file
[https @ 0x7fb33e732300] Error reading HTTP response: End of file
[tls @ 0x7fb32f8238c0] IO error: End of file
[https @ 0x7fb32f822740] Error reading HTTP response: End of file
[2026-04-12T17:40:28.756052] Saved clip /Users/Chen/PycharmProjects/CSCI_6234_Final/recordings/cam222/clips/2026/04/12/cam222_20260412T213949Z.mp4 (5873831 bytes)
[2026-04-12T17:40:29.260027] Starting 60-second capture -> /Users/Chen/PycharmProjects/CSCI_6234_Final/recordings/cam222/clips/2026/04/12/cam222_20260412T214029Z.mp4
[tls @ 0x7f89a2f05100] IO error: End of file
[https @ 0x7f89a2f04b80] Error reading HTTP response: End of file
[tls @ 0x7f89a3c042c0] IO error: End of file
[https @ 0x7f89a3c04200] Error reading HTTP response: End of file
[tls @ 0x7f89a3b07500] IO error: End of file
[https @ 0x7f89a3b07440] Error reading HTTP response: End of file
[2026-04-12T17:41:17.730719] Saved clip /Users/Chen/PycharmProjects/CSCI_6234_Final/recordings/cam222/clips/2026/04/12/cam222_20260412T214029Z.mp4 (5951760 bytes)
[2026-04-12T17:41:18.242498] Starting 60-second capture -> /Users/Chen/PycharmProjects/CSCI_6234_Final/recordings/cam222/clips/2026/04/12/cam222_20260412T214118Z.mp4
[tls @ 0x7fe06f704500] IO error: End of file
[https @ 0x7fe06f7043c0] Error reading HTTP response: End of file
[tls @ 0x7fe078074480] IO error: End of file
[https @ 0x7fe0780866c0] Error reading HTTP response: End of file
[tls @ 0x7fe088006380] IO error: End of file
[https @ 0x7fe088006280] Stream ends prematurely at 754820, should be 1035692
[tls @ 0x7fe088006380] IO error: End of file
[https @ 0x7fe088006280] Error reading HTTP response: End of file
[tls @ 0x7fe078074480] IO error: End of file
[https @ 0x7fe0780708c0] Error reading HTTP response: End of file
[2026-04-12T17:42:06.160825] Saved clip /Users/Chen/PycharmProjects/CSCI_6234_Final/recordings/cam222/clips/2026/04/12/cam222_20260412T214118Z.mp4 (5678834 bytes)
[2026-04-12T17:42:06.672381] Starting 60-second capture -> /Users/Chen/PycharmProjects/CSCI_6234_Final/recordings/cam222/clips/2026/04/12/cam222_20260412T214206Z.mp4
[tls @ 0x7fadf3704500] IO error: End of file
[https @ 0x7fadf37043c0] Error reading HTTP response: End of file
[tls @ 0x7fae04514cc0] IO error: End of file
[https @ 0x7fae04515300] Error reading HTTP response: End of file
[tls @ 0x7fadf3704600] IO error: End of file
[https @ 0x7fadf3706e00] Error reading HTTP response: End of file
[2026-04-12T17:42:51.058665] Saved clip /Users/Chen/PycharmProjects/CSCI_6234_Final/recordings/cam222/clips/2026/04/12/cam222_20260412T214206Z.mp4 (5909148 bytes)
[2026-04-12T17:42:51.570877] Starting 60-second capture -> /Users/Chen/PycharmProjects/CSCI_6234_Final/recordings/cam222/clips/2026/04/12/cam222_20260412T214251Z.mp4
[tls @ 0x7fda9db48100] IO error: End of file
[https @ 0x7fda9db44540] Error reading HTTP response: End of file
[tls @ 0x7fda9db3ae00] IO error: End of file
[https @ 0x7fda9db7dcc0] Error reading HTTP response: End of file
[tls @ 0x7fda9dc36800] IO error: End of file
[https @ 0x7fda9dc45000] Error reading HTTP response: End of file
[tls @ 0x7fda9dc36800] IO error: End of file
[https @ 0x7fda9dc3dc00] Error reading HTTP response: End of file
[2026-04-12T17:43:41.440031] Saved clip /Users/Chen/PycharmProjects/CSCI_6234_Final/recordings/cam222/clips/2026/04/12/cam222_20260412T214251Z.mp4 (5952371 bytes)
[2026-04-12T17:43:41.951141] Starting 60-second capture -> /Users/Chen/PycharmProjects/CSCI_6234_Final/recordings/cam222/clips/2026/04/12/cam222_20260412T214341Z.mp4
[tls @ 0x7f8111a04280] IO error: End of file
[https @ 0x7f80f0f04540] Error reading HTTP response: End of file
[tls @ 0x7f81119046c0] IO error: End of file
[https @ 0x7f8111904600] Error reading HTTP response: End of file
[tls @ 0x7f811194ea40] IO error: End of file
[https @ 0x7f8111916e00] Error reading HTTP response: End of file
[2026-04-12T17:44:28.431392] Saved clip /Users/Chen/PycharmProjects/CSCI_6234_Final/recordings/cam222/clips/2026/04/12/cam222_20260412T214341Z.mp4 (5921585 bytes)
[2026-04-12T17:44:28.943143] Starting 60-second capture -> /Users/Chen/PycharmProjects/CSCI_6234_Final/recordings/cam222/clips/2026/04/12/cam222_20260412T214428Z.mp4
[tls @ 0x7f78e9a04680] IO error: End of file
[https @ 0x7f78e9a04540] Error reading HTTP response: End of file
[tls @ 0x7f78b8f04200] IO error: End of file
[https @ 0x7f78b8f04140] Error reading HTTP response: End of file
[tls @ 0x7f78e8f59d80] IO error: End of file
[https @ 0x7f78e8f6bf80] Error reading HTTP response: End of file
[tls @ 0x7f78e9d0c280] IO error: End of file
[https @ 0x7f78e9d2adc0] Error reading HTTP response: End of file
[2026-04-12T17:45:14.672922] Saved clip /Users/Chen/PycharmProjects/CSCI_6234_Final/recordings/cam222/clips/2026/04/12/cam222_20260412T214428Z.mp4 (5922653 bytes)
[2026-04-12T17:45:15.182764] Starting 60-second capture -> /Users/Chen/PycharmProjects/CSCI_6234_Final/recordings/cam222/clips/2026/04/12/cam222_20260412T214515Z.mp4
[tls @ 0x7fd12e905e40] IO error: End of file
[https @ 0x7fd12e905d40] Error reading HTTP response: End of file
[tls @ 0x7fd10f1059c0] IO error: End of file
[https @ 0x7fd10f1058c0] Error reading HTTP response: End of file
[tls @ 0x7fd10f105f80] IO error: End of file
[https @ 0x7fd10f105ec0] Error reading HTTP response: End of file
[tls @ 0x7fd12e906440] IO error: End of file
[https @ 0x7fd12e906380] Stream ends prematurely at 579040, should be 1003356
[tls @ 0x7fd12e90a980] IO error: End of file
[https @ 0x7fd12e90bcc0] Error reading HTTP response: End of file
[2026-04-12T17:45:55.694678] Saved clip /Users/Chen/PycharmProjects/CSCI_6234_Final/recordings/cam222/clips/2026/04/12/cam222_20260412T214515Z.mp4 (5489361 bytes)
[2026-04-12T17:45:56.205254] Starting 60-second capture -> /Users/Chen/PycharmProjects/CSCI_6234_Final/recordings/cam222/clips/2026/04/12/cam222_20260412T214556Z.mp4
[tls @ 0x7fefcbf04680] IO error: End of file
[https @ 0x7fefcbf04540] Error reading HTTP response: End of file
[tls @ 0x7fef9bf041c0] IO error: End of file
[https @ 0x7fef9bf04080] Error reading HTTP response: End of file
[tls @ 0x7fef8bf04200] IO error: End of file
[https @ 0x7fef8bf04140] Error reading HTTP response: End of file
[tls @ 0x7fef9d804280] IO error: End of file
[https @ 0x7fef9d904100] Error reading HTTP response: End of file
[2026-04-12T17:46:39.736761] Saved clip /Users/Chen/PycharmProjects/CSCI_6234_Final/recordings/cam222/clips/2026/04/12/cam222_20260412T214556Z.mp4 (5869424 bytes)
[2026-04-12T17:46:40.246431] Starting 60-second capture -> /Users/Chen/PycharmProjects/CSCI_6234_Final/recordings/cam222/clips/2026/04/12/cam222_20260412T214640Z.mp4
[tls @ 0x7f9486704680] IO error: End of file
[https @ 0x7f9486704540] Error reading HTTP response: End of file
[tls @ 0x7f94872066c0] IO error: End of file
[https @ 0x7f9487206b40] Error reading HTTP response: End of file
[tls @ 0x7f9487206b80] IO error: End of file
[https @ 0x7f9487206680] Error reading HTTP response: End of file
[tls @ 0x7f9487017980] IO error: End of file
[https @ 0x7f948701b900] Error reading HTTP response: End of file
[2026-04-12T17:47:24.156389] Saved clip /Users/Chen/PycharmProjects/CSCI_6234_Final/recordings/cam222/clips/2026/04/12/cam222_20260412T214640Z.mp4 (5891148 bytes)
[2026-04-12T17:47:24.665215] Starting 60-second capture -> /Users/Chen/PycharmProjects/CSCI_6234_Final/recordings/cam222/clips/2026/04/12/cam222_20260412T214724Z.mp4
[tls @ 0x7fb466a05c80] IO error: End of file
[https @ 0x7fb466a05b40] Error reading HTTP response: End of file
[tls @ 0x7fb466927500] IO error: End of file
[https @ 0x7fb46690d8c0] Error reading HTTP response: End of file
[tls @ 0x7fb466927500] IO error: End of file
[https @ 0x7fb466928ac0] Error reading HTTP response: End of file
[tls @ 0x7fb45680ac00] IO error: End of file
[https @ 0x7fb456819500] Error reading HTTP response: End of file
[2026-04-12T17:48:10.056115] Saved clip /Users/Chen/PycharmProjects/CSCI_6234_Final/recordings/cam222/clips/2026/04/12/cam222_20260412T214724Z.mp4 (5923206 bytes)
[2026-04-12T17:48:10.566370] Starting 60-second capture -> /Users/Chen/PycharmProjects/CSCI_6234_Final/recordings/cam222/clips/2026/04/12/cam222_20260412T214810Z.mp4
[tls @ 0x7fa720804380] IO error: End of file
[https @ 0x7fa720804240] Error reading HTTP response: End of file
[tls @ 0x7fa72771a9c0] IO error: End of file
[https @ 0x7fa72774e780] Error reading HTTP response: End of file
[tls @ 0x7fa730008a40] IO error: End of file
[https @ 0x7fa72083d440] Error reading HTTP response: End of file
[tls @ 0x7fa72771a9c0] IO error: End of file
[https @ 0x7fa727738980] Error reading HTTP response: End of file
[2026-04-12T17:48:59.381838] Saved clip /Users/Chen/PycharmProjects/CSCI_6234_Final/recordings/cam222/clips/2026/04/12/cam222_20260412T214810Z.mp4 (5927254 bytes)
[2026-04-12T17:48:59.893840] Starting 60-second capture -> /Users/Chen/PycharmProjects/CSCI_6234_Final/recordings/cam222/clips/2026/04/12/cam222_20260412T214859Z.mp4
[tls @ 0x7ff162f04680] IO error: End of file
[https @ 0x7ff162f04540] Error reading HTTP response: End of file
[tls @ 0x7ff162f06b00] IO error: End of file
[https @ 0x7ff162f4dc00] Error reading HTTP response: End of file
[tls @ 0x7ff16382f6c0] IO error: End of file
[https @ 0x7ff16386f000] Error reading HTTP response: End of file
[tls @ 0x7ff162f06b00] IO error: End of file
[https @ 0x7ff162f04b00] Error reading HTTP response: End of file
[2026-04-12T17:49:46.704600] Saved clip /Users/Chen/PycharmProjects/CSCI_6234_Final/recordings/cam222/clips/2026/04/12/cam222_20260412T214859Z.mp4 (5948890 bytes)
[2026-04-12T17:49:47.218539] Starting 60-second capture -> /Users/Chen/PycharmProjects/CSCI_6234_Final/recordings/cam222/clips/2026/04/12/cam222_20260412T214947Z.mp4
[tls @ 0x7fac42f04500] IO error: End of file
[https @ 0x7fac42f043c0] Error reading HTTP response: End of file
[tls @ 0x7fac42f4cd80] IO error: End of file
[https @ 0x7fac42f55e40] Error reading HTTP response: End of file
[tls @ 0x7fac44104080] IO error: End of file
[https @ 0x7fac44104f40] Error reading HTTP response: End of file
[tls @ 0x7fac53b08f40] IO error: End of file
[https @ 0x7fac53b36480] Stream ends prematurely at 567760, should be 1051860
[tls @ 0x7fac53a4a280] IO error: End of file
[https @ 0x7fac53a0a280] Error reading HTTP response: End of file
[2026-04-12T17:50:25.991626] Saved clip /Users/Chen/PycharmProjects/CSCI_6234_Final/recordings/cam222/clips/2026/04/12/cam222_20260412T214947Z.mp4 (5471389 bytes)
[2026-04-12T17:50:26.506273] Starting 60-second capture -> /Users/Chen/PycharmProjects/CSCI_6234_Final/recordings/cam222/clips/2026/04/12/cam222_20260412T215026Z.mp4
[tls @ 0x7f7e62204800] IO error: End of file
[https @ 0x7f7e622046c0] Error reading HTTP response: End of file
[tls @ 0x7f7e62409100] IO error: End of file
[https @ 0x7f7e62404ec0] Stream ends prematurely at 749591, should be 1027984
[tls @ 0x7f7e62409100] IO error: End of file
[https @ 0x7f7e62404ec0] Error reading HTTP response: End of file
[mpegts @ 0x7f7e62409a00] PES packet size mismatch
[mpegts @ 0x7f7e62409a00] Packet corrupt (stream = 1, dts = 1275985274).
[tls @ 0x7f7e6223fcc0] IO error: End of file
[https @ 0x7f7e62212580] Error reading HTTP response: End of file
[tls @ 0x7f7e62224340] IO error: End of file
[https @ 0x7f7e6224fe80] Error reading HTTP response: End of file
[tls @ 0x7f7e62518880] IO error: End of file
[https @ 0x7f7e62517d80] Error reading HTTP response: End of file
[2026-04-12T17:51:14.836109] Saved clip /Users/Chen/PycharmProjects/CSCI_6234_Final/recordings/cam222/clips/2026/04/12/cam222_20260412T215026Z.mp4 (5713795 bytes)
[2026-04-12T17:51:15.348009] Starting 60-second capture -> /Users/Chen/PycharmProjects/CSCI_6234_Final/recordings/cam222/clips/2026/04/12/cam222_20260412T215115Z.mp4
[tls @ 0x7fdb2f905b40] IO error: End of file
[https @ 0x7fdb2f905a00] Error reading HTTP response: End of file
[tls @ 0x7fdb2f93bb40] IO error: End of file
[https @ 0x7fdb2f92a6c0] Error reading HTTP response: End of file
[tls @ 0x7fdb2f81b780] IO error: End of file
[https @ 0x7fdb2f8044c0] Error reading HTTP response: End of file
[tls @ 0x7fdb1ef33680] IO error: End of file
[https @ 0x7fdb1ef335c0] Error reading HTTP response: End of file
[2026-04-12T17:51:58.153109] Saved clip /Users/Chen/PycharmProjects/CSCI_6234_Final/recordings/cam222/clips/2026/04/12/cam222_20260412T215115Z.mp4 (5940303 bytes)
[2026-04-12T17:51:58.663834] Starting 60-second capture -> /Users/Chen/PycharmProjects/CSCI_6234_Final/recordings/cam222/clips/2026/04/12/cam222_20260412T215158Z.mp4
[tls @ 0x7faddb304800] IO error: End of file
[https @ 0x7faddb3046c0] Error reading HTTP response: End of file
[tls @ 0x7fadca70dec0] IO error: End of file
[https @ 0x7fadca70de00] Stream ends prematurely at 538808, should be 1023660
[tls @ 0x7fadca897d80] IO error: End of file
[https @ 0x7fadca88aa80] Error reading HTTP response: End of file
[tls @ 0x7fadca70dec0] IO error: End of file
[https @ 0x7fadca70de00] Error reading HTTP response: End of file
[tls @ 0x7fad9a704780] IO error: End of file
[https @ 0x7fad9a704680] Error reading HTTP response: End of file
[tls @ 0x7faddb328880] IO error: End of file
[https @ 0x7faddb32ba40] Stream ends prematurely at 548396, should be 984180
[2026-04-12T17:52:43.430075] Saved clip /Users/Chen/PycharmProjects/CSCI_6234_Final/recordings/cam222/clips/2026/04/12/cam222_20260412T215158Z.mp4 (5040334 bytes)
[2026-04-12T17:52:43.949532] Starting 60-second capture -> /Users/Chen/PycharmProjects/CSCI_6234_Final/recordings/cam222/clips/2026/04/12/cam222_20260412T215243Z.mp4
[tls @ 0x7fd98eb042c0] IO error: End of file
[https @ 0x7fd98eb04200] Error reading HTTP response: End of file
[tls @ 0x7fd98ea3f340] IO error: End of file
[https @ 0x7fd98ea41940] Stream ends prematurely at 733388, should be 1035880
[tls @ 0x7fd98eb04380] IO error: End of file
[https @ 0x7fd98eb042c0] Error reading HTTP response: End of file
[tls @ 0x7fd98ea3f340] IO error: End of file
[https @ 0x7fd98ea41940] Error reading HTTP response: End of file
[tls @ 0x7fd98ea66cc0] IO error: End of file
[https @ 0x7fd98ea630c0] Error reading HTTP response: End of file
[tls @ 0x7fd96df33080] IO error: End of file
[https @ 0x7fd96df45b00] Error reading HTTP response: End of file
[2026-04-12T17:53:23.543577] Saved clip /Users/Chen/PycharmProjects/CSCI_6234_Final/recordings/cam222/clips/2026/04/12/cam222_20260412T215243Z.mp4 (5648363 bytes)
[2026-04-12T17:53:24.058135] Starting 60-second capture -> /Users/Chen/PycharmProjects/CSCI_6234_Final/recordings/cam222/clips/2026/04/12/cam222_20260412T215324Z.mp4
[tls @ 0x7fd154204680] IO error: End of file
[https @ 0x7fd154204540] Error reading HTTP response: End of file
[tls @ 0x7fd154421100] IO error: End of file
[https @ 0x7fd1542061c0] Error reading HTTP response: End of file
[tls @ 0x7fd154421100] IO error: End of file
[https @ 0x7fd154519380] Error reading HTTP response: End of file
[tls @ 0x7fd15433c980] IO error: End of file
[https @ 0x7fd154365f40] Error reading HTTP response: End of file
[2026-04-12T17:54:07.632387] Saved clip /Users/Chen/PycharmProjects/CSCI_6234_Final/recordings/cam222/clips/2026/04/12/cam222_20260412T215324Z.mp4 (5923120 bytes)
[2026-04-12T17:54:08.144377] Starting 60-second capture -> /Users/Chen/PycharmProjects/CSCI_6234_Final/recordings/cam222/clips/2026/04/12/cam222_20260412T215408Z.mp4
[tls @ 0x7fa595804680] IO error: End of file
[https @ 0x7fa595804540] Error reading HTTP response: End of file
[tls @ 0x7fa595905b80] IO error: End of file
[https @ 0x7fa595905a40] Stream ends prematurely at 565504, should be 1020840
[tls @ 0x7fa595905b80] IO error: End of file
[https @ 0x7fa595905a40] Error reading HTTP response: End of file
[tls @ 0x7fa595849a40] IO error: End of file
[https @ 0x7fa595856d80] Error reading HTTP response: End of file
[tls @ 0x7fa595914e80] IO error: End of file
[https @ 0x7fa595905b00] Stream ends prematurely at 545200, should be 990008
[tls @ 0x7fa59592fa80] IO error: End of file
[https @ 0x7fa59592b9c0] Error reading HTTP response: End of file
[2026-04-12T17:54:47.038414] Saved clip /Users/Chen/PycharmProjects/CSCI_6234_Final/recordings/cam222/clips/2026/04/12/cam222_20260412T215408Z.mp4 (5104230 bytes)
[2026-04-12T17:54:47.552250] Starting 60-second capture -> /Users/Chen/PycharmProjects/CSCI_6234_Final/recordings/cam222/clips/2026/04/12/cam222_20260412T215447Z.mp4
[tls @ 0x7f8702705100] IO error: End of file
[https @ 0x7f8702704b80] Error reading HTTP response: End of file
[tls @ 0x7f870306b140] IO error: End of file
[https @ 0x7f87030a6540] Error reading HTTP response: End of file
[tls @ 0x7f87132068c0] IO error: End of file
[https @ 0x7f8713206800] Stream ends prematurely at 512112, should be 972900
[tls @ 0x7f870306b140] IO error: End of file
[https @ 0x7f870309d700] Error reading HTTP response: End of file
[2026-04-12T17:55:26.089617] Saved clip /Users/Chen/PycharmProjects/CSCI_6234_Final/recordings/cam222/clips/2026/04/12/cam222_20260412T215447Z.mp4 (5462457 bytes)
[2026-04-12T17:55:26.608279] Starting 60-second capture -> /Users/Chen/PycharmProjects/CSCI_6234_Final/recordings/cam222/clips/2026/04/12/cam222_20260412T215526Z.mp4
[tls @ 0x7fd81275a300] IO error: End of file
[https @ 0x7fd81276c500] Error reading HTTP response: End of file
[tls @ 0x7fd813107bc0] IO error: End of file
[https @ 0x7fd813104f00] Stream ends prematurely at 764972, should be 1045092
[tls @ 0x7fd803038380] IO error: End of file
[https @ 0x7fd8030529c0] Error reading HTTP response: End of file
[tls @ 0x7fd813107bc0] IO error: End of file
[https @ 0x7fd813104f00] Error reading HTTP response: End of file
[tls @ 0x7fd80274d540] IO error: End of file
[https @ 0x7fd802735b00] Error reading HTTP response: End of file
[tls @ 0x7fd8030230c0] IO error: End of file
[https @ 0x7fd803016700] Error reading HTTP response: End of file
[2026-04-12T17:56:14.864791] Saved clip /Users/Chen/PycharmProjects/CSCI_6234_Final/recordings/cam222/clips/2026/04/12/cam222_20260412T215526Z.mp4 (5649812 bytes)
[2026-04-12T17:56:15.378721] Starting 60-second capture -> /Users/Chen/PycharmProjects/CSCI_6234_Final/recordings/cam222/clips/2026/04/12/cam222_20260412T215615Z.mp4
[tls @ 0x7fc343704680] IO error: End of file
[https @ 0x7fc343704540] Error reading HTTP response: End of file
[tls @ 0x7fc34401b780] IO error: End of file
[https @ 0x7fc34401bd40] Error reading HTTP response: End of file
[tls @ 0x7fc3441049c0] IO error: End of file
[https @ 0x7fc344104880] Stream ends prematurely at 754068, should be 1042272
[tls @ 0x7fc3441049c0] IO error: End of file
[https @ 0x7fc344104880] Error reading HTTP response: End of file
[tls @ 0x7fc34401bd40] IO error: End of file
[https @ 0x7fc34401b780] Error reading HTTP response: End of file
[2026-04-12T17:57:04.518142] Saved clip /Users/Chen/PycharmProjects/CSCI_6234_Final/recordings/cam222/clips/2026/04/12/cam222_20260412T215615Z.mp4 (5636306 bytes)
[2026-04-12T17:57:05.034143] Starting 60-second capture -> /Users/Chen/PycharmProjects/CSCI_6234_Final/recordings/cam222/clips/2026/04/12/cam222_20260412T215705Z.mp4
[tls @ 0x7fd6ff004680] IO error: End of file
[https @ 0x7fd6ff004540] Error reading HTTP response: End of file
[tls @ 0x7fd70e738ac0] IO error: End of file
[https @ 0x7fd70e72cac0] Error reading HTTP response: End of file
[tls @ 0x7fd70f817200] IO error: End of file
[https @ 0x7fd70f809840] Error reading HTTP response: End of file
[tls @ 0x7fd6fe704140] IO error: End of file
[https @ 0x7fd6fe704080] Error reading HTTP response: End of file
[2026-04-12T17:57:48.964852] Saved clip /Users/Chen/PycharmProjects/CSCI_6234_Final/recordings/cam222/clips/2026/04/12/cam222_20260412T215705Z.mp4 (5998336 bytes)
[2026-04-12T17:57:49.479094] Starting 60-second capture -> /Users/Chen/PycharmProjects/CSCI_6234_Final/recordings/cam222/clips/2026/04/12/cam222_20260412T215749Z.mp4
[tls @ 0x7fe0c2204680] IO error: End of file
[https @ 0x7fe0c2204540] Error reading HTTP response: End of file
[tls @ 0x7fe0c2214f80] IO error: End of file
[https @ 0x7fe0c2216380] Stream ends prematurely at 708572, should be 978352
[tls @ 0x7fe0c2214f80] IO error: End of file
[https @ 0x7fe0c2216380] Error reading HTTP response: End of file
[tls @ 0x7fe0c241bc40] IO error: End of file
[https @ 0x7fe0c2411fc0] Error reading HTTP response: End of file
[tls @ 0x7fe0c251a600] IO error: End of file
[https @ 0x7fe0c2516580] Stream ends prematurely at 790728, should be 1056560
[tls @ 0x7fe0c2233a80] IO error: End of file
[https @ 0x7fe0c225c300] Error reading HTTP response: End of file
[tls @ 0x7fe0c251a600] IO error: End of file
[https @ 0x7fe0c2516580] Error reading HTTP response: End of file
[tls @ 0x7fe0c2513f80] IO error: End of file
[https @ 0x7fe0c2506ac0] Error reading HTTP response: End of file
[2026-04-12T17:58:43.379084] Saved clip /Users/Chen/PycharmProjects/CSCI_6234_Final/recordings/cam222/clips/2026/04/12/cam222_20260412T215749Z.mp4 (5378552 bytes)
[2026-04-12T17:58:43.893458] Starting 60-second capture -> /Users/Chen/PycharmProjects/CSCI_6234_Final/recordings/cam222/clips/2026/04/12/cam222_20260412T215843Z.mp4
[tls @ 0x7f8ff5c055c0] IO error: End of file
[https @ 0x7f8ff5c05480] Error reading HTTP response: End of file
[tls @ 0x7f8ff5b0ae80] IO error: End of file
[https @ 0x7f8ff5b19c00] Error reading HTTP response: End of file
[tls @ 0x7f8ff5b05880] IO error: End of file
[https @ 0x7f8ff5c064c0] Error reading HTTP response: End of file
[tls @ 0x7f8ff5c3c7c0] IO error: End of file
[https @ 0x7f8ff5c3fb00] Stream ends prematurely at 570392, should be 1045092
[tls @ 0x7f8ff5a6e8c0] IO error: End of file
[https @ 0x7f8ff5a046c0] Error reading HTTP response: End of file
[tls @ 0x7f8ff5c3c7c0] IO error: End of file
[https @ 0x7f8ff5c3fb00] Error reading HTTP response: End of file
[2026-04-12T17:59:31.868675] Saved clip /Users/Chen/PycharmProjects/CSCI_6234_Final/recordings/cam222/clips/2026/04/12/cam222_20260412T215843Z.mp4 (5501293 bytes)
[2026-04-12T17:59:32.384207] Starting 60-second capture -> /Users/Chen/PycharmProjects/CSCI_6234_Final/recordings/cam222/clips/2026/04/12/cam222_20260412T215932Z.mp4
[tls @ 0x7fcee0105b40] IO error: End of file
[https @ 0x7fcee0105a00] Error reading HTTP response: End of file
[tls @ 0x7fced7721d00] IO error: End of file
[https @ 0x7fced7725240] Error reading HTTP response: End of file
[tls @ 0x7fced773a980] IO error: End of file
[https @ 0x7fced7735440] Error reading HTTP response: End of file
[tls @ 0x7fced7760a40] IO error: End of file
[https @ 0x7fced7772c80] Stream ends prematurely at 722672, should be 984744
[tls @ 0x7fcee8286200] IO error: End of file
[https @ 0x7fcee01722c0] Error reading HTTP response: End of file
[2026-04-12T18:00:14.292752] Saved clip /Users/Chen/PycharmProjects/CSCI_6234_Final/recordings/cam222/clips/2026/04/12/cam222_20260412T215932Z.mp4 (5706659 bytes)
[2026-04-12T18:00:14.807942] Starting 60-second capture -> /Users/Chen/PycharmProjects/CSCI_6234_Final/recordings/cam222/clips/2026/04/12/cam222_20260412T220014Z.mp4
[tls @ 0x7f89d5804680] IO error: End of file
[https @ 0x7f89d5804540] Error reading HTTP response: End of file
[tls @ 0x7f89e4f5a380] IO error: End of file
[https @ 0x7f89e4f71c00] Stream ends prematurely at 720604, should be 998844
[tls @ 0x7f89e4f5a380] IO error: End of file
[https @ 0x7f89e4f71c00] Error reading HTTP response: End of file
[tls @ 0x7f89d581f940] IO error: End of file
[https @ 0x7f89d5822a00] Error reading HTTP response: End of file
[tls @ 0x7f89d4f37f40] IO error: End of file
[https @ 0x7f89d4f6d800] Error reading HTTP response: End of file
[2026-04-12T18:00:59.373270] Saved clip /Users/Chen/PycharmProjects/CSCI_6234_Final/recordings/cam222/clips/2026/04/12/cam222_20260412T220014Z.mp4 (5641478 bytes)
[2026-04-12T18:00:59.892078] Starting 60-second capture -> /Users/Chen/PycharmProjects/CSCI_6234_Final/recordings/cam222/clips/2026/04/12/cam222_20260412T220059Z.mp4
[tls @ 0x7fb0fa230940] IO error: End of file
[https @ 0x7fb0fa242b40] Error reading HTTP response: End of file
[tls @ 0x7fb0fa230940] IO error: End of file
[https @ 0x7fb0fa2ee740] Error reading HTTP response: End of file
[tls @ 0x7fb0fa119740] IO error: End of file
[https @ 0x7fb0fa1049c0] Error reading HTTP response: End of file
[tls @ 0x7fb0fa119740] IO error: End of file
[https @ 0x7fb0fa1279c0] Error reading HTTP response: End of file
[2026-04-12T18:01:44.543820] Saved clip /Users/Chen/PycharmProjects/CSCI_6234_Final/recordings/cam222/clips/2026/04/12/cam222_20260412T220059Z.mp4 (5970874 bytes)
[2026-04-12T18:01:45.058863] Starting 60-second capture -> /Users/Chen/PycharmProjects/CSCI_6234_Final/recordings/cam222/clips/2026/04/12/cam222_20260412T220145Z.mp4
[tls @ 0x7f8065d04bc0] IO error: End of file
[https @ 0x7f8065d04a80] Error reading HTTP response: End of file
[tls @ 0x7f8065b504c0] IO error: End of file
[https @ 0x7f8065b62700] Error reading HTTP response: End of file
[tls @ 0x7f8065c91c40] IO error: End of file
[https @ 0x7f8065c86d80] Error reading HTTP response: End of file
[tls @ 0x7f8065e15ac0] IO error: End of file
[https @ 0x7f8065e142c0] Error reading HTTP response: End of file
[2026-04-12T18:02:30.250348] Saved clip /Users/Chen/PycharmProjects/CSCI_6234_Final/recordings/cam222/clips/2026/04/12/cam222_20260412T220145Z.mp4 (5978864 bytes)
[2026-04-12T18:02:30.762626] Starting 60-second capture -> /Users/Chen/PycharmProjects/CSCI_6234_Final/recordings/cam222/clips/2026/04/12/cam222_20260412T220230Z.mp4
[tls @ 0x7ff1a1804680] IO error: End of file
[https @ 0x7ff1a1804540] Error reading HTTP response: End of file
[tls @ 0x7ff1a18046c0] IO error: End of file
[https @ 0x7ff1a1804600] Error reading HTTP response: End of file
[tls @ 0x7ff121704200] IO error: End of file
[https @ 0x7ff121704140] Error reading HTTP response: End of file
[tls @ 0x7ff181704780] IO error: End of file
[https @ 0x7ff181704dc0] Error reading HTTP response: End of file
[2026-04-12T18:03:17.579401] Saved clip /Users/Chen/PycharmProjects/CSCI_6234_Final/recordings/cam222/clips/2026/04/12/cam222_20260412T220230Z.mp4 (5935517 bytes)
[2026-04-12T18:03:18.093376] Starting 60-second capture -> /Users/Chen/PycharmProjects/CSCI_6234_Final/recordings/cam222/clips/2026/04/12/cam222_20260412T220318Z.mp4
[tls @ 0x7fe20ef05b00] IO error: End of file
[https @ 0x7fe20ef059c0] Error reading HTTP response: End of file
[tls @ 0x7fe1ff81f900] IO error: End of file
[https @ 0x7fe1ff817780] Stream ends prematurely at 728500, should be 1020652
[tls @ 0x7fe1ff81f900] IO error: End of file
[https @ 0x7fe1ff817780] Error reading HTTP response: End of file
[tls @ 0x7fe1ff930a40] IO error: End of file
[https @ 0x7fe1ff931500] Error reading HTTP response: End of file
[tls @ 0x7fe20ef2b000] IO error: End of file
[https @ 0x7fe20ef0c340] Stream ends prematurely at 688832, should be 1016516
[tls @ 0x7fe20ef2b000] IO error: End of file
[https @ 0x7fe20ef0c340] Error reading HTTP response: End of file
[tls @ 0x7fe20ef1af80] IO error: End of file
[https @ 0x7fe20ef2f840] Error reading HTTP response: End of file
[2026-04-12T18:04:04.760920] Saved clip /Users/Chen/PycharmProjects/CSCI_6234_Final/recordings/cam222/clips/2026/04/12/cam222_20260412T220318Z.mp4 (5289129 bytes)
[2026-04-12T18:04:05.275530] Starting 60-second capture -> /Users/Chen/PycharmProjects/CSCI_6234_Final/recordings/cam222/clips/2026/04/12/cam222_20260412T220405Z.mp4
[tls @ 0x7f872e304500] IO error: End of file
[https @ 0x7f872e3043c0] Error reading HTTP response: End of file
[tls @ 0x7f872e322b80] IO error: End of file
[https @ 0x7f872e322700] Error reading HTTP response: End of file
[tls @ 0x7f872e416cc0] IO error: End of file
[https @ 0x7f872e42a3c0] Error reading HTTP response: End of file
[tls @ 0x7f871d727200] IO error: End of file
[https @ 0x7f871d7080c0] Error reading HTTP response: End of file
[2026-04-12T18:04:50.486799] Saved clip /Users/Chen/PycharmProjects/CSCI_6234_Final/recordings/cam222/clips/2026/04/12/cam222_20260412T220405Z.mp4 (5933664 bytes)
[2026-04-12T18:04:50.999810] Starting 60-second capture -> /Users/Chen/PycharmProjects/CSCI_6234_Final/recordings/cam222/clips/2026/04/12/cam222_20260412T220450Z.mp4
[tls @ 0x7fa729c059c0] IO error: End of file
[https @ 0x7fa729c05880] Error reading HTTP response: End of file
[tls @ 0x7fa729c05840] IO error: End of file
[https @ 0x7fa729c07e00] Error reading HTTP response: End of file
[tls @ 0x7fa729c07bc0] IO error: End of file
[https @ 0x7fa729c07ac0] Error reading HTTP response: End of file
[tls @ 0x7fa718f63980] IO error: End of file
[https @ 0x7fa718f24400] Error reading HTTP response: End of file
[tls @ 0x7fa71981b780] IO error: End of file
[https @ 0x7fa71981cac0] Error reading HTTP response: End of file
[2026-04-12T18:05:42.969631] Saved clip /Users/Chen/PycharmProjects/CSCI_6234_Final/recordings/cam222/clips/2026/04/12/cam222_20260412T220450Z.mp4 (5919488 bytes)
[2026-04-12T18:05:43.480443] Starting 60-second capture -> /Users/Chen/PycharmProjects/CSCI_6234_Final/recordings/cam222/clips/2026/04/12/cam222_20260412T220543Z.mp4
[tls @ 0x7fa79a804140] IO error: End of file
[https @ 0x7fa7aaa06200] Error reading HTTP response: End of file
[tls @ 0x7fa79a922880] IO error: End of file
[https @ 0x7fa79a922d40] Error reading HTTP response: End of file
[tls @ 0x7fa79a826200] IO error: End of file
[https @ 0x7fa79a822600] Error reading HTTP response: End of file
[tls @ 0x7fa7aaa4c880] IO error: End of file
[https @ 0x7fa7aaa60e00] Error reading HTTP response: End of file
[tls @ 0x7fa79a822600] IO error: End of file
[https @ 0x7fa79a888a00] Stream ends prematurely at 738276, should be 1027044
[2026-04-12T18:06:31.386367] Saved clip /Users/Chen/PycharmProjects/CSCI_6234_Final/recordings/cam222/clips/2026/04/12/cam222_20260412T220543Z.mp4 (5661110 bytes)
[2026-04-12T18:06:31.893424] Starting 60-second capture -> /Users/Chen/PycharmProjects/CSCI_6234_Final/recordings/cam222/clips/2026/04/12/cam222_20260412T220631Z.mp4
[tls @ 0x7f94f2f04440] IO error: End of file
[https @ 0x7f94f3804540] Error reading HTTP response: End of file
[tls @ 0x7f94f2f04080] IO error: End of file
[https @ 0x7f94f2f32800] Error reading HTTP response: End of file
[tls @ 0x7f9502f27880] IO error: End of file
[https @ 0x7f9502f39a80] Error reading HTTP response: End of file
[tls @ 0x7f94f383e980] IO error: End of file
[https @ 0x7f94f3810e00] Error reading HTTP response: End of file
[2026-04-12T18:07:16.148003] Saved clip /Users/Chen/PycharmProjects/CSCI_6234_Final/recordings/cam222/clips/2026/04/12/cam222_20260412T220631Z.mp4 (5910129 bytes)
[2026-04-12T18:07:16.657726] Starting 60-second capture -> /Users/Chen/PycharmProjects/CSCI_6234_Final/recordings/cam222/clips/2026/04/12/cam222_20260412T220716Z.mp4
[tls @ 0x7fdc62f04680] IO error: End of file
[https @ 0x7fdc62f04540] Error reading HTTP response: End of file
[tls @ 0x7fdc8090cd80] IO error: End of file
[https @ 0x7fdc8090ccc0] Stream ends prematurely at 729064, should be 1032308
[tls @ 0x7fdc80a42840] IO error: End of file
[https @ 0x7fdc80a4a4c0] Error reading HTTP response: End of file
[tls @ 0x7fdc8090cd80] IO error: End of file
[https @ 0x7fdc8090ccc0] Error reading HTTP response: End of file
[tls @ 0x7fdc80979480] IO error: End of file
[https @ 0x7fdc80904e00] Error reading HTTP response: End of file
[tls @ 0x7fdc80828c40] IO error: End of file
[https @ 0x7fdc80828b00] Stream ends prematurely at 545200, should be 1028172
[2026-04-12T18:07:54.158708] Saved clip /Users/Chen/PycharmProjects/CSCI_6234_Final/recordings/cam222/clips/2026/04/12/cam222_20260412T220716Z.mp4 (5208738 bytes)
[2026-04-12T18:07:54.672253] Starting 60-second capture -> /Users/Chen/PycharmProjects/CSCI_6234_Final/recordings/cam222/clips/2026/04/12/cam222_20260412T220754Z.mp4
[tls @ 0x7fa107f04980] IO error: End of file
[https @ 0x7fa107f048c0] Error reading HTTP response: End of file
[tls @ 0x7fa110837580] IO error: End of file
[https @ 0x7fa110858b40] Error reading HTTP response: End of file
[tls @ 0x7fa110919780] IO error: End of file
[https @ 0x7fa11091aac0] Error reading HTTP response: End of file
[tls @ 0x7fa107f64280] IO error: End of file
[https @ 0x7fa107f52b00] Error reading HTTP response: End of file
[tls @ 0x7fa107f30480] IO error: End of file
[https @ 0x7fa107f18800] Error reading HTTP response: End of file
[2026-04-12T18:08:41.318909] Saved clip /Users/Chen/PycharmProjects/CSCI_6234_Final/recordings/cam222/clips/2026/04/12/cam222_20260412T220754Z.mp4 (5935963 bytes)
[2026-04-12T18:08:41.827712] Starting 60-second capture -> /Users/Chen/PycharmProjects/CSCI_6234_Final/recordings/cam222/clips/2026/04/12/cam222_20260412T220841Z.mp4
[tls @ 0x7fbd36b05b00] IO error: End of file
[https @ 0x7fbd36b04300] Error reading HTTP response: End of file
[tls @ 0x7fbd26885a80] IO error: End of file
[https @ 0x7fbd26899680] Error reading HTTP response: End of file
[tls @ 0x7fbd25f06200] IO error: End of file
[https @ 0x7fbd25f05940] Error reading HTTP response: End of file
[tls @ 0x7fbd26885a80] IO error: End of file
[https @ 0x7fbd2689dd80] Error reading HTTP response: End of file
[2026-04-12T18:09:27.805894] Saved clip /Users/Chen/PycharmProjects/CSCI_6234_Final/recordings/cam222/clips/2026/04/12/cam222_20260412T220841Z.mp4 (5929475 bytes)
[2026-04-12T18:09:28.317881] Starting 60-second capture -> /Users/Chen/PycharmProjects/CSCI_6234_Final/recordings/cam222/clips/2026/04/12/cam222_20260412T220928Z.mp4
[tls @ 0x7f7c3f705400] IO error: End of file
[https @ 0x7f7c3f706200] Stream ends prematurely at 748616, should be 1060132
[tls @ 0x7f7c4f705c80] IO error: End of file
[https @ 0x7f7c4f705b40] Error reading HTTP response: End of file
[tls @ 0x7f7c3f705400] IO error: End of file
[https @ 0x7f7c3f706200] Error reading HTTP response: End of file
[tls @ 0x7f7c3f704a00] IO error: End of file
[https @ 0x7f7c3f708a00] Error reading HTTP response: End of file
[tls @ 0x7f7c4812f080] IO error: End of file
[https @ 0x7f7c48136640] Error reading HTTP response: End of file
[tls @ 0x7f7c48031fc0] IO error: End of file
[https @ 0x7f7c48037480] Error reading HTTP response: End of file
[tls @ 0x7f7c3f719c40] IO error: End of file
[https @ 0x7f7c3f715600] Stream ends prematurely at 495004, should be 1009560
[2026-04-12T18:10:14.373944] Saved clip /Users/Chen/PycharmProjects/CSCI_6234_Final/recordings/cam222/clips/2026/04/12/cam222_20260412T220928Z.mp4 (5151782 bytes)
[2026-04-12T18:10:14.885549] Starting 60-second capture -> /Users/Chen/PycharmProjects/CSCI_6234_Final/recordings/cam222/clips/2026/04/12/cam222_20260412T221014Z.mp4
[tls @ 0x7fe162f04380] IO error: End of file
[https @ 0x7fe162f04240] Error reading HTTP response: End of file
[tls @ 0x7fe180010d40] IO error: End of file
[https @ 0x7fe18001cb40] Error reading HTTP response: End of file
[tls @ 0x7fe18015eb40] IO error: End of file
[https @ 0x7fe180176ec0] Error reading HTTP response: End of file
[tls @ 0x7fe180244b40] IO error: End of file
[https @ 0x7fe180245180] Stream ends prematurely at 532604, should be 1013320
[tls @ 0x7fe180010d40] IO error: End of file
[https @ 0x7fe18001cb40] Error reading HTTP response: End of file
[2026-04-12T18:10:56.160485] Saved clip /Users/Chen/PycharmProjects/CSCI_6234_Final/recordings/cam222/clips/2026/04/12/cam222_20260412T221014Z.mp4 (5468051 bytes)
[2026-04-12T18:10:56.674526] Starting 60-second capture -> /Users/Chen/PycharmProjects/CSCI_6234_Final/recordings/cam222/clips/2026/04/12/cam222_20260412T221056Z.mp4
[tls @ 0x7fe04d71b3c0] IO error: End of file
[https @ 0x7fe04d721180] Stream ends prematurely at 543696, should be 1063704
[tls @ 0x7fe05e304440] IO error: End of file
[https @ 0x7fe04d704a00] Error reading HTTP response: End of file
[tls @ 0x7fe04d71b3c0] IO error: End of file
[https @ 0x7fe04d721180] Error reading HTTP response: End of file
[tls @ 0x7fe04e839e40] IO error: End of file
[https @ 0x7fe04e838c80] Error reading HTTP response: End of file
[tls @ 0x7fe04e961800] IO error: End of file
[https @ 0x7fe04e95dc40] Stream ends prematurely at 698232, should be 979668
[tls @ 0x7fe04e961800] IO error: End of file
[https @ 0x7fe04e95dc40] Error reading HTTP response: End of file
[tls @ 0x7fe04e9761c0] IO error: End of file
[https @ 0x7fe04e9725c0] Error reading HTTP response: End of file
[tls @ 0x7fe05e325e80] IO error: End of file
[https @ 0x7fe05e341e40] Stream ends prematurely at 765160, should be 1024412
[2026-04-12T18:11:39.082488] Saved clip /Users/Chen/PycharmProjects/CSCI_6234_Final/recordings/cam222/clips/2026/04/12/cam222_20260412T221056Z.mp4 (4930531 bytes)
[2026-04-12T18:11:39.595331] Starting 60-second capture -> /Users/Chen/PycharmProjects/CSCI_6234_Final/recordings/cam222/clips/2026/04/12/cam222_20260412T221139Z.mp4
[tls @ 0x7f9e37206a00] IO error: End of file
[https @ 0x7f9e37206900] Error reading HTTP response: End of file
[tls @ 0x7f9e37326dc0] IO error: End of file
[https @ 0x7f9e3730d000] Error reading HTTP response: End of file
[tls @ 0x7f9e26731440] IO error: End of file
[https @ 0x7f9e26743640] Error reading HTTP response: End of file
[tls @ 0x7f9e37326dc0] IO error: End of file
[https @ 0x7f9e37307040] Error reading HTTP response: End of file
[tls @ 0x7f9e3734f140] IO error: End of file
[https @ 0x7f9e37371fc0] Stream ends prematurely at 504780, should be 1012568
[2026-04-12T18:12:26.057180] Saved clip /Users/Chen/PycharmProjects/CSCI_6234_Final/recordings/cam222/clips/2026/04/12/cam222_20260412T221139Z.mp4 (5431725 bytes)
[2026-04-12T18:12:26.574634] Starting 60-second capture -> /Users/Chen/PycharmProjects/CSCI_6234_Final/recordings/cam222/clips/2026/04/12/cam222_20260412T221226Z.mp4
[tls @ 0x7fb811804380] IO error: End of file
[https @ 0x7fb811804240] Error reading HTTP response: End of file
[tls @ 0x7fb81192d2c0] IO error: End of file
[https @ 0x7fb811918680] Error reading HTTP response: End of file
[tls @ 0x7fb805624c80] IO error: End of file
[https @ 0x7fb8056182c0] Stream ends prematurely at 725868, should be 1005048
[tls @ 0x7fb81192d2c0] IO error: End of file
[https @ 0x7fb811919180] Error reading HTTP response: End of file
[tls @ 0x7fb805624c80] IO error: End of file
[https @ 0x7fb8056182c0] Error reading HTTP response: End of file
[2026-04-12T18:13:12.239235] Saved clip /Users/Chen/PycharmProjects/CSCI_6234_Final/recordings/cam222/clips/2026/04/12/cam222_20260412T221226Z.mp4 (5644768 bytes)
[2026-04-12T18:13:12.759591] Starting 60-second capture -> /Users/Chen/PycharmProjects/CSCI_6234_Final/recordings/cam222/clips/2026/04/12/cam222_20260412T221312Z.mp4
[tls @ 0x7fc008704380] IO error: End of file
[https @ 0x7fc008704240] Error reading HTTP response: End of file
[tls @ 0x7fc0098439c0] IO error: End of file
[https @ 0x7fc00982f700] Error reading HTTP response: End of file
[tls @ 0x7fc019324dc0] IO error: End of file
[https @ 0x7fc0193107c0] Error reading HTTP response: End of file
[tls @ 0x7fc019324dc0] IO error: End of file
[https @ 0x7fc019316300] Error reading HTTP response: End of file
[2026-04-12T18:13:59.735636] Saved clip /Users/Chen/PycharmProjects/CSCI_6234_Final/recordings/cam222/clips/2026/04/12/cam222_20260412T221312Z.mp4 (5946722 bytes)
[2026-04-12T18:14:00.253729] Starting 60-second capture -> /Users/Chen/PycharmProjects/CSCI_6234_Final/recordings/cam222/clips/2026/04/12/cam222_20260412T221400Z.mp4
[tls @ 0x7fd0ae705c80] IO error: End of file
[https @ 0x7fd0ae705b40] Error reading HTTP response: End of file
[tls @ 0x7fd09e719180] IO error: End of file
[https @ 0x7fd09e72b3c0] Stream ends prematurely at 548208, should be 1033248
[tls @ 0x7fd09e719180] IO error: End of file
[https @ 0x7fd09e72b3c0] Error reading HTTP response: End of file
[tls @ 0x7fd0ae729b00] IO error: End of file
[https @ 0x7fd0ae751100] Error reading HTTP response: End of file
[tls @ 0x7fd09e719180] IO error: End of file
[https @ 0x7fd09e727400] Stream ends prematurely at 740720, should be 1030992
[tls @ 0x7fd09f143040] IO error: End of file
[https @ 0x7fd09f16e700] Error reading HTTP response: End of file
[tls @ 0x7fd09e741e00] IO error: End of file
[https @ 0x7fd09f016d80] Error reading HTTP response: End of file
[tls @ 0x7fd09e719180] IO error: End of file
[https @ 0x7fd09e727400] Error reading HTTP response: End of file
[2026-04-12T18:14:52.473127] Saved clip /Users/Chen/PycharmProjects/CSCI_6234_Final/recordings/cam222/clips/2026/04/12/cam222_20260412T221400Z.mp4 (5223296 bytes)
[2026-04-12T18:14:52.993808] Starting 60-second capture -> /Users/Chen/PycharmProjects/CSCI_6234_Final/recordings/cam222/clips/2026/04/12/cam222_20260412T221452Z.mp4
[tls @ 0x7fdc25104500] IO error: End of file
[https @ 0x7fdc251043c0] Error reading HTTP response: End of file
[tls @ 0x7fdc25304840] IO error: End of file
[https @ 0x7fdc25314800] Error reading HTTP response: End of file
[tls @ 0x7fdc251261c0] IO error: End of file
[https @ 0x7fdc251287c0] Error reading HTTP response: End of file
[tls @ 0x7fdc2530ba00] IO error: End of file
[https @ 0x7fdc25322f80] Stream ends prematurely at 571708, should be 1050920
[tls @ 0x7fdc1471df00] IO error: End of file
[https @ 0x7fdc147250c0] Error reading HTTP response: End of file
[tls @ 0x7fdc2530ba00] IO error: End of file
[https @ 0x7fdc25322f80] Error reading HTTP response: End of file
[2026-04-12T18:15:39.047263] Saved clip /Users/Chen/PycharmProjects/CSCI_6234_Final/recordings/cam222/clips/2026/04/12/cam222_20260412T221452Z.mp4 (5504662 bytes)
[2026-04-12T18:15:39.567393] Starting 60-second capture -> /Users/Chen/PycharmProjects/CSCI_6234_Final/recordings/cam222/clips/2026/04/12/cam222_20260412T221539Z.mp4
[tls @ 0x7f91bc104380] IO error: End of file
[https @ 0x7f91bc104240] Error reading HTTP response: End of file
[tls @ 0x7f91bc1253c0] IO error: End of file
[https @ 0x7f91bc11b840] Error reading HTTP response: End of file
[tls @ 0x7f91bc01d900] IO error: End of file
[https @ 0x7f91bc00ddc0] Error reading HTTP response: End of file
[tls @ 0x7f91bc1253c0] IO error: End of file
[https @ 0x7f91bc11b840] Error reading HTTP response: End of file
[2026-04-12T18:16:23.668384] Saved clip /Users/Chen/PycharmProjects/CSCI_6234_Final/recordings/cam222/clips/2026/04/12/cam222_20260412T221539Z.mp4 (5895516 bytes)
[2026-04-12T18:16:24.188645] Starting 60-second capture -> /Users/Chen/PycharmProjects/CSCI_6234_Final/recordings/cam222/clips/2026/04/12/cam222_20260412T221624Z.mp4
[tls @ 0x7f89f2304680] IO error: End of file
[https @ 0x7f89f2304540] Error reading HTTP response: End of file
[tls @ 0x7f89f260a280] IO error: End of file
[https @ 0x7f89f260a440] Error reading HTTP response: End of file
[tls @ 0x7f89f2581700] IO error: End of file
[https @ 0x7f89f257db40] Error reading HTTP response: End of file
[tls @ 0x7f89f245be80] IO error: End of file
[https @ 0x7f89f260a440] Error reading HTTP response: End of file
[2026-04-12T18:17:08.389926] Saved clip /Users/Chen/PycharmProjects/CSCI_6234_Final/recordings/cam222/clips/2026/04/12/cam222_20260412T221624Z.mp4 (5922875 bytes)
[2026-04-12T18:17:08.909170] Starting 60-second capture -> /Users/Chen/PycharmProjects/CSCI_6234_Final/recordings/cam222/clips/2026/04/12/cam222_20260412T221708Z.mp4
[tls @ 0x7faf7cd05a40] IO error: End of file
[https @ 0x7faf7cd05980] Error reading HTTP response: End of file
[tls @ 0x7faf7cd43a00] IO error: End of file
[https @ 0x7faf7cd3dd80] Error reading HTTP response: End of file
[tls @ 0x7faf7ce24f40] IO error: End of file
[https @ 0x7faf7ce14dc0] Error reading HTTP response: End of file
[tls @ 0x7faf7cb40f80] IO error: End of file
[https @ 0x7faf7cb36780] Error reading HTTP response: End of file
[2026-04-12T18:17:54.385771] Saved clip /Users/Chen/PycharmProjects/CSCI_6234_Final/recordings/cam222/clips/2026/04/12/cam222_20260412T221708Z.mp4 (5991795 bytes)
[2026-04-12T18:17:54.902332] Starting 60-second capture -> /Users/Chen/PycharmProjects/CSCI_6234_Final/recordings/cam222/clips/2026/04/12/cam222_20260412T221754Z.mp4
[tls @ 0x7fb653f04680] IO error: End of file
[https @ 0x7fb653f04540] Error reading HTTP response: End of file
[tls @ 0x7fb65480cbc0] IO error: End of file
[https @ 0x7fb65480ecc0] Stream ends prematurely at 736431, should be 1013696
[tls @ 0x7fb653f1ee00] IO error: End of file
[https @ 0x7fb653f04600] Error reading HTTP response: End of file
[tls @ 0x7fb65480cbc0] IO error: End of file
[https @ 0x7fb65480ecc0] Error reading HTTP response: End of file
[mpegts @ 0x7fb654925400] PES packet size mismatch
[mpegts @ 0x7fb654925400] Packet corrupt (stream = 1, dts = 1425354674).
[tls @ 0x7fb65491f780] IO error: End of file
[https @ 0x7fb65495c5c0] Stream ends prematurely at 737148, should be 1024224
[tls @ 0x7fb664c6a140] IO error: End of file
[https @ 0x7fb664c7d000] Error reading HTTP response: End of file
[tls @ 0x7fb65491f780] IO error: End of file
[https @ 0x7fb65495c5c0] Error reading HTTP response: End of file
[2026-04-12T18:18:35.970162] Saved clip /Users/Chen/PycharmProjects/CSCI_6234_Final/recordings/cam222/clips/2026/04/12/cam222_20260412T221754Z.mp4 (5433643 bytes)
[2026-04-12T18:18:36.489925] Starting 60-second capture -> /Users/Chen/PycharmProjects/CSCI_6234_Final/recordings/cam222/clips/2026/04/12/cam222_20260412T221836Z.mp4
[tls @ 0x7fac1d804680] IO error: End of file
[https @ 0x7fac1d804540] Error reading HTTP response: End of file
[tls @ 0x7fac2db46800] IO error: End of file
[https @ 0x7fac2db53bc0] Error reading HTTP response: End of file
[tls @ 0x7fac2da0b2c0] IO error: End of file
[https @ 0x7fac2da092c0] Error reading HTTP response: End of file
[tls @ 0x7fac1d835dc0] IO error: End of file
[https @ 0x7fac1d817600] Error reading HTTP response: End of file
[2026-04-12T18:19:25.692445] Saved clip /Users/Chen/PycharmProjects/CSCI_6234_Final/recordings/cam222/clips/2026/04/12/cam222_20260412T221836Z.mp4 (5928579 bytes)
[2026-04-12T18:19:26.209068] Starting 60-second capture -> /Users/Chen/PycharmProjects/CSCI_6234_Final/recordings/cam222/clips/2026/04/12/cam222_20260412T221926Z.mp4
[tls @ 0x7f9cfff06e80] IO error: End of file
[https @ 0x7f9cfff06d40] Error reading HTTP response: End of file
[tls @ 0x7f9d0812c7c0] IO error: End of file
[https @ 0x7f9d0813dec0] Error reading HTTP response: End of file
[tls @ 0x7f9d0812c7c0] IO error: End of file
[https @ 0x7f9d08142880] Error reading HTTP response: End of file
[tls @ 0x7f9cf8804200] IO error: End of file
[https @ 0x7f9cf8804100] Error reading HTTP response: End of file
[2026-04-12T18:20:14.271190] Saved clip /Users/Chen/PycharmProjects/CSCI_6234_Final/recordings/cam222/clips/2026/04/12/cam222_20260412T221926Z.mp4 (5881737 bytes)
[2026-04-12T18:20:14.784546] Starting 60-second capture -> /Users/Chen/PycharmProjects/CSCI_6234_Final/recordings/cam222/clips/2026/04/12/cam222_20260412T222014Z.mp4
[tls @ 0x7fb970805980] IO error: End of file
[https @ 0x7fb970805840] Error reading HTTP response: End of file
[tls @ 0x7fb970817040] IO error: End of file
[https @ 0x7fb97081a0c0] Stream ends prematurely at 777944, should be 1033624
[tls @ 0x7fb970817040] IO error: End of file
[https @ 0x7fb97081a0c0] Error reading HTTP response: End of file
[tls @ 0x7fb957740140] IO error: End of file
[https @ 0x7fb957746f80] Error reading HTTP response: End of file
[tls @ 0x7fb970845040] IO error: End of file
[https @ 0x7fb970846d40] Stream ends prematurely at 732260, should be 996588
[tls @ 0x7fb970845040] IO error: End of file
[https @ 0x7fb970846d40] Error reading HTTP response: End of file
[tls @ 0x7fb960009ec0] IO error: End of file
[https @ 0x7fb9600067c0] Error reading HTTP response: End of file
[2026-04-12T18:21:01.775889] Saved clip /Users/Chen/PycharmProjects/CSCI_6234_Final/recordings/cam222/clips/2026/04/12/cam222_20260412T222014Z.mp4 (5435131 bytes)
[2026-04-12T18:21:02.296555] Starting 60-second capture -> /Users/Chen/PycharmProjects/CSCI_6234_Final/recordings/cam222/clips/2026/04/12/cam222_20260412T222102Z.mp4
[tls @ 0x7fc988104a40] IO error: End of file
[https @ 0x7fc988104900] Error reading HTTP response: End of file
[tls @ 0x7fc98f71b440] IO error: End of file
[https @ 0x7fc98f721e80] Error reading HTTP response: End of file
[tls @ 0x7fc988115b00] IO error: End of file
[https @ 0x7fc98810a540] Error reading HTTP response: End of file
[tls @ 0x7fc9880426c0] IO error: End of file
[https @ 0x7fc98806b040] Error reading HTTP response: End of file
[2026-04-12T18:21:47.364348] Saved clip /Users/Chen/PycharmProjects/CSCI_6234_Final/recordings/cam222/clips/2026/04/12/cam222_20260412T222102Z.mp4 (5944382 bytes)
[2026-04-12T18:21:47.887750] Starting 60-second capture -> /Users/Chen/PycharmProjects/CSCI_6234_Final/recordings/cam222/clips/2026/04/12/cam222_20260412T222147Z.mp4
[tls @ 0x7f976b304340] IO error: End of file
[https @ 0x7f976b304200] Error reading HTTP response: End of file
[tls @ 0x7f976b432500] IO error: End of file
[https @ 0x7f976b434f40] Error reading HTTP response: End of file
[tls @ 0x7f9749f4a740] IO error: End of file
[https @ 0x7f9749f2da80] Error reading HTTP response: End of file
[tls @ 0x7f974a834400] IO error: End of file
[https @ 0x7f974a820680] Error reading HTTP response: End of file
[2026-04-12T18:22:33.934936] Saved clip /Users/Chen/PycharmProjects/CSCI_6234_Final/recordings/cam222/clips/2026/04/12/cam222_20260412T222147Z.mp4 (5937000 bytes)
[2026-04-12T18:22:34.455785] Starting 60-second capture -> /Users/Chen/PycharmProjects/CSCI_6234_Final/recordings/cam222/clips/2026/04/12/cam222_20260412T222234Z.mp4
[tls @ 0x7fee31b2ed80] IO error: End of file
[https @ 0x7fee31b33140] Stream ends prematurely at 745232, should be 1027608
[tls @ 0x7fee31a06980] IO error: End of file
[https @ 0x7fee31a06880] Error reading HTTP response: End of file
[tls @ 0x7fee31b2ed80] IO error: End of file
[https @ 0x7fee31b33140] Error reading HTTP response: End of file
[tls @ 0x7fee31a3f900] IO error: End of file
[https @ 0x7fee31a06940] Error reading HTTP response: End of file
[tls @ 0x7fee31b2ed80] IO error: End of file
[https @ 0x7fee31b0b1c0] Stream ends prematurely at 475264, should be 972524
[tls @ 0x7fee31b2ed80] IO error: End of file
[https @ 0x7fee31b0b1c0] Error reading HTTP response: End of file
[tls @ 0x7fee31b2c340] IO error: End of file
[https @ 0x7fee31b33140] Error reading HTTP response: End of file
[tls @ 0x7fee31b0b1c0] IO error: End of file
[https @ 0x7fee31b42280] Stream ends prematurely at 586372, should be 1022344
[2026-04-12T18:23:13.865594] Saved clip /Users/Chen/PycharmProjects/CSCI_6234_Final/recordings/cam222/clips/2026/04/12/cam222_20260412T222234Z.mp4 (4720368 bytes)
[2026-04-12T18:23:14.402298] Starting 60-second capture -> /Users/Chen/PycharmProjects/CSCI_6234_Final/recordings/cam222/clips/2026/04/12/cam222_20260412T222314Z.mp4
[tls @ 0x7fe719704380] IO error: End of file
[https @ 0x7fe719704240] Error reading HTTP response: End of file
[tls @ 0x7fe73ac10a80] IO error: End of file
[https @ 0x7fe73ac1b680] Error reading HTTP response: End of file
[tls @ 0x7fe73ab25800] IO error: End of file
[https @ 0x7fe73ab3cbc0] Error reading HTTP response: End of file
[tls @ 0x7fe73ac49f80] IO error: End of file
[https @ 0x7fe73ac42500] Error reading HTTP response: End of file
[2026-04-12T18:23:55.000021] Saved clip /Users/Chen/PycharmProjects/CSCI_6234_Final/recordings/cam222/clips/2026/04/12/cam222_20260412T222314Z.mp4 (5951788 bytes)
[2026-04-12T18:23:55.520981] Starting 60-second capture -> /Users/Chen/PycharmProjects/CSCI_6234_Final/recordings/cam222/clips/2026/04/12/cam222_20260412T222355Z.mp4
[tls @ 0x7f7fb7804b80] IO error: End of file
[https @ 0x7f7fb7804ac0] Error reading HTTP response: End of file
[tls @ 0x7f7f87011280] IO error: End of file
[https @ 0x7f7f87018080] Error reading HTTP response: End of file
[tls @ 0x7f7f8671de40] IO error: End of file
[https @ 0x7f7f86728e00] Error reading HTTP response: End of file
[tls @ 0x7f7f87007dc0] IO error: End of file
[https @ 0x7f7f87007680] Error reading HTTP response: End of file
[2026-04-12T18:24:45.977165] Saved clip /Users/Chen/PycharmProjects/CSCI_6234_Final/recordings/cam222/clips/2026/04/12/cam222_20260412T222355Z.mp4 (5918768 bytes)
[2026-04-12T18:24:46.492164] Starting 60-second capture -> /Users/Chen/PycharmProjects/CSCI_6234_Final/recordings/cam222/clips/2026/04/12/cam222_20260412T222446Z.mp4
[tls @ 0x7fec41a05280] IO error: End of file
[https @ 0x7fec41a04d40] Error reading HTTP response: End of file
[tls @ 0x7fec41b30e40] IO error: End of file
[https @ 0x7fec41b31440] Stream ends prematurely at 771552, should be 1069344
[tls @ 0x7fec41a2c640] IO error: End of file
[https @ 0x7fec41a49ac0] Error reading HTTP response: End of file
[tls @ 0x7fec41b30e40] IO error: End of file
[https @ 0x7fec41b31440] Error reading HTTP response: End of file
[tls @ 0x7fec20718880] IO error: End of file
[https @ 0x7fec20720c80] Error reading HTTP response: End of file
[tls @ 0x7fec4193cd00] IO error: End of file
[https @ 0x7fec41932000] Error reading HTTP response: End of file
[2026-04-12T18:25:36.421583] Saved clip /Users/Chen/PycharmProjects/CSCI_6234_Final/recordings/cam222/clips/2026/04/12/cam222_20260412T222446Z.mp4 (5644491 bytes)
[2026-04-12T18:25:36.930701] Starting 60-second capture -> /Users/Chen/PycharmProjects/CSCI_6234_Final/recordings/cam222/clips/2026/04/12/cam222_20260412T222536Z.mp4
[tls @ 0x7fba439052c0] IO error: End of file
[https @ 0x7fba43905200] Error reading HTTP response: End of file
[tls @ 0x7fba43b0a780] IO error: End of file
[https @ 0x7fba43b1d140] Error reading HTTP response: End of file
[tls @ 0x7fba43b0a780] IO error: End of file
[https @ 0x7fba43b1d900] Error reading HTTP response: End of file
[tls @ 0x7fba43c13d00] IO error: End of file
[https @ 0x7fba43c19680] Error reading HTTP response: End of file
[2026-04-12T18:26:20.373906] Saved clip /Users/Chen/PycharmProjects/CSCI_6234_Final/recordings/cam222/clips/2026/04/12/cam222_20260412T222536Z.mp4 (5962741 bytes)
[2026-04-12T18:26:20.883936] Starting 60-second capture -> /Users/Chen/PycharmProjects/CSCI_6234_Final/recordings/cam222/clips/2026/04/12/cam222_20260412T222620Z.mp4
[tls @ 0x7fa554759500] IO error: End of file
[https @ 0x7fa55476b700] Error reading HTTP response: End of file
[tls @ 0x7fa555106280] IO error: End of file
[https @ 0x7fa555105500] Error reading HTTP response: End of file
[tls @ 0x7fa555604400] IO error: End of file
[https @ 0x7fa555604300] Error reading HTTP response: End of file
[tls @ 0x7fa555304140] IO error: End of file
[https @ 0x7fa555304980] Error reading HTTP response: End of file
[2026-04-12T18:27:04.281311] Saved clip /Users/Chen/PycharmProjects/CSCI_6234_Final/recordings/cam222/clips/2026/04/12/cam222_20260412T222620Z.mp4 (5968042 bytes)
[2026-04-12T18:27:04.793396] Starting 60-second capture -> /Users/Chen/PycharmProjects/CSCI_6234_Final/recordings/cam222/clips/2026/04/12/cam222_20260412T222704Z.mp4
[tls @ 0x7fc635704680] IO error: End of file
[https @ 0x7fc635704540] Error reading HTTP response: End of file
[tls @ 0x7fc6460b4100] IO error: End of file
[https @ 0x7fc6460c6340] Error reading HTTP response: End of file
[tls @ 0x7fc64631e300] IO error: End of file
[https @ 0x7fc646319900] Stream ends prematurely at 703719, should be 979104
[tls @ 0x7fc637004740] IO error: End of file
[https @ 0x7fc637004640] Error reading HTTP response: End of file
[tls @ 0x7fc64631e300] IO error: End of file
[https @ 0x7fc646319900] Error reading HTTP response: End of file
[tls @ 0x7fc6372051c0] IO error: End of file
[https @ 0x7fc6372050c0] Error reading HTTP response: End of file
[2026-04-12T18:27:44.826233] Saved clip /Users/Chen/PycharmProjects/CSCI_6234_Final/recordings/cam222/clips/2026/04/12/cam222_20260412T222704Z.mp4 (5655496 bytes)
[2026-04-12T18:27:45.335505] Starting 60-second capture -> /Users/Chen/PycharmProjects/CSCI_6234_Final/recordings/cam222/clips/2026/04/12/cam222_20260412T222745Z.mp4
[tls @ 0x7fe11a405c80] IO error: End of file
[https @ 0x7fe11a405b40] Error reading HTTP response: End of file
[tls @ 0x7fe11a041700] IO error: End of file
[https @ 0x7fe11a030f40] Error reading HTTP response: End of file
[tls @ 0x7fe109725240] IO error: End of file
[https @ 0x7fe109735080] Error reading HTTP response: End of file
[tls @ 0x7fe11a304580] IO error: End of file
[https @ 0x7fe11a309240] Error reading HTTP response: End of file
[2026-04-12T18:28:27.196790] Saved clip /Users/Chen/PycharmProjects/CSCI_6234_Final/recordings/cam222/clips/2026/04/12/cam222_20260412T222745Z.mp4 (5873020 bytes)
[2026-04-12T18:28:27.709580] Starting 60-second capture -> /Users/Chen/PycharmProjects/CSCI_6234_Final/recordings/cam222/clips/2026/04/12/cam222_20260412T222827Z.mp4
[tls @ 0x7f92adb05480] IO error: End of file
[https @ 0x7f92adb04d80] Error reading HTTP response: End of file
[tls @ 0x7f92adb25e00] IO error: End of file
[https @ 0x7f92adb19440] Error reading HTTP response: End of file
[tls @ 0x7f92acf0c580] IO error: End of file
[https @ 0x7f92acf0a940] Stream ends prematurely at 759144, should be 1056560
[tls @ 0x7f92ada25180] IO error: End of file
[https @ 0x7f92ada50680] Error reading HTTP response: End of file
[tls @ 0x7f92acf0c580] IO error: End of file
[https @ 0x7f92acf0a940] Error reading HTTP response: End of file
[tls @ 0x7f92add37d00] IO error: End of file
[https @ 0x7f92add3d680] Error reading HTTP response: End of file
[tls @ 0x7f92add29200] IO error: End of file
[https @ 0x7f92add16000] Error reading HTTP response: End of file
[2026-04-12T18:29:14.887204] Saved clip /Users/Chen/PycharmProjects/CSCI_6234_Final/recordings/cam222/clips/2026/04/12/cam222_20260412T222827Z.mp4 (5574250 bytes)
[2026-04-12T18:29:15.398150] Starting 60-second capture -> /Users/Chen/PycharmProjects/CSCI_6234_Final/recordings/cam222/clips/2026/04/12/cam222_20260412T222915Z.mp4
[tls @ 0x7faf53f04500] IO error: End of file
[https @ 0x7faf53f043c0] Error reading HTTP response: End of file
[tls @ 0x7faf24804700] IO error: End of file
[https @ 0x7faf24804600] Error reading HTTP response: End of file
[tls @ 0x7faf64a050c0] IO error: End of file
[https @ 0x7faf64a05000] Stream ends prematurely at 761400, should be 1071788
[tls @ 0x7faf55056800] IO error: End of file
[https @ 0x7faf55032600] Error reading HTTP response: End of file
[tls @ 0x7faf64a050c0] IO error: End of file
[https @ 0x7faf64a05000] Error reading HTTP response: End of file
[2026-04-12T18:30:01.019880] Saved clip /Users/Chen/PycharmProjects/CSCI_6234_Final/recordings/cam222/clips/2026/04/12/cam222_20260412T222915Z.mp4 (5618875 bytes)
[2026-04-12T18:30:01.533249] Starting 60-second capture -> /Users/Chen/PycharmProjects/CSCI_6234_Final/recordings/cam222/clips/2026/04/12/cam222_20260412T223001Z.mp4
[tls @ 0x7fa068004680] IO error: End of file
[https @ 0x7fa068004540] Error reading HTTP response: End of file
[tls @ 0x7fa068305240] IO error: End of file
[https @ 0x7fa068304a00] Error reading HTTP response: End of file
[tls @ 0x7fa068304a00] IO error: End of file
[https @ 0x7fa068305240] Error reading HTTP response: End of file
[tls @ 0x7fa068305240] IO error: End of file
[https @ 0x7fa068304a00] Error reading HTTP response: End of file
[tls @ 0x7fa068204840] IO error: End of file
[https @ 0x7fa068204700] Error reading HTTP response: End of file
[2026-04-12T18:30:48.578370] Saved clip /Users/Chen/PycharmProjects/CSCI_6234_Final/recordings/cam222/clips/2026/04/12/cam222_20260412T223001Z.mp4 (5864395 bytes)
[2026-04-12T18:30:49.092393] Starting 60-second capture -> /Users/Chen/PycharmProjects/CSCI_6234_Final/recordings/cam222/clips/2026/04/12/cam222_20260412T223049Z.mp4
[tls @ 0x7f9f292042c0] IO error: End of file
[https @ 0x7f9f293043c0] Error reading HTTP response: End of file
[tls @ 0x7f9f29504280] IO error: End of file
[https @ 0x7f9f295040c0] Error reading HTTP response: End of file
[tls @ 0x7f9f29104c80] IO error: End of file
[https @ 0x7f9f29104b80] Error reading HTTP response: End of file
[tls @ 0x7f9f29004ac0] IO error: End of file
[https @ 0x7f9f29004780] Error reading HTTP response: End of file
[tls @ 0x7f9f29421d40] IO error: End of file
[https @ 0x7f9f2941c2c0] Stream ends prematurely at 694848, should be 998468
[2026-04-12T18:31:41.242672] Saved clip /Users/Chen/PycharmProjects/CSCI_6234_Final/recordings/cam222/clips/2026/04/12/cam222_20260412T223049Z.mp4 (5632483 bytes)
[2026-04-12T18:31:41.751303] Starting 60-second capture -> /Users/Chen/PycharmProjects/CSCI_6234_Final/recordings/cam222/clips/2026/04/12/cam222_20260412T223141Z.mp4
[tls @ 0x7fcc6c705100] IO error: End of file
[https @ 0x7fcc6c704b80] Error reading HTTP response: End of file
[tls @ 0x7fcc7d205b00] IO error: End of file
[https @ 0x7fcc7d204280] Error reading HTTP response: End of file
[tls @ 0x7fcc6d0079c0] IO error: End of file
[https @ 0x7fcc6d006140] Error reading HTTP response: End of file
[tls @ 0x7fcc7d204280] IO error: End of file
[https @ 0x7fcc6d006600] Error reading HTTP response: End of file
[2026-04-12T18:32:26.409855] Saved clip /Users/Chen/PycharmProjects/CSCI_6234_Final/recordings/cam222/clips/2026/04/12/cam222_20260412T223141Z.mp4 (5917675 bytes)
[2026-04-12T18:32:26.918558] Starting 60-second capture -> /Users/Chen/PycharmProjects/CSCI_6234_Final/recordings/cam222/clips/2026/04/12/cam222_20260412T223226Z.mp4
[tls @ 0x7f8748804d00] IO error: End of file
[https @ 0x7f8748804c00] Error reading HTTP response: End of file
[tls @ 0x7f8727f04380] IO error: End of file
[https @ 0x7f8727f04280] Error reading HTTP response: End of file
[tls @ 0x7f86e7f04280] IO error: End of file
[https @ 0x7f86e7f040c0] Error reading HTTP response: End of file
[tls @ 0x7f8748908fc0] IO error: End of file
[https @ 0x7f8748908400] Error reading HTTP response: End of file
[tls @ 0x7f87001047c0] IO error: End of file
[https @ 0x7f8700104180] Error reading HTTP response: End of file
[2026-04-12T18:33:18.197751] Saved clip /Users/Chen/PycharmProjects/CSCI_6234_Final/recordings/cam222/clips/2026/04/12/cam222_20260412T223226Z.mp4 (5911965 bytes)
[2026-04-12T18:33:18.708729] Starting 60-second capture -> /Users/Chen/PycharmProjects/CSCI_6234_Final/recordings/cam222/clips/2026/04/12/cam222_20260412T223318Z.mp4
[tls @ 0x7fd62ff04680] IO error: End of file
[https @ 0x7fd62ff04540] Error reading HTTP response: End of file
[tls @ 0x7fd62ff05800] IO error: End of file
[https @ 0x7fd62ff05500] Error reading HTTP response: End of file
[tls @ 0x7fd65111a9c0] IO error: End of file
[https @ 0x7fd65112a800] Error reading HTTP response: End of file
[tls @ 0x7fd64ff73480] IO error: End of file
[https @ 0x7fd64ff08740] Error reading HTTP response: End of file
[2026-04-12T18:34:07.571667] Saved clip /Users/Chen/PycharmProjects/CSCI_6234_Final/recordings/cam222/clips/2026/04/12/cam222_20260412T223318Z.mp4 (5915493 bytes)
[2026-04-12T18:34:08.084539] Starting 60-second capture -> /Users/Chen/PycharmProjects/CSCI_6234_Final/recordings/cam222/clips/2026/04/12/cam222_20260412T223408Z.mp4
[tls @ 0x7fa7a5956ac0] IO error: End of file
[https @ 0x7fa7a5968cc0] Error reading HTTP response: End of file
[tls @ 0x7fa764f04640] IO error: End of file
[https @ 0x7fa764f04500] Error reading HTTP response: End of file
[tls @ 0x7fa7a5a04cc0] IO error: End of file
[https @ 0x7fa7a5a04bc0] Error reading HTTP response: End of file
[tls @ 0x7fa764f04080] IO error: End of file
[https @ 0x7fa764f045c0] Error reading HTTP response: End of file
[tls @ 0x7fa764f30dc0] IO error: End of file
[https @ 0x7fa764f04200] Stream ends prematurely at 515120, should be 1025352
[2026-04-12T18:34:55.810428] Saved clip /Users/Chen/PycharmProjects/CSCI_6234_Final/recordings/cam222/clips/2026/04/12/cam222_20260412T223408Z.mp4 (5441456 bytes)
[2026-04-12T18:34:56.322641] Starting 60-second capture -> /Users/Chen/PycharmProjects/CSCI_6234_Final/recordings/cam222/clips/2026/04/12/cam222_20260412T223456Z.mp4
[tls @ 0x7fc42f904400] IO error: End of file
[https @ 0x7fc42f904300] Error reading HTTP response: End of file
[tls @ 0x7fc42ef06c80] IO error: End of file
[https @ 0x7fc42ef06b40] Error reading HTTP response: End of file
[tls @ 0x7fc44f913c00] IO error: End of file
[https @ 0x7fc44f93e140] Error reading HTTP response: End of file
[tls @ 0x7fc42f804700] IO error: End of file
[https @ 0x7fc42f804540] Error reading HTTP response: End of file
[tls @ 0x7fc42f825300] IO error: End of file
[https @ 0x7fc42f818940] Stream ends prematurely at 498576, should be 1010124
[2026-04-12T18:35:43.783411] Saved clip /Users/Chen/PycharmProjects/CSCI_6234_Final/recordings/cam222/clips/2026/04/12/cam222_20260412T223456Z.mp4 (5405644 bytes)
[2026-04-12T18:35:44.297618] Starting 60-second capture -> /Users/Chen/PycharmProjects/CSCI_6234_Final/recordings/cam222/clips/2026/04/12/cam222_20260412T223544Z.mp4
[tls @ 0x7fbcdc704680] IO error: End of file
[https @ 0x7fbcdc704540] Error reading HTTP response: End of file
[tls @ 0x7fbced207bc0] IO error: End of file
[https @ 0x7fbced207800] Error reading HTTP response: End of file
[tls @ 0x7fbced216100] IO error: End of file
[https @ 0x7fbced215c80] Error reading HTTP response: End of file
[tls @ 0x7fbced006740] IO error: End of file
[https @ 0x7fbced007340] Stream ends prematurely at 529784, should be 1025916
[tls @ 0x7fbcdd2226c0] IO error: End of file
[https @ 0x7fbcdd234a80] Error reading HTTP response: End of file
[2026-04-12T18:36:26.970515] Saved clip /Users/Chen/PycharmProjects/CSCI_6234_Final/recordings/cam222/clips/2026/04/12/cam222_20260412T223544Z.mp4 (5483081 bytes)
[2026-04-12T18:36:27.480884] Starting 60-second capture -> /Users/Chen/PycharmProjects/CSCI_6234_Final/recordings/cam222/clips/2026/04/12/cam222_20260412T223627Z.mp4
[tls @ 0x7f8c23405f40] IO error: End of file
[https @ 0x7f8c23405e40] Error reading HTTP response: End of file
[tls @ 0x7f8c13023fc0] IO error: End of file
[https @ 0x7f8c130361c0] Stream ends prematurely at 739028, should be 1038888
[tls @ 0x7f8c2341c980] IO error: End of file
[https @ 0x7f8c23405f00] Error reading HTTP response: End of file
[tls @ 0x7f8c13023fc0] IO error: End of file
[https @ 0x7f8c130361c0] Error reading HTTP response: End of file
[tls @ 0x7f8be3004140] IO error: End of file
[https @ 0x7f8be30149c0] Error reading HTTP response: End of file
[tls @ 0x7f8c12724bc0] IO error: End of file
[https @ 0x7f8c12718200] Error reading HTTP response: End of file
[2026-04-12T18:37:15.654483] Saved clip /Users/Chen/PycharmProjects/CSCI_6234_Final/recordings/cam222/clips/2026/04/12/cam222_20260412T223627Z.mp4 (5658965 bytes)
[2026-04-12T18:37:16.164431] Starting 60-second capture -> /Users/Chen/PycharmProjects/CSCI_6234_Final/recordings/cam222/clips/2026/04/12/cam222_20260412T223716Z.mp4
[tls @ 0x7fd5ad704680] IO error: End of file
[https @ 0x7fd5ad704540] Error reading HTTP response: End of file
[tls @ 0x7fd58e005440] IO error: End of file
[https @ 0x7fd58e005340] Error reading HTTP response: End of file
[tls @ 0x7fd5ae114740] IO error: End of file
[https @ 0x7fd5ae114d80] Error reading HTTP response: End of file
[tls @ 0x7fd5ad706780] IO error: End of file
[https @ 0x7fd5ad704540] Error reading HTTP response: End of file
[2026-04-12T18:38:00.033702] Saved clip /Users/Chen/PycharmProjects/CSCI_6234_Final/recordings/cam222/clips/2026/04/12/cam222_20260412T223716Z.mp4 (5872658 bytes)
[2026-04-12T18:38:00.544225] Starting 60-second capture -> /Users/Chen/PycharmProjects/CSCI_6234_Final/recordings/cam222/clips/2026/04/12/cam222_20260412T223800Z.mp4
[tls @ 0x7fe91a904f80] IO error: End of file
[https @ 0x7fe91a904e80] Error reading HTTP response: End of file
[tls @ 0x7fe90a907c80] IO error: End of file
[https @ 0x7fe90a921fc0] Error reading HTTP response: End of file
[tls @ 0x7fe899704240] IO error: End of file
[https @ 0x7fe899704080] Stream ends prematurely at 715904, should be 994520
[tls @ 0x7fe90a84be80] IO error: End of file
[https @ 0x7fe90a848280] Error reading HTTP response: End of file
[tls @ 0x7fe899704240] IO error: End of file
[https @ 0x7fe899704080] Error reading HTTP response: End of file
[tls @ 0x7fe90ab1ca40] IO error: End of file
[https @ 0x7fe90ab04b80] Error reading HTTP response: End of file
[2026-04-12T18:38:45.512858] Saved clip /Users/Chen/PycharmProjects/CSCI_6234_Final/recordings/cam222/clips/2026/04/12/cam222_20260412T223800Z.mp4 (5648340 bytes)
[2026-04-12T18:38:46.023005] Starting 60-second capture -> /Users/Chen/PycharmProjects/CSCI_6234_Final/recordings/cam222/clips/2026/04/12/cam222_20260412T223846Z.mp4
[tls @ 0x7fc981404800] IO error: End of file
[https @ 0x7fc9814046c0] Error reading HTTP response: End of file
[tls @ 0x7fc950704280] IO error: End of file
[https @ 0x7fc950704080] Error reading HTTP response: End of file
[tls @ 0x7fc981459980] IO error: End of file
[https @ 0x7fc981431780] Error reading HTTP response: End of file
[2026-04-12T18:39:26.578007] Saved clip /Users/Chen/PycharmProjects/CSCI_6234_Final/recordings/cam222/clips/2026/04/12/cam222_20260412T223846Z.mp4 (5893708 bytes)
[2026-04-12T18:39:27.090949] Starting 60-second capture -> /Users/Chen/PycharmProjects/CSCI_6234_Final/recordings/cam222/clips/2026/04/12/cam222_20260412T223927Z.mp4
[tls @ 0x7fa3b6019200] IO error: End of file
[https @ 0x7fa3b6019140] Error reading HTTP response: End of file
[tls @ 0x7fa3b60552c0] IO error: End of file
[https @ 0x7fa3b6059d00] Error reading HTTP response: End of file
[tls @ 0x7fa3a5704140] IO error: End of file
[https @ 0x7fa3a5704500] Error reading HTTP response: End of file
[tls @ 0x7fa3b6204240] IO error: End of file
[https @ 0x7fa3b6204140] Error reading HTTP response: End of file
[2026-04-12T18:40:16.953917] Saved clip /Users/Chen/PycharmProjects/CSCI_6234_Final/recordings/cam222/clips/2026/04/12/cam222_20260412T223927Z.mp4 (5937000 bytes)
[2026-04-12T18:40:17.467123] Starting 60-second capture -> /Users/Chen/PycharmProjects/CSCI_6234_Final/recordings/cam222/clips/2026/04/12/cam222_20260412T224017Z.mp4
[tls @ 0x7fd55b704680] IO error: End of file
[https @ 0x7fd55b704540] Error reading HTTP response: End of file
[tls @ 0x7fd55c30ca40] IO error: End of file
[https @ 0x7fd55c31b8c0] Error reading HTTP response: End of file
[tls @ 0x7fd56c146f40] IO error: End of file
[https @ 0x7fd56c154680] Error reading HTTP response: End of file
[tls @ 0x7fd55c104280] IO error: End of file
[https @ 0x7fd55c104180] Error reading HTTP response: End of file
[2026-04-12T18:41:06.040213] Saved clip /Users/Chen/PycharmProjects/CSCI_6234_Final/recordings/cam222/clips/2026/04/12/cam222_20260412T224017Z.mp4 (5964803 bytes)
[2026-04-12T18:41:06.549555] Starting 60-second capture -> /Users/Chen/PycharmProjects/CSCI_6234_Final/recordings/cam222/clips/2026/04/12/cam222_20260412T224106Z.mp4
[tls @ 0x7fb9c5f04680] IO error: End of file
[https @ 0x7fb9c5f04540] Error reading HTTP response: End of file
[tls @ 0x7fb9c5f0a780] IO error: End of file
[https @ 0x7fb9c5f04780] Error reading HTTP response: End of file
[tls @ 0x7fb9e691d740] IO error: End of file
[https @ 0x7fb9e6919b40] Error reading HTTP response: End of file
[tls @ 0x7fb9c6b04600] IO error: End of file
[https @ 0x7fb9c6b04540] Error reading HTTP response: End of file
[2026-04-12T18:41:50.850450] Saved clip /Users/Chen/PycharmProjects/CSCI_6234_Final/recordings/cam222/clips/2026/04/12/cam222_20260412T224106Z.mp4 (5926069 bytes)
[2026-04-12T18:41:51.365022] Starting 60-second capture -> /Users/Chen/PycharmProjects/CSCI_6234_Final/recordings/cam222/clips/2026/04/12/cam222_20260412T224151Z.mp4
[tls @ 0x7f90c6b04680] IO error: End of file
[https @ 0x7f90c6b04540] Error reading HTTP response: End of file
[tls @ 0x7f90c6c04300] IO error: End of file
[https @ 0x7f90c6e04200] Error reading HTTP response: End of file
[tls @ 0x7f90c6a094c0] IO error: End of file
[https @ 0x7f90c6a0da40] Error reading HTTP response: End of file
[tls @ 0x7f90c6a42900] IO error: End of file
[https @ 0x7f90c6a2ea40] Stream ends prematurely at 553848, should be 1079120
[tls @ 0x7f90c68a4640] IO error: End of file
[https @ 0x7f90c68b6840] Error reading HTTP response: End of file
[2026-04-12T18:42:34.560862] Saved clip /Users/Chen/PycharmProjects/CSCI_6234_Final/recordings/cam222/clips/2026/04/12/cam222_20260412T224151Z.mp4 (5388376 bytes)
[2026-04-12T18:42:35.071055] Starting 60-second capture -> /Users/Chen/PycharmProjects/CSCI_6234_Final/recordings/cam222/clips/2026/04/12/cam222_20260412T224235Z.mp4
[tls @ 0x7feec5f0bc00] IO error: End of file
[https @ 0x7feec5f0be40] Error reading HTTP response: End of file
[tls @ 0x7feec6941280] IO error: End of file
[https @ 0x7feec6929600] Error reading HTTP response: End of file
[tls @ 0x7feeb5f052c0] IO error: End of file
[https @ 0x7feeb5f05100] Error reading HTTP response: End of file
[tls @ 0x7feeb6224640] IO error: End of file
[https @ 0x7feeb6217380] Error reading HTTP response: End of file
[2026-04-12T18:43:17.921997] Saved clip /Users/Chen/PycharmProjects/CSCI_6234_Final/recordings/cam222/clips/2026/04/12/cam222_20260412T224235Z.mp4 (5894203 bytes)
[2026-04-12T18:43:18.436541] Starting 60-second capture -> /Users/Chen/PycharmProjects/CSCI_6234_Final/recordings/cam222/clips/2026/04/12/cam222_20260412T224318Z.mp4
[tls @ 0x7fcbc8004500] IO error: End of file
[https @ 0x7fcbc80043c0] Error reading HTTP response: End of file
[tls @ 0x7fcb88004280] IO error: End of file
[https @ 0x7fcb880040c0] Error reading HTTP response: End of file
[tls @ 0x7fcbc8028140] IO error: End of file
[https @ 0x7fcbc800a040] Error reading HTTP response: End of file
[tls @ 0x7fcbd0107500] IO error: End of file
[https @ 0x7fcbd0106ac0] Error reading HTTP response: End of file
[2026-04-12T18:44:01.994270] Saved clip /Users/Chen/PycharmProjects/CSCI_6234_Final/recordings/cam222/clips/2026/04/12/cam222_20260412T224318Z.mp4 (5927089 bytes)
[2026-04-12T18:44:02.507771] Starting 60-second capture -> /Users/Chen/PycharmProjects/CSCI_6234_Final/recordings/cam222/clips/2026/04/12/cam222_20260412T224402Z.mp4
[tls @ 0x7f7e5aa06d00] IO error: End of file
[https @ 0x7f7e5aa06c00] Error reading HTTP response: End of file
[tls @ 0x7f7e49f11ec0] IO error: End of file
[https @ 0x7f7e49f04080] Error reading HTTP response: End of file
[tls @ 0x7f7e4a80d280] IO error: End of file
[https @ 0x7f7e4a81bc40] Error reading HTTP response: End of file
[tls @ 0x7f7e4a80d280] IO error: End of file
[https @ 0x7f7e4a81ea80] Error reading HTTP response: End of file
[2026-04-12T18:44:47.281041] Saved clip /Users/Chen/PycharmProjects/CSCI_6234_Final/recordings/cam222/clips/2026/04/12/cam222_20260412T224402Z.mp4 (5963194 bytes)
[2026-04-12T18:44:47.794828] Starting 60-second capture -> /Users/Chen/PycharmProjects/CSCI_6234_Final/recordings/cam222/clips/2026/04/12/cam222_20260412T224447Z.mp4
[tls @ 0x7fef89704680] IO error: End of file
[https @ 0x7fef89704540] Error reading HTTP response: End of file
[tls @ 0x7fef8a304080] IO error: End of file
[https @ 0x7fef8a304500] Error reading HTTP response: End of file
[tls @ 0x7fef8a006e00] IO error: End of file
[https @ 0x7fef8a006d40] Error reading HTTP response: End of file
[tls @ 0x7fef9a206380] IO error: End of file
[https @ 0x7fef9a207440] Stream ends prematurely at 529408, should be 1020464
[tls @ 0x7fef69804440] IO error: End of file
[https @ 0x7fef69804280] Error reading HTTP response: End of file
[tls @ 0x7fef9a206380] IO error: End of file
[https @ 0x7fef9a207440] Error reading HTTP response: End of file
[2026-04-12T18:45:29.895347] Saved clip /Users/Chen/PycharmProjects/CSCI_6234_Final/recordings/cam222/clips/2026/04/12/cam222_20260412T224447Z.mp4 (5454511 bytes)
[2026-04-12T18:45:30.409045] Starting 60-second capture -> /Users/Chen/PycharmProjects/CSCI_6234_Final/recordings/cam222/clips/2026/04/12/cam222_20260412T224530Z.mp4
[tls @ 0x7faf52004500] IO error: End of file
[https @ 0x7faf520043c0] Error reading HTTP response: End of file
[tls @ 0x7faf52028940] IO error: End of file
[https @ 0x7faf5203dcc0] Error reading HTTP response: End of file
[tls @ 0x7faf5171e840] IO error: End of file
[https @ 0x7faf51739280] Error reading HTTP response: End of file
[tls @ 0x7faf52247080] IO error: End of file
[https @ 0x7faf52239680] Error reading HTTP response: End of file
[2026-04-12T18:46:14.155450] Saved clip /Users/Chen/PycharmProjects/CSCI_6234_Final/recordings/cam222/clips/2026/04/12/cam222_20260412T224530Z.mp4 (5909460 bytes)
[2026-04-12T18:46:14.669070] Starting 60-second capture -> /Users/Chen/PycharmProjects/CSCI_6234_Final/recordings/cam222/clips/2026/04/12/cam222_20260412T224614Z.mp4
[tls @ 0x7fb6580047c0] IO error: End of file
[https @ 0x7fb658004680] Error reading HTTP response: End of file
[tls @ 0x7fb658109640] IO error: End of file
[https @ 0x7fb658129800] Error reading HTTP response: End of file
[tls @ 0x7fb658109080] IO error: End of file
[https @ 0x7fb658108fc0] Stream ends prematurely at 495380, should be 977788
[tls @ 0x7fb658109080] IO error: End of file
[https @ 0x7fb658108fc0] Error reading HTTP response: End of file
[tls @ 0x7fb658243940] IO error: End of file
[https @ 0x7fb658262e40] Error reading HTTP response: End of file
[2026-04-12T18:47:00.710191] Saved clip /Users/Chen/PycharmProjects/CSCI_6234_Final/recordings/cam222/clips/2026/04/12/cam222_20260412T224614Z.mp4 (5456054 bytes)
[2026-04-12T18:47:01.224196] Starting 60-second capture -> /Users/Chen/PycharmProjects/CSCI_6234_Final/recordings/cam222/clips/2026/04/12/cam222_20260412T224701Z.mp4
[tls @ 0x7fd168f04680] IO error: End of file
[https @ 0x7fd168f04540] Error reading HTTP response: End of file
[tls @ 0x7fd1698276c0] IO error: End of file
[https @ 0x7fd16982d700] Error reading HTTP response: End of file
[tls @ 0x7fd179c11000] IO error: End of file
[https @ 0x7fd179c2b5c0] Error reading HTTP response: End of file
[tls @ 0x7fd179b2df00] IO error: End of file
[https @ 0x7fd179b264c0] Error reading HTTP response: End of file
[tls @ 0x7fd1698276c0] IO error: End of file
[https @ 0x7fd179c1c480] Stream ends prematurely at 567384, should be 1070284
[2026-04-12T18:47:43.244288] Saved clip /Users/Chen/PycharmProjects/CSCI_6234_Final/recordings/cam222/clips/2026/04/12/cam222_20260412T224701Z.mp4 (5476518 bytes)
[2026-04-12T18:47:43.762576] Starting 60-second capture -> /Users/Chen/PycharmProjects/CSCI_6234_Final/recordings/cam222/clips/2026/04/12/cam222_20260412T224743Z.mp4
[tls @ 0x7fb2d5f05280] IO error: End of file
[https @ 0x7fb2d5f04d40] Error reading HTTP response: End of file
[tls @ 0x7fb2d6905080] IO error: End of file
[https @ 0x7fb2d6904080] Error reading HTTP response: End of file
[tls @ 0x7fb2d6905140] IO error: End of file
[https @ 0x7fb2d6905080] Error reading HTTP response: End of file
[tls @ 0x7fb2d683f740] IO error: End of file
[https @ 0x7fb2d683f680] Error reading HTTP response: End of file
[2026-04-12T18:48:27.789751] Saved clip /Users/Chen/PycharmProjects/CSCI_6234_Final/recordings/cam222/clips/2026/04/12/cam222_20260412T224743Z.mp4 (5920142 bytes)
[2026-04-12T18:48:28.300944] Starting 60-second capture -> /Users/Chen/PycharmProjects/CSCI_6234_Final/recordings/cam222/clips/2026/04/12/cam222_20260412T224828Z.mp4
[tls @ 0x7fbf32004680] IO error: End of file
[https @ 0x7fbf32004540] Error reading HTTP response: End of file
[tls @ 0x7fbf3204ee80] IO error: End of file
[https @ 0x7fbf3204f480] Error reading HTTP response: End of file
[tls @ 0x7fbf3210e740] IO error: End of file
[https @ 0x7fbf32120940] Error reading HTTP response: End of file
[tls @ 0x7fbf4681fa00] IO error: End of file
[https @ 0x7fbf46827180] Stream ends prematurely at 602540, should be 1022156
[tls @ 0x7fbf31731c00] IO error: End of file
[https @ 0x7fbf317405c0] Error reading HTTP response: End of file
[tls @ 0x7fbf4681fa00] IO error: End of file
[https @ 0x7fbf46827180] Error reading HTTP response: End of file
[2026-04-12T18:49:10.351911] Saved clip /Users/Chen/PycharmProjects/CSCI_6234_Final/recordings/cam222/clips/2026/04/12/cam222_20260412T224828Z.mp4 (5589124 bytes)
[2026-04-12T18:49:10.867035] Starting 60-second capture -> /Users/Chen/PycharmProjects/CSCI_6234_Final/recordings/cam222/clips/2026/04/12/cam222_20260412T224910Z.mp4
[tls @ 0x7f94b9105c80] IO error: End of file
[https @ 0x7f94b9105b40] Error reading HTTP response: End of file
[tls @ 0x7f94aff0d380] IO error: End of file
[https @ 0x7f94aff14140] Stream ends prematurely at 680560, should be 979104
[tls @ 0x7f94aff0d380] IO error: End of file
[https @ 0x7f94aff14140] Error reading HTTP response: End of file
[tls @ 0x7f949ff5c4c0] IO error: End of file
[https @ 0x7f949ff5f800] Error reading HTTP response: End of file
[tls @ 0x7f949ff67d80] IO error: End of file
[https @ 0x7f949ff78440] Stream ends prematurely at 490868, should be 978352
[tls @ 0x7f94aff36ec0] IO error: End of file
[https @ 0x7f94aff4f000] Error reading HTTP response: End of file
[tls @ 0x7f949ff67d80] IO error: End of file
[https @ 0x7f949ff78440] Error reading HTTP response: End of file
[2026-04-12T18:50:02.345406] Saved clip /Users/Chen/PycharmProjects/CSCI_6234_Final/recordings/cam222/clips/2026/04/12/cam222_20260412T224910Z.mp4 (5177894 bytes)
[2026-04-12T18:50:02.856938] Starting 60-second capture -> /Users/Chen/PycharmProjects/CSCI_6234_Final/recordings/cam222/clips/2026/04/12/cam222_20260412T225002Z.mp4
[tls @ 0x7f9662704680] IO error: End of file
[https @ 0x7f9662704540] Error reading HTTP response: End of file
[tls @ 0x7f9663205c40] IO error: End of file
[https @ 0x7f9663205e00] Error reading HTTP response: End of file
[tls @ 0x7f9663205c40] IO error: End of file
[https @ 0x7f96632054c0] Error reading HTTP response: End of file
[tls @ 0x7f9662704640] IO error: End of file
[https @ 0x7f9662704540] Error reading HTTP response: End of file
[tls @ 0x7f9663505140] IO error: End of file
[https @ 0x7f9663505080] Error reading HTTP response: End of file
[2026-04-12T18:50:47.132602] Saved clip /Users/Chen/PycharmProjects/CSCI_6234_Final/recordings/cam222/clips/2026/04/12/cam222_20260412T225002Z.mp4 (5943330 bytes)
[2026-04-12T18:50:47.642960] Starting 60-second capture -> /Users/Chen/PycharmProjects/CSCI_6234_Final/recordings/cam222/clips/2026/04/12/cam222_20260412T225047Z.mp4
[tls @ 0x7fca6b605380] IO error: End of file
[https @ 0x7fca6b605280] Stream ends prematurely at 707068, should be 778508
[tls @ 0x7fca6b404500] IO error: End of file
[https @ 0x7fca6b4043c0] Error reading HTTP response: End of file
[tls @ 0x7fca6b605380] IO error: End of file
[https @ 0x7fca6b605280] Error reading HTTP response: End of file
[tls @ 0x7fca6b6119c0] IO error: End of file
[https @ 0x7fca6b6486c0] Error reading HTTP response: End of file
[tls @ 0x7fca6b5051c0] IO error: End of file
[https @ 0x7fca6b5050c0] Error reading HTTP response: End of file
[2026-04-12T18:51:38.076191] Saved clip /Users/Chen/PycharmProjects/CSCI_6234_Final/recordings/cam222/clips/2026/04/12/cam222_20260412T225047Z.mp4 (5855661 bytes)
[2026-04-12T18:51:38.588126] Starting 60-second capture -> /Users/Chen/PycharmProjects/CSCI_6234_Final/recordings/cam222/clips/2026/04/12/cam222_20260412T225138Z.mp4
[tls @ 0x7f838c404380] IO error: End of file
[https @ 0x7f838c404240] Error reading HTTP response: End of file
[tls @ 0x7f838c207500] IO error: End of file
[https @ 0x7f838c2103c0] Error reading HTTP response: End of file
[tls @ 0x7f838c5090c0] IO error: End of file
[https @ 0x7f838c509000] Error reading HTTP response: End of file
[tls @ 0x7f838c20e340] IO error: End of file
[https @ 0x7f838c20c9c0] Error reading HTTP response: End of file
[tls @ 0x7f838c510a40] IO error: End of file
[https @ 0x7f838c512040] Error reading HTTP response: End of file
[2026-04-12T18:52:26.697628] Saved clip /Users/Chen/PycharmProjects/CSCI_6234_Final/recordings/cam222/clips/2026/04/12/cam222_20260412T225138Z.mp4 (5970718 bytes)
[2026-04-12T18:52:27.210612] Starting 60-second capture -> /Users/Chen/PycharmProjects/CSCI_6234_Final/recordings/cam222/clips/2026/04/12/cam222_20260412T225227Z.mp4
[tls @ 0x7fd8f0904500] IO error: End of file
[https @ 0x7fd8f09043c0] Error reading HTTP response: End of file
[tls @ 0x7fd8f0823080] IO error: End of file
[https @ 0x7fd8f0825a40] Error reading HTTP response: End of file
[tls @ 0x7fd901109b40] IO error: End of file
[https @ 0x7fd90110a3c0] Error reading HTTP response: End of file
[tls @ 0x7fd8f0943500] IO error: End of file
[https @ 0x7fd8f0943440] Error reading HTTP response: End of file
[2026-04-12T18:53:11.846651] Saved clip /Users/Chen/PycharmProjects/CSCI_6234_Final/recordings/cam222/clips/2026/04/12/cam222_20260412T225227Z.mp4 (5946381 bytes)
[2026-04-12T18:53:12.356986] Starting 60-second capture -> /Users/Chen/PycharmProjects/CSCI_6234_Final/recordings/cam222/clips/2026/04/12/cam222_20260412T225312Z.mp4
[tls @ 0x7fb3bf704bc0] IO error: End of file
[https @ 0x7fb3bf704a80] Error reading HTTP response: End of file
[tls @ 0x7fb3afc04440] IO error: End of file
[https @ 0x7fb3afc04340] Error reading HTTP response: End of file
[tls @ 0x7fb3afc0a140] IO error: End of file
[https @ 0x7fb3afc07480] Error reading HTTP response: End of file
[tls @ 0x7fb3afb49d40] IO error: End of file
[https @ 0x7fb3afb5bf80] Stream ends prematurely at 730944, should be 1016140
[tls @ 0x7fb3afe06ac0] IO error: End of file
[https @ 0x7fb3afe05b40] Error reading HTTP response: End of file
[2026-04-12T18:53:50.959270] Saved clip /Users/Chen/PycharmProjects/CSCI_6234_Final/recordings/cam222/clips/2026/04/12/cam222_20260412T225312Z.mp4 (5655090 bytes)
[2026-04-12T18:53:51.471131] Starting 60-second capture -> /Users/Chen/PycharmProjects/CSCI_6234_Final/recordings/cam222/clips/2026/04/12/cam222_20260412T225351Z.mp4
[tls @ 0x7f7db9f04680] IO error: End of file
[https @ 0x7f7db9f04540] Error reading HTTP response: End of file
[tls @ 0x7f7db9f3fd00] IO error: End of file
[https @ 0x7f7db9f51f40] Error reading HTTP response: End of file
[tls @ 0x7f7db9f0b480] IO error: End of file
[https @ 0x7f7db9f4df80] Error reading HTTP response: End of file
[tls @ 0x7f7dbaa16100] IO error: End of file
[https @ 0x7f7dbaa1df40] Stream ends prematurely at 554036, should be 1022720
[tls @ 0x7f7dba821800] IO error: End of file
[https @ 0x7f7dba83db80] Error reading HTTP response: End of file
[2026-04-12T18:54:31.014774] Saved clip /Users/Chen/PycharmProjects/CSCI_6234_Final/recordings/cam222/clips/2026/04/12/cam222_20260412T225351Z.mp4 (5471006 bytes)
[2026-04-12T18:54:31.537747] Starting 60-second capture -> /Users/Chen/PycharmProjects/CSCI_6234_Final/recordings/cam222/clips/2026/04/12/cam222_20260412T225431Z.mp4
[tls @ 0x7feb77904500] IO error: End of file
[https @ 0x7feb779043c0] Error reading HTTP response: End of file
[tls @ 0x7feb7794e180] IO error: End of file
[https @ 0x7feb7795fa40] Error reading HTTP response: End of file
[tls @ 0x7feb7794e180] IO error: End of file
[https @ 0x7feb77961740] Error reading HTTP response: End of file
[tls @ 0x7feb76f24780] IO error: End of file
[https @ 0x7feb76f277c0] Error reading HTTP response: End of file
[tls @ 0x7feb76f04080] IO error: End of file
[https @ 0x7feb86f08280] Error reading HTTP response: End of file
[2026-04-12T18:55:17.364453] Saved clip /Users/Chen/PycharmProjects/CSCI_6234_Final/recordings/cam222/clips/2026/04/12/cam222_20260412T225431Z.mp4 (5906767 bytes)
[2026-04-12T18:55:17.880040] Starting 60-second capture -> /Users/Chen/PycharmProjects/CSCI_6234_Final/recordings/cam222/clips/2026/04/12/cam222_20260412T225517Z.mp4
[tls @ 0x7f7e89b049c0] IO error: End of file
[https @ 0x7f7e89b04880] Error reading HTTP response: End of file
[tls @ 0x7f7e89d11b00] IO error: End of file
[https @ 0x7f7e89d07ac0] Error reading HTTP response: End of file
[tls @ 0x7f7e89d08b80] IO error: End of file
[https @ 0x7f7e89d08500] Error reading HTTP response: End of file
[tls @ 0x7f7e89b49240] IO error: End of file
[https @ 0x7f7e89b58540] Error reading HTTP response: End of file
[tls @ 0x7f7e89c68600] IO error: End of file
[https @ 0x7f7e89c5b740] Stream ends prematurely at 747711, should be 1045092
[mpegts @ 0x7f7e89d07d40] PES packet size mismatch
[mpegts @ 0x7f7e89d07d40] Packet corrupt (stream = 1, dts = 1629679154).
[2026-04-12T18:56:06.963911] Saved clip /Users/Chen/PycharmProjects/CSCI_6234_Final/recordings/cam222/clips/2026/04/12/cam222_20260412T225517Z.mp4 (5647260 bytes)
[2026-04-12T18:56:07.481195] Starting 60-second capture -> /Users/Chen/PycharmProjects/CSCI_6234_Final/recordings/cam222/clips/2026/04/12/cam222_20260412T225607Z.mp4
[tls @ 0x7fda06705c80] IO error: End of file
[https @ 0x7fda06705b40] Error reading HTTP response: End of file
[tls @ 0x7fda06736d00] IO error: End of file
[https @ 0x7fda067392c0] Error reading HTTP response: End of file
[tls @ 0x7fd9f6722a00] IO error: End of file
[https @ 0x7fd9f670f440] Error reading HTTP response: End of file
[tls @ 0x7fda06736d00] IO error: End of file
[https @ 0x7fda067392c0] Error reading HTTP response: End of file
[2026-04-12T18:56:51.841244] Saved clip /Users/Chen/PycharmProjects/CSCI_6234_Final/recordings/cam222/clips/2026/04/12/cam222_20260412T225607Z.mp4 (5932912 bytes)
[2026-04-12T18:56:52.353483] Starting 60-second capture -> /Users/Chen/PycharmProjects/CSCI_6234_Final/recordings/cam222/clips/2026/04/12/cam222_20260412T225652Z.mp4
[tls @ 0x7f91bb956ac0] IO error: End of file
[https @ 0x7f91bb96e300] Error reading HTTP response: End of file
[tls @ 0x7f91ab90ee80] IO error: End of file
[https @ 0x7f91ab9266c0] Error reading HTTP response: End of file
[tls @ 0x7f91ab806d00] IO error: End of file
[https @ 0x7f91ab80a780] Error reading HTTP response: End of file
[tls @ 0x7f91ab90ee80] IO error: End of file
[https @ 0x7f91ab9af800] Stream ends prematurely at 754667, should be 1046784
[mpegts @ 0x7f91ab8045c0] PES packet size mismatch
[mpegts @ 0x7f91ab8045c0] Packet corrupt (stream = 1, dts = 1636886354).
[tls @ 0x7f91aaf2e8c0] IO error: End of file
[https @ 0x7f91aaf5e440] Error reading HTTP response: End of file
[tls @ 0x7f91ab90ee80] IO error: End of file
[https @ 0x7f91ab9af800] Error reading HTTP response: End of file
[2026-04-12T18:57:37.205770] Saved clip /Users/Chen/PycharmProjects/CSCI_6234_Final/recordings/cam222/clips/2026/04/12/cam222_20260412T225652Z.mp4 (5658058 bytes)
[2026-04-12T18:57:37.719511] Starting 60-second capture -> /Users/Chen/PycharmProjects/CSCI_6234_Final/recordings/cam222/clips/2026/04/12/cam222_20260412T225737Z.mp4
[tls @ 0x7fd190804500] IO error: End of file
[https @ 0x7fd1908043c0] Error reading HTTP response: End of file
[tls @ 0x7fd190949980] IO error: End of file
[https @ 0x7fd190951380] Error reading HTTP response: End of file
[tls @ 0x7fd187f35d80] IO error: End of file
[https @ 0x7fd187f32180] Error reading HTTP response: End of file
[tls @ 0x7fd187f35d80] IO error: End of file
[https @ 0x7fd190a1b800] Error reading HTTP response: End of file
[2026-04-12T18:58:23.051045] Saved clip /Users/Chen/PycharmProjects/CSCI_6234_Final/recordings/cam222/clips/2026/04/12/cam222_20260412T225737Z.mp4 (5879707 bytes)
[2026-04-12T18:58:23.567947] Starting 60-second capture -> /Users/Chen/PycharmProjects/CSCI_6234_Final/recordings/cam222/clips/2026/04/12/cam222_20260412T225823Z.mp4
[tls @ 0x7fe2bca05e00] IO error: End of file
[https @ 0x7fe2bca05cc0] Error reading HTTP response: End of file
[tls @ 0x7fe2abf3e080] IO error: End of file
[https @ 0x7fe2abf3c980] Error reading HTTP response: End of file
[tls @ 0x7fe2ac8062c0] IO error: End of file
[https @ 0x7fe2ac8081c0] Error reading HTTP response: End of file
[tls @ 0x7fe2abf60f40] IO error: End of file
[https @ 0x7fe2abf63280] Stream ends prematurely at 726620, should be 1004296
[tls @ 0x7fe2ac816d00] IO error: End of file
[https @ 0x7fe2ac8429c0] Error reading HTTP response: End of file
[tls @ 0x7fe2abf60f40] IO error: End of file
[https @ 0x7fe2abf63280] Error reading HTTP response: End of file
[2026-04-12T18:59:01.888357] Saved clip /Users/Chen/PycharmProjects/CSCI_6234_Final/recordings/cam222/clips/2026/04/12/cam222_20260412T225823Z.mp4 (5627177 bytes)
[2026-04-12T18:59:02.400088] Starting 60-second capture -> /Users/Chen/PycharmProjects/CSCI_6234_Final/recordings/cam222/clips/2026/04/12/cam222_20260412T225902Z.mp4
[tls @ 0x7fedd2804500] IO error: End of file
[https @ 0x7fedd28043c0] Error reading HTTP response: End of file
[tls @ 0x7fedd2851540] IO error: End of file
[https @ 0x7fedd2852580] Error reading HTTP response: End of file
[tls @ 0x7fedd1705980] IO error: End of file
[https @ 0x7fedd17058c0] Error reading HTTP response: End of file
[tls @ 0x7fedd2851540] IO error: End of file
[https @ 0x7fedd284c3c0] Error reading HTTP response: End of file
[tls @ 0x7fedd172bd40] IO error: End of file
[https @ 0x7fedd172c200] Stream ends prematurely at 521888, should be 1022908
[2026-04-12T18:59:43.078370] Saved clip /Users/Chen/PycharmProjects/CSCI_6234_Final/recordings/cam222/clips/2026/04/12/cam222_20260412T225902Z.mp4 (5460049 bytes)
[2026-04-12T18:59:43.595697] Starting 60-second capture -> /Users/Chen/PycharmProjects/CSCI_6234_Final/recordings/cam222/clips/2026/04/12/cam222_20260412T225943Z.mp4
[tls @ 0x7fbfa9204680] IO error: End of file
[https @ 0x7fbfa9204540] Error reading HTTP response: End of file
[tls @ 0x7fbfa9383700] IO error: End of file
[https @ 0x7fbfa9507380] Error reading HTTP response: End of file
[tls @ 0x7fbfa925a2c0] IO error: End of file
[https @ 0x7fbfa9269e00] Error reading HTTP response: End of file
[tls @ 0x7fbfa92348c0] IO error: End of file
[https @ 0x7fbfa924f840] Error reading HTTP response: End of file
[tls @ 0x7fbfa940b740] IO error: End of file
[https @ 0x7fbfa940b680] Error reading HTTP response: End of file
[2026-04-12T19:00:25.810927] Saved clip /Users/Chen/PycharmProjects/CSCI_6234_Final/recordings/cam222/clips/2026/04/12/cam222_20260412T225943Z.mp4 (5901427 bytes)
[2026-04-12T19:00:26.325478] Starting 60-second capture -> /Users/Chen/PycharmProjects/CSCI_6234_Final/recordings/cam222/clips/2026/04/12/cam222_20260412T230026Z.mp4
[tls @ 0x7f9562104380] IO error: End of file
[https @ 0x7f9562104240] Error reading HTTP response: End of file
[tls @ 0x7f9575811500] IO error: End of file
[https @ 0x7f957580c100] Error reading HTTP response: End of file
[tls @ 0x7f9560f09580] IO error: End of file
[https @ 0x7f9560f11100] Error reading HTTP response: End of file
[tls @ 0x7f9560f45680] IO error: End of file
[https @ 0x7f9562020300] Error reading HTTP response: End of file
[2026-04-12T19:01:16.605400] Saved clip /Users/Chen/PycharmProjects/CSCI_6234_Final/recordings/cam222/clips/2026/04/12/cam222_20260412T230026Z.mp4 (5911137 bytes)
[2026-04-12T19:01:17.146606] Starting 60-second capture -> /Users/Chen/PycharmProjects/CSCI_6234_Final/recordings/cam222/clips/2026/04/12/cam222_20260412T230117Z.mp4
[tls @ 0x7fe453a1fa80] IO error: End of file
[https @ 0x7fe453a05300] Stream ends prematurely at 753316, should be 1026480
[tls @ 0x7fe452f04680] IO error: End of file
[https @ 0x7fe452f04540] Error reading HTTP response: End of file
[tls @ 0x7fe453a1fa80] IO error: End of file
[https @ 0x7fe453a05300] Error reading HTTP response: End of file
[tls @ 0x7fe453a34100] IO error: End of file
[https @ 0x7fe453a04ac0] Error reading HTTP response: End of file
[tls @ 0x7fe452f3e3c0] IO error: End of file
[https @ 0x7fe452f07800] Stream ends prematurely at 759144, should be 1057312
[tls @ 0x7fe453907500] IO error: End of file
[https @ 0x7fe45392ac40] Error reading HTTP response: End of file
[tls @ 0x7fe452f3e3c0] IO error: End of file
[https @ 0x7fe452f07800] Error reading HTTP response: End of file
[tls @ 0x7fe453907500] IO error: End of file
[https @ 0x7fe45391bac0] Error reading HTTP response: End of file
[2026-04-12T19:02:07.714232] Saved clip /Users/Chen/PycharmProjects/CSCI_6234_Final/recordings/cam222/clips/2026/04/12/cam222_20260412T230117Z.mp4 (5404423 bytes)
[2026-04-12T19:02:08.233715] Starting 60-second capture -> /Users/Chen/PycharmProjects/CSCI_6234_Final/recordings/cam222/clips/2026/04/12/cam222_20260412T230208Z.mp4
[tls @ 0x7f8d98704680] IO error: End of file
[https @ 0x7f8d98704540] Error reading HTTP response: End of file
[tls @ 0x7f8d99026340] IO error: End of file
[https @ 0x7f8d99038a80] Error reading HTTP response: End of file
[tls @ 0x7f8d99032bc0] IO error: End of file
[https @ 0x7f8d99012d00] Error reading HTTP response: End of file
[tls @ 0x7f8d99268e80] IO error: End of file
[https @ 0x7f8d992651c0] Error reading HTTP response: End of file
[tls @ 0x7f8d687043c0] IO error: End of file
[https @ 0x7f8d68704300] Stream ends prematurely at 550088, should be 1024224
[2026-04-12T19:02:49.405622] Saved clip /Users/Chen/PycharmProjects/CSCI_6234_Final/recordings/cam222/clips/2026/04/12/cam222_20260412T230208Z.mp4 (5495442 bytes)
[2026-04-12T19:02:49.927961] Starting 60-second capture -> /Users/Chen/PycharmProjects/CSCI_6234_Final/recordings/cam222/clips/2026/04/12/cam222_20260412T230249Z.mp4
[tls @ 0x7f809bc13040] IO error: End of file
[https @ 0x7f809bc13800] Stream ends prematurely at 550088, should be 1024224
[tls @ 0x7f807b004740] IO error: End of file
[https @ 0x7f807b004600] Error reading HTTP response: End of file
[tls @ 0x7f809bc13040] IO error: End of file
[https @ 0x7f809bc13800] Error reading HTTP response: End of file
[tls @ 0x7f809bc1a4c0] IO error: End of file
[https @ 0x7f809bc29800] Error reading HTTP response: End of file
[tls @ 0x7f809bc13040] IO error: End of file
[https @ 0x7f809bb883c0] Stream ends prematurely at 751471, should be 1038888
[mpegts @ 0x7f809bc0ed80] PES packet size mismatch
[mpegts @ 0x7f809bc0ed80] Packet corrupt (stream = 1, dts = 1668417854).
[tls @ 0x7f807b053f80] IO error: End of file
[https @ 0x7f807b034340] Error reading HTTP response: End of file
[tls @ 0x7f809bc13040] IO error: End of file
[https @ 0x7f809bb883c0] Error reading HTTP response: End of file
[tls @ 0x7f807b053f80] IO error: End of file
[https @ 0x7f807b037180] Error reading HTTP response: End of file
[2026-04-12T19:03:41.141876] Saved clip /Users/Chen/PycharmProjects/CSCI_6234_Final/recordings/cam222/clips/2026/04/12/cam222_20260412T230249Z.mp4 (5194624 bytes)
[2026-04-12T19:03:41.659414] Starting 60-second capture -> /Users/Chen/PycharmProjects/CSCI_6234_Final/recordings/cam222/clips/2026/04/12/cam222_20260412T230341Z.mp4
[tls @ 0x7fbce8804500] IO error: End of file
[https @ 0x7fbce88043c0] Error reading HTTP response: End of file
[tls @ 0x7fbce8a43dc0] IO error: End of file
[https @ 0x7fbce8a34780] Stream ends prematurely at 718348, should be 1007304
[tls @ 0x7fbce8a57fc0] IO error: End of file
[https @ 0x7fbce8a4d340] Error reading HTTP response: End of file
[tls @ 0x7fbce8a43dc0] IO error: End of file
[https @ 0x7fbce8a34780] Error reading HTTP response: End of file
[tls @ 0x7fbce8a57fc0] IO error: End of file
[https @ 0x7fbce8a33c80] Error reading HTTP response: End of file
[tls @ 0x7fbce8815d80] IO error: End of file
[https @ 0x7fbcdff0d240] Error reading HTTP response: End of file
[2026-04-12T19:04:28.974810] Saved clip /Users/Chen/PycharmProjects/CSCI_6234_Final/recordings/cam222/clips/2026/04/12/cam222_20260412T230341Z.mp4 (5694360 bytes)
[2026-04-12T19:04:29.491232] Starting 60-second capture -> /Users/Chen/PycharmProjects/CSCI_6234_Final/recordings/cam222/clips/2026/04/12/cam222_20260412T230429Z.mp4
[tls @ 0x7f844ac04680] IO error: End of file
[https @ 0x7f844ac04540] Error reading HTTP response: End of file
[tls @ 0x7f844af39fc0] IO error: End of file
[https @ 0x7f844af36340] Stream ends prematurely at 715528, should be 982676
[tls @ 0x7f844ae30000] IO error: End of file
[https @ 0x7f844ae41f40] Error reading HTTP response: End of file
[tls @ 0x7f844af39fc0] IO error: End of file
[https @ 0x7f844af36340] Error reading HTTP response: End of file
[tls @ 0x7f844ac0a4c0] IO error: End of file
[https @ 0x7f844ac1a880] Error reading HTTP response: End of file
[tls @ 0x7f844ad0e480] IO error: End of file
[https @ 0x7f844ad1d4c0] Error reading HTTP response: End of file
[2026-04-12T19:05:09.705473] Saved clip /Users/Chen/PycharmProjects/CSCI_6234_Final/recordings/cam222/clips/2026/04/12/cam222_20260412T230429Z.mp4 (5664788 bytes)
[2026-04-12T19:05:10.228149] Starting 60-second capture -> /Users/Chen/PycharmProjects/CSCI_6234_Final/recordings/cam222/clips/2026/04/12/cam222_20260412T230510Z.mp4
[tls @ 0x7f9288004680] IO error: End of file
[https @ 0x7f9288004540] Error reading HTTP response: End of file
[tls @ 0x7f9288139600] IO error: End of file
[https @ 0x7f9288123b00] Error reading HTTP response: End of file
[tls @ 0x7f9288109600] IO error: End of file
[https @ 0x7f9288116400] Error reading HTTP response: End of file
[tls @ 0x7f927f737940] IO error: End of file
[https @ 0x7f927f724600] Error reading HTTP response: End of file
[tls @ 0x7f926f718240] IO error: End of file
[https @ 0x7f926f71a040] Stream ends prematurely at 565128, should be 1046784
[2026-04-12T19:05:51.660475] Saved clip /Users/Chen/PycharmProjects/CSCI_6234_Final/recordings/cam222/clips/2026/04/12/cam222_20260412T230510Z.mp4 (5485815 bytes)
[2026-04-12T19:05:52.179893] Starting 60-second capture -> /Users/Chen/PycharmProjects/CSCI_6234_Final/recordings/cam222/clips/2026/04/12/cam222_20260412T230552Z.mp4
[tls @ 0x7f8990904500] IO error: End of file
[https @ 0x7f89909043c0] Error reading HTTP response: End of file
[tls @ 0x7f8990944900] IO error: End of file
[https @ 0x7f8990946e80] Error reading HTTP response: End of file
[tls @ 0x7f899080be80] IO error: End of file
[https @ 0x7f8990811d00] Stream ends prematurely at 718536, should be 976472
[tls @ 0x7f899080be80] IO error: End of file
[https @ 0x7f8990811d00] Error reading HTTP response: End of file
[tls @ 0x7f8997f83180] IO error: End of file
[https @ 0x7f8997f45380] Error reading HTTP response: End of file
[2026-04-12T19:06:43.604506] Saved clip /Users/Chen/PycharmProjects/CSCI_6234_Final/recordings/cam222/clips/2026/04/12/cam222_20260412T230552Z.mp4 (5713177 bytes)
[2026-04-12T19:06:44.126856] Starting 60-second capture -> /Users/Chen/PycharmProjects/CSCI_6234_Final/recordings/cam222/clips/2026/04/12/cam222_20260412T230644Z.mp4
[tls @ 0x7fe779d04180] IO error: End of file
[https @ 0x7fe779d04080] Error reading HTTP response: End of file
[tls @ 0x7fe779d3e240] IO error: End of file
[https @ 0x7fe779d32980] Error reading HTTP response: End of file
[tls @ 0x7fe779c416c0] IO error: End of file
[https @ 0x7fe779c04340] Error reading HTTP response: End of file
[tls @ 0x7fe758714740] IO error: End of file
[https @ 0x7fe758744a40] Error reading HTTP response: End of file
[2026-04-12T19:07:33.309607] Saved clip /Users/Chen/PycharmProjects/CSCI_6234_Final/recordings/cam222/clips/2026/04/12/cam222_20260412T230644Z.mp4 (5898380 bytes)
[2026-04-12T19:07:33.824637] Starting 60-second capture -> /Users/Chen/PycharmProjects/CSCI_6234_Final/recordings/cam222/clips/2026/04/12/cam222_20260412T230733Z.mp4
[tls @ 0x7fe83f704680] IO error: End of file
[https @ 0x7fe83f704540] Error reading HTTP response: End of file
[tls @ 0x7fe848072140] IO error: End of file
[https @ 0x7fe84807c380] Error reading HTTP response: End of file
[tls @ 0x7fe848053600] IO error: End of file
[https @ 0x7fe848065800] Stream ends prematurely at 775347, should be 1052612
[tls @ 0x7fe83f745880] IO error: End of file
[https @ 0x7fe83f7620c0] Error reading HTTP response: End of file
[tls @ 0x7fe848053600] IO error: End of file
[https @ 0x7fe848065800] Error reading HTTP response: End of file
[tls @ 0x7fe84801a0c0] IO error: End of file
[https @ 0x7fe848035e40] Error reading HTTP response: End of file
[2026-04-12T19:08:21.219627] Saved clip /Users/Chen/PycharmProjects/CSCI_6234_Final/recordings/cam222/clips/2026/04/12/cam222_20260412T230733Z.mp4 (5727109 bytes)
[2026-04-12T19:08:21.741951] Starting 60-second capture -> /Users/Chen/PycharmProjects/CSCI_6234_Final/recordings/cam222/clips/2026/04/12/cam222_20260412T230821Z.mp4
[tls @ 0x7fd626a06a40] IO error: End of file
[https @ 0x7fd626a04d80] Error reading HTTP response: End of file
[tls @ 0x7fd626a20680] IO error: End of file
[https @ 0x7fd626a0fd40] Stream ends prematurely at 721544, should be 982112
[tls @ 0x7fd626a20680] IO error: End of file
[https @ 0x7fd626a0fd40] Error reading HTTP response: End of file
[tls @ 0x7fd626c7ccc0] IO error: End of file
[https @ 0x7fd626c70cc0] Error reading HTTP response: End of file
[tls @ 0x7fd626a40c40] IO error: End of file
[https @ 0x7fd626c3e840] Stream ends prematurely at 720980, should be 1031744
[tls @ 0x7fd626b35c00] IO error: End of file
[https @ 0x7fd626b12680] Error reading HTTP response: End of file
[tls @ 0x7fd626a40c40] IO error: End of file
[https @ 0x7fd626c3e840] Error reading HTTP response: End of file
[2026-04-12T19:09:08.608214] Saved clip /Users/Chen/PycharmProjects/CSCI_6234_Final/recordings/cam222/clips/2026/04/12/cam222_20260412T230821Z.mp4 (5371887 bytes)
[2026-04-12T19:09:09.120043] Starting 60-second capture -> /Users/Chen/PycharmProjects/CSCI_6234_Final/recordings/cam222/clips/2026/04/12/cam222_20260412T230909Z.mp4
[tls @ 0x7fd1d3a050c0] IO error: End of file
[https @ 0x7fd1d3a049c0] Error reading HTTP response: End of file
[tls @ 0x7fd1d3b48c80] IO error: End of file
[https @ 0x7fd1d3b3da80] Stream ends prematurely at 740532, should be 1009372
[tls @ 0x7fd1d3b48c80] IO error: End of file
[https @ 0x7fd1d3b3da80] Error reading HTTP response: End of file
[tls @ 0x7fd1c2f33b00] IO error: End of file
[https @ 0x7fd1c2f33900] Error reading HTTP response: End of file
[tls @ 0x7fd1d3a55fc0] IO error: End of file
[https @ 0x7fd1d3a681c0] Stream ends prematurely at 557420, should be 1021404
[tls @ 0x7fd1d3b75640] IO error: End of file
[https @ 0x7fd1d3b511c0] Error reading HTTP response: End of file
[2026-04-12T19:09:53.206283] Saved clip /Users/Chen/PycharmProjects/CSCI_6234_Final/recordings/cam222/clips/2026/04/12/cam222_20260412T230909Z.mp4 (5184051 bytes)
[2026-04-12T19:09:53.719422] Starting 60-second capture -> /Users/Chen/PycharmProjects/CSCI_6234_Final/recordings/cam222/clips/2026/04/12/cam222_20260412T230953Z.mp4
[tls @ 0x7f9db7708680] IO error: End of file
[https @ 0x7f9db7708540] Error reading HTTP response: End of file
[tls @ 0x7f9dc004fec0] IO error: End of file
[https @ 0x7f9dc003ff40] Error reading HTTP response: End of file
[tls @ 0x7f9dc0105940] IO error: End of file
[https @ 0x7f9dc01111c0] Stream ends prematurely at 671160, should be 1042272
[tls @ 0x7f9dc010ec80] IO error: End of file
[https @ 0x7f9dc0105840] Error reading HTTP response: End of file
[tls @ 0x7f9dc0105940] IO error: End of file
[https @ 0x7f9dc01111c0] Error reading HTTP response: End of file
[2026-04-12T19:10:41.088622] Saved clip /Users/Chen/PycharmProjects/CSCI_6234_Final/recordings/cam222/clips/2026/04/12/cam222_20260412T230953Z.mp4 (5565494 bytes)
[2026-04-12T19:10:41.609547] Starting 60-second capture -> /Users/Chen/PycharmProjects/CSCI_6234_Final/recordings/cam222/clips/2026/04/12/cam222_20260412T231041Z.mp4
[tls @ 0x7fca4d205c80] IO error: End of file
[https @ 0x7fca4d205b40] Error reading HTTP response: End of file
[tls @ 0x7fca4d361c40] IO error: End of file
[https @ 0x7fca4d35e040] Error reading HTTP response: End of file
[tls @ 0x7fca4d34a380] IO error: End of file
[https @ 0x7fca4d384a40] Error reading HTTP response: End of file
[tls @ 0x7fca4d361c40] IO error: End of file
[https @ 0x7fca4d391600] Stream ends prematurely at 802760, should be 1057500
[tls @ 0x7fca3c74f640] IO error: End of file
[https @ 0x7fca3c7523c0] Error reading HTTP response: End of file
[tls @ 0x7fca4d361c40] IO error: End of file
[https @ 0x7fca4d391600] Error reading HTTP response: End of file
[2026-04-12T19:11:27.119798] Saved clip /Users/Chen/PycharmProjects/CSCI_6234_Final/recordings/cam222/clips/2026/04/12/cam222_20260412T231041Z.mp4 (5726370 bytes)
[2026-04-12T19:11:27.643461] Starting 60-second capture -> /Users/Chen/PycharmProjects/CSCI_6234_Final/recordings/cam222/clips/2026/04/12/cam222_20260412T231127Z.mp4
[tls @ 0x7f9e9c4066c0] IO error: End of file
[https @ 0x7f9e9c406040] Error reading HTTP response: End of file
[tls @ 0x7f9e9c408400] IO error: End of file
[https @ 0x7f9e9c407040] Error reading HTTP response: End of file
[tls @ 0x7f9e9c20dc00] IO error: End of file
[https @ 0x7f9e9c213280] Stream ends prematurely at 557044, should be 1012004
[tls @ 0x7f9e9c215780] IO error: End of file
[https @ 0x7f9e9c238440] Error reading HTTP response: End of file
[tls @ 0x7f9e9c20dc00] IO error: End of file
[https @ 0x7f9e9c213280] Error reading HTTP response: End of file
[tls @ 0x7f9e6b704240] IO error: End of file
[https @ 0x7f9e6b704180] Error reading HTTP response: End of file
[2026-04-12T19:12:17.574947] Saved clip /Users/Chen/PycharmProjects/CSCI_6234_Final/recordings/cam222/clips/2026/04/12/cam222_20260412T231127Z.mp4 (5485316 bytes)
[2026-04-12T19:12:18.092542] Starting 60-second capture -> /Users/Chen/PycharmProjects/CSCI_6234_Final/recordings/cam222/clips/2026/04/12/cam222_20260412T231218Z.mp4
[tls @ 0x7faea2004680] IO error: End of file
[https @ 0x7faea2004540] Error reading HTTP response: End of file
[tls @ 0x7faea170e980] IO error: End of file
[https @ 0x7faea170e8c0] Error reading HTTP response: End of file
[tls @ 0x7faea1711940] IO error: End of file
[https @ 0x7faea1711f80] Error reading HTTP response: End of file
[tls @ 0x7faeb212c180] IO error: End of file
[https @ 0x7faeb212e4c0] Stream ends prematurely at 543884, should be 1022720
[tls @ 0x7faea170e8c0] IO error: End of file
[https @ 0x7faea170df40] Error reading HTTP response: End of file
[2026-04-12T19:13:02.842965] Saved clip /Users/Chen/PycharmProjects/CSCI_6234_Final/recordings/cam222/clips/2026/04/12/cam222_20260412T231218Z.mp4 (5501856 bytes)
[2026-04-12T19:13:03.362543] Starting 60-second capture -> /Users/Chen/PycharmProjects/CSCI_6234_Final/recordings/cam222/clips/2026/04/12/cam222_20260412T231303Z.mp4
[tls @ 0x7fd34e804500] IO error: End of file
[https @ 0x7fd34e8043c0] Error reading HTTP response: End of file
[tls @ 0x7fd35e208440] IO error: End of file
[https @ 0x7fd35e20bc00] Error reading HTTP response: End of file
[tls @ 0x7fd34d791c00] IO error: End of file
[https @ 0x7fd34d78e000] Error reading HTTP response: End of file
[tls @ 0x7fd35e133f00] IO error: End of file
[https @ 0x7fd35e127f00] Error reading HTTP response: End of file
[2026-04-12T19:13:40.911929] Saved clip /Users/Chen/PycharmProjects/CSCI_6234_Final/recordings/cam222/clips/2026/04/12/cam222_20260412T231303Z.mp4 (5928096 bytes)
[2026-04-12T19:13:41.420137] Starting 60-second capture -> /Users/Chen/PycharmProjects/CSCI_6234_Final/recordings/cam222/clips/2026/04/12/cam222_20260412T231341Z.mp4
[tls @ 0x7fdc28f04500] IO error: End of file
[https @ 0x7fdc28f043c0] Error reading HTTP response: End of file
[tls @ 0x7fdc3992af00] IO error: End of file
[https @ 0x7fdc39966c80] Error reading HTTP response: End of file
[tls @ 0x7fdc39a29940] IO error: End of file
[https @ 0x7fdc39a34180] Error reading HTTP response: End of file
[2026-04-12T19:14:33.223267] Saved clip /Users/Chen/PycharmProjects/CSCI_6234_Final/recordings/cam222/clips/2026/04/12/cam222_20260412T231341Z.mp4 (5977405 bytes)
[2026-04-12T19:14:33.738985] Starting 60-second capture -> /Users/Chen/PycharmProjects/CSCI_6234_Final/recordings/cam222/clips/2026/04/12/cam222_20260412T231433Z.mp4
[tls @ 0x7fd146f04b40] IO error: End of file
[https @ 0x7fd146f04a00] Error reading HTTP response: End of file
[tls @ 0x7fd156f4da40] IO error: End of file
[https @ 0x7fd156f6cf40] Error reading HTTP response: End of file
[tls @ 0x7fd146f0d400] IO error: End of file
[https @ 0x7fd146f28700] Error reading HTTP response: End of file
[tls @ 0x7fd15780b0c0] IO error: End of file
[https @ 0x7fd157831580] Stream ends prematurely at 746395, should be 1022908
[tls @ 0x7fd156f4da40] IO error: End of file
[https @ 0x7fd156f57140] Error reading HTTP response: End of file
[tls @ 0x7fd15780b0c0] IO error: End of file
[https @ 0x7fd157831580] Error reading HTTP response: End of file
[mpegts @ 0x7fd156f05500] PES packet size mismatch
[mpegts @ 0x7fd156f05500] Packet corrupt (stream = 1, dts = 1733282834).
[2026-04-12T19:15:11.001884] Saved clip /Users/Chen/PycharmProjects/CSCI_6234_Final/recordings/cam222/clips/2026/04/12/cam222_20260412T231433Z.mp4 (5630221 bytes)
[2026-04-12T19:15:11.518102] Starting 60-second capture -> /Users/Chen/PycharmProjects/CSCI_6234_Final/recordings/cam222/clips/2026/04/12/cam222_20260412T231511Z.mp4
[tls @ 0x7fa7d1a047c0] IO error: End of file
[https @ 0x7fa7d1a046c0] Error reading HTTP response: End of file
[tls @ 0x7fa7c0f256c0] IO error: End of file
[https @ 0x7fa7c0f18d00] Error reading HTTP response: End of file
[tls @ 0x7fa7c0f256c0] IO error: End of file
[https @ 0x7fa7c0f18200] Error reading HTTP response: End of file
[tls @ 0x7fa7c102a6c0] IO error: End of file
[https @ 0x7fa7c102a600] Error reading HTTP response: End of file
[2026-04-12T19:15:55.609889] Saved clip /Users/Chen/PycharmProjects/CSCI_6234_Final/recordings/cam222/clips/2026/04/12/cam222_20260412T231511Z.mp4 (5922624 bytes)
[2026-04-12T19:15:56.125141] Starting 60-second capture -> /Users/Chen/PycharmProjects/CSCI_6234_Final/recordings/cam222/clips/2026/04/12/cam222_20260412T231556Z.mp4
[tls @ 0x7f7847804680] IO error: End of file
[https @ 0x7f7847804540] Error reading HTTP response: End of file
[tls @ 0x7f7847a0e8c0] IO error: End of file
[https @ 0x7f7847a04140] Error reading HTTP response: End of file
[tls @ 0x7f784797bc80] IO error: End of file
[https @ 0x7f78479f2440] Error reading HTTP response: End of file
[tls @ 0x7f7847a0e8c0] IO error: End of file
[https @ 0x7f7847a04140] Error reading HTTP response: End of file
[2026-04-12T19:16:40.223543] Saved clip /Users/Chen/PycharmProjects/CSCI_6234_Final/recordings/cam222/clips/2026/04/12/cam222_20260412T231556Z.mp4 (5898497 bytes)
[2026-04-12T19:16:40.740633] Starting 60-second capture -> /Users/Chen/PycharmProjects/CSCI_6234_Final/recordings/cam222/clips/2026/04/12/cam222_20260412T231640Z.mp4
[tls @ 0x7fc6d6704680] IO error: End of file
[https @ 0x7fc6d6704540] Error reading HTTP response: End of file
[tls @ 0x7fc6e71564c0] IO error: End of file
[https @ 0x7fc6e7168700] Error reading HTTP response: End of file
[tls @ 0x7fc6d6725700] IO error: End of file
[https @ 0x7fc6d6728540] Stream ends prematurely at 754444, should be 1049792
[tls @ 0x7fc6d6725700] IO error: End of file
[https @ 0x7fc6d6728540] Error reading HTTP response: End of file
[tls @ 0x7fc6d70338c0] IO error: End of file
[https @ 0x7fc6d7033180] Error reading HTTP response: End of file
[2026-04-12T19:17:31.058648] Saved clip /Users/Chen/PycharmProjects/CSCI_6234_Final/recordings/cam222/clips/2026/04/12/cam222_20260412T231640Z.mp4 (5614445 bytes)
[2026-04-12T19:17:31.572831] Starting 60-second capture -> /Users/Chen/PycharmProjects/CSCI_6234_Final/recordings/cam222/clips/2026/04/12/cam222_20260412T231731Z.mp4
[tls @ 0x7f9cbf004140] IO error: End of file
[https @ 0x7f9caf004f40] Error reading HTTP response: End of file
[tls @ 0x7f9cbf007400] IO error: End of file
[https @ 0x7f9cbf022d00] Error reading HTTP response: End of file
[tls @ 0x7f9cae707080] IO error: End of file
[https @ 0x7f9cae706fc0] Stream ends prematurely at 603104, should be 1016140
[tls @ 0x7f9ccf2416c0] IO error: End of file
[https @ 0x7f9ccf268cc0] Error reading HTTP response: End of file
[2026-04-12T19:18:13.572339] Saved clip /Users/Chen/PycharmProjects/CSCI_6234_Final/recordings/cam222/clips/2026/04/12/cam222_20260412T231731Z.mp4 (5505912 bytes)
[2026-04-12T19:18:14.084338] Starting 60-second capture -> /Users/Chen/PycharmProjects/CSCI_6234_Final/recordings/cam222/clips/2026/04/12/cam222_20260412T231814Z.mp4
[tls @ 0x7f8dce804380] IO error: End of file
[https @ 0x7f8dce804240] Error reading HTTP response: End of file
[tls @ 0x7f8dcea1fa80] IO error: End of file
[https @ 0x7f8dcea25300] Error reading HTTP response: End of file
[tls @ 0x7f8dde234f80] IO error: End of file
[https @ 0x7f8dde251a40] Error reading HTTP response: End of file
[2026-04-12T19:18:52.039320] Saved clip /Users/Chen/PycharmProjects/CSCI_6234_Final/recordings/cam222/clips/2026/04/12/cam222_20260412T231814Z.mp4 (5943549 bytes)
[2026-04-12T19:18:52.556276] Starting 60-second capture -> /Users/Chen/PycharmProjects/CSCI_6234_Final/recordings/cam222/clips/2026/04/12/cam222_20260412T231852Z.mp4
[tls @ 0x7f7e84104340] IO error: End of file
[https @ 0x7f7e84104200] Error reading HTTP response: End of file
[tls @ 0x7f7e73875a80] IO error: End of file
[https @ 0x7f7e7386a400] Error reading HTTP response: End of file
[tls @ 0x7f7e7370ac80] IO error: End of file
[https @ 0x7f7e7370ab80] Stream ends prematurely at 557232, should be 1064080
[tls @ 0x7f7e73875a80] IO error: End of file
[https @ 0x7f7e7386af00] Error reading HTTP response: End of file
[tls @ 0x7f7e7370ac80] IO error: End of file
[https @ 0x7f7e7370ab80] Error reading HTTP response: End of file
[2026-04-12T19:19:37.625848] Saved clip /Users/Chen/PycharmProjects/CSCI_6234_Final/recordings/cam222/clips/2026/04/12/cam222_20260412T231852Z.mp4 (5458892 bytes)
[2026-04-12T19:19:38.143302] Starting 60-second capture -> /Users/Chen/PycharmProjects/CSCI_6234_Final/recordings/cam222/clips/2026/04/12/cam222_20260412T231938Z.mp4
[tls @ 0x7fcd57156a40] IO error: End of file
[https @ 0x7fcd57168c40] Error reading HTTP response: End of file
[tls @ 0x7fcd47008600] IO error: End of file
[https @ 0x7fcd4700b400] Error reading HTTP response: End of file
[tls @ 0x7fcd47115ec0] IO error: End of file
[https @ 0x7fcd36730280] Error reading HTTP response: End of file
[tls @ 0x7fcd3671d540] IO error: End of file
[https @ 0x7fcd36730340] Error reading HTTP response: End of file
[2026-04-12T19:20:25.438788] Saved clip /Users/Chen/PycharmProjects/CSCI_6234_Final/recordings/cam222/clips/2026/04/12/cam222_20260412T231938Z.mp4 (5886153 bytes)
[2026-04-12T19:20:25.951776] Starting 60-second capture -> /Users/Chen/PycharmProjects/CSCI_6234_Final/recordings/cam222/clips/2026/04/12/cam222_20260412T232025Z.mp4
[tls @ 0x7fc3f1005980] IO error: End of file
[https @ 0x7fc3f1005840] Error reading HTTP response: End of file
[tls @ 0x7fc3d7f0c7c0] IO error: End of file
[https @ 0x7fc3d7f3f200] Error reading HTTP response: End of file
[tls @ 0x7fc3e7f3d880] IO error: End of file
[https @ 0x7fc3e7f59800] Error reading HTTP response: End of file
[tls @ 0x7fc3d7f0c7c0] IO error: End of file
[https @ 0x7fc3d7f3f200] Error reading HTTP response: End of file
[2026-04-12T19:21:11.866379] Saved clip /Users/Chen/PycharmProjects/CSCI_6234_Final/recordings/cam222/clips/2026/04/12/cam222_20260412T232025Z.mp4 (5917078 bytes)
[2026-04-12T19:21:12.383623] Starting 60-second capture -> /Users/Chen/PycharmProjects/CSCI_6234_Final/recordings/cam222/clips/2026/04/12/cam222_20260412T232112Z.mp4
[tls @ 0x7f79aca04680] IO error: End of file
[https @ 0x7f79aca04540] Error reading HTTP response: End of file
[tls @ 0x7f79acc32880] IO error: End of file
[https @ 0x7f79acc18040] Error reading HTTP response: End of file
[tls @ 0x7f79acb05000] IO error: End of file
[https @ 0x7f79acb17b40] Error reading HTTP response: End of file
[2026-04-12T19:21:53.613537] Saved clip /Users/Chen/PycharmProjects/CSCI_6234_Final/recordings/cam222/clips/2026/04/12/cam222_20260412T232112Z.mp4 (5952572 bytes)
[2026-04-12T19:21:54.130308] Starting 60-second capture -> /Users/Chen/PycharmProjects/CSCI_6234_Final/recordings/cam222/clips/2026/04/12/cam222_20260412T232154Z.mp4
[tls @ 0x7fb2b7804680] IO error: End of file
[https @ 0x7fb2b7804540] Error reading HTTP response: End of file
[tls @ 0x7fb2c6f22b40] IO error: End of file
[https @ 0x7fb2c6f27380] Error reading HTTP response: End of file
[tls @ 0x7fb2c6f26f80] IO error: End of file
[https @ 0x7fb2c6f26ec0] Error reading HTTP response: End of file
[2026-04-12T19:22:34.426048] Saved clip /Users/Chen/PycharmProjects/CSCI_6234_Final/recordings/cam222/clips/2026/04/12/cam222_20260412T232154Z.mp4 (5895874 bytes)
[2026-04-12T19:22:34.942349] Starting 60-second capture -> /Users/Chen/PycharmProjects/CSCI_6234_Final/recordings/cam222/clips/2026/04/12/cam222_20260412T232234Z.mp4
[tls @ 0x7fb7d7705100] IO error: End of file
[https @ 0x7fb7d7704b80] Error reading HTTP response: End of file
[tls @ 0x7fb7e00081c0] IO error: End of file
[https @ 0x7fb7e0008100] Error reading HTTP response: End of file
[tls @ 0x7fb7e0126840] IO error: End of file
[https @ 0x7fb7e012a8c0] Error reading HTTP response: End of file
[tls @ 0x7fb7e00079c0] IO error: End of file
[https @ 0x7fb7e0007900] Error reading HTTP response: End of file
[2026-04-12T19:23:19.253726] Saved clip /Users/Chen/PycharmProjects/CSCI_6234_Final/recordings/cam222/clips/2026/04/12/cam222_20260412T232234Z.mp4 (5966438 bytes)
[2026-04-12T19:23:19.771808] Starting 60-second capture -> /Users/Chen/PycharmProjects/CSCI_6234_Final/recordings/cam222/clips/2026/04/12/cam222_20260412T232319Z.mp4
[tls @ 0x7f9e00904500] IO error: End of file
[https @ 0x7f9e009043c0] Error reading HTTP response: End of file
[tls @ 0x7f9e07f1bf00] IO error: End of file
[https @ 0x7f9e07f2e100] Error reading HTTP response: End of file
[tls @ 0x7f9e0091bd40] IO error: End of file
[https @ 0x7f9e0090a680] Error reading HTTP response: End of file
[tls @ 0x7f9df7f04500] IO error: End of file
[https @ 0x7f9df7f04440] Stream ends prematurely at 524708, should be 1039076
[tls @ 0x7f9df7f3d5c0] IO error: End of file
[https @ 0x7f9df7f04080] Error reading HTTP response: End of file
[tls @ 0x7f9df7f04500] IO error: End of file
[https @ 0x7f9df7f04440] Error reading HTTP response: End of file
[2026-04-12T19:24:05.142412] Saved clip /Users/Chen/PycharmProjects/CSCI_6234_Final/recordings/cam222/clips/2026/04/12/cam222_20260412T232319Z.mp4 (5405898 bytes)
[2026-04-12T19:24:05.653199] Starting 60-second capture -> /Users/Chen/PycharmProjects/CSCI_6234_Final/recordings/cam222/clips/2026/04/12/cam222_20260412T232405Z.mp4
[tls @ 0x7fbfd97083c0] IO error: End of file
[https @ 0x7fbfd97082c0] Error reading HTTP response: End of file
[tls @ 0x7fbfda333500] IO error: End of file
[https @ 0x7fbfda341ec0] Error reading HTTP response: End of file
[tls @ 0x7fbfda21a9c0] IO error: End of file
[https @ 0x7fbfda204940] Error reading HTTP response: End of file
[tls @ 0x7fbfda105bc0] IO error: End of file
[https @ 0x7fbfda107b00] Error reading HTTP response: End of file
[2026-04-12T19:24:51.559661] Saved clip /Users/Chen/PycharmProjects/CSCI_6234_Final/recordings/cam222/clips/2026/04/12/cam222_20260412T232405Z.mp4 (5880629 bytes)
[2026-04-12T19:24:52.080209] Starting 60-second capture -> /Users/Chen/PycharmProjects/CSCI_6234_Final/recordings/cam222/clips/2026/04/12/cam222_20260412T232452Z.mp4
[tls @ 0x7f9f63804640] IO error: End of file
[https @ 0x7f9f63804500] Error reading HTTP response: End of file
[tls @ 0x7f9f6391a400] IO error: End of file
[https @ 0x7f9f63925000] Error reading HTTP response: End of file
[tls @ 0x7f9f6384b400] IO error: End of file
[https @ 0x7f9f63853c40] Error reading HTTP response: End of file
[tls @ 0x7f9f63937bc0] IO error: End of file
[https @ 0x7f9f6396cc40] Error reading HTTP response: End of file
[tls @ 0x7f9f63907d80] IO error: End of file
[https @ 0x7f9f63907380] Error reading HTTP response: End of file
[2026-04-12T19:25:35.369113] Saved clip /Users/Chen/PycharmProjects/CSCI_6234_Final/recordings/cam222/clips/2026/04/12/cam222_20260412T232452Z.mp4 (5928570 bytes)
[2026-04-12T19:25:35.885433] Starting 60-second capture -> /Users/Chen/PycharmProjects/CSCI_6234_Final/recordings/cam222/clips/2026/04/12/cam222_20260412T232535Z.mp4
[tls @ 0x7fc951a04680] IO error: End of file
[https @ 0x7fc951a04540] Error reading HTTP response: End of file
[tls @ 0x7fc951d18f00] IO error: End of file
[https @ 0x7fc951d08680] Error reading HTTP response: End of file
[tls @ 0x7fc951b28040] IO error: End of file
[https @ 0x7fc951b27e40] Error reading HTTP response: End of file
[tls @ 0x7fc951d18f00] IO error: End of file
[https @ 0x7fc951d08680] Error reading HTTP response: End of file
[2026-04-12T19:26:23.200770] Saved clip /Users/Chen/PycharmProjects/CSCI_6234_Final/recordings/cam222/clips/2026/04/12/cam222_20260412T232535Z.mp4 (5906037 bytes)
[2026-04-12T19:26:23.718498] Starting 60-second capture -> /Users/Chen/PycharmProjects/CSCI_6234_Final/recordings/cam222/clips/2026/04/12/cam222_20260412T232623Z.mp4
[tls @ 0x7f8cd4704800] IO error: End of file
[https @ 0x7f8cd4704480] Error reading HTTP response: End of file
[tls @ 0x7f8cd5051600] IO error: End of file
[https @ 0x7f8cd50514c0] Error reading HTTP response: End of file
[tls @ 0x7f8cd50514c0] IO error: End of file
[https @ 0x7f8cd5051580] Error reading HTTP response: End of file
[tls @ 0x7f8ce531c1c0] IO error: End of file
[https @ 0x7f8ce534a000] Error reading HTTP response: End of file
[2026-04-12T19:27:10.245827] Saved clip /Users/Chen/PycharmProjects/CSCI_6234_Final/recordings/cam222/clips/2026/04/12/cam222_20260412T232623Z.mp4 (5871123 bytes)
[2026-04-12T19:27:10.759644] Starting 60-second capture -> /Users/Chen/PycharmProjects/CSCI_6234_Final/recordings/cam222/clips/2026/04/12/cam222_20260412T232710Z.mp4
[tls @ 0x7fb171804680] IO error: End of file
[https @ 0x7fb171804540] Error reading HTTP response: End of file
[tls @ 0x7fb181e24680] IO error: End of file
[https @ 0x7fb181e245c0] Error reading HTTP response: End of file
[tls @ 0x7fb181e21cc0] IO error: End of file
[https @ 0x7fb181e19440] Error reading HTTP response: End of file
[tls @ 0x7fb17180bc00] IO error: End of file
[https @ 0x7fb17180b680] Error reading HTTP response: End of file
[2026-04-12T19:27:53.078247] Saved clip /Users/Chen/PycharmProjects/CSCI_6234_Final/recordings/cam222/clips/2026/04/12/cam222_20260412T232710Z.mp4 (5895086 bytes)
[2026-04-12T19:27:53.594212] Starting 60-second capture -> /Users/Chen/PycharmProjects/CSCI_6234_Final/recordings/cam222/clips/2026/04/12/cam222_20260412T232753Z.mp4
[tls @ 0x7feb07705100] IO error: End of file
[https @ 0x7feb07704b80] Error reading HTTP response: End of file
[tls @ 0x7feb201074c0] IO error: End of file
[https @ 0x7feb20107380] Error reading HTTP response: End of file
[tls @ 0x7feb20019c00] IO error: End of file
[https @ 0x7feb20004d80] Error reading HTTP response: End of file
[tls @ 0x7feb20105800] IO error: End of file
[https @ 0x7feb201056c0] Error reading HTTP response: End of file
[2026-04-12T19:28:44.816339] Saved clip /Users/Chen/PycharmProjects/CSCI_6234_Final/recordings/cam222/clips/2026/04/12/cam222_20260412T232753Z.mp4 (5939048 bytes)
[2026-04-12T19:28:45.336422] Starting 60-second capture -> /Users/Chen/PycharmProjects/CSCI_6234_Final/recordings/cam222/clips/2026/04/12/cam222_20260412T232845Z.mp4
[tls @ 0x7fbf3c705100] IO error: End of file
[https @ 0x7fbf3c704b80] Error reading HTTP response: End of file
[tls @ 0x7fbf3c752440] IO error: End of file
[https @ 0x7fbf3c72b1c0] Error reading HTTP response: End of file
[tls @ 0x7fbf3d019ac0] IO error: End of file
[https @ 0x7fbf3d021040] Error reading HTTP response: End of file
[tls @ 0x7fbf3c752440] IO error: End of file
[https @ 0x7fbf3c72e000] Error reading HTTP response: End of file
[tls @ 0x7fbf3d0386c0] IO error: End of file
[https @ 0x7fbf3d02a800] Error reading HTTP response: End of file
[tls @ 0x7fbf3c752440] IO error: End of file
[https @ 0x7fbf3c705100] Error reading HTTP response: End of file
[tls @ 0x7fbf5d105640] IO error: End of file
[https @ 0x7fbf5d109bc0] Error reading HTTP response: End of file
[2026-04-12T19:29:28.313797] Saved clip /Users/Chen/PycharmProjects/CSCI_6234_Final/recordings/cam222/clips/2026/04/12/cam222_20260412T232845Z.mp4 (5941919 bytes)
[2026-04-12T19:29:28.830049] Starting 60-second capture -> /Users/Chen/PycharmProjects/CSCI_6234_Final/recordings/cam222/clips/2026/04/12/cam222_20260412T232928Z.mp4
[tls @ 0x7fae7ea04680] IO error: End of file
[https @ 0x7fae7ea04540] Error reading HTTP response: End of file
[tls @ 0x7fae7ec6c000] IO error: End of file
[https @ 0x7fae7ec64e40] Error reading HTTP response: End of file
[tls @ 0x7fae7ea21740] IO error: End of file
[https @ 0x7fae7ea24800] Error reading HTTP response: End of file
[tls @ 0x7fae7ec6c000] IO error: End of file
[https @ 0x7fae7ec64e40] Error reading HTTP response: End of file
[2026-04-12T19:30:12.523050] Saved clip /Users/Chen/PycharmProjects/CSCI_6234_Final/recordings/cam222/clips/2026/04/12/cam222_20260412T232928Z.mp4 (5955995 bytes)
[2026-04-12T19:30:13.038155] Starting 60-second capture -> /Users/Chen/PycharmProjects/CSCI_6234_Final/recordings/cam222/clips/2026/04/12/cam222_20260412T233013Z.mp4
[tls @ 0x7f98aad05700] IO error: End of file
[https @ 0x7f98aad055c0] Error reading HTTP response: End of file
[tls @ 0x7f98aac1afc0] IO error: End of file
[https @ 0x7f98aac1af00] Error reading HTTP response: End of file
[tls @ 0x7f98aab89b80] IO error: End of file
[https @ 0x7f98aab58680] Error reading HTTP response: End of file
[tls @ 0x7f98aab89b80] IO error: End of file
[https @ 0x7f98aab7db80] Error reading HTTP response: End of file
[2026-04-12T19:30:59.306152] Saved clip /Users/Chen/PycharmProjects/CSCI_6234_Final/recordings/cam222/clips/2026/04/12/cam222_20260412T233013Z.mp4 (5929054 bytes)
[2026-04-12T19:30:59.824779] Starting 60-second capture -> /Users/Chen/PycharmProjects/CSCI_6234_Final/recordings/cam222/clips/2026/04/12/cam222_20260412T233059Z.mp4
[tls @ 0x7fa4a220e800] IO error: End of file
[https @ 0x7fa4a220e700] Error reading HTTP response: End of file
[tls @ 0x7fa4917b2bc0] IO error: End of file
[https @ 0x7fa4917b51c0] Error reading HTTP response: End of file
[tls @ 0x7fa4917b2bc0] IO error: End of file
[https @ 0x7fa4917ae200] Error reading HTTP response: End of file
[2026-04-12T19:31:43.079091] Saved clip /Users/Chen/PycharmProjects/CSCI_6234_Final/recordings/cam222/clips/2026/04/12/cam222_20260412T233059Z.mp4 (5874913 bytes)
[2026-04-12T19:31:43.590880] Starting 60-second capture -> /Users/Chen/PycharmProjects/CSCI_6234_Final/recordings/cam222/clips/2026/04/12/cam222_20260412T233143Z.mp4
[tls @ 0x7fd76e005280] IO error: End of file
[https @ 0x7fd76e004d40] Error reading HTTP response: End of file
[tls @ 0x7fd77e209b00] IO error: End of file
[https @ 0x7fd76d7206c0] Error reading HTTP response: End of file
[tls @ 0x7fd76e10ed40] IO error: End of file
[https @ 0x7fd76e10b700] Error reading HTTP response: End of file
[tls @ 0x7fd76e10b700] IO error: End of file
[https @ 0x7fd76e10ed40] Error reading HTTP response: End of file
[2026-04-12T19:32:28.818274] Saved clip /Users/Chen/PycharmProjects/CSCI_6234_Final/recordings/cam222/clips/2026/04/12/cam222_20260412T233143Z.mp4 (5977303 bytes)
[2026-04-12T19:32:29.335946] Starting 60-second capture -> /Users/Chen/PycharmProjects/CSCI_6234_Final/recordings/cam222/clips/2026/04/12/cam222_20260412T233229Z.mp4
[tls @ 0x7f8186804680] IO error: End of file
[https @ 0x7f8186804540] Error reading HTTP response: End of file
[tls @ 0x7f8196b32540] IO error: End of file
[https @ 0x7f8196b32480] Error reading HTTP response: End of file
[tls @ 0x7f8186809080] IO error: End of file
[https @ 0x7f8186808fc0] Error reading HTTP response: End of file
[tls @ 0x7f8185f202c0] IO error: End of file
[https @ 0x7f8185f27480] Error reading HTTP response: End of file
[tls @ 0x7f8185f1c240] IO error: End of file
[https @ 0x7f8185f27f80] Error reading HTTP response: End of file
[2026-04-12T19:33:19.096539] Saved clip /Users/Chen/PycharmProjects/CSCI_6234_Final/recordings/cam222/clips/2026/04/12/cam222_20260412T233229Z.mp4 (5912677 bytes)
[2026-04-12T19:33:19.619588] Starting 60-second capture -> /Users/Chen/PycharmProjects/CSCI_6234_Final/recordings/cam222/clips/2026/04/12/cam222_20260412T233319Z.mp4
[tls @ 0x7faa86704680] IO error: End of file
[https @ 0x7faa86704580] Error reading HTTP response: End of file
[tls @ 0x7faa86709080] IO error: End of file
[https @ 0x7faa8670cd00] Error reading HTTP response: End of file
[tls @ 0x7faa97129cc0] IO error: End of file
[https @ 0x7faa97132b40] Stream ends prematurely at 740156, should be 1037196
[tls @ 0x7faa97307d00] IO error: End of file
[https @ 0x7faa9733de80] Error reading HTTP response: End of file
[tls @ 0x7faa97129cc0] IO error: End of file
[https @ 0x7faa97132b40] Error reading HTTP response: End of file
[2026-04-12T19:34:08.952403] Saved clip /Users/Chen/PycharmProjects/CSCI_6234_Final/recordings/cam222/clips/2026/04/12/cam222_20260412T233319Z.mp4 (5624836 bytes)
[2026-04-12T19:34:09.470584] Starting 60-second capture -> /Users/Chen/PycharmProjects/CSCI_6234_Final/recordings/cam222/clips/2026/04/12/cam222_20260412T233409Z.mp4
[tls @ 0x7fdaee105240] IO error: End of file
[https @ 0x7fdaee105100] Error reading HTTP response: End of file
[tls @ 0x7fdaee034600] IO error: End of file
[https @ 0x7fdaee068a00] Error reading HTTP response: End of file
[tls @ 0x7fdade067340] IO error: End of file
[https @ 0x7fdade04ed40] Error reading HTTP response: End of file
[2026-04-12T19:34:52.531067] Saved clip /Users/Chen/PycharmProjects/CSCI_6234_Final/recordings/cam222/clips/2026/04/12/cam222_20260412T233409Z.mp4 (5930816 bytes)
[2026-04-12T19:34:53.047348] Starting 60-second capture -> /Users/Chen/PycharmProjects/CSCI_6234_Final/recordings/cam222/clips/2026/04/12/cam222_20260412T233453Z.mp4
[tls @ 0x7ff131204840] IO error: End of file
[https @ 0x7ff131204240] Error reading HTTP response: End of file
[tls @ 0x7ff131235180] IO error: End of file
[https @ 0x7ff131233cc0] Error reading HTTP response: End of file
[tls @ 0x7ff13136a400] IO error: End of file
[https @ 0x7ff13136a840] Error reading HTTP response: End of file
[tls @ 0x7ff13144a280] IO error: End of file
[https @ 0x7ff131459e40] Error reading HTTP response: End of file
[2026-04-12T19:35:45.369855] Saved clip /Users/Chen/PycharmProjects/CSCI_6234_Final/recordings/cam222/clips/2026/04/12/cam222_20260412T233453Z.mp4 (5935745 bytes)
[2026-04-12T19:35:45.889620] Starting 60-second capture -> /Users/Chen/PycharmProjects/CSCI_6234_Final/recordings/cam222/clips/2026/04/12/cam222_20260412T233545Z.mp4
[tls @ 0x7fa3ed804a40] IO error: End of file
[https @ 0x7fa3ed804900] Error reading HTTP response: End of file
[tls @ 0x7fa3ed845d80] IO error: End of file
[https @ 0x7fa3ed842180] Stream ends prematurely at 538996, should be 1010500
[tls @ 0x7fa3ed845d80] IO error: End of file
[https @ 0x7fa3ed842180] Error reading HTTP response: End of file
[tls @ 0x7fa3ecf04140] IO error: End of file
[https @ 0x7fa3ecf04080] Error reading HTTP response: End of file
[tls @ 0x7fa3fd946100] IO error: End of file
[https @ 0x7fa3fd907dc0] Error reading HTTP response: End of file
[tls @ 0x7fa3ecf18fc0] IO error: End of file
[https @ 0x7fa3ecf0ed80] Error reading HTTP response: End of file
[2026-04-12T19:36:38.874912] Saved clip /Users/Chen/PycharmProjects/CSCI_6234_Final/recordings/cam222/clips/2026/04/12/cam222_20260412T233545Z.mp4 (5413213 bytes)
[2026-04-12T19:36:39.392204] Starting 60-second capture -> /Users/Chen/PycharmProjects/CSCI_6234_Final/recordings/cam222/clips/2026/04/12/cam222_20260412T233639Z.mp4
[tls @ 0x7f953af04ac0] IO error: End of file
[https @ 0x7f953af04980] Error reading HTTP response: End of file
[tls @ 0x7f953b80ad80] IO error: End of file
[https @ 0x7f953b81a080] Error reading HTTP response: End of file
[tls @ 0x7f954b905fc0] IO error: End of file
[https @ 0x7f954b905f00] Stream ends prematurely at 562120, should be 1025540
[tls @ 0x7f954b905fc0] IO error: End of file
[https @ 0x7f954b905f00] Error reading HTTP response: End of file
[tls @ 0x7f954b92bf40] IO error: End of file
[https @ 0x7f954b905dc0] Error reading HTTP response: End of file
[2026-04-12T19:37:28.328323] Saved clip /Users/Chen/PycharmProjects/CSCI_6234_Final/recordings/cam222/clips/2026/04/12/cam222_20260412T233639Z.mp4 (5478662 bytes)
[2026-04-12T19:37:28.841984] Starting 60-second capture -> /Users/Chen/PycharmProjects/CSCI_6234_Final/recordings/cam222/clips/2026/04/12/cam222_20260412T233728Z.mp4
[tls @ 0x7fe1ba704900] IO error: End of file
[https @ 0x7fe1ba704800] Error reading HTTP response: End of file
[tls @ 0x7fe1cb2234c0] IO error: End of file
[https @ 0x7fe1cb23df40] Error reading HTTP response: End of file
[tls @ 0x7fe1cb405680] IO error: End of file
[https @ 0x7fe1cb405b40] Error reading HTTP response: End of file
[tls @ 0x7fe1cb406440] IO error: End of file
[https @ 0x7fe1cb406340] Error reading HTTP response: End of file
[2026-04-12T19:38:17.080672] Saved clip /Users/Chen/PycharmProjects/CSCI_6234_Final/recordings/cam222/clips/2026/04/12/cam222_20260412T233728Z.mp4 (5907102 bytes)
[2026-04-12T19:38:17.596701] Starting 60-second capture -> /Users/Chen/PycharmProjects/CSCI_6234_Final/recordings/cam222/clips/2026/04/12/cam222_20260412T233817Z.mp4
[tls @ 0x7fabe3604980] IO error: End of file
[https @ 0x7fabe3604840] Error reading HTTP response: End of file
[tls @ 0x7fabe3659c00] IO error: End of file
[https @ 0x7fabe32049c0] Error reading HTTP response: End of file
[tls @ 0x7fabe322e8c0] IO error: End of file
[https @ 0x7fabe322a800] Error reading HTTP response: End of file
[tls @ 0x7fabe350fb80] IO error: End of file
[https @ 0x7fabe3531580] Error reading HTTP response: End of file
[tls @ 0x7fabe360e040] IO error: End of file
[https @ 0x7fabe366be00] Stream ends prematurely at 738499, should be 1054304
[mpegts @ 0x7fabe323cf40] PES packet size mismatch
[mpegts @ 0x7fabe323cf40] Packet corrupt (stream = 1, dts = 1861931534).
[2026-04-12T19:39:06.855584] Saved clip /Users/Chen/PycharmProjects/CSCI_6234_Final/recordings/cam222/clips/2026/04/12/cam222_20260412T233817Z.mp4 (5631632 bytes)
[2026-04-12T19:39:07.366727] Starting 60-second capture -> /Users/Chen/PycharmProjects/CSCI_6234_Final/recordings/cam222/clips/2026/04/12/cam222_20260412T233907Z.mp4
[tls @ 0x7f9df5905580] IO error: End of file
[https @ 0x7f9df5905440] Error reading HTTP response: End of file
[tls @ 0x7f9df5a74a40] IO error: End of file
[https @ 0x7f9df5a70e40] Stream ends prematurely at 531288, should be 1000536
[tls @ 0x7f9df5a74a40] IO error: End of file
[https @ 0x7f9df5a70e40] Error reading HTTP response: End of file
[tls @ 0x7f9df5b2b380] IO error: End of file
[https @ 0x7f9df5b136c0] Error reading HTTP response: End of file
[tls @ 0x7f9df5a74a40] IO error: End of file
[https @ 0x7f9df5a6e040] Stream ends prematurely at 759708, should be 1049604
[tls @ 0x7f9df5a74a40] IO error: End of file
[https @ 0x7f9df5a6e040] Error reading HTTP response: End of file
[tls @ 0x7f9df5b2e740] IO error: End of file
[https @ 0x7f9df5b2b340] Error reading HTTP response: End of file
[tls @ 0x7f9df5b757c0] IO error: End of file
[https @ 0x7f9df5b91180] Stream ends prematurely at 549148, should be 1021404
[2026-04-12T19:39:51.755794] Saved clip /Users/Chen/PycharmProjects/CSCI_6234_Final/recordings/cam222/clips/2026/04/12/cam222_20260412T233907Z.mp4 (4739909 bytes)
[2026-04-12T19:39:52.270691] Starting 60-second capture -> /Users/Chen/PycharmProjects/CSCI_6234_Final/recordings/cam222/clips/2026/04/12/cam222_20260412T233952Z.mp4
[tls @ 0x7fcc4c004500] IO error: End of file
[https @ 0x7fcc4c0043c0] Error reading HTTP response: End of file
[tls @ 0x7fcc4c0043c0] IO error: End of file
[https @ 0x7fcc4c024cc0] Error reading HTTP response: End of file
[tls @ 0x7fcc4c024cc0] IO error: End of file
[https @ 0x7fcc4c0043c0] Error reading HTTP response: End of file
[tls @ 0x7fcc4b77c440] IO error: End of file
[https @ 0x7fcc4b78e740] Error reading HTTP response: End of file
[2026-04-12T19:40:35.869788] Saved clip /Users/Chen/PycharmProjects/CSCI_6234_Final/recordings/cam222/clips/2026/04/12/cam222_20260412T233952Z.mp4 (5935391 bytes)
[2026-04-12T19:40:36.385752] Starting 60-second capture -> /Users/Chen/PycharmProjects/CSCI_6234_Final/recordings/cam222/clips/2026/04/12/cam222_20260412T234036Z.mp4
[tls @ 0x7f8a67f04680] IO error: End of file
[https @ 0x7f8a67f04540] Error reading HTTP response: End of file
[tls @ 0x7f8a77f70880] IO error: End of file
[https @ 0x7f8a77f34cc0] Error reading HTTP response: End of file
[tls @ 0x7f8a77f70880] IO error: End of file
[https @ 0x7f8a77f1a980] Error reading HTTP response: End of file
[tls @ 0x7f8a77f70880] IO error: End of file
[https @ 0x7f8a77f34cc0] Error reading HTTP response: End of file
[2026-04-12T19:41:22.620140] Saved clip /Users/Chen/PycharmProjects/CSCI_6234_Final/recordings/cam222/clips/2026/04/12/cam222_20260412T234036Z.mp4 (5980901 bytes)
[2026-04-12T19:41:23.130893] Starting 60-second capture -> /Users/Chen/PycharmProjects/CSCI_6234_Final/recordings/cam222/clips/2026/04/12/cam222_20260412T234123Z.mp4
[tls @ 0x7fb962e05240] IO error: End of file
[https @ 0x7fb962e04480] Error reading HTTP response: End of file
[tls @ 0x7fb95301e040] IO error: End of file
[https @ 0x7fb953030240] Stream ends prematurely at 531476, should be 1044716
[tls @ 0x7fb95301e040] IO error: End of file
[https @ 0x7fb953030240] Error reading HTTP response: End of file
[tls @ 0x7fb962e06c40] IO error: End of file
[https @ 0x7fb962e20500] Error reading HTTP response: End of file
[tls @ 0x7fb962f27600] IO error: End of file
[https @ 0x7fb962f4eb40] Error reading HTTP response: End of file
[tls @ 0x7fb931f04200] IO error: End of file
[https @ 0x7fb931f04100] Error reading HTTP response: End of file
[tls @ 0x7fb962e1d100] IO error: End of file
[https @ 0x7fb962e16700] Error reading HTTP response: End of file
[2026-04-12T19:42:19.633383] Saved clip /Users/Chen/PycharmProjects/CSCI_6234_Final/recordings/cam222/clips/2026/04/12/cam222_20260412T234123Z.mp4 (5451630 bytes)
[2026-04-12T19:42:20.151357] Starting 60-second capture -> /Users/Chen/PycharmProjects/CSCI_6234_Final/recordings/cam222/clips/2026/04/12/cam222_20260412T234220Z.mp4
[tls @ 0x7faa3da05200] IO error: End of file
[https @ 0x7faa3da04cc0] Error reading HTTP response: End of file
[tls @ 0x7faa3da32840] IO error: End of file
[https @ 0x7faa3da05180] Error reading HTTP response: End of file
[tls @ 0x7faa3db06b80] IO error: End of file
[https @ 0x7faa3db05d80] Stream ends prematurely at 733764, should be 1011628
[tls @ 0x7faa3db06b80] IO error: End of file
[https @ 0x7faa3db05d80] Error reading HTTP response: End of file
[tls @ 0x7faa3dd61800] IO error: End of file
[https @ 0x7faa3dd612c0] Error reading HTTP response: End of file
[2026-04-12T19:43:10.675658] Saved clip /Users/Chen/PycharmProjects/CSCI_6234_Final/recordings/cam222/clips/2026/04/12/cam222_20260412T234220Z.mp4 (5685515 bytes)
[2026-04-12T19:43:11.198684] Starting 60-second capture -> /Users/Chen/PycharmProjects/CSCI_6234_Final/recordings/cam222/clips/2026/04/12/cam222_20260412T234311Z.mp4
[tls @ 0x7faf6c206100] IO error: End of file
[https @ 0x7faf6c205fc0] Error reading HTTP response: End of file
[tls @ 0x7faf6c01af80] IO error: End of file
[https @ 0x7faf6c020240] Stream ends prematurely at 530724, should be 1005988
[tls @ 0x7faf7c791f40] IO error: End of file
[https @ 0x7faf7c78b540] Error reading HTTP response: End of file
[tls @ 0x7faf6c01af80] IO error: End of file
[https @ 0x7faf6c020240] Error reading HTTP response: End of file
[tls @ 0x7faf7c791f40] IO error: End of file
[https @ 0x7faf7c78e340] Error reading HTTP response: End of file
[tls @ 0x7faf6c00a480] IO error: End of file
[https @ 0x7faf6c041c00] Stream ends prematurely at 559676, should be 1039076
[2026-04-12T19:43:50.228482] Saved clip /Users/Chen/PycharmProjects/CSCI_6234_Final/recordings/cam222/clips/2026/04/12/cam222_20260412T234311Z.mp4 (5049777 bytes)
[2026-04-12T19:43:50.742105] Starting 60-second capture -> /Users/Chen/PycharmProjects/CSCI_6234_Final/recordings/cam222/clips/2026/04/12/cam222_20260412T234350Z.mp4
[tls @ 0x7fa5e1704680] IO error: End of file
[https @ 0x7fa5e1704540] Error reading HTTP response: End of file
[tls @ 0x7fa5e1740880] IO error: End of file
[https @ 0x7fa5e175d340] Error reading HTTP response: End of file
[tls @ 0x7fa5f5904640] IO error: End of file
[https @ 0x7fa5f5904540] Error reading HTTP response: End of file
[tls @ 0x7fa5f5845e40] IO error: End of file
[https @ 0x7fa5f5842280] Error reading HTTP response: End of file
[tls @ 0x7fa5f5918a80] IO error: End of file
[https @ 0x7fa5e175d340] Error reading HTTP response: End of file
[2026-04-12T19:44:33.996224] Saved clip /Users/Chen/PycharmProjects/CSCI_6234_Final/recordings/cam222/clips/2026/04/12/cam222_20260412T234350Z.mp4 (5933170 bytes)
[2026-04-12T19:44:34.519609] Starting 60-second capture -> /Users/Chen/PycharmProjects/CSCI_6234_Final/recordings/cam222/clips/2026/04/12/cam222_20260412T234434Z.mp4
[tls @ 0x7fd537704140] IO error: End of file
[https @ 0x7fd540004540] Error reading HTTP response: End of file
[tls @ 0x7fd54772a3c0] IO error: End of file
[https @ 0x7fd54772a900] Error reading HTTP response: End of file
[tls @ 0x7fd5581049c0] IO error: End of file
[https @ 0x7fd547721080] Error reading HTTP response: End of file
[tls @ 0x7fd54002aac0] IO error: End of file
[https @ 0x7fd540018640] Error reading HTTP response: End of file
[tls @ 0x7fd540022a80] IO error: End of file
[https @ 0x7fd54000afc0] Stream ends prematurely at 554788, should be 1054868
[2026-04-12T19:45:23.589827] Saved clip /Users/Chen/PycharmProjects/CSCI_6234_Final/recordings/cam222/clips/2026/04/12/cam222_20260412T234434Z.mp4 (5480818 bytes)
[2026-04-12T19:45:24.110369] Starting 60-second capture -> /Users/Chen/PycharmProjects/CSCI_6234_Final/recordings/cam222/clips/2026/04/12/cam222_20260412T234524Z.mp4
[tls @ 0x7f96eaa14fc0] IO error: End of file
[https @ 0x7f96eaa13a40] Error reading HTTP response: End of file
[tls @ 0x7f96eab2abc0] IO error: End of file
[https @ 0x7f96eab14a40] Error reading HTTP response: End of file
[tls @ 0x7f96d9f2a600] IO error: End of file
[https @ 0x7f96d9f26000] Error reading HTTP response: End of file
[tls @ 0x7f96eac5c100] IO error: End of file
[https @ 0x7f96eac1b1c0] Error reading HTTP response: End of file
[2026-04-12T19:46:10.732712] Saved clip /Users/Chen/PycharmProjects/CSCI_6234_Final/recordings/cam222/clips/2026/04/12/cam222_20260412T234524Z.mp4 (5914796 bytes)
[2026-04-12T19:46:11.253814] Starting 60-second capture -> /Users/Chen/PycharmProjects/CSCI_6234_Final/recordings/cam222/clips/2026/04/12/cam222_20260412T234611Z.mp4
[tls @ 0x7ff3ba704680] IO error: End of file
[https @ 0x7ff3ba704540] Error reading HTTP response: End of file
[tls @ 0x7ff3ba73b800] IO error: End of file
[https @ 0x7ff3ba73fb80] Error reading HTTP response: End of file
[tls @ 0x7ff3bb153280] IO error: End of file
[https @ 0x7ff3bb1536c0] Stream ends prematurely at 503088, should be 973276
[tls @ 0x7ff3ba73b800] IO error: End of file
[https @ 0x7ff3ba739480] Error reading HTTP response: End of file
[2026-04-12T19:46:47.635196] Saved clip /Users/Chen/PycharmProjects/CSCI_6234_Final/recordings/cam222/clips/2026/04/12/cam222_20260412T234611Z.mp4 (5515150 bytes)
[2026-04-12T19:46:48.150980] Starting 60-second capture -> /Users/Chen/PycharmProjects/CSCI_6234_Final/recordings/cam222/clips/2026/04/12/cam222_20260412T234648Z.mp4
[tls @ 0x7fdf54f041c0] IO error: End of file
[https @ 0x7fdf54f04080] Error reading HTTP response: End of file
[tls @ 0x7fdf60933740] IO error: End of file
[https @ 0x7fdf60946540] Error reading HTTP response: End of file
[tls @ 0x7fdf54f3be00] IO error: End of file
[https @ 0x7fdf60925b00] Stream ends prematurely at 561368, should be 1026856
[tls @ 0x7fdf54f3be00] IO error: End of file
[https @ 0x7fdf60925b00] Error reading HTTP response: End of file
[tls @ 0x7fdf54f546c0] IO error: End of file
[https @ 0x7fdf54f627c0] Error reading HTTP response: End of file
[tls @ 0x7fdf54e3e140] IO error: End of file
[https @ 0x7fdf54e36e00] Stream ends prematurely at 551968, should be 1037572
[2026-04-12T19:47:30.192567] Saved clip /Users/Chen/PycharmProjects/CSCI_6234_Final/recordings/cam222/clips/2026/04/12/cam222_20260412T234648Z.mp4 (4986876 bytes)
[2026-04-12T19:47:30.716450] Starting 60-second capture -> /Users/Chen/PycharmProjects/CSCI_6234_Final/recordings/cam222/clips/2026/04/12/cam222_20260412T234730Z.mp4
[tls @ 0x7fbf2e804680] IO error: End of file
[https @ 0x7fbf2e804540] Error reading HTTP response: End of file
[tls @ 0x7fbf2e845a00] IO error: End of file
[https @ 0x7fbf2e845c40] Error reading HTTP response: End of file
[tls @ 0x7fbf3ea76740] IO error: End of file
[https @ 0x7fbf3ea3f700] Error reading HTTP response: End of file
[tls @ 0x7fbf2e834c00] IO error: End of file
[https @ 0x7fbf2e846e00] Error reading HTTP response: End of file
[2026-04-12T19:48:11.631167] Saved clip /Users/Chen/PycharmProjects/CSCI_6234_Final/recordings/cam222/clips/2026/04/12/cam222_20260412T234730Z.mp4 (5919317 bytes)
[2026-04-12T19:48:12.152406] Starting 60-second capture -> /Users/Chen/PycharmProjects/CSCI_6234_Final/recordings/cam222/clips/2026/04/12/cam222_20260412T234812Z.mp4
[tls @ 0x7fb694704b40] IO error: End of file
[https @ 0x7fb694704a00] Error reading HTTP response: End of file
[tls @ 0x7fb695857f80] IO error: End of file
[https @ 0x7fb69585f540] Error reading HTTP response: End of file
[tls @ 0x7fb695857f80] IO error: End of file
[https @ 0x7fb695840300] Error reading HTTP response: End of file
[tls @ 0x7fb694705d80] IO error: End of file
[https @ 0x7fb694705c80] Error reading HTTP response: End of file
[2026-04-12T19:48:59.387922] Saved clip /Users/Chen/PycharmProjects/CSCI_6234_Final/recordings/cam222/clips/2026/04/12/cam222_20260412T234812Z.mp4 (5860628 bytes)
[2026-04-12T19:48:59.908389] Starting 60-second capture -> /Users/Chen/PycharmProjects/CSCI_6234_Final/recordings/cam222/clips/2026/04/12/cam222_20260412T234859Z.mp4
[tls @ 0x7fcfbc105f80] IO error: End of file
[https @ 0x7fcfbc105e40] Error reading HTTP response: End of file
[tls @ 0x7fcfbc324fc0] IO error: End of file
[https @ 0x7fcfbc318680] Error reading HTTP response: End of file
[tls @ 0x7fcfbc128e00] IO error: End of file
[https @ 0x7fcfbc121080] Error reading HTTP response: End of file
[tls @ 0x7fcfab704b00] IO error: End of file
[https @ 0x7fcfab708a80] Stream ends prematurely at 554976, should be 1027608
[tls @ 0x7fcfbc21e300] IO error: End of file
[https @ 0x7fcfbc2450c0] Error reading HTTP response: End of file
[2026-04-12T19:49:36.960761] Saved clip /Users/Chen/PycharmProjects/CSCI_6234_Final/recordings/cam222/clips/2026/04/12/cam222_20260412T234859Z.mp4 (5460204 bytes)
[2026-04-12T19:49:37.478726] Starting 60-second capture -> /Users/Chen/PycharmProjects/CSCI_6234_Final/recordings/cam222/clips/2026/04/12/cam222_20260412T234937Z.mp4
[tls @ 0x7fa5c6804680] IO error: End of file
[https @ 0x7fa5c6804540] Error reading HTTP response: End of file
[tls @ 0x7fa5c683d4c0] IO error: End of file
[https @ 0x7fa5c6853e40] Error reading HTTP response: End of file
[tls @ 0x7fa5c683d4c0] IO error: End of file
[https @ 0x7fa5c6847fc0] Error reading HTTP response: End of file
[tls @ 0x7fa5c57123c0] IO error: End of file
[https @ 0x7fa5c5713700] Error reading HTTP response: End of file
[2026-04-12T19:50:28.496321] Saved clip /Users/Chen/PycharmProjects/CSCI_6234_Final/recordings/cam222/clips/2026/04/12/cam222_20260412T234937Z.mp4 (5910794 bytes)
[2026-04-12T19:50:29.013628] Starting 60-second capture -> /Users/Chen/PycharmProjects/CSCI_6234_Final/recordings/cam222/clips/2026/04/12/cam222_20260412T235029Z.mp4
[tls @ 0x7f848ff18cc0] IO error: End of file
[https @ 0x7f848ff1a280] Error reading HTTP response: End of file
[tls @ 0x7f848ff18cc0] IO error: End of file
[https @ 0x7f848ff59700] Error reading HTTP response: End of file
[tls @ 0x7f849883ffc0] IO error: End of file
[https @ 0x7f84988379c0] Error reading HTTP response: End of file
[tls @ 0x7f84a0a1c980] IO error: End of file
[https @ 0x7f84a0a26800] Error reading HTTP response: End of file
[2026-04-12T19:51:10.201744] Saved clip /Users/Chen/PycharmProjects/CSCI_6234_Final/recordings/cam222/clips/2026/04/12/cam222_20260412T235029Z.mp4 (5889649 bytes)
[2026-04-12T19:51:10.727521] Starting 60-second capture -> /Users/Chen/PycharmProjects/CSCI_6234_Final/recordings/cam222/clips/2026/04/12/cam222_20260412T235110Z.mp4
[tls @ 0x7fbcba004740] IO error: End of file
[https @ 0x7fbcba004600] Error reading HTTP response: End of file
[tls @ 0x7fbcba10f580] IO error: End of file
[https @ 0x7fbcba114e40] Error reading HTTP response: End of file
[tls @ 0x7fbcb9772680] IO error: End of file
[https @ 0x7fbcb971ebc0] Stream ends prematurely at 727936, should be 1024600
[tls @ 0x7fbcb974d380] IO error: End of file
[https @ 0x7fbcb9772bc0] Error reading HTTP response: End of file
[tls @ 0x7fbcb9772680] IO error: End of file
[https @ 0x7fbcb971ebc0] Error reading HTTP response: End of file
[tls @ 0x7fbccab171c0] IO error: End of file
[https @ 0x7fbccab4d100] Error reading HTTP response: End of file
[tls @ 0x7fbccab18780] IO error: End of file
[https @ 0x7fbccab44b00] Error reading HTTP response: End of file
[2026-04-12T19:51:49.440427] Saved clip /Users/Chen/PycharmProjects/CSCI_6234_Final/recordings/cam222/clips/2026/04/12/cam222_20260412T235110Z.mp4 (5673130 bytes)
[2026-04-12T19:51:49.964583] Starting 60-second capture -> /Users/Chen/PycharmProjects/CSCI_6234_Final/recordings/cam222/clips/2026/04/12/cam222_20260412T235149Z.mp4
[tls @ 0x7feb04804680] IO error: End of file
[https @ 0x7feb04804540] Error reading HTTP response: End of file
[tls @ 0x7feb03f51500] IO error: End of file
[https @ 0x7feb03f44440] Error reading HTTP response: End of file
[tls @ 0x7feb14b343c0] IO error: End of file
[https @ 0x7feb14b18800] Error reading HTTP response: End of file
[tls @ 0x7feb14a0bd40] IO error: End of file
[https @ 0x7feb14a0bc40] Error reading HTTP response: End of file
[2026-04-12T19:52:39.117909] Saved clip /Users/Chen/PycharmProjects/CSCI_6234_Final/recordings/cam222/clips/2026/04/12/cam222_20260412T235149Z.mp4 (5910118 bytes)
[2026-04-12T19:52:39.637975] Starting 60-second capture -> /Users/Chen/PycharmProjects/CSCI_6234_Final/recordings/cam222/clips/2026/04/12/cam222_20260412T235239Z.mp4
[tls @ 0x7fc0d4c04080] IO error: End of file
[https @ 0x7fc0d4c05c00] Error reading HTTP response: End of file
[tls @ 0x7fc0c48169c0] IO error: End of file
[https @ 0x7fc0c4812dc0] Stream ends prematurely at 604608, should be 1056936
[tls @ 0x7fc0c48169c0] IO error: End of file
[https @ 0x7fc0c4812dc0] Error reading HTTP response: End of file
[tls @ 0x7fc0d4b2d580] IO error: End of file
[https @ 0x7fc0d4b6ccc0] Error reading HTTP response: End of file
[tls @ 0x7fc0d4c62580] IO error: End of file
[https @ 0x7fc0d4c747c0] Stream ends prematurely at 706880, should be 1021592
[tls @ 0x7fc0d4c62580] IO error: End of file
[https @ 0x7fc0d4c747c0] Error reading HTTP response: End of file
[tls @ 0x7fc0d4b2d580] IO error: End of file
[https @ 0x7fc0d4b88740] Error reading HTTP response: End of file
[2026-04-12T19:53:25.717196] Saved clip /Users/Chen/PycharmProjects/CSCI_6234_Final/recordings/cam222/clips/2026/04/12/cam222_20260412T235239Z.mp4 (5171515 bytes)
[2026-04-12T19:53:26.242105] Starting 60-second capture -> /Users/Chen/PycharmProjects/CSCI_6234_Final/recordings/cam222/clips/2026/04/12/cam222_20260412T235326Z.mp4
[tls @ 0x7fc2cbd05c80] IO error: End of file
[https @ 0x7fc2cbd05b40] Error reading HTTP response: End of file
[tls @ 0x7fc2cbd51cc0] IO error: End of file
[https @ 0x7fc2cbd46a80] Error reading HTTP response: End of file
[tls @ 0x7fc2baf38400] IO error: End of file
[https @ 0x7fc2baf3aa00] Stream ends prematurely at 541064, should be 1029676
[tls @ 0x7fc2cbb334c0] IO error: End of file
[https @ 0x7fc2cbb1d100] Error reading HTTP response: End of file
[tls @ 0x7fc2baf38400] IO error: End of file
[https @ 0x7fc2baf3aa00] Error reading HTTP response: End of file
[tls @ 0x7fc2cbb2ae40] IO error: End of file
[https @ 0x7fc2cbb3a400] Error reading HTTP response: End of file
[tls @ 0x7fc2baf05200] IO error: End of file
[https @ 0x7fc2baf05e00] Error reading HTTP response: End of file
[2026-04-12T19:54:06.999165] Saved clip /Users/Chen/PycharmProjects/CSCI_6234_Final/recordings/cam222/clips/2026/04/12/cam222_20260412T235326Z.mp4 (5493300 bytes)
[2026-04-12T19:54:07.513563] Starting 60-second capture -> /Users/Chen/PycharmProjects/CSCI_6234_Final/recordings/cam222/clips/2026/04/12/cam222_20260412T235407Z.mp4
[tls @ 0x7fbe6bb06040] IO error: End of file
[https @ 0x7fbe6bb05f00] Error reading HTTP response: End of file
[tls @ 0x7fbe5c017b00] IO error: End of file
[https @ 0x7fbe5c008480] Error reading HTTP response: End of file
[tls @ 0x7fbe6bb23b00] IO error: End of file
[https @ 0x7fbe6bb24100] Error reading HTTP response: End of file
[tls @ 0x7fbe5af3b640] IO error: End of file
[https @ 0x7fbe5af29e00] Error reading HTTP response: End of file
[2026-04-12T19:54:52.232900] Saved clip /Users/Chen/PycharmProjects/CSCI_6234_Final/recordings/cam222/clips/2026/04/12/cam222_20260412T235407Z.mp4 (5936918 bytes)
[2026-04-12T19:54:52.753275] Starting 60-second capture -> /Users/Chen/PycharmProjects/CSCI_6234_Final/recordings/cam222/clips/2026/04/12/cam222_20260412T235452Z.mp4
[tls @ 0x7fc1e9405c80] IO error: End of file
[https @ 0x7fc1e9405b40] Error reading HTTP response: End of file
[tls @ 0x7fc1e932ad40] IO error: End of file
[https @ 0x7fc1e93537c0] Error reading HTTP response: End of file
[tls @ 0x7fc1e943c140] IO error: End of file
[https @ 0x7fc1e9436e00] Error reading HTTP response: End of file
[tls @ 0x7fc1e932ad40] IO error: End of file
[https @ 0x7fc1e93537c0] Error reading HTTP response: End of file
[2026-04-12T19:55:35.710691] Saved clip /Users/Chen/PycharmProjects/CSCI_6234_Final/recordings/cam222/clips/2026/04/12/cam222_20260412T235452Z.mp4 (5911149 bytes)
[2026-04-12T19:55:36.229779] Starting 60-second capture -> /Users/Chen/PycharmProjects/CSCI_6234_Final/recordings/cam222/clips/2026/04/12/cam222_20260412T235536Z.mp4
[tls @ 0x7fb5a2804140] IO error: End of file
[https @ 0x7fb5b2b04080] Error reading HTTP response: End of file
[tls @ 0x7fb5a1f45ac0] IO error: End of file
[https @ 0x7fb5a1f76700] Error reading HTTP response: End of file
[tls @ 0x7fb5b2a34280] IO error: End of file
[https @ 0x7fb5b2a36880] Error reading HTTP response: End of file
[tls @ 0x7fb5b2a34280] IO error: End of file
[https @ 0x7fb5b2a2f8c0] Error reading HTTP response: End of file
[2026-04-12T19:56:22.065531] Saved clip /Users/Chen/PycharmProjects/CSCI_6234_Final/recordings/cam222/clips/2026/04/12/cam222_20260412T235536Z.mp4 (5941522 bytes)
[2026-04-12T19:56:22.581498] Starting 60-second capture -> /Users/Chen/PycharmProjects/CSCI_6234_Final/recordings/cam222/clips/2026/04/12/cam222_20260412T235622Z.mp4
[tls @ 0x7fd4b9704940] IO error: End of file
[https @ 0x7fd4b9704800] Error reading HTTP response: End of file
[tls @ 0x7fd4ca2383c0] IO error: End of file
[https @ 0x7fd4ca230980] Error reading HTTP response: End of file
[tls @ 0x7fd4ca210f80] IO error: End of file
[https @ 0x7fd4ca2231c0] Stream ends prematurely at 747112, should be 1030052
[tls @ 0x7fd4ba021c40] IO error: End of file
[https @ 0x7fd4ba021d80] Error reading HTTP response: End of file
[tls @ 0x7fd4ca210f80] IO error: End of file
[https @ 0x7fd4ca2231c0] Error reading HTTP response: End of file
[tls @ 0x7fd4ba021c40] IO error: End of file
[https @ 0x7fd4ba004800] Error reading HTTP response: End of file
[2026-04-12T19:57:16.365308] Saved clip /Users/Chen/PycharmProjects/CSCI_6234_Final/recordings/cam222/clips/2026/04/12/cam222_20260412T235622Z.mp4 (5680559 bytes)
[2026-04-12T19:57:16.880542] Starting 60-second capture -> /Users/Chen/PycharmProjects/CSCI_6234_Final/recordings/cam222/clips/2026/04/12/cam222_20260412T235716Z.mp4
[tls @ 0x7ff55c204c00] IO error: End of file
[https @ 0x7ff55c204ac0] Error reading HTTP response: End of file
[tls @ 0x7ff55c35c140] IO error: End of file
[https @ 0x7ff55c371980] Error reading HTTP response: End of file
[tls @ 0x7ff54c068980] IO error: End of file
[https @ 0x7ff54c06ff40] Error reading HTTP response: End of file
[2026-04-12T19:57:59.055999] Saved clip /Users/Chen/PycharmProjects/CSCI_6234_Final/recordings/cam222/clips/2026/04/12/cam222_20260412T235716Z.mp4 (5921478 bytes)
[2026-04-12T19:57:59.576795] Starting 60-second capture -> /Users/Chen/PycharmProjects/CSCI_6234_Final/recordings/cam222/clips/2026/04/12/cam222_20260412T235759Z.mp4
[tls @ 0x7fd31da06540] IO error: End of file
[https @ 0x7fd31da06440] Error reading HTTP response: End of file
[tls @ 0x7fd31db20c80] IO error: End of file
[https @ 0x7fd31db5c840] Error reading HTTP response: End of file
[tls @ 0x7fd31dc1db80] IO error: End of file
[https @ 0x7fd31dc1a900] Error reading HTTP response: End of file
[tls @ 0x7fd31da4a480] IO error: End of file
[https @ 0x7fd31da3ec80] Error reading HTTP response: End of file
[2026-04-12T19:58:36.541684] Saved clip /Users/Chen/PycharmProjects/CSCI_6234_Final/recordings/cam222/clips/2026/04/12/cam222_20260412T235759Z.mp4 (5940712 bytes)
[2026-04-12T19:58:37.061006] Starting 60-second capture -> /Users/Chen/PycharmProjects/CSCI_6234_Final/recordings/cam222/clips/2026/04/12/cam222_20260412T235837Z.mp4
[tls @ 0x7fb5dbd054c0] IO error: End of file
[https @ 0x7fb5dbd04f80] Error reading HTTP response: End of file
[tls @ 0x7fb5dbb54900] IO error: End of file
[https @ 0x7fb5dbb5c9c0] Error reading HTTP response: End of file
[tls @ 0x7fb5dbd5d000] IO error: End of file
[https @ 0x7fb5dbd4e980] Error reading HTTP response: End of file
[tls @ 0x7fb5dbd5d000] IO error: End of file
[https @ 0x7fb5dbd3e900] Error reading HTTP response: End of file
[tls @ 0x7fb5dbb43e00] IO error: End of file
[https @ 0x7fb5dbb36ac0] Error reading HTTP response: End of file
[2026-04-12T19:59:23.507757] Saved clip /Users/Chen/PycharmProjects/CSCI_6234_Final/recordings/cam222/clips/2026/04/12/cam222_20260412T235837Z.mp4 (5935932 bytes)
[2026-04-12T19:59:24.031761] Starting 60-second capture -> /Users/Chen/PycharmProjects/CSCI_6234_Final/recordings/cam222/clips/2026/04/12/cam222_20260412T235924Z.mp4
[tls @ 0x7fd32f004240] IO error: End of file
[https @ 0x7fd32f004180] Error reading HTTP response: End of file
[tls @ 0x7fd32e724180] IO error: End of file
[https @ 0x7fd32e73b140] Error reading HTTP response: End of file
[tls @ 0x7fd32e724180] IO error: End of file
[https @ 0x7fd32e73fc80] Error reading HTTP response: End of file
[tls @ 0x7fd32e724180] IO error: End of file
[https @ 0x7fd32e73b140] Error reading HTTP response: End of file
[2026-04-12T20:00:09.079635] Saved clip /Users/Chen/PycharmProjects/CSCI_6234_Final/recordings/cam222/clips/2026/04/12/cam222_20260412T235924Z.mp4 (5931874 bytes)
[2026-04-12T20:00:09.605070] Starting 60-second capture -> /Users/Chen/PycharmProjects/CSCI_6234_Final/recordings/cam222/clips/2026/04/13/cam222_20260413T000009Z.mp4
[tls @ 0x7fad71105c80] IO error: End of file
[https @ 0x7fad71105b40] Error reading HTTP response: End of file
[tls @ 0x7fad711132c0] IO error: End of file
[https @ 0x7fad7112ce00] Error reading HTTP response: End of file
[tls @ 0x7fad61014140] IO error: End of file
[https @ 0x7fad6102b600] Error reading HTTP response: End of file
[tls @ 0x7fad61048f00] IO error: End of file
[https @ 0x7fad6102ab00] Error reading HTTP response: End of file
[tls @ 0x7fad7113a640] IO error: End of file
[https @ 0x7fad71018600] Stream ends prematurely at 718536, should be 1023096
[2026-04-12T20:00:50.086758] Saved clip /Users/Chen/PycharmProjects/CSCI_6234_Final/recordings/cam222/clips/2026/04/13/cam222_20260413T000009Z.mp4 (5638423 bytes)
[2026-04-12T20:00:50.610346] Starting 60-second capture -> /Users/Chen/PycharmProjects/CSCI_6234_Final/recordings/cam222/clips/2026/04/13/cam222_20260413T000050Z.mp4
[tls @ 0x7fb4cda04680] IO error: End of file
[https @ 0x7fb4cda04540] Error reading HTTP response: End of file
[tls @ 0x7fb4cdb35640] IO error: End of file
[https @ 0x7fb4cdb1b140] Error reading HTTP response: End of file
[tls @ 0x7fb4cda21bc0] IO error: End of file
[https @ 0x7fb4cda22540] Error reading HTTP response: End of file
[tls @ 0x7fb4cda21bc0] IO error: End of file
[https @ 0x7fb4cda22a00] Error reading HTTP response: End of file
[2026-04-12T20:01:39.396663] Saved clip /Users/Chen/PycharmProjects/CSCI_6234_Final/recordings/cam222/clips/2026/04/13/cam222_20260413T000050Z.mp4 (5903652 bytes)
[2026-04-12T20:01:39.917145] Starting 60-second capture -> /Users/Chen/PycharmProjects/CSCI_6234_Final/recordings/cam222/clips/2026/04/13/cam222_20260413T000139Z.mp4
[tls @ 0x7fba9c306680] IO error: End of file
[https @ 0x7fba9c306140] Error reading HTTP response: End of file
[tls @ 0x7fba9c3449c0] IO error: End of file
[https @ 0x7fba9c344540] Error reading HTTP response: End of file
[tls @ 0x7fba8c007040] IO error: End of file
[https @ 0x7fba8c00e600] Error reading HTTP response: End of file
[2026-04-12T20:02:30.486796] Saved clip /Users/Chen/PycharmProjects/CSCI_6234_Final/recordings/cam222/clips/2026/04/13/cam222_20260413T000139Z.mp4 (5902975 bytes)
[2026-04-12T20:02:31.011070] Starting 60-second capture -> /Users/Chen/PycharmProjects/CSCI_6234_Final/recordings/cam222/clips/2026/04/13/cam222_20260413T000231Z.mp4
[tls @ 0x7f8aee104500] IO error: End of file
[https @ 0x7f8aee1043c0] Error reading HTTP response: End of file
[tls @ 0x7f8aee020180] IO error: End of file
[https @ 0x7f8aee02b4c0] Error reading HTTP response: End of file
[tls @ 0x7f8aed722680] IO error: End of file
[https @ 0x7f8aed732a00] Error reading HTTP response: End of file
[tls @ 0x7f8afe148600] IO error: End of file
[https @ 0x7f8afe13ce80] Error reading HTTP response: End of file
[2026-04-12T20:03:14.400229] Saved clip /Users/Chen/PycharmProjects/CSCI_6234_Final/recordings/cam222/clips/2026/04/13/cam222_20260413T000231Z.mp4 (5948320 bytes)
[2026-04-12T20:03:14.923880] Starting 60-second capture -> /Users/Chen/PycharmProjects/CSCI_6234_Final/recordings/cam222/clips/2026/04/13/cam222_20260413T000314Z.mp4
[tls @ 0x7f7d7711cd80] IO error: End of file
[https @ 0x7f7d77123a80] Error reading HTTP response: End of file
[tls @ 0x7f7d67018000] IO error: End of file
[https @ 0x7f7d67051300] Error reading HTTP response: End of file
[tls @ 0x7f7d77116640] IO error: End of file
[https @ 0x7f7d77124080] Error reading HTTP response: End of file
[tls @ 0x7f7d67018000] IO error: End of file
[https @ 0x7f7d67051300] Error reading HTTP response: End of file
[tls @ 0x7f7d7670aa80] IO error: End of file
[https @ 0x7f7d7670a9c0] Error reading HTTP response: End of file
[2026-04-12T20:04:02.502080] Saved clip /Users/Chen/PycharmProjects/CSCI_6234_Final/recordings/cam222/clips/2026/04/13/cam222_20260413T000314Z.mp4 (5925402 bytes)
[2026-04-12T20:04:03.021120] Starting 60-second capture -> /Users/Chen/PycharmProjects/CSCI_6234_Final/recordings/cam222/clips/2026/04/13/cam222_20260413T000403Z.mp4
[tls @ 0x7f79eab05880] IO error: End of file
[https @ 0x7f79eab05740] Error reading HTTP response: End of file
[tls @ 0x7f79ea956ac0] IO error: End of file
[https @ 0x7f79ea968cc0] Error reading HTTP response: End of file
[tls @ 0x7f79eab2fa40] IO error: End of file
[https @ 0x7f79eab31e00] Error reading HTTP response: End of file
[tls @ 0x7f79d9f0d180] IO error: End of file
[https @ 0x7f79d9f115c0] Error reading HTTP response: End of file
[tls @ 0x7f79eaa59fc0] IO error: End of file
[https @ 0x7f79eaa776c0] Error reading HTTP response: End of file
[2026-04-12T20:04:52.002729] Saved clip /Users/Chen/PycharmProjects/CSCI_6234_Final/recordings/cam222/clips/2026/04/13/cam222_20260413T000403Z.mp4 (5922370 bytes)
[2026-04-12T20:04:52.521641] Starting 60-second capture -> /Users/Chen/PycharmProjects/CSCI_6234_Final/recordings/cam222/clips/2026/04/13/cam222_20260413T000452Z.mp4
[tls @ 0x7fbadb205240] IO error: End of file
[https @ 0x7fbadb205100] Error reading HTTP response: End of file
[tls @ 0x7fbadb205340] IO error: End of file
[https @ 0x7fbadb2152c0] Error reading HTTP response: End of file
[tls @ 0x7fbadb40b580] IO error: End of file
[https @ 0x7fbadb40b4c0] Error reading HTTP response: End of file
[tls @ 0x7fbadb574380] IO error: End of file
[https @ 0x7fbadb551e80] Error reading HTTP response: End of file
[tls @ 0x7fbadb217a40] IO error: End of file
[https @ 0x7fbadb2152c0] Stream ends prematurely at 536552, should be 1040016
[2026-04-12T20:05:40.149803] Saved clip /Users/Chen/PycharmProjects/CSCI_6234_Final/recordings/cam222/clips/2026/04/13/cam222_20260413T000452Z.mp4 (5425206 bytes)
[2026-04-12T20:05:40.676835] Starting 60-second capture -> /Users/Chen/PycharmProjects/CSCI_6234_Final/recordings/cam222/clips/2026/04/13/cam222_20260413T000540Z.mp4
[tls @ 0x7fbc8d91aa80] IO error: End of file
[https @ 0x7fbc8d9049c0] Error reading HTTP response: End of file
[tls @ 0x7fbc8da13740] IO error: End of file
[https @ 0x7fbc8da13680] Stream ends prematurely at 712144, should be 1016328
[tls @ 0x7fbc8dc2e2c0] IO error: End of file
[https @ 0x7fbc8dc2e200] Error reading HTTP response: End of file
[tls @ 0x7fbc8da13740] IO error: End of file
[https @ 0x7fbc8da13680] Error reading HTTP response: End of file
[tls @ 0x7fbc8da20dc0] IO error: End of file
[https @ 0x7fbc8da1f240] Error reading HTTP response: End of file
[tls @ 0x7fbc8da12d00] IO error: End of file
[https @ 0x7fbc8da08500] Error reading HTTP response: End of file
[2026-04-12T20:06:30.204610] Saved clip /Users/Chen/PycharmProjects/CSCI_6234_Final/recordings/cam222/clips/2026/04/13/cam222_20260413T000540Z.mp4 (5656740 bytes)
[2026-04-12T20:06:30.729235] Starting 60-second capture -> /Users/Chen/PycharmProjects/CSCI_6234_Final/recordings/cam222/clips/2026/04/13/cam222_20260413T000630Z.mp4
[tls @ 0x7fd8bf704680] IO error: End of file
[https @ 0x7fd8bf704540] Error reading HTTP response: End of file
[tls @ 0x7fd8c8036dc0] IO error: End of file
[https @ 0x7fd8c8046500] Error reading HTTP response: End of file
[tls @ 0x7fd8bf727fc0] IO error: End of file
[https @ 0x7fd8bf73f880] Error reading HTTP response: End of file
[tls @ 0x7fd8c8126580] IO error: End of file
[https @ 0x7fd8c8124600] Error reading HTTP response: End of file
[2026-04-12T20:07:15.454306] Saved clip /Users/Chen/PycharmProjects/CSCI_6234_Final/recordings/cam222/clips/2026/04/13/cam222_20260413T000630Z.mp4 (5925458 bytes)
[2026-04-12T20:07:15.977953] Starting 60-second capture -> /Users/Chen/PycharmProjects/CSCI_6234_Final/recordings/cam222/clips/2026/04/13/cam222_20260413T000715Z.mp4
[tls @ 0x7f8f35a04680] IO error: End of file
[https @ 0x7f8f35a04540] Error reading HTTP response: End of file
[tls @ 0x7f8f24f15800] IO error: End of file
[https @ 0x7f8f24f04440] Error reading HTTP response: End of file
[tls @ 0x7f8f25822980] IO error: End of file
[https @ 0x7f8f25824a80] Stream ends prematurely at 737524, should be 1027232
[tls @ 0x7f8f25838a80] IO error: End of file
[https @ 0x7f8f25855640] Error reading HTTP response: End of file
[tls @ 0x7f8f25822980] IO error: End of file
[https @ 0x7f8f25824a80] Error reading HTTP response: End of file
[2026-04-12T20:08:06.970082] Saved clip /Users/Chen/PycharmProjects/CSCI_6234_Final/recordings/cam222/clips/2026/04/13/cam222_20260413T000715Z.mp4 (5657754 bytes)
[2026-04-12T20:08:07.503931] Starting 60-second capture -> /Users/Chen/PycharmProjects/CSCI_6234_Final/recordings/cam222/clips/2026/04/13/cam222_20260413T000807Z.mp4
[tls @ 0x7f92e9b042c0] IO error: End of file
[https @ 0x7f92e9a043c0] Error reading HTTP response: End of file
[tls @ 0x7f92e9d30b80] IO error: End of file
[https @ 0x7f92e9d1c200] Error reading HTTP response: End of file
[tls @ 0x7f92e9d30b80] IO error: End of file
[https @ 0x7f92e9d12100] Stream ends prematurely at 723048, should be 1024036
[tls @ 0x7f92e9b46ac0] IO error: End of file
[https @ 0x7f92e9b4eb00] Error reading HTTP response: End of file
[tls @ 0x7f92e9d30b80] IO error: End of file
[https @ 0x7f92e9d12100] Error reading HTTP response: End of file
[tls @ 0x7f92e9d3c400] IO error: End of file
[https @ 0x7f92e9d07dc0] Error reading HTTP response: End of file
[2026-04-12T20:08:47.985198] Saved clip /Users/Chen/PycharmProjects/CSCI_6234_Final/recordings/cam222/clips/2026/04/13/cam222_20260413T000807Z.mp4 (5664151 bytes)
[2026-04-12T20:08:48.507324] Starting 60-second capture -> /Users/Chen/PycharmProjects/CSCI_6234_Final/recordings/cam222/clips/2026/04/13/cam222_20260413T000848Z.mp4
[tls @ 0x7f865f204680] IO error: End of file
[https @ 0x7f865f204540] Error reading HTTP response: End of file
[tls @ 0x7f865f52a200] IO error: End of file
[https @ 0x7f865f525740] Error reading HTTP response: End of file
[tls @ 0x7f865f52a200] IO error: End of file
[https @ 0x7f865f52a840] Error reading HTTP response: End of file
[2026-04-12T20:09:27.006703] Saved clip /Users/Chen/PycharmProjects/CSCI_6234_Final/recordings/cam222/clips/2026/04/13/cam222_20260413T000848Z.mp4 (5927868 bytes)
[2026-04-12T20:09:27.530255] Starting 60-second capture -> /Users/Chen/PycharmProjects/CSCI_6234_Final/recordings/cam222/clips/2026/04/13/cam222_20260413T000927Z.mp4
[tls @ 0x7fedee704380] IO error: End of file
[https @ 0x7fedee704240] Error reading HTTP response: End of file
[tls @ 0x7fedff01efc0] IO error: End of file
[https @ 0x7fedff04a680] Error reading HTTP response: End of file
[tls @ 0x7fedff01efc0] IO error: End of file
[https @ 0x7fedff035f00] Error reading HTTP response: End of file
[2026-04-12T20:10:08.109838] Saved clip /Users/Chen/PycharmProjects/CSCI_6234_Final/recordings/cam222/clips/2026/04/13/cam222_20260413T000927Z.mp4 (5893131 bytes)
[2026-04-12T20:10:08.634522] Starting 60-second capture -> /Users/Chen/PycharmProjects/CSCI_6234_Final/recordings/cam222/clips/2026/04/13/cam222_20260413T001008Z.mp4
[tls @ 0x7fa1acb0b4c0] IO error: End of file
[https @ 0x7fa1acb140c0] Error reading HTTP response: End of file
[tls @ 0x7fa1acb4aa00] IO error: End of file
[https @ 0x7fa1acb1f940] Error reading HTTP response: End of file
[tls @ 0x7fa1acb4aa00] IO error: End of file
[https @ 0x7fa1acb140c0] Error reading HTTP response: End of file
[tls @ 0x7fa1acc04340] IO error: End of file
[https @ 0x7fa1acc12240] Error reading HTTP response: End of file
[2026-04-12T20:10:51.350186] Saved clip /Users/Chen/PycharmProjects/CSCI_6234_Final/recordings/cam222/clips/2026/04/13/cam222_20260413T001008Z.mp4 (5943257 bytes)
[2026-04-12T20:10:51.874978] Starting 60-second capture -> /Users/Chen/PycharmProjects/CSCI_6234_Final/recordings/cam222/clips/2026/04/13/cam222_20260413T001051Z.mp4
[tls @ 0x7fa523004a40] IO error: End of file
[https @ 0x7fa523004900] Error reading HTTP response: End of file
[tls @ 0x7fa523051a80] IO error: End of file
[https @ 0x7fa52305f840] Error reading HTTP response: End of file
[tls @ 0x7fa523125ac0] IO error: End of file
[https @ 0x7fa52312f780] Error reading HTTP response: End of file
[tls @ 0x7fa532a26a00] IO error: End of file
[https @ 0x7fa532a4d7c0] Error reading HTTP response: End of file
[2026-04-12T20:11:34.522331] Saved clip /Users/Chen/PycharmProjects/CSCI_6234_Final/recordings/cam222/clips/2026/04/13/cam222_20260413T001051Z.mp4 (5939246 bytes)
[2026-04-12T20:11:35.043787] Starting 60-second capture -> /Users/Chen/PycharmProjects/CSCI_6234_Final/recordings/cam222/clips/2026/04/13/cam222_20260413T001135Z.mp4
[tls @ 0x7f9c05204980] IO error: End of file
[https @ 0x7f9c052048c0] Error reading HTTP response: End of file
[tls @ 0x7f9c05147080] IO error: End of file
[https @ 0x7f9c0515ce40] Error reading HTTP response: End of file
[tls @ 0x7f9c0544ffc0] IO error: End of file
[https @ 0x7f9c054617c0] Error reading HTTP response: End of file
[tls @ 0x7f9c053229c0] IO error: End of file
[https @ 0x7f9c05322100] Error reading HTTP response: End of file
[2026-04-12T20:12:17.922055] Saved clip /Users/Chen/PycharmProjects/CSCI_6234_Final/recordings/cam222/clips/2026/04/13/cam222_20260413T001135Z.mp4 (5942708 bytes)
[2026-04-12T20:12:18.447378] Starting 60-second capture -> /Users/Chen/PycharmProjects/CSCI_6234_Final/recordings/cam222/clips/2026/04/13/cam222_20260413T001218Z.mp4
[tls @ 0x7fe26a304500] IO error: End of file
[https @ 0x7fe26a3043c0] Error reading HTTP response: End of file
[tls @ 0x7fe26a53a900] IO error: End of file
[https @ 0x7fe26a543a00] Error reading HTTP response: End of file
[tls @ 0x7fe26a251140] IO error: End of file
[https @ 0x7fe26a23a380] Error reading HTTP response: End of file
[tls @ 0x7fe26a251140] IO error: End of file
[https @ 0x7fe26a23f1c0] Error reading HTTP response: End of file
[2026-04-12T20:13:01.598487] Saved clip /Users/Chen/PycharmProjects/CSCI_6234_Final/recordings/cam222/clips/2026/04/13/cam222_20260413T001218Z.mp4 (5943847 bytes)
[2026-04-12T20:13:02.120391] Starting 60-second capture -> /Users/Chen/PycharmProjects/CSCI_6234_Final/recordings/cam222/clips/2026/04/13/cam222_20260413T001302Z.mp4
[tls @ 0x7fa96f804500] IO error: End of file
[https @ 0x7fa96f8043c0] Error reading HTTP response: End of file
[tls @ 0x7fa96f8666c0] IO error: End of file
[https @ 0x7fa96f86d940] Error reading HTTP response: End of file
[tls @ 0x7fa96ef0fb40] IO error: End of file
[https @ 0x7fa96ef08bc0] Error reading HTTP response: End of file
[tls @ 0x7fa96fa30680] IO error: End of file
[https @ 0x7fa96ef08c80] Error reading HTTP response: End of file
[2026-04-12T20:13:45.264285] Saved clip /Users/Chen/PycharmProjects/CSCI_6234_Final/recordings/cam222/clips/2026/04/13/cam222_20260413T001302Z.mp4 (5939820 bytes)
[2026-04-12T20:13:45.786085] Starting 60-second capture -> /Users/Chen/PycharmProjects/CSCI_6234_Final/recordings/cam222/clips/2026/04/13/cam222_20260413T001345Z.mp4
[tls @ 0x7fafd8704940] IO error: End of file
[https @ 0x7fafd8704800] Error reading HTTP response: End of file
[tls @ 0x7fafe9225440] IO error: End of file
[https @ 0x7fafe925fac0] Error reading HTTP response: End of file
[tls @ 0x7fafd8728e40] IO error: End of file
[https @ 0x7fafd8720180] Error reading HTTP response: End of file
[tls @ 0x7fafd8728e40] IO error: End of file
[https @ 0x7fafd8737700] Error reading HTTP response: End of file
[2026-04-12T20:14:29.095171] Saved clip /Users/Chen/PycharmProjects/CSCI_6234_Final/recordings/cam222/clips/2026/04/13/cam222_20260413T001345Z.mp4 (5911186 bytes)
[2026-04-12T20:14:29.609888] Starting 60-second capture -> /Users/Chen/PycharmProjects/CSCI_6234_Final/recordings/cam222/clips/2026/04/13/cam222_20260413T001429Z.mp4
[tls @ 0x7fd504907040] IO error: End of file
[https @ 0x7fd5049068c0] Error reading HTTP response: End of file
[tls @ 0x7fd504c28a40] IO error: End of file
[https @ 0x7fd504c1d340] Error reading HTTP response: End of file
[tls @ 0x7fd504c28a40] IO error: End of file
[https @ 0x7fd504c2c400] Error reading HTTP response: End of file
[2026-04-12T20:15:06.239528] Saved clip /Users/Chen/PycharmProjects/CSCI_6234_Final/recordings/cam222/clips/2026/04/13/cam222_20260413T001429Z.mp4 (5908342 bytes)
[2026-04-12T20:15:06.754925] Starting 60-second capture -> /Users/Chen/PycharmProjects/CSCI_6234_Final/recordings/cam222/clips/2026/04/13/cam222_20260413T001506Z.mp4
[tls @ 0x7f77e3905240] IO error: End of file
[https @ 0x7f77e39045c0] Error reading HTTP response: End of file
[tls @ 0x7f77e3948100] IO error: End of file
[https @ 0x7f77e393d340] Error reading HTTP response: End of file
[tls @ 0x7f77e3948100] IO error: End of file
[https @ 0x7f77e393d400] Error reading HTTP response: End of file
[tls @ 0x7f77e3904680] IO error: End of file
[https @ 0x7f77e39045c0] Error reading HTTP response: End of file
[2026-04-12T20:15:49.955180] Saved clip /Users/Chen/PycharmProjects/CSCI_6234_Final/recordings/cam222/clips/2026/04/13/cam222_20260413T001506Z.mp4 (5904351 bytes)
[2026-04-12T20:15:50.480115] Starting 60-second capture -> /Users/Chen/PycharmProjects/CSCI_6234_Final/recordings/cam222/clips/2026/04/13/cam222_20260413T001550Z.mp4
[tls @ 0x7f81cc306480] IO error: End of file
[https @ 0x7f81cc306340] Error reading HTTP response: End of file
[tls @ 0x7f81cc245780] IO error: End of file
[https @ 0x7f81cc233280] Error reading HTTP response: End of file
[tls @ 0x7f81cc331a00] IO error: End of file
[https @ 0x7f81cc36f600] Error reading HTTP response: End of file
[tls @ 0x7f81cc331a00] IO error: End of file
[https @ 0x7f81cc361cc0] Error reading HTTP response: End of file
[2026-04-12T20:16:34.390779] Saved clip /Users/Chen/PycharmProjects/CSCI_6234_Final/recordings/cam222/clips/2026/04/13/cam222_20260413T001550Z.mp4 (5916254 bytes)
[2026-04-12T20:16:34.914976] Starting 60-second capture -> /Users/Chen/PycharmProjects/CSCI_6234_Final/recordings/cam222/clips/2026/04/13/cam222_20260413T001634Z.mp4
[tls @ 0x7fea08704680] IO error: End of file
[https @ 0x7fea08704540] Error reading HTTP response: End of file
[tls @ 0x7fea09248a40] IO error: End of file
[https @ 0x7fea09226940] Error reading HTTP response: End of file
[tls @ 0x7fea0912d440] IO error: End of file
[https @ 0x7fea0913fc80] Error reading HTTP response: End of file
[tls @ 0x7fea09030280] IO error: End of file
[https @ 0x7fea09037a00] Error reading HTTP response: End of file
[2026-04-12T20:17:17.994937] Saved clip /Users/Chen/PycharmProjects/CSCI_6234_Final/recordings/cam222/clips/2026/04/13/cam222_20260413T001634Z.mp4 (5941092 bytes)
[2026-04-12T20:17:18.518643] Starting 60-second capture -> /Users/Chen/PycharmProjects/CSCI_6234_Final/recordings/cam222/clips/2026/04/13/cam222_20260413T001718Z.mp4
[tls @ 0x7ff649004500] IO error: End of file
[https @ 0x7ff6490043c0] Error reading HTTP response: End of file
[tls @ 0x7ff65813e680] IO error: End of file
[https @ 0x7ff658130500] Error reading HTTP response: End of file
[tls @ 0x7ff65802b540] IO error: End of file
[https @ 0x7ff65803fe80] Error reading HTTP response: End of file
[2026-04-12T20:17:57.238837] Saved clip /Users/Chen/PycharmProjects/CSCI_6234_Final/recordings/cam222/clips/2026/04/13/cam222_20260413T001718Z.mp4 (5920349 bytes)
[2026-04-12T20:17:57.762748] Starting 60-second capture -> /Users/Chen/PycharmProjects/CSCI_6234_Final/recordings/cam222/clips/2026/04/13/cam222_20260413T001757Z.mp4
[tls @ 0x7fc4fea048c0] IO error: End of file
[https @ 0x7fc4fea047c0] Error reading HTTP response: End of file
[tls @ 0x7fc4feb40dc0] IO error: End of file
[https @ 0x7fc4fec74600] Error reading HTTP response: End of file
[tls @ 0x7fc4fed05e40] IO error: End of file
[https @ 0x7fc4fed16080] Error reading HTTP response: End of file
[tls @ 0x7fc4fec61940] IO error: End of file
[https @ 0x7fc4fec69980] Error reading HTTP response: End of file
[tls @ 0x7fc4fec61940] IO error: End of file
[https @ 0x7fc4fec65cc0] Error reading HTTP response: End of file
[2026-04-12T20:18:41.397827] Saved clip /Users/Chen/PycharmProjects/CSCI_6234_Final/recordings/cam222/clips/2026/04/13/cam222_20260413T001757Z.mp4 (5924449 bytes)
[2026-04-12T20:18:41.920092] Starting 60-second capture -> /Users/Chen/PycharmProjects/CSCI_6234_Final/recordings/cam222/clips/2026/04/13/cam222_20260413T001841Z.mp4
[tls @ 0x7f8c80904300] IO error: End of file
[https @ 0x7f8c912059c0] Error reading HTTP response: End of file
[tls @ 0x7f8c8095b7c0] IO error: End of file
[https @ 0x7f8c80951b80] Error reading HTTP response: End of file
[tls @ 0x7f8c8095b7c0] IO error: End of file
[https @ 0x7f8c809428c0] Error reading HTTP response: End of file
[tls @ 0x7f8c8095b7c0] IO error: End of file
[https @ 0x7f8c80951b80] Error reading HTTP response: End of file
[2026-04-12T20:19:31.525511] Saved clip /Users/Chen/PycharmProjects/CSCI_6234_Final/recordings/cam222/clips/2026/04/13/cam222_20260413T001841Z.mp4 (5950738 bytes)
[2026-04-12T20:19:32.046082] Starting 60-second capture -> /Users/Chen/PycharmProjects/CSCI_6234_Final/recordings/cam222/clips/2026/04/13/cam222_20260413T001932Z.mp4
[tls @ 0x7f9d3b206880] IO error: End of file
[https @ 0x7f9d3b206140] Error reading HTTP response: End of file
[tls @ 0x7f9d2a820980] IO error: End of file
[https @ 0x7f9d3b12bc40] Error reading HTTP response: End of file
[tls @ 0x7f9d3b229080] IO error: End of file
[https @ 0x7f9d3b225dc0] Error reading HTTP response: End of file
[tls @ 0x7f9d3b229080] IO error: End of file
[https @ 0x7f9d3b21d580] Error reading HTTP response: End of file
[2026-04-12T20:20:16.601408] Saved clip /Users/Chen/PycharmProjects/CSCI_6234_Final/recordings/cam222/clips/2026/04/13/cam222_20260413T001932Z.mp4 (5916165 bytes)
[2026-04-12T20:20:17.128891] Starting 60-second capture -> /Users/Chen/PycharmProjects/CSCI_6234_Final/recordings/cam222/clips/2026/04/13/cam222_20260413T002017Z.mp4
[tls @ 0x7fe883404500] IO error: End of file
[https @ 0x7fe8834043c0] Error reading HTTP response: End of file
[tls @ 0x7fe88345c340] IO error: End of file
[https @ 0x7fe883471740] Error reading HTTP response: End of file
[tls @ 0x7fe883518940] IO error: End of file
[https @ 0x7fe88351fd40] Error reading HTTP response: End of file
[tls @ 0x7fe883518940] IO error: End of file
[https @ 0x7fe8835115c0] Error reading HTTP response: End of file
[2026-04-12T20:21:00.445710] Saved clip /Users/Chen/PycharmProjects/CSCI_6234_Final/recordings/cam222/clips/2026/04/13/cam222_20260413T002017Z.mp4 (5931894 bytes)
[2026-04-12T20:21:00.969228] Starting 60-second capture -> /Users/Chen/PycharmProjects/CSCI_6234_Final/recordings/cam222/clips/2026/04/13/cam222_20260413T002100Z.mp4
[tls @ 0x7faa94f04e00] IO error: End of file
[https @ 0x7faa94f04cc0] Error reading HTTP response: End of file
[tls @ 0x7faa94f49080] IO error: End of file
[https @ 0x7faa94f49f00] Error reading HTTP response: End of file
[tls @ 0x7faab5a3f2c0] IO error: End of file
[https @ 0x7faab5a3e000] Error reading HTTP response: End of file
[tls @ 0x7faab5c53880] IO error: End of file
[https @ 0x7faab5c4de00] Error reading HTTP response: End of file
[2026-04-12T20:21:44.349846] Saved clip /Users/Chen/PycharmProjects/CSCI_6234_Final/recordings/cam222/clips/2026/04/13/cam222_20260413T002100Z.mp4 (5945062 bytes)
[2026-04-12T20:21:44.877405] Starting 60-second capture -> /Users/Chen/PycharmProjects/CSCI_6234_Final/recordings/cam222/clips/2026/04/13/cam222_20260413T002144Z.mp4
[tls @ 0x7fe286b04a40] IO error: End of file
[https @ 0x7fe286b04980] Error reading HTTP response: End of file
[tls @ 0x7fe286b25700] IO error: End of file
[https @ 0x7fe286b26480] Error reading HTTP response: End of file
[tls @ 0x7fe286a0e080] IO error: End of file
[https @ 0x7fe286a17d00] Error reading HTTP response: End of file
[tls @ 0x7fe256804200] IO error: End of file
[https @ 0x7fe256804100] Error reading HTTP response: End of file
[2026-04-12T20:22:29.419689] Saved clip /Users/Chen/PycharmProjects/CSCI_6234_Final/recordings/cam222/clips/2026/04/13/cam222_20260413T002144Z.mp4 (5961609 bytes)
[2026-04-12T20:22:29.945713] Starting 60-second capture -> /Users/Chen/PycharmProjects/CSCI_6234_Final/recordings/cam222/clips/2026/04/13/cam222_20260413T002229Z.mp4
[tls @ 0x7fabcdb04500] IO error: End of file
[https @ 0x7fabcdb043c0] Error reading HTTP response: End of file
[tls @ 0x7fabcdc73180] IO error: End of file
[https @ 0x7fabcdc7a180] Error reading HTTP response: End of file
[tls @ 0x7fabcdb20680] IO error: End of file
[https @ 0x7fabcdb0fa80] Error reading HTTP response: End of file
[tls @ 0x7fabcdb061c0] IO error: End of file
[https @ 0x7fabcdb0f9c0] Error reading HTTP response: End of file
[2026-04-12T20:23:15.018893] Saved clip /Users/Chen/PycharmProjects/CSCI_6234_Final/recordings/cam222/clips/2026/04/13/cam222_20260413T002229Z.mp4 (5900254 bytes)
[2026-04-12T20:23:15.542160] Starting 60-second capture -> /Users/Chen/PycharmProjects/CSCI_6234_Final/recordings/cam222/clips/2026/04/13/cam222_20260413T002315Z.mp4
[tls @ 0x7fd2e0906b00] IO error: End of file
[https @ 0x7fd2e0906440] Error reading HTTP response: End of file
[tls @ 0x7fd2e0939100] IO error: End of file
[https @ 0x7fd2e090f900] Error reading HTTP response: End of file
[tls @ 0x7fd2e0804380] IO error: End of file
[https @ 0x7fd2d7f0eb40] Error reading HTTP response: End of file
[tls @ 0x7fd2c7f6e5c0] IO error: End of file
[https @ 0x7fd2c7f84d80] Error reading HTTP response: End of file
[tls @ 0x7fd2e081f2c0] IO error: End of file
[https @ 0x7fd2e083c300] Error reading HTTP response: End of file
[2026-04-12T20:23:59.027486] Saved clip /Users/Chen/PycharmProjects/CSCI_6234_Final/recordings/cam222/clips/2026/04/13/cam222_20260413T002315Z.mp4 (5918500 bytes)
[2026-04-12T20:23:59.550825] Starting 60-second capture -> /Users/Chen/PycharmProjects/CSCI_6234_Final/recordings/cam222/clips/2026/04/13/cam222_20260413T002359Z.mp4
[tls @ 0x7fb579004680] IO error: End of file
[https @ 0x7fb579004540] Error reading HTTP response: End of file
[tls @ 0x7fb578f41d80] IO error: End of file
[https @ 0x7fb578f46880] Error reading HTTP response: End of file
[tls @ 0x7fb589b214c0] IO error: End of file
[https @ 0x7fb589b04400] Error reading HTTP response: End of file
[tls @ 0x7fb589b43800] IO error: End of file
[https @ 0x7fb589b1a3c0] Error reading HTTP response: End of file
[2026-04-12T20:24:37.777625] Saved clip /Users/Chen/PycharmProjects/CSCI_6234_Final/recordings/cam222/clips/2026/04/13/cam222_20260413T002359Z.mp4 (5943073 bytes)
[2026-04-12T20:24:38.301931] Starting 60-second capture -> /Users/Chen/PycharmProjects/CSCI_6234_Final/recordings/cam222/clips/2026/04/13/cam222_20260413T002438Z.mp4
[tls @ 0x7faf47104680] IO error: End of file
[https @ 0x7faf47104540] Error reading HTTP response: End of file
[tls @ 0x7faf4702cb40] IO error: End of file
[https @ 0x7faf4702c600] Error reading HTTP response: End of file
[tls @ 0x7faf579309c0] IO error: End of file
[https @ 0x7faf57933780] Error reading HTTP response: End of file
[tls @ 0x7faf47128900] IO error: End of file
[https @ 0x7faf47115140] Error reading HTTP response: End of file
[2026-04-12T20:25:17.734745] Saved clip /Users/Chen/PycharmProjects/CSCI_6234_Final/recordings/cam222/clips/2026/04/13/cam222_20260413T002438Z.mp4 (5906372 bytes)
[2026-04-12T20:25:18.257635] Starting 60-second capture -> /Users/Chen/PycharmProjects/CSCI_6234_Final/recordings/cam222/clips/2026/04/13/cam222_20260413T002518Z.mp4
[tls @ 0x7feeec2051c0] IO error: End of file
[https @ 0x7feeec2050c0] Error reading HTTP response: End of file
[tls @ 0x7feeec352ac0] IO error: End of file
[https @ 0x7feeec347580] Error reading HTTP response: End of file
[tls @ 0x7feedb747bc0] IO error: End of file
[https @ 0x7feedb75a040] Error reading HTTP response: End of file
[tls @ 0x7feeec22e1c0] IO error: End of file
[https @ 0x7feeec24f6c0] Error reading HTTP response: End of file
[2026-04-12T20:26:01.849846] Saved clip /Users/Chen/PycharmProjects/CSCI_6234_Final/recordings/cam222/clips/2026/04/13/cam222_20260413T002518Z.mp4 (5948347 bytes)
[2026-04-12T20:26:02.369743] Starting 60-second capture -> /Users/Chen/PycharmProjects/CSCI_6234_Final/recordings/cam222/clips/2026/04/13/cam222_20260413T002602Z.mp4
[tls @ 0x7fee73704500] IO error: End of file
[https @ 0x7fee737043c0] Error reading HTTP response: End of file
[tls @ 0x7fee84304880] IO error: End of file
[https @ 0x7fee84315d80] Error reading HTTP response: End of file
[tls @ 0x7fee8422dd80] IO error: End of file
[https @ 0x7fee8423e680] Error reading HTTP response: End of file
[tls @ 0x7fee84446800] IO error: End of file
[https @ 0x7fee844643c0] Error reading HTTP response: End of file
[2026-04-12T20:26:45.983166] Saved clip /Users/Chen/PycharmProjects/CSCI_6234_Final/recordings/cam222/clips/2026/04/13/cam222_20260413T002602Z.mp4 (5930096 bytes)
[2026-04-12T20:26:46.507810] Starting 60-second capture -> /Users/Chen/PycharmProjects/CSCI_6234_Final/recordings/cam222/clips/2026/04/13/cam222_20260413T002646Z.mp4
[tls @ 0x7f9819404280] IO error: End of file
[https @ 0x7f98194040c0] Error reading HTTP response: End of file
[tls @ 0x7f981920ed00] IO error: End of file
[https @ 0x7f981920ec40] Error reading HTTP response: End of file
[tls @ 0x7f981920ec40] IO error: End of file
[https @ 0x7f981920ed00] Error reading HTTP response: End of file
[tls @ 0x7f9819547300] IO error: End of file
[https @ 0x7f981953b0c0] Error reading HTTP response: End of file
[2026-04-12T20:27:29.370485] Saved clip /Users/Chen/PycharmProjects/CSCI_6234_Final/recordings/cam222/clips/2026/04/13/cam222_20260413T002646Z.mp4 (5937422 bytes)
[2026-04-12T20:27:29.898089] Starting 60-second capture -> /Users/Chen/PycharmProjects/CSCI_6234_Final/recordings/cam222/clips/2026/04/13/cam222_20260413T002729Z.mp4
[tls @ 0x7f895a304400] IO error: End of file
[https @ 0x7f895a2063c0] Error reading HTTP response: End of file
[tls @ 0x7f894a01ce00] IO error: End of file
[https @ 0x7f894a03dc80] Error reading HTTP response: End of file
[tls @ 0x7f894a01c840] IO error: End of file
[https @ 0x7f894a01fd80] Error reading HTTP response: End of file
[tls @ 0x7f895a32b080] IO error: End of file
[https @ 0x7f895a315200] Error reading HTTP response: End of file
[2026-04-12T20:28:07.032947] Saved clip /Users/Chen/PycharmProjects/CSCI_6234_Final/recordings/cam222/clips/2026/04/13/cam222_20260413T002729Z.mp4 (5952099 bytes)
[2026-04-12T20:28:07.557654] Starting 60-second capture -> /Users/Chen/PycharmProjects/CSCI_6234_Final/recordings/cam222/clips/2026/04/13/cam222_20260413T002807Z.mp4
[tls @ 0x7fbf3e205a00] IO error: End of file
[https @ 0x7fbf3e2058c0] Error reading HTTP response: End of file
[tls @ 0x7fbf2d73acc0] IO error: End of file
[https @ 0x7fbf2d71fe80] Error reading HTTP response: End of file
[tls @ 0x7fbf2d73ba00] IO error: End of file
[https @ 0x7fbf2d740b00] Error reading HTTP response: End of file
[tls @ 0x7fbf3e34ccc0] IO error: End of file
[https @ 0x7fbf3e3506c0] Error reading HTTP response: End of file
[2026-04-12T20:28:45.762076] Saved clip /Users/Chen/PycharmProjects/CSCI_6234_Final/recordings/cam222/clips/2026/04/13/cam222_20260413T002807Z.mp4 (5959099 bytes)
[2026-04-12T20:28:46.285872] Starting 60-second capture -> /Users/Chen/PycharmProjects/CSCI_6234_Final/recordings/cam222/clips/2026/04/13/cam222_20260413T002846Z.mp4
[tls @ 0x7fcb6c804380] IO error: End of file
[https @ 0x7fcb6c804240] Error reading HTTP response: End of file
[tls @ 0x7fcb6c923400] IO error: End of file
[https @ 0x7fcb6c885100] Error reading HTTP response: End of file
[tls @ 0x7fcb6c923400] IO error: End of file
[https @ 0x7fcb6c926640] Error reading HTTP response: End of file
[tls @ 0x7fcb6c85e900] IO error: End of file
[https @ 0x7fcb6c9229c0] Error reading HTTP response: End of file
[2026-04-12T20:29:29.060625] Saved clip /Users/Chen/PycharmProjects/CSCI_6234_Final/recordings/cam222/clips/2026/04/13/cam222_20260413T002846Z.mp4 (5921755 bytes)
[2026-04-12T20:29:29.580050] Starting 60-second capture -> /Users/Chen/PycharmProjects/CSCI_6234_Final/recordings/cam222/clips/2026/04/13/cam222_20260413T002929Z.mp4
[tls @ 0x7ff257004c80] IO error: End of file
[https @ 0x7ff257004700] Error reading HTTP response: End of file
[tls @ 0x7ff257143ec0] IO error: End of file
[https @ 0x7ff2571327c0] Error reading HTTP response: End of file
[tls @ 0x7ff246f2d4c0] IO error: End of file
[https @ 0x7ff246f41480] Error reading HTTP response: End of file
[tls @ 0x7ff256f4b140] IO error: End of file
[https @ 0x7ff256f55fc0] Error reading HTTP response: End of file
[2026-04-12T20:30:08.261258] Saved clip /Users/Chen/PycharmProjects/CSCI_6234_Final/recordings/cam222/clips/2026/04/13/cam222_20260413T002929Z.mp4 (5945099 bytes)
[2026-04-12T20:30:08.781567] Starting 60-second capture -> /Users/Chen/PycharmProjects/CSCI_6234_Final/recordings/cam222/clips/2026/04/13/cam222_20260413T003008Z.mp4
[tls @ 0x7ff061b04140] IO error: End of file
[https @ 0x7ff040f05100] Error reading HTTP response: End of file
[tls @ 0x7ff061a36ec0] IO error: End of file
[https @ 0x7ff061a4bc00] Error reading HTTP response: End of file
[tls @ 0x7ff061a26c80] IO error: End of file
[https @ 0x7ff061a26780] Error reading HTTP response: End of file
[tls @ 0x7ff061b3a0c0] IO error: End of file
[https @ 0x7ff061b8e240] Error reading HTTP response: End of file
[2026-04-12T20:30:43.596911] Saved clip /Users/Chen/PycharmProjects/CSCI_6234_Final/recordings/cam222/clips/2026/04/13/cam222_20260413T003008Z.mp4 (5929345 bytes)
[2026-04-12T20:30:44.121822] Starting 60-second capture -> /Users/Chen/PycharmProjects/CSCI_6234_Final/recordings/cam222/clips/2026/04/13/cam222_20260413T003044Z.mp4
[tls @ 0x7fdc81905ec0] IO error: End of file
[https @ 0x7fdc81905d80] Error reading HTTP response: End of file
[tls @ 0x7fdc8196c9c0] IO error: End of file
[https @ 0x7fdc81981cc0] Error reading HTTP response: End of file
[tls @ 0x7fdc71848cc0] IO error: End of file
[https @ 0x7fdc71865ac0] Error reading HTTP response: End of file
[tls @ 0x7fdc81a262c0] IO error: End of file
[https @ 0x7fdc81a045c0] Error reading HTTP response: End of file
[2026-04-12T20:31:28.478073] Saved clip /Users/Chen/PycharmProjects/CSCI_6234_Final/recordings/cam222/clips/2026/04/13/cam222_20260413T003044Z.mp4 (5944400 bytes)
[2026-04-12T20:31:28.995944] Starting 60-second capture -> /Users/Chen/PycharmProjects/CSCI_6234_Final/recordings/cam222/clips/2026/04/13/cam222_20260413T003128Z.mp4
[tls @ 0x7fa8f9c04900] IO error: End of file
[https @ 0x7fa8f9c047c0] Error reading HTTP response: End of file
[tls @ 0x7fa8f9a1e480] IO error: End of file
[https @ 0x7fa8f9a3b340] Error reading HTTP response: End of file
[tls @ 0x7fa8e8f38e80] IO error: End of file
[https @ 0x7fa8e8f29900] Error reading HTTP response: End of file
[tls @ 0x7fa8f9b21440] IO error: End of file
[https @ 0x7fa8f9b36300] Error reading HTTP response: End of file
[2026-04-12T20:32:15.587824] Saved clip /Users/Chen/PycharmProjects/CSCI_6234_Final/recordings/cam222/clips/2026/04/13/cam222_20260413T003128Z.mp4 (5923736 bytes)
[2026-04-12T20:32:16.111294] Starting 60-second capture -> /Users/Chen/PycharmProjects/CSCI_6234_Final/recordings/cam222/clips/2026/04/13/cam222_20260413T003216Z.mp4
[tls @ 0x7fa677904380] IO error: End of file
[https @ 0x7fa677904240] Error reading HTTP response: End of file
[tls @ 0x7fa677937280] IO error: End of file
[https @ 0x7fa677927580] Error reading HTTP response: End of file
[tls @ 0x7fa686f221c0] IO error: End of file
[https @ 0x7fa686f34200] Error reading HTTP response: End of file
[tls @ 0x7fa676f36800] IO error: End of file
[https @ 0x7fa676f04440] Error reading HTTP response: End of file
[2026-04-12T20:33:00.277192] Saved clip /Users/Chen/PycharmProjects/CSCI_6234_Final/recordings/cam222/clips/2026/04/13/cam222_20260413T003216Z.mp4 (5941440 bytes)
[2026-04-12T20:33:00.799812] Starting 60-second capture -> /Users/Chen/PycharmProjects/CSCI_6234_Final/recordings/cam222/clips/2026/04/13/cam222_20260413T003300Z.mp4
[tls @ 0x7f8fbff04500] IO error: End of file
[https @ 0x7f8fbff043c0] Error reading HTTP response: End of file
[tls @ 0x7f8f9ff04200] IO error: End of file
[https @ 0x7f8f9ff04140] Error reading HTTP response: End of file
[tls @ 0x7f8fcff05f00] IO error: End of file
[https @ 0x7f8fcff05e40] Error reading HTTP response: End of file
[tls @ 0x7f8fbff80140] IO error: End of file
[https @ 0x7f8fbff80080] Error reading HTTP response: End of file
[tls @ 0x7f8fd8822c80] IO error: End of file
[https @ 0x7f8fd881efc0] Error reading HTTP response: End of file
[2026-04-12T20:33:43.813251] Saved clip /Users/Chen/PycharmProjects/CSCI_6234_Final/recordings/cam222/clips/2026/04/13/cam222_20260413T003300Z.mp4 (5904740 bytes)
[2026-04-12T20:33:44.340322] Starting 60-second capture -> /Users/Chen/PycharmProjects/CSCI_6234_Final/recordings/cam222/clips/2026/04/13/cam222_20260413T003344Z.mp4
[tls @ 0x7fe563f04500] IO error: End of file
[https @ 0x7fe563f043c0] Error reading HTTP response: End of file
[tls @ 0x7fe574b24780] IO error: End of file
[https @ 0x7fe574b44280] Error reading HTTP response: End of file
[tls @ 0x7fe563f0a440] IO error: End of file
[https @ 0x7fe563f0a380] Error reading HTTP response: End of file
[tls @ 0x7fe574c55ac0] IO error: End of file
[https @ 0x7fe574c4ddc0] Error reading HTTP response: End of file
[2026-04-12T20:34:25.488503] Saved clip /Users/Chen/PycharmProjects/CSCI_6234_Final/recordings/cam222/clips/2026/04/13/cam222_20260413T003344Z.mp4 (5918169 bytes)
[2026-04-12T20:34:26.006836] Starting 60-second capture -> /Users/Chen/PycharmProjects/CSCI_6234_Final/recordings/cam222/clips/2026/04/13/cam222_20260413T003426Z.mp4
[tls @ 0x7fe2cb304400] IO error: End of file
[https @ 0x7fe2cb3042c0] Error reading HTTP response: End of file
[tls @ 0x7fe2cb43f640] IO error: End of file
[https @ 0x7fe2cb43a300] Error reading HTTP response: End of file
[tls @ 0x7fe2cb520b40] IO error: End of file
[https @ 0x7fe2cb520a80] Error reading HTTP response: End of file
[tls @ 0x7fe2cb21cac0] IO error: End of file
[https @ 0x7fe2cb22b480] Error reading HTTP response: End of file
[2026-04-12T20:35:08.989993] Saved clip /Users/Chen/PycharmProjects/CSCI_6234_Final/recordings/cam222/clips/2026/04/13/cam222_20260413T003426Z.mp4 (5924557 bytes)
[2026-04-12T20:35:09.516805] Starting 60-second capture -> /Users/Chen/PycharmProjects/CSCI_6234_Final/recordings/cam222/clips/2026/04/13/cam222_20260413T003509Z.mp4
[tls @ 0x7fd6cb004380] IO error: End of file
[https @ 0x7fd6cb004240] Error reading HTTP response: End of file
[tls @ 0x7fd6eab26b40] IO error: End of file
[https @ 0x7fd6eab059c0] Error reading HTTP response: End of file
[tls @ 0x7fd6eab07c00] IO error: End of file
[https @ 0x7fd6eab0ddc0] Error reading HTTP response: End of file
[tls @ 0x7fd6eaa4c780] IO error: End of file
[https @ 0x7fd6eaa2d780] Error reading HTTP response: End of file
[tls @ 0x7fd6cb046b00] IO error: End of file
[https @ 0x7fd6cb04bbc0] Error reading HTTP response: End of file
[tls @ 0x7fd6eaa4c780] IO error: End of file
[https @ 0x7fd6eaa3e900] Error reading HTTP response: End of file
[tls @ 0x7fd6eaa1c500] IO error: End of file
[https @ 0x7fd6eaa288c0] Error reading HTTP response: End of file
[2026-04-12T20:35:51.809250] Saved clip /Users/Chen/PycharmProjects/CSCI_6234_Final/recordings/cam222/clips/2026/04/13/cam222_20260413T003509Z.mp4 (5895187 bytes)
[2026-04-12T20:35:52.324269] Starting 60-second capture -> /Users/Chen/PycharmProjects/CSCI_6234_Final/recordings/cam222/clips/2026/04/13/cam222_20260413T003552Z.mp4
[tls @ 0x7f88ec304380] IO error: End of file
[https @ 0x7f88ec304240] Error reading HTTP response: End of file
[tls @ 0x7f88ec42c480] IO error: End of file
[https @ 0x7f88ec41fe40] Error reading HTTP response: End of file
[tls @ 0x7f88ec544940] IO error: End of file
[https @ 0x7f88ec544740] Error reading HTTP response: End of file
[tls @ 0x7f88ec349740] IO error: End of file
[https @ 0x7f88ec325ec0] Error reading HTTP response: End of file
[2026-04-12T20:36:36.871530] Saved clip /Users/Chen/PycharmProjects/CSCI_6234_Final/recordings/cam222/clips/2026/04/13/cam222_20260413T003552Z.mp4 (5931982 bytes)
[2026-04-12T20:36:37.394462] Starting 60-second capture -> /Users/Chen/PycharmProjects/CSCI_6234_Final/recordings/cam222/clips/2026/04/13/cam222_20260413T003637Z.mp4
[tls @ 0x7f9935005980] IO error: End of file
[https @ 0x7f9935005880] Error reading HTTP response: End of file
[tls @ 0x7f993521bc00] IO error: End of file
[https @ 0x7f99352205c0] Error reading HTTP response: End of file
[tls @ 0x7f9935313480] IO error: End of file
[https @ 0x7f99353106c0] Error reading HTTP response: End of file
[tls @ 0x7f993521bc00] IO error: End of file
[https @ 0x7f99352269c0] Error reading HTTP response: End of file
[2026-04-12T20:37:14.150965] Saved clip /Users/Chen/PycharmProjects/CSCI_6234_Final/recordings/cam222/clips/2026/04/13/cam222_20260413T003637Z.mp4 (5944908 bytes)
[2026-04-12T20:37:14.673812] Starting 60-second capture -> /Users/Chen/PycharmProjects/CSCI_6234_Final/recordings/cam222/clips/2026/04/13/cam222_20260413T003714Z.mp4
[tls @ 0x7f83c3a04500] IO error: End of file
[https @ 0x7f83c3a043c0] Error reading HTTP response: End of file
[tls @ 0x7f8382f04240] IO error: End of file
[https @ 0x7f8382f040c0] Error reading HTTP response: End of file
[tls @ 0x7f83b2f2aa80] IO error: End of file
[https @ 0x7f83b2f171c0] Error reading HTTP response: End of file
[tls @ 0x7f83c3a50240] IO error: End of file
[https @ 0x7f83c3a670c0] Error reading HTTP response: End of file
[2026-04-12T20:38:00.403387] Saved clip /Users/Chen/PycharmProjects/CSCI_6234_Final/recordings/cam222/clips/2026/04/13/cam222_20260413T003714Z.mp4 (5900081 bytes)
[2026-04-12T20:38:00.922119] Starting 60-second capture -> /Users/Chen/PycharmProjects/CSCI_6234_Final/recordings/cam222/clips/2026/04/13/cam222_20260413T003800Z.mp4
[tls @ 0x7fef03c06400] IO error: End of file
[https @ 0x7fef03c062c0] Error reading HTTP response: End of file
[tls @ 0x7fef03c0ba00] IO error: End of file
[https @ 0x7fef03c10b40] Stream ends prematurely at 719476, should be 1034000
[tls @ 0x7fef03c0ba00] IO error: End of file
[https @ 0x7fef03c10b40] Error reading HTTP response: End of file
[tls @ 0x7fef03b6b2c0] IO error: End of file
[https @ 0x7feef2f31540] Error reading HTTP response: End of file
[tls @ 0x7feef2f3d300] IO error: End of file
[https @ 0x7feef2f3d240] Error reading HTTP response: End of file
[tls @ 0x7fef03c220c0] IO error: End of file
[https @ 0x7fef03c0d0c0] Error reading HTTP response: End of file
[2026-04-12T20:38:52.217183] Saved clip /Users/Chen/PycharmProjects/CSCI_6234_Final/recordings/cam222/clips/2026/04/13/cam222_20260413T003800Z.mp4 (5658580 bytes)
[2026-04-12T20:38:52.735086] Starting 60-second capture -> /Users/Chen/PycharmProjects/CSCI_6234_Final/recordings/cam222/clips/2026/04/13/cam222_20260413T003852Z.mp4
[tls @ 0x7fc534107e40] IO error: End of file
[https @ 0x7fc5341084c0] Stream ends prematurely at 678680, should be 989256
[tls @ 0x7fc544005c40] IO error: End of file
[https @ 0x7fc544005b80] Error reading HTTP response: End of file
[tls @ 0x7fc534107e40] IO error: End of file
[https @ 0x7fc5341084c0] Error reading HTTP response: End of file
[tls @ 0x7fc53370aa80] IO error: End of file
[https @ 0x7fc533710400] Error reading HTTP response: End of file
[tls @ 0x7fc5341098c0] IO error: End of file
[https @ 0x7fc5341087c0] Stream ends prematurely at 726056, should be 1034564
[tls @ 0x7fc534222f80] IO error: End of file
[https @ 0x7fc534220b40] Error reading HTTP response: End of file
[tls @ 0x7fc5341098c0] IO error: End of file
[https @ 0x7fc5341087c0] Error reading HTTP response: End of file
[tls @ 0x7fc53410a900] IO error: End of file
[https @ 0x7fc534109c80] Error reading HTTP response: End of file
[2026-04-12T20:39:44.163108] Saved clip /Users/Chen/PycharmProjects/CSCI_6234_Final/recordings/cam222/clips/2026/04/13/cam222_20260413T003852Z.mp4 (5330928 bytes)
[2026-04-12T20:39:44.677009] Starting 60-second capture -> /Users/Chen/PycharmProjects/CSCI_6234_Final/recordings/cam222/clips/2026/04/13/cam222_20260413T003944Z.mp4
[tls @ 0x7fda7c804500] IO error: End of file
[https @ 0x7fda7c8043c0] Error reading HTTP response: End of file
[tls @ 0x7fda7c8132c0] IO error: End of file
[https @ 0x7fda7c80a240] Error reading HTTP response: End of file
[tls @ 0x7fda7bf052c0] IO error: End of file
[https @ 0x7fda7bf05200] Error reading HTTP response: End of file
[tls @ 0x7fda7c80a3c0] IO error: End of file
[https @ 0x7fda7c80a300] Error reading HTTP response: End of file
[tls @ 0x7fda7c914180] IO error: End of file
[https @ 0x7fda7c919cc0] Error reading HTTP response: End of file
[2026-04-12T20:40:34.626458] Saved clip /Users/Chen/PycharmProjects/CSCI_6234_Final/recordings/cam222/clips/2026/04/13/cam222_20260413T003944Z.mp4 (5919662 bytes)
[2026-04-12T20:40:35.146021] Starting 60-second capture -> /Users/Chen/PycharmProjects/CSCI_6234_Final/recordings/cam222/clips/2026/04/13/cam222_20260413T004035Z.mp4
[tls @ 0x7f85e4a04940] IO error: End of file
[https @ 0x7f85e4a04800] Error reading HTTP response: End of file
[tls @ 0x7f85d3f07080] IO error: End of file
[https @ 0x7f85d3f05680] Error reading HTTP response: End of file
[tls @ 0x7f85e4a0b100] IO error: End of file
[https @ 0x7f85e4a94ec0] Error reading HTTP response: End of file
[tls @ 0x7f85e4b049c0] IO error: End of file
[https @ 0x7f85e4b04900] Error reading HTTP response: End of file
[2026-04-12T20:41:28.652056] Saved clip /Users/Chen/PycharmProjects/CSCI_6234_Final/recordings/cam222/clips/2026/04/13/cam222_20260413T004035Z.mp4 (5941158 bytes)
[2026-04-12T20:41:29.169303] Starting 60-second capture -> /Users/Chen/PycharmProjects/CSCI_6234_Final/recordings/cam222/clips/2026/04/13/cam222_20260413T004129Z.mp4
[tls @ 0x7fdd53a04980] IO error: End of file
[https @ 0x7fdd53a048c0] Error reading HTTP response: End of file
[tls @ 0x7fdd53a23ec0] IO error: End of file
[https @ 0x7fdd53a2db00] Error reading HTTP response: End of file
[tls @ 0x7fdd53c13d80] IO error: End of file
[https @ 0x7fdd53c10d40] Error reading HTTP response: End of file
[tls @ 0x7fdd53b647c0] IO error: End of file
[https @ 0x7fdd53b30540] Error reading HTTP response: End of file
[2026-04-12T20:42:12.761187] Saved clip /Users/Chen/PycharmProjects/CSCI_6234_Final/recordings/cam222/clips/2026/04/13/cam222_20260413T004129Z.mp4 (5911155 bytes)
[2026-04-12T20:42:13.278880] Starting 60-second capture -> /Users/Chen/PycharmProjects/CSCI_6234_Final/recordings/cam222/clips/2026/04/13/cam222_20260413T004213Z.mp4
[tls @ 0x7fd499804500] IO error: End of file
[https @ 0x7fd4998043c0] Error reading HTTP response: End of file
[tls @ 0x7fd4a9204fc0] IO error: End of file
[https @ 0x7fd4a9204ec0] Stream ends prematurely at 718912, should be 1030992
[tls @ 0x7fd4a9204fc0] IO error: End of file
[https @ 0x7fd4a9204ec0] Error reading HTTP response: End of file
[tls @ 0x7fd4a9317080] IO error: End of file
[https @ 0x7fd4a930c480] Error reading HTTP response: End of file
[tls @ 0x7fd4a9328240] IO error: End of file
[https @ 0x7fd4a9306cc0] Stream ends prematurely at 710076, should be 1006364
[tls @ 0x7fd49986da40] IO error: End of file
[https @ 0x7fd49987b680] Error reading HTTP response: End of file
[2026-04-12T20:42:59.497293] Saved clip /Users/Chen/PycharmProjects/CSCI_6234_Final/recordings/cam222/clips/2026/04/13/cam222_20260413T004213Z.mp4 (5349677 bytes)
[2026-04-12T20:43:00.015026] Starting 60-second capture -> /Users/Chen/PycharmProjects/CSCI_6234_Final/recordings/cam222/clips/2026/04/13/cam222_20260413T004300Z.mp4
[tls @ 0x7fa5eab04680] IO error: End of file
[https @ 0x7fa5eab04580] Error reading HTTP response: End of file
[tls @ 0x7fa5eac24fc0] IO error: End of file
[https @ 0x7fa5eac06240] Error reading HTTP response: End of file
[tls @ 0x7fa5eac24fc0] IO error: End of file
[https @ 0x7fa5eac35880] Error reading HTTP response: End of file
[tls @ 0x7fa5eac24fc0] IO error: End of file
[https @ 0x7fa5eac06240] Error reading HTTP response: End of file
[2026-04-12T20:43:49.263266] Saved clip /Users/Chen/PycharmProjects/CSCI_6234_Final/recordings/cam222/clips/2026/04/13/cam222_20260413T004300Z.mp4 (5931777 bytes)
[2026-04-12T20:43:49.778869] Starting 60-second capture -> /Users/Chen/PycharmProjects/CSCI_6234_Final/recordings/cam222/clips/2026/04/13/cam222_20260413T004349Z.mp4
[tls @ 0x7fbe09d04700] IO error: End of file
[https @ 0x7fbe09e04540] Error reading HTTP response: End of file
[tls @ 0x7fbe09e1d1c0] IO error: End of file
[https @ 0x7fbe09e190c0] Error reading HTTP response: End of file
[tls @ 0x7fbe09c48000] IO error: End of file
[https @ 0x7fbe09c3ee80] Error reading HTTP response: End of file
[tls @ 0x7fbe09d13e80] IO error: End of file
[https @ 0x7fbe09d3c800] Error reading HTTP response: End of file
[tls @ 0x7fbe09b2f0c0] IO error: End of file
[https @ 0x7fbe09b28a40] Error reading HTTP response: End of file
[2026-04-12T20:44:39.855255] Saved clip /Users/Chen/PycharmProjects/CSCI_6234_Final/recordings/cam222/clips/2026/04/13/cam222_20260413T004349Z.mp4 (5926873 bytes)
[2026-04-12T20:44:40.375453] Starting 60-second capture -> /Users/Chen/PycharmProjects/CSCI_6234_Final/recordings/cam222/clips/2026/04/13/cam222_20260413T004440Z.mp4
[tls @ 0x7f95b4704a00] IO error: End of file
[https @ 0x7f95b4704480] Error reading HTTP response: End of file
[tls @ 0x7f95c5304840] IO error: End of file
[https @ 0x7f95c5304700] Stream ends prematurely at 737336, should be 1065772
[tls @ 0x7f95b471b780] IO error: End of file
[https @ 0x7f95b471c240] Error reading HTTP response: End of file
[tls @ 0x7f95c5304840] IO error: End of file
[https @ 0x7f95c5304700] Error reading HTTP response: End of file
[tls @ 0x7f95c521ee00] IO error: End of file
[https @ 0x7f95c5233440] Error reading HTTP response: End of file
[tls @ 0x7f9594704200] IO error: End of file
[https @ 0x7f9594704080] Stream ends prematurely at 732448, should be 1039828
[2026-04-12T20:45:27.650841] Saved clip /Users/Chen/PycharmProjects/CSCI_6234_Final/recordings/cam222/clips/2026/04/13/cam222_20260413T004440Z.mp4 (5310899 bytes)
[2026-04-12T20:45:28.170066] Starting 60-second capture -> /Users/Chen/PycharmProjects/CSCI_6234_Final/recordings/cam222/clips/2026/04/13/cam222_20260413T004528Z.mp4
[tls @ 0x7f7966805280] IO error: End of file
[https @ 0x7f7966804bc0] Error reading HTTP response: End of file
[tls @ 0x7f7966819240] IO error: End of file
[https @ 0x7f796681a780] Error reading HTTP response: End of file
[tls @ 0x7f7965f18c80] IO error: End of file
[https @ 0x7f7965f23900] Error reading HTTP response: End of file
[tls @ 0x7f7965f3fd00] IO error: End of file
[https @ 0x7f7965f68c80] Error reading HTTP response: End of file
[2026-04-12T20:46:10.546104] Saved clip /Users/Chen/PycharmProjects/CSCI_6234_Final/recordings/cam222/clips/2026/04/13/cam222_20260413T004528Z.mp4 (5922175 bytes)
[2026-04-12T20:46:11.064230] Starting 60-second capture -> /Users/Chen/PycharmProjects/CSCI_6234_Final/recordings/cam222/clips/2026/04/13/cam222_20260413T004611Z.mp4
[tls @ 0x7f9806004480] IO error: End of file
[https @ 0x7f9806004380] Error reading HTTP response: End of file
[tls @ 0x7f98057344c0] IO error: End of file
[https @ 0x7f9805738680] Error reading HTTP response: End of file
[tls @ 0x7f9816833800] IO error: End of file
[https @ 0x7f9815716600] Error reading HTTP response: End of file
[tls @ 0x7f98262044c0] IO error: End of file
[https @ 0x7f98262043c0] Error reading HTTP response: End of file
[2026-04-12T20:46:57.832687] Saved clip /Users/Chen/PycharmProjects/CSCI_6234_Final/recordings/cam222/clips/2026/04/13/cam222_20260413T004611Z.mp4 (5917556 bytes)
[2026-04-12T20:46:58.344274] Starting 60-second capture -> /Users/Chen/PycharmProjects/CSCI_6234_Final/recordings/cam222/clips/2026/04/13/cam222_20260413T004658Z.mp4
[tls @ 0x7fdfa2004640] IO error: End of file
[https @ 0x7fdfa2004500] Error reading HTTP response: End of file
[tls @ 0x7fdfa17486c0] IO error: End of file
[https @ 0x7fdfa1746f00] Error reading HTTP response: End of file
[tls @ 0x7fdfa17487c0] IO error: End of file
[https @ 0x7fdfa17486c0] Error reading HTTP response: End of file
[tls @ 0x7fdfa200dc00] IO error: End of file
[https @ 0x7fdfa201ac40] Error reading HTTP response: End of file
[2026-04-12T20:47:42.094253] Saved clip /Users/Chen/PycharmProjects/CSCI_6234_Final/recordings/cam222/clips/2026/04/13/cam222_20260413T004658Z.mp4 (5929174 bytes)
[2026-04-12T20:47:42.613666] Starting 60-second capture -> /Users/Chen/PycharmProjects/CSCI_6234_Final/recordings/cam222/clips/2026/04/13/cam222_20260413T004742Z.mp4
[tls @ 0x7fe72ba05b00] IO error: End of file
[https @ 0x7fe72ba059c0] Error reading HTTP response: End of file
[tls @ 0x7fe71af3d4c0] IO error: End of file
[https @ 0x7fe71af4f380] Error reading HTTP response: End of file
[tls @ 0x7fe72ba3de80] IO error: End of file
[https @ 0x7fe72ba37440] Error reading HTTP response: End of file
[tls @ 0x7fe72bb4ff40] IO error: End of file
[https @ 0x7fe72bb48c00] Error reading HTTP response: End of file
[2026-04-12T20:48:26.043258] Saved clip /Users/Chen/PycharmProjects/CSCI_6234_Final/recordings/cam222/clips/2026/04/13/cam222_20260413T004742Z.mp4 (5943374 bytes)
[2026-04-12T20:48:26.565424] Starting 60-second capture -> /Users/Chen/PycharmProjects/CSCI_6234_Final/recordings/cam222/clips/2026/04/13/cam222_20260413T004826Z.mp4
[tls @ 0x7f9e57706280] IO error: End of file
[https @ 0x7f9e57706140] Error reading HTTP response: End of file
[tls @ 0x7f9e508194c0] IO error: End of file
[https @ 0x7f9e5083ebc0] Error reading HTTP response: End of file
[tls @ 0x7f9e6821aa80] IO error: End of file
[https @ 0x7f9e68291540] Error reading HTTP response: End of file
[tls @ 0x7f9e577107c0] IO error: End of file
[https @ 0x7f9e57710700] Error reading HTTP response: End of file
[2026-04-12T20:49:07.838899] Saved clip /Users/Chen/PycharmProjects/CSCI_6234_Final/recordings/cam222/clips/2026/04/13/cam222_20260413T004826Z.mp4 (5919618 bytes)
[2026-04-12T20:49:08.354697] Starting 60-second capture -> /Users/Chen/PycharmProjects/CSCI_6234_Final/recordings/cam222/clips/2026/04/13/cam222_20260413T004908Z.mp4
[tls @ 0x7ff29c305b00] IO error: End of file
[https @ 0x7ff29c3059c0] Error reading HTTP response: End of file
[in#0/hls @ 0x7ff29c0048c0] skipping 1 segments ahead, expired from playlists
[tls @ 0x7ff29c320d80] IO error: End of file
[https @ 0x7ff29c31e840] Stream ends prematurely at 730380, should be 1040580
[tls @ 0x7ff29c320d80] IO error: End of file
[https @ 0x7ff29c31e840] Error reading HTTP response: End of file
[vist#0:1/h264 @ 0x7ff29c13c7c0] timestamp discontinuity (stream id=0): 13881333, new offset= -13881333
[tls @ 0x7ff29c1389c0] IO error: End of file
[https @ 0x7ff29c1397c0] Error reading HTTP response: End of file
[tls @ 0x7ff29c331500] IO error: End of file
[https @ 0x7ff29c33f240] Error reading HTTP response: End of file
[tls @ 0x7ff29c331500] IO error: End of file
[https @ 0x7ff29c332880] Error reading HTTP response: End of file
[tls @ 0x7ff28b768a00] IO error: End of file
[https @ 0x7ff28b77b5c0] Error reading HTTP response: End of file
[2026-04-12T20:50:06.669188] Saved clip /Users/Chen/PycharmProjects/CSCI_6234_Final/recordings/cam222/clips/2026/04/13/cam222_20260413T004908Z.mp4 (5995007 bytes)
[2026-04-12T20:50:07.186356] Starting 60-second capture -> /Users/Chen/PycharmProjects/CSCI_6234_Final/recordings/cam222/clips/2026/04/13/cam222_20260413T005007Z.mp4
[tls @ 0x7fa8f2204800] IO error: End of file
[https @ 0x7fa8f22046c0] Error reading HTTP response: End of file
[tls @ 0x7fa8f2406480] IO error: End of file
[https @ 0x7fa8f2404080] Error reading HTTP response: End of file
[tls @ 0x7fa8f2406480] IO error: End of file
[https @ 0x7fa8f2407ec0] Error reading HTTP response: End of file
[2026-04-12T20:50:48.086862] Saved clip /Users/Chen/PycharmProjects/CSCI_6234_Final/recordings/cam222/clips/2026/04/13/cam222_20260413T005007Z.mp4 (5913830 bytes)
[2026-04-12T20:50:48.601889] Starting 60-second capture -> /Users/Chen/PycharmProjects/CSCI_6234_Final/recordings/cam222/clips/2026/04/13/cam222_20260413T005048Z.mp4
[tls @ 0x7f9df0004e40] IO error: End of file
[https @ 0x7f9df0004d00] Error reading HTTP response: End of file
[tls @ 0x7f9df000bac0] IO error: End of file
[https @ 0x7f9df000ba00] Stream ends prematurely at 737524, should be 1038700
[tls @ 0x7f9df6f089c0] IO error: End of file
[https @ 0x7f9df6f08800] Error reading HTTP response: End of file
[tls @ 0x7f9de6f3c680] IO error: End of file
[https @ 0x7f9de6f09c00] Error reading HTTP response: End of file
[tls @ 0x7f9de6f3c680] IO error: End of file
[https @ 0x7f9de6f09cc0] Error reading HTTP response: End of file
[2026-04-12T20:51:37.849259] Saved clip /Users/Chen/PycharmProjects/CSCI_6234_Final/recordings/cam222/clips/2026/04/13/cam222_20260413T005048Z.mp4 (5618419 bytes)
[2026-04-12T20:51:38.364566] Starting 60-second capture -> /Users/Chen/PycharmProjects/CSCI_6234_Final/recordings/cam222/clips/2026/04/13/cam222_20260413T005138Z.mp4
[tls @ 0x7ff3b6804140] IO error: End of file
[https @ 0x7ff3b6704680] Error reading HTTP response: End of file
[tls @ 0x7ff3b6744700] IO error: End of file
[https @ 0x7ff3b6759340] Error reading HTTP response: End of file
[tls @ 0x7ff3b6744700] IO error: End of file
[https @ 0x7ff3b6764180] Error reading HTTP response: End of file
[tls @ 0x7ff3b680bec0] IO error: End of file
[https @ 0x7ff3b6740ec0] Error reading HTTP response: End of file
[tls @ 0x7ff3d7218e80] IO error: End of file
[https @ 0x7ff3d7267f00] Error reading HTTP response: End of file
[2026-04-12T20:52:30.394069] Saved clip /Users/Chen/PycharmProjects/CSCI_6234_Final/recordings/cam222/clips/2026/04/13/cam222_20260413T005138Z.mp4 (5880526 bytes)
[2026-04-12T20:52:30.913885] Starting 60-second capture -> /Users/Chen/PycharmProjects/CSCI_6234_Final/recordings/cam222/clips/2026/04/13/cam222_20260413T005230Z.mp4
[tls @ 0x7fd732806300] IO error: End of file
[https @ 0x7fd732806200] Error reading HTTP response: End of file
[tls @ 0x7fd721f20d40] IO error: End of file
[https @ 0x7fd721f21340] Error reading HTTP response: End of file
[tls @ 0x7fd732c19280] IO error: End of file
[https @ 0x7fd732c1e540] Error reading HTTP response: End of file
[tls @ 0x7fd732b44140] IO error: End of file
[https @ 0x7fd732b46700] Error reading HTTP response: End of file
[2026-04-12T20:53:15.971168] Saved clip /Users/Chen/PycharmProjects/CSCI_6234_Final/recordings/cam222/clips/2026/04/13/cam222_20260413T005230Z.mp4 (5922973 bytes)
[2026-04-12T20:53:16.488557] Starting 60-second capture -> /Users/Chen/PycharmProjects/CSCI_6234_Final/recordings/cam222/clips/2026/04/13/cam222_20260413T005316Z.mp4
[tls @ 0x7f89f9c042c0] IO error: End of file
[https @ 0x7f89f9d05740] Error reading HTTP response: End of file
[tls @ 0x7f89f9c282c0] IO error: End of file
[https @ 0x7f89f9c1dfc0] Error reading HTTP response: End of file
[tls @ 0x7f89e8f67740] IO error: End of file
[https @ 0x7f89e8f300c0] Error reading HTTP response: End of file
[tls @ 0x7f89f9b2e000] IO error: End of file
[https @ 0x7f89f9d3e500] Error reading HTTP response: End of file
[2026-04-12T20:54:00.131717] Saved clip /Users/Chen/PycharmProjects/CSCI_6234_Final/recordings/cam222/clips/2026/04/13/cam222_20260413T005316Z.mp4 (5923971 bytes)
[2026-04-12T20:54:00.649582] Starting 60-second capture -> /Users/Chen/PycharmProjects/CSCI_6234_Final/recordings/cam222/clips/2026/04/13/cam222_20260413T005400Z.mp4
[tls @ 0x7faaed804500] IO error: End of file
[https @ 0x7faaed8043c0] Error reading HTTP response: End of file
[tls @ 0x7faafd355e40] IO error: End of file
[https @ 0x7faafd351c80] Error reading HTTP response: End of file
[tls @ 0x7faafd355e40] IO error: End of file
[https @ 0x7faaed9465c0] Error reading HTTP response: End of file
[tls @ 0x7faafd355e40] IO error: End of file
[https @ 0x7faafd351c80] Error reading HTTP response: End of file
[2026-04-12T20:54:49.756987] Saved clip /Users/Chen/PycharmProjects/CSCI_6234_Final/recordings/cam222/clips/2026/04/13/cam222_20260413T005400Z.mp4 (5916810 bytes)
[2026-04-12T20:54:50.275059] Starting 60-second capture -> /Users/Chen/PycharmProjects/CSCI_6234_Final/recordings/cam222/clips/2026/04/13/cam222_20260413T005450Z.mp4
[tls @ 0x7fcca2e04680] IO error: End of file
[https @ 0x7fcca2e04580] Error reading HTTP response: End of file
[tls @ 0x7fcca2e276c0] IO error: End of file
[https @ 0x7fcca2e5e880] Error reading HTTP response: End of file
[tls @ 0x7fcca2e276c0] IO error: End of file
[https @ 0x7fcca2e55040] Error reading HTTP response: End of file
[tls @ 0x7fcca610e500] IO error: End of file
[https @ 0x7fcca610e440] Error reading HTTP response: End of file
[2026-04-12T20:55:38.531775] Saved clip /Users/Chen/PycharmProjects/CSCI_6234_Final/recordings/cam222/clips/2026/04/13/cam222_20260413T005450Z.mp4 (5967989 bytes)
[2026-04-12T20:55:39.051524] Starting 60-second capture -> /Users/Chen/PycharmProjects/CSCI_6234_Final/recordings/cam222/clips/2026/04/13/cam222_20260413T005539Z.mp4
[tls @ 0x7fda5d004500] IO error: End of file
[https @ 0x7fda5d0043c0] Error reading HTTP response: End of file
[tls @ 0x7fda6cb3d9c0] IO error: End of file
[https @ 0x7fda6cb41780] Error reading HTTP response: End of file
[tls @ 0x7fda6cc34e80] IO error: End of file
[https @ 0x7fda6cc04440] Error reading HTTP response: End of file
[tls @ 0x7fda5d017fc0] IO error: End of file
[https @ 0x7fda5d01f6c0] Error reading HTTP response: End of file
[tls @ 0x7fda6cb15e40] IO error: End of file
[https @ 0x7fda6cb237c0] Error reading HTTP response: End of file
[2026-04-12T20:56:30.958736] Saved clip /Users/Chen/PycharmProjects/CSCI_6234_Final/recordings/cam222/clips/2026/04/13/cam222_20260413T005539Z.mp4 (5910564 bytes)
[2026-04-12T20:56:31.473964] Starting 60-second capture -> /Users/Chen/PycharmProjects/CSCI_6234_Final/recordings/cam222/clips/2026/04/13/cam222_20260413T005631Z.mp4
[tls @ 0x7f8ef0004500] IO error: End of file
[https @ 0x7f8ef00043c0] Error reading HTTP response: End of file
[tls @ 0x7f8ef00202c0] IO error: End of file
[https @ 0x7f8ef0030940] Error reading HTTP response: End of file
[tls @ 0x7f8f000360c0] IO error: End of file
[https @ 0x7f8f00049f00] Error reading HTTP response: End of file
[tls @ 0x7f8f000360c0] IO error: End of file
[https @ 0x7f8f0003f800] Error reading HTTP response: End of file
[tls @ 0x7f8ef0012700] IO error: End of file
[https @ 0x7f8ef000dfc0] Error reading HTTP response: End of file
[2026-04-12T20:57:21.485444] Saved clip /Users/Chen/PycharmProjects/CSCI_6234_Final/recordings/cam222/clips/2026/04/13/cam222_20260413T005631Z.mp4 (5937737 bytes)
[2026-04-12T20:57:21.998294] Starting 60-second capture -> /Users/Chen/PycharmProjects/CSCI_6234_Final/recordings/cam222/clips/2026/04/13/cam222_20260413T005721Z.mp4
[tls @ 0x7fa469704500] IO error: End of file
[https @ 0x7fa469704400] Error reading HTTP response: End of file
[tls @ 0x7fa47a455500] IO error: End of file
[https @ 0x7fa47a458780] Error reading HTTP response: End of file
[tls @ 0x7fa47a221700] IO error: End of file
[https @ 0x7fa47a224540] Error reading HTTP response: End of file
[tls @ 0x7fa47a21a740] IO error: End of file
[https @ 0x7fa47a21f480] Error reading HTTP response: End of file
[2026-04-12T20:58:06.942282] Saved clip /Users/Chen/PycharmProjects/CSCI_6234_Final/recordings/cam222/clips/2026/04/13/cam222_20260413T005721Z.mp4 (5969234 bytes)
[2026-04-12T20:58:07.459063] Starting 60-second capture -> /Users/Chen/PycharmProjects/CSCI_6234_Final/recordings/cam222/clips/2026/04/13/cam222_20260413T005807Z.mp4
[tls @ 0x7fb8977049c0] IO error: End of file
[https @ 0x7fb8977048c0] Error reading HTTP response: End of file
[tls @ 0x7fb8a0128400] IO error: End of file
[https @ 0x7fb8a011dc00] Error reading HTTP response: End of file
[tls @ 0x7fb8a011e300] IO error: End of file
[https @ 0x7fb8a0124380] Error reading HTTP response: End of file
[tls @ 0x7fb8a0220ac0] IO error: End of file
[https @ 0x7fb8a0269a40] Error reading HTTP response: End of file
[2026-04-12T20:58:45.636003] Saved clip /Users/Chen/PycharmProjects/CSCI_6234_Final/recordings/cam222/clips/2026/04/13/cam222_20260413T005807Z.mp4 (5914904 bytes)
[2026-04-12T20:58:46.158179] Starting 60-second capture -> /Users/Chen/PycharmProjects/CSCI_6234_Final/recordings/cam222/clips/2026/04/13/cam222_20260413T005846Z.mp4
[tls @ 0x7fa132704100] IO error: End of file
[https @ 0x7fa143304540] Error reading HTTP response: End of file
[tls @ 0x7fa132747fc0] IO error: End of file
[https @ 0x7fa132704100] Error reading HTTP response: End of file
[tls @ 0x7fa143441f40] IO error: End of file
[https @ 0x7fa143453b00] Error reading HTTP response: End of file
[tls @ 0x7fa13300f380] IO error: End of file
[https @ 0x7fa13304aa40] Error reading HTTP response: End of file
[2026-04-12T20:59:29.581095] Saved clip /Users/Chen/PycharmProjects/CSCI_6234_Final/recordings/cam222/clips/2026/04/13/cam222_20260413T005846Z.mp4 (5941769 bytes)
[2026-04-12T20:59:30.098092] Starting 60-second capture -> /Users/Chen/PycharmProjects/CSCI_6234_Final/recordings/cam222/clips/2026/04/13/cam222_20260413T005930Z.mp4
[tls @ 0x7fee37804680] IO error: End of file
[https @ 0x7fee37804540] Error reading HTTP response: End of file
[tls @ 0x7fee16f04100] IO error: End of file
[https @ 0x7fee16f054c0] Error reading HTTP response: End of file
[tls @ 0x7fee16f04280] IO error: End of file
[https @ 0x7fee16f040c0] Error reading HTTP response: End of file
[tls @ 0x7fee26f27fc0] IO error: End of file
[https @ 0x7fee26f27ec0] Error reading HTTP response: End of file
[2026-04-12T21:00:13.363967] Saved clip /Users/Chen/PycharmProjects/CSCI_6234_Final/recordings/cam222/clips/2026/04/13/cam222_20260413T005930Z.mp4 (5939029 bytes)
[2026-04-12T21:00:13.882358] Starting 60-second capture -> /Users/Chen/PycharmProjects/CSCI_6234_Final/recordings/cam222/clips/2026/04/13/cam222_20260413T010013Z.mp4
[tls @ 0x7f78c1704500] IO error: End of file
[https @ 0x7f78c17043c0] Error reading HTTP response: End of file
[tls @ 0x7f78d265af80] IO error: End of file
[https @ 0x7f78d266e9c0] Error reading HTTP response: End of file
[tls @ 0x7f78c172fe40] IO error: End of file
[https @ 0x7f78c1734f00] Error reading HTTP response: End of file
[tls @ 0x7f78c171dd00] IO error: End of file
[https @ 0x7f78c176e840] Stream ends prematurely at 723424, should be 1021592
[tls @ 0x7f78d265af80] IO error: End of file
[https @ 0x7f78d2666fc0] Error reading HTTP response: End of file
[tls @ 0x7f78c171dd00] IO error: End of file
[https @ 0x7f78c176e840] Error reading HTTP response: End of file
[2026-04-12T21:00:59.219342] Saved clip /Users/Chen/PycharmProjects/CSCI_6234_Final/recordings/cam222/clips/2026/04/13/cam222_20260413T010013Z.mp4 (5654018 bytes)
[2026-04-12T21:00:59.737862] Starting 60-second capture -> /Users/Chen/PycharmProjects/CSCI_6234_Final/recordings/cam222/clips/2026/04/13/cam222_20260413T010059Z.mp4
[tls @ 0x7fb985f04d00] IO error: End of file
[https @ 0x7fb985f04c40] Error reading HTTP response: End of file
[tls @ 0x7fb986928800] IO error: End of file
[https @ 0x7fb986910340] Error reading HTTP response: End of file
[tls @ 0x7fb985f04540] IO error: End of file
[https @ 0x7fb985f4cd40] Error reading HTTP response: End of file
[tls @ 0x7fb9969296c0] IO error: End of file
[https @ 0x7fb996939ec0] Error reading HTTP response: End of file
[2026-04-12T21:01:48.476106] Saved clip /Users/Chen/PycharmProjects/CSCI_6234_Final/recordings/cam222/clips/2026/04/13/cam222_20260413T010059Z.mp4 (5935031 bytes)
[2026-04-12T21:01:48.994251] Starting 60-second capture -> /Users/Chen/PycharmProjects/CSCI_6234_Final/recordings/cam222/clips/2026/04/13/cam222_20260413T010148Z.mp4
[tls @ 0x7fef84804680] IO error: End of file
[https @ 0x7fef84804540] Error reading HTTP response: End of file
[tls @ 0x7fef94b103c0] IO error: End of file
[https @ 0x7fef94b07780] Error reading HTTP response: End of file
[tls @ 0x7fef84837780] IO error: End of file
[https @ 0x7fef84845a00] Error reading HTTP response: End of file
[tls @ 0x7fef94b103c0] IO error: End of file
[https @ 0x7fef94b07780] Error reading HTTP response: End of file
[2026-04-12T21:02:37.593212] Saved clip /Users/Chen/PycharmProjects/CSCI_6234_Final/recordings/cam222/clips/2026/04/13/cam222_20260413T010148Z.mp4 (5935314 bytes)
[2026-04-12T21:02:38.110522] Starting 60-second capture -> /Users/Chen/PycharmProjects/CSCI_6234_Final/recordings/cam222/clips/2026/04/13/cam222_20260413T010238Z.mp4
[tls @ 0x7fdd8d804680] IO error: End of file
[https @ 0x7fdd8d804540] Error reading HTTP response: End of file
[tls @ 0x7fdd9d226fc0] IO error: End of file
[https @ 0x7fdd9d216600] Error reading HTTP response: End of file
[tls @ 0x7fdd9d2211c0] IO error: End of file
[https @ 0x7fdd9d228780] Error reading HTTP response: End of file
[tls @ 0x7fdd9d2211c0] IO error: End of file
[https @ 0x7fdd9d216600] Stream ends prematurely at 727748, should be 1039076
[tls @ 0x7fdd8d84bbc0] IO error: End of file
[https @ 0x7fdd8d84bb00] Error reading HTTP response: End of file
[tls @ 0x7fdd9d2211c0] IO error: End of file
[https @ 0x7fdd9d216600] Error reading HTTP response: End of file
[2026-04-12T21:03:15.001943] Saved clip /Users/Chen/PycharmProjects/CSCI_6234_Final/recordings/cam222/clips/2026/04/13/cam222_20260413T010238Z.mp4 (5610868 bytes)
[2026-04-12T21:03:15.521407] Starting 60-second capture -> /Users/Chen/PycharmProjects/CSCI_6234_Final/recordings/cam222/clips/2026/04/13/cam222_20260413T010315Z.mp4
[tls @ 0x7fc355b04500] IO error: End of file
[https @ 0x7fc355b043c0] Error reading HTTP response: End of file
[tls @ 0x7fc345865000] IO error: End of file
[https @ 0x7fc345804100] Error reading HTTP response: End of file
[tls @ 0x7fc344f7a500] IO error: End of file
[https @ 0x7fc344f7b840] Error reading HTTP response: End of file
[tls @ 0x7fc344f51a80] IO error: End of file
[https @ 0x7fc344f52a40] Error reading HTTP response: End of file
[tls @ 0x7fc344f7a500] IO error: End of file
[https @ 0x7fc344f7eb80] Error reading HTTP response: End of file
[2026-04-12T21:03:59.237650] Saved clip /Users/Chen/PycharmProjects/CSCI_6234_Final/recordings/cam222/clips/2026/04/13/cam222_20260413T010315Z.mp4 (5951920 bytes)
[2026-04-12T21:03:59.755439] Starting 60-second capture -> /Users/Chen/PycharmProjects/CSCI_6234_Final/recordings/cam222/clips/2026/04/13/cam222_20260413T010359Z.mp4
[tls @ 0x7fa33df04b40] IO error: End of file
[https @ 0x7fa33df04a00] Error reading HTTP response: End of file
[tls @ 0x7fa33df38780] IO error: End of file
[https @ 0x7fa33df11880] Error reading HTTP response: End of file
[tls @ 0x7fa34eb287c0] IO error: End of file
[https @ 0x7fa34eb37b80] Error reading HTTP response: End of file
[tls @ 0x7fa34eb124c0] IO error: End of file
[https @ 0x7fa34eb2d200] Stream ends prematurely at 587124, should be 1030052
[tls @ 0x7fa34eb4c840] IO error: End of file
[https @ 0x7fa34eb38380] Error reading HTTP response: End of file
[tls @ 0x7fa34eb124c0] IO error: End of file
[https @ 0x7fa34eb2d200] Error reading HTTP response: End of file
[2026-04-12T21:04:44.959812] Saved clip /Users/Chen/PycharmProjects/CSCI_6234_Final/recordings/cam222/clips/2026/04/13/cam222_20260413T010359Z.mp4 (5504735 bytes)
[2026-04-12T21:04:45.478948] Starting 60-second capture -> /Users/Chen/PycharmProjects/CSCI_6234_Final/recordings/cam222/clips/2026/04/13/cam222_20260413T010445Z.mp4
[tls @ 0x7f8455b10240] IO error: End of file
[https @ 0x7f8455b10140] Error reading HTTP response: End of file
[tls @ 0x7f8455b4fd80] IO error: End of file
[https @ 0x7f8455b61fc0] Error reading HTTP response: End of file
[tls @ 0x7f8455a11e00] IO error: End of file
[https @ 0x7f8455a0c3c0] Stream ends prematurely at 524896, should be 1035316
[tls @ 0x7f8455c29300] IO error: End of file
[https @ 0x7f8455c1c940] Error reading HTTP response: End of file
[tls @ 0x7f8455a11e00] IO error: End of file
[https @ 0x7f8455a0c3c0] Error reading HTTP response: End of file
[tls @ 0x7f8455a27140] IO error: End of file
[https @ 0x7f8455a2dc40] Error reading HTTP response: End of file
[tls @ 0x7f8455b12440] IO error: End of file
[https @ 0x7f8455b262c0] Error reading HTTP response: End of file
[2026-04-12T21:05:21.725553] Saved clip /Users/Chen/PycharmProjects/CSCI_6234_Final/recordings/cam222/clips/2026/04/13/cam222_20260413T010445Z.mp4 (5428750 bytes)
[2026-04-12T21:05:22.239267] Starting 60-second capture -> /Users/Chen/PycharmProjects/CSCI_6234_Final/recordings/cam222/clips/2026/04/13/cam222_20260413T010522Z.mp4
[tls @ 0x7fda63004a40] IO error: End of file
[https @ 0x7fda63004900] Error reading HTTP response: End of file
[tls @ 0x7fda7312b680] IO error: End of file
[https @ 0x7fda7312bc80] Error reading HTTP response: End of file
[tls @ 0x7fda6310e180] IO error: End of file
[https @ 0x7fda63115300] Error reading HTTP response: End of file
[tls @ 0x7fda62758880] IO error: End of file
[https @ 0x7fda6272ef00] Error reading HTTP response: End of file
[tls @ 0x7fda6303d740] IO error: End of file
[https @ 0x7fda6304fa80] Stream ends prematurely at 507600, should be 1034564
[2026-04-12T21:06:04.509958] Saved clip /Users/Chen/PycharmProjects/CSCI_6234_Final/recordings/cam222/clips/2026/04/13/cam222_20260413T010522Z.mp4 (5424875 bytes)
[2026-04-12T21:06:05.030310] Starting 60-second capture -> /Users/Chen/PycharmProjects/CSCI_6234_Final/recordings/cam222/clips/2026/04/13/cam222_20260413T010605Z.mp4
[tls @ 0x7f9273b04800] IO error: End of file
[https @ 0x7f9273b046c0] Error reading HTTP response: End of file
[tls @ 0x7f9273d25740] IO error: End of file
[https @ 0x7f9273b2ae40] Error reading HTTP response: End of file
[tls @ 0x7f9273b0d740] IO error: End of file
[https @ 0x7f9273b0fd40] Error reading HTTP response: End of file
[tls @ 0x7f9273c09280] IO error: End of file
[https @ 0x7f9273c10780] Stream ends prematurely at 516436, should be 1034940
[tls @ 0x7f9273c3b540] IO error: End of file
[https @ 0x7f9273c32100] Error reading HTTP response: End of file
[tls @ 0x7f9273c09280] IO error: End of file
[https @ 0x7f9273c10780] Error reading HTTP response: End of file
[2026-04-12T21:06:45.835758] Saved clip /Users/Chen/PycharmProjects/CSCI_6234_Final/recordings/cam222/clips/2026/04/13/cam222_20260413T010605Z.mp4 (5419376 bytes)
[2026-04-12T21:06:46.349135] Starting 60-second capture -> /Users/Chen/PycharmProjects/CSCI_6234_Final/recordings/cam222/clips/2026/04/13/cam222_20260413T010646Z.mp4
[tls @ 0x7faa8ff04680] IO error: End of file
[https @ 0x7faa8ff04540] Error reading HTTP response: End of file
[tls @ 0x7faaa981fd80] IO error: End of file
[https @ 0x7faaa9807840] Error reading HTTP response: End of file
[tls @ 0x7faaa992dfc0] IO error: End of file
[https @ 0x7faaa9a1ac80] Error reading HTTP response: End of file
[tls @ 0x7faaa992dfc0] IO error: End of file
[https @ 0x7faaa990fbc0] Error reading HTTP response: End of file
[2026-04-12T21:07:35.336186] Saved clip /Users/Chen/PycharmProjects/CSCI_6234_Final/recordings/cam222/clips/2026/04/13/cam222_20260413T010646Z.mp4 (5927800 bytes)
[2026-04-12T21:07:35.858114] Starting 60-second capture -> /Users/Chen/PycharmProjects/CSCI_6234_Final/recordings/cam222/clips/2026/04/13/cam222_20260413T010735Z.mp4
[tls @ 0x7fb739d04840] IO error: End of file
[https @ 0x7fb739d05300] Error reading HTTP response: End of file
[tls @ 0x7fb739e22a00] IO error: End of file
[https @ 0x7fb739e26100] Error reading HTTP response: End of file
[tls @ 0x7fb739d29840] IO error: End of file
[https @ 0x7fb739d3ba40] Error reading HTTP response: End of file
[tls @ 0x7fb739b39cc0] IO error: End of file
[https @ 0x7fb739b2c800] Error reading HTTP response: End of file
[2026-04-12T21:08:15.894441] Saved clip /Users/Chen/PycharmProjects/CSCI_6234_Final/recordings/cam222/clips/2026/04/13/cam222_20260413T010735Z.mp4 (5925862 bytes)
[2026-04-12T21:08:16.413661] Starting 60-second capture -> /Users/Chen/PycharmProjects/CSCI_6234_Final/recordings/cam222/clips/2026/04/13/cam222_20260413T010816Z.mp4
[tls @ 0x7fe3d4b05e00] IO error: End of file
[https @ 0x7fe3d4b05cc0] Error reading HTTP response: End of file
[tls @ 0x7fe3c3f482c0] IO error: End of file
[https @ 0x7fe3c3f4e800] Stream ends prematurely at 724740, should be 1039076
[tls @ 0x7fe3c3f60280] IO error: End of file
[https @ 0x7fe3c3f67f40] Error reading HTTP response: End of file
[tls @ 0x7fe3c3f482c0] IO error: End of file
[https @ 0x7fe3c3f4e800] Error reading HTTP response: End of file
[tls @ 0x7fe3c50150c0] IO error: End of file
[https @ 0x7fe3c5011300] Error reading HTTP response: End of file
[tls @ 0x7fe3c5050ac0] IO error: End of file
[https @ 0x7fe3c5010340] Error reading HTTP response: End of file
[tls @ 0x7fe3d4c06b80] IO error: End of file
[https @ 0x7fe3d4c06ac0] Error reading HTTP response: End of file
[2026-04-12T21:08:59.046644] Saved clip /Users/Chen/PycharmProjects/CSCI_6234_Final/recordings/cam222/clips/2026/04/13/cam222_20260413T010816Z.mp4 (5615214 bytes)
[2026-04-12T21:08:59.563961] Starting 60-second capture -> /Users/Chen/PycharmProjects/CSCI_6234_Final/recordings/cam222/clips/2026/04/13/cam222_20260413T010859Z.mp4
[tls @ 0x7f9bdb704680] IO error: End of file
[https @ 0x7f9bdb704540] Error reading HTTP response: End of file
[tls @ 0x7f9bdb718d80] IO error: End of file
[https @ 0x7f9bdb712340] Error reading HTTP response: End of file
[tls @ 0x7f9bdb718d80] IO error: End of file
[https @ 0x7f9bdb708380] Error reading HTTP response: End of file
[tls @ 0x7f9bec204a40] IO error: End of file
[https @ 0x7f9bec204980] Error reading HTTP response: End of file
[2026-04-12T21:09:43.028735] Saved clip /Users/Chen/PycharmProjects/CSCI_6234_Final/recordings/cam222/clips/2026/04/13/cam222_20260413T010859Z.mp4 (5905907 bytes)
[2026-04-12T21:09:43.547549] Starting 60-second capture -> /Users/Chen/PycharmProjects/CSCI_6234_Final/recordings/cam222/clips/2026/04/13/cam222_20260413T010943Z.mp4
[tls @ 0x7fe991b04200] IO error: End of file
[https @ 0x7fe991b05100] Error reading HTTP response: End of file
[tls @ 0x7fe98182a6c0] IO error: End of file
[https @ 0x7fe981810080] Error reading HTTP response: End of file
[tls @ 0x7fe991c49040] IO error: End of file
[https @ 0x7fe991c60ec0] Error reading HTTP response: End of file
[tls @ 0x7fe991b09dc0] IO error: End of file
[https @ 0x7fe991b243c0] Error reading HTTP response: End of file
[2026-04-12T21:10:34.432633] Saved clip /Users/Chen/PycharmProjects/CSCI_6234_Final/recordings/cam222/clips/2026/04/13/cam222_20260413T010943Z.mp4 (5926117 bytes)
[2026-04-12T21:10:34.954841] Starting 60-second capture -> /Users/Chen/PycharmProjects/CSCI_6234_Final/recordings/cam222/clips/2026/04/13/cam222_20260413T011034Z.mp4
[tls @ 0x7fef24b04680] IO error: End of file
[https @ 0x7fef24b04540] Error reading HTTP response: End of file
[tls @ 0x7fef24a18e40] IO error: End of file
[https @ 0x7fef24a16e80] Error reading HTTP response: End of file
[tls @ 0x7fef24c4b240] IO error: End of file
[https @ 0x7fef24c43140] Error reading HTTP response: End of file
[tls @ 0x7fef24b07380] IO error: End of file
[https @ 0x7fef24b09380] Stream ends prematurely at 734140, should be 1046408
[tls @ 0x7fef24c30f40] IO error: End of file
[https @ 0x7fef24c14e00] Error reading HTTP response: End of file
[tls @ 0x7fef24b07380] IO error: End of file
[https @ 0x7fef24b09380] Error reading HTTP response: End of file
[2026-04-12T21:11:20.097338] Saved clip /Users/Chen/PycharmProjects/CSCI_6234_Final/recordings/cam222/clips/2026/04/13/cam222_20260413T011034Z.mp4 (5637342 bytes)
[2026-04-12T21:11:20.610098] Starting 60-second capture -> /Users/Chen/PycharmProjects/CSCI_6234_Final/recordings/cam222/clips/2026/04/13/cam222_20260413T011120Z.mp4
[tls @ 0x7fea59705080] IO error: End of file
[https @ 0x7fea59704980] Error reading HTTP response: End of file
[tls @ 0x7fea6a260000] IO error: End of file
[https @ 0x7fea6a25c440] Error reading HTTP response: End of file
[tls @ 0x7fea5a008d40] IO error: End of file
[https @ 0x7fea5a035840] Error reading HTTP response: End of file
[tls @ 0x7fea59745dc0] IO error: End of file
[https @ 0x7fea59745200] Error reading HTTP response: End of file
[2026-04-12T21:12:03.793687] Saved clip /Users/Chen/PycharmProjects/CSCI_6234_Final/recordings/cam222/clips/2026/04/13/cam222_20260413T011120Z.mp4 (5927176 bytes)
[2026-04-12T21:12:04.314267] Starting 60-second capture -> /Users/Chen/PycharmProjects/CSCI_6234_Final/recordings/cam222/clips/2026/04/13/cam222_20260413T011204Z.mp4
[tls @ 0x7f7da2d0a800] IO error: End of file
[https @ 0x7f7da2d0a6c0] Error reading HTTP response: End of file
[tls @ 0x7f7da2c41640] IO error: End of file
[https @ 0x7f7da2c55a80] Error reading HTTP response: End of file
[tls @ 0x7f7da2c41640] IO error: End of file
[https @ 0x7f7da2c4e680] Error reading HTTP response: End of file
[tls @ 0x7f7da2b3b880] IO error: End of file
[https @ 0x7f7da2b049c0] Error reading HTTP response: End of file
[2026-04-12T21:12:47.475039] Saved clip /Users/Chen/PycharmProjects/CSCI_6234_Final/recordings/cam222/clips/2026/04/13/cam222_20260413T011204Z.mp4 (5951637 bytes)
[2026-04-12T21:12:47.994139] Starting 60-second capture -> /Users/Chen/PycharmProjects/CSCI_6234_Final/recordings/cam222/clips/2026/04/13/cam222_20260413T011247Z.mp4
[tls @ 0x7f9d97f04680] IO error: End of file
[https @ 0x7f9d97f04540] Error reading HTTP response: End of file
[tls @ 0x7f9da0826440] IO error: End of file
[https @ 0x7f9da083ddc0] Error reading HTTP response: End of file
[tls @ 0x7f9da0916c00] IO error: End of file
[https @ 0x7f9da0916b40] Error reading HTTP response: End of file
[tls @ 0x7f9da0912280] IO error: End of file
[https @ 0x7f9da090a980] Error reading HTTP response: End of file
[2026-04-12T21:13:38.221638] Saved clip /Users/Chen/PycharmProjects/CSCI_6234_Final/recordings/cam222/clips/2026/04/13/cam222_20260413T011247Z.mp4 (5918383 bytes)
[2026-04-12T21:13:38.739845] Starting 60-second capture -> /Users/Chen/PycharmProjects/CSCI_6234_Final/recordings/cam222/clips/2026/04/13/cam222_20260413T011338Z.mp4
[tls @ 0x7f9e4c205e00] IO error: End of file
[https @ 0x7f9e4c205cc0] Error reading HTTP response: End of file
[tls @ 0x7f9e3b712540] IO error: End of file
[https @ 0x7f9e3b704100] Error reading HTTP response: End of file
[tls @ 0x7f9e4c234f80] IO error: End of file
[https @ 0x7f9e4c23c940] Error reading HTTP response: End of file
[tls @ 0x7f9e4c234f80] IO error: End of file
[https @ 0x7f9e4c251140] Error reading HTTP response: End of file
[tls @ 0x7f9e3b70ab80] IO error: End of file
[https @ 0x7f9e3b70aac0] Error reading HTTP response: End of file
[2026-04-12T21:14:29.751360] Saved clip /Users/Chen/PycharmProjects/CSCI_6234_Final/recordings/cam222/clips/2026/04/13/cam222_20260413T011338Z.mp4 (5935257 bytes)
[2026-04-12T21:14:30.268912] Starting 60-second capture -> /Users/Chen/PycharmProjects/CSCI_6234_Final/recordings/cam222/clips/2026/04/13/cam222_20260413T011430Z.mp4
[tls @ 0x7fc655f05100] IO error: End of file
[https @ 0x7fc655f04b80] Error reading HTTP response: End of file
[tls @ 0x7fc655f1b8c0] IO error: End of file
[https @ 0x7fc655f16400] Stream ends prematurely at 713084, should be 1035504
[tls @ 0x7fc666a31440] IO error: End of file
[https @ 0x7fc666a422c0] Error reading HTTP response: End of file
[tls @ 0x7fc655f1b8c0] IO error: End of file
[https @ 0x7fc655f16400] Error reading HTTP response: End of file
[tls @ 0x7fc65682ab00] IO error: End of file
[https @ 0x7fc656823300] Error reading HTTP response: End of file
[2026-04-12T21:15:17.344267] Saved clip /Users/Chen/PycharmProjects/CSCI_6234_Final/recordings/cam222/clips/2026/04/13/cam222_20260413T011430Z.mp4 (5587494 bytes)
[2026-04-12T21:15:17.869141] Starting 60-second capture -> /Users/Chen/PycharmProjects/CSCI_6234_Final/recordings/cam222/clips/2026/04/13/cam222_20260413T011517Z.mp4
[tls @ 0x7fd2b1304500] IO error: End of file
[https @ 0x7fd2b13043c0] Error reading HTTP response: End of file
[tls @ 0x7fd2b1326b00] IO error: End of file
[https @ 0x7fd2b1322600] Error reading HTTP response: End of file
[tls @ 0x7fd2b1218f00] IO error: End of file
[https @ 0x7fd2b1235ec0] Error reading HTTP response: End of file
[tls @ 0x7fd2b1326b00] IO error: End of file
[https @ 0x7fd2b1322600] Error reading HTTP response: End of file
[2026-04-12T21:16:01.175333] Saved clip /Users/Chen/PycharmProjects/CSCI_6234_Final/recordings/cam222/clips/2026/04/13/cam222_20260413T011517Z.mp4 (5914872 bytes)
[2026-04-12T21:16:01.695729] Starting 60-second capture -> /Users/Chen/PycharmProjects/CSCI_6234_Final/recordings/cam222/clips/2026/04/13/cam222_20260413T011601Z.mp4
[tls @ 0x7fbc7a204340] IO error: End of file
[https @ 0x7fbc7a204200] Error reading HTTP response: End of file
[tls @ 0x7fbc5983c240] IO error: End of file
[https @ 0x7fbc5983f940] Error reading HTTP response: End of file
[tls @ 0x7fbc7a32d840] IO error: End of file
[https @ 0x7fbc7a309800] Error reading HTTP response: End of file
[tls @ 0x7fbc7a24de40] IO error: End of file
[https @ 0x7fbc7a220700] Error reading HTTP response: End of file
[2026-04-12T21:16:45.406900] Saved clip /Users/Chen/PycharmProjects/CSCI_6234_Final/recordings/cam222/clips/2026/04/13/cam222_20260413T011601Z.mp4 (5927726 bytes)
[2026-04-12T21:16:45.924196] Starting 60-second capture -> /Users/Chen/PycharmProjects/CSCI_6234_Final/recordings/cam222/clips/2026/04/13/cam222_20260413T011645Z.mp4
[tls @ 0x7fed4e206ac0] IO error: End of file
[https @ 0x7fed4e206580] Error reading HTTP response: End of file
[tls @ 0x7fed3d905b40] IO error: End of file
[https @ 0x7fed3d90dc80] Stream ends prematurely at 702180, should be 1013508
[tls @ 0x7fed3d928fc0] IO error: End of file
[https @ 0x7fed3d925c40] Error reading HTTP response: End of file
[tls @ 0x7fed3d905b40] IO error: End of file
[https @ 0x7fed3d90dc80] Error reading HTTP response: End of file
[tls @ 0x7fed4e222340] IO error: End of file
[https @ 0x7fed4e22f9c0] Error reading HTTP response: End of file
[tls @ 0x7fed4e21a7c0] IO error: End of file
[https @ 0x7fed4e22aac0] Error reading HTTP response: End of file
[2026-04-12T21:17:22.406727] Saved clip /Users/Chen/PycharmProjects/CSCI_6234_Final/recordings/cam222/clips/2026/04/13/cam222_20260413T011645Z.mp4 (5628870 bytes)
[2026-04-12T21:17:22.918739] Starting 60-second capture -> /Users/Chen/PycharmProjects/CSCI_6234_Final/recordings/cam222/clips/2026/04/13/cam222_20260413T011722Z.mp4
[tls @ 0x7f99d3104500] IO error: End of file
[https @ 0x7f99d31043c0] Error reading HTTP response: End of file
[tls @ 0x7f99d3014240] IO error: End of file
[https @ 0x7f99d3020c40] Error reading HTTP response: End of file
[tls @ 0x7f99d3020940] IO error: End of file
[https @ 0x7f99d3020880] Error reading HTTP response: End of file
[tls @ 0x7f99d3132100] IO error: End of file
[https @ 0x7f99d314f800] Error reading HTTP response: End of file
[2026-04-12T21:18:05.942564] Saved clip /Users/Chen/PycharmProjects/CSCI_6234_Final/recordings/cam222/clips/2026/04/13/cam222_20260413T011722Z.mp4 (5916579 bytes)
[2026-04-12T21:18:06.460032] Starting 60-second capture -> /Users/Chen/PycharmProjects/CSCI_6234_Final/recordings/cam222/clips/2026/04/13/cam222_20260413T011806Z.mp4
[tls @ 0x7fae32b04380] IO error: End of file
[https @ 0x7fae32b04240] Error reading HTTP response: End of file
[tls @ 0x7fae32a2abc0] IO error: End of file
[https @ 0x7fae32a30e40] Error reading HTTP response: End of file
[tls @ 0x7fae32c0a8c0] IO error: End of file
[https @ 0x7fae32c0a800] Error reading HTTP response: End of file
[2026-04-12T21:18:44.404376] Saved clip /Users/Chen/PycharmProjects/CSCI_6234_Final/recordings/cam222/clips/2026/04/13/cam222_20260413T011806Z.mp4 (5956653 bytes)
[2026-04-12T21:18:44.925420] Starting 60-second capture -> /Users/Chen/PycharmProjects/CSCI_6234_Final/recordings/cam222/clips/2026/04/13/cam222_20260413T011844Z.mp4
[tls @ 0x7f8350f05100] IO error: End of file
[https @ 0x7f8350f04b80] Error reading HTTP response: End of file
[tls @ 0x7f8350f25c00] IO error: End of file
[https @ 0x7f8350f4ed80] Error reading HTTP response: End of file
[tls @ 0x7f8351932640] IO error: End of file
[https @ 0x7f835191a780] Error reading HTTP response: End of file
[tls @ 0x7f8350f25c00] IO error: End of file
[https @ 0x7f8350f4ed80] Error reading HTTP response: End of file
[tls @ 0x7f835191c240] IO error: End of file
[https @ 0x7f83519108c0] Error reading HTTP response: End of file
[2026-04-12T21:19:28.571374] Saved clip /Users/Chen/PycharmProjects/CSCI_6234_Final/recordings/cam222/clips/2026/04/13/cam222_20260413T011844Z.mp4 (5924331 bytes)
[2026-04-12T21:19:29.083646] Starting 60-second capture -> /Users/Chen/PycharmProjects/CSCI_6234_Final/recordings/cam222/clips/2026/04/13/cam222_20260413T011929Z.mp4
[tls @ 0x7fa516704680] IO error: End of file
[https @ 0x7fa516704540] Error reading HTTP response: End of file
[tls @ 0x7fa517114e00] IO error: End of file
[https @ 0x7fa51710a040] Error reading HTTP response: End of file
[tls @ 0x7fa51671f4c0] IO error: End of file
[https @ 0x7fa51671ffc0] Error reading HTTP response: End of file
[tls @ 0x7fa51721c500] IO error: End of file
[https @ 0x7fa517213380] Error reading HTTP response: End of file
[2026-04-12T21:20:12.674302] Saved clip /Users/Chen/PycharmProjects/CSCI_6234_Final/recordings/cam222/clips/2026/04/13/cam222_20260413T011929Z.mp4 (5908952 bytes)
[2026-04-12T21:20:13.189331] Starting 60-second capture -> /Users/Chen/PycharmProjects/CSCI_6234_Final/recordings/cam222/clips/2026/04/13/cam222_20260413T012013Z.mp4
[2026-04-12T21:20:17.009508] Recorder thread stopped
